resource_type,current_handle,proposed_handle,current_url,new_url,redirect_required,swedish_detected,title,products_count,internal_references_impacted
collection,amagisn-kameratillbehor-and-dronarutrustning,amagisn-camera-accessories-and-drone-equipment,/collections/amagisn-kameratillbehor-and-dronarutrustning,/collections/amagisn-camera-accessories-and-drone-equipment,YES,YES,kameratillbehör - AMagisn Tillbehör för Kamera och Drönare,149,
collection,bandverktyg,pliers,/collections/bandverktyg,/collections/pliers,YES,YES,Bändverktyg för Precisionsreparationer,2,
collection,belysning-for-drones,lighting-for-drones,/collections/belysning-for-drones,/collections/lighting-for-drones,YES,YES,Belysning till drönare,28,
collection,dji-air-3-antenner,dji-air-3-antennas,/collections/dji-air-3-antenner,/collections/dji-air-3-antennas,YES,YES,DJI Air 3 — Antenner,131,spare-parts-deploy → :[];Antenner
collection,dji-air-3-armar,dji-air-3-arms,/collections/dji-air-3-armar,/collections/dji-air-3-arms,YES,YES,DJI Air 3 — Armar,267,spare-parts-deploy → :[];Armar
collection,dji-air-3-kablar,dji-air-3-cables,/collections/dji-air-3-kablar,/collections/dji-air-3-cables,YES,YES,DJI Air 3 — Kablar,713,spare-parts-deploy → :[];Kablar
collection,dji-air-3-kameror,dji-air-3-cameras,/collections/dji-air-3-kameror,/collections/dji-air-3-cameras,YES,YES,DJI Air 3 — Kameror,1165,spare-parts-deploy → :[];Kameror
collection,dji-air-3-landningsstall,dji-air-3-landing-gear,/collections/dji-air-3-landningsstall,/collections/dji-air-3-landing-gear,YES,YES,DJI Air 3 — Landningsställ,160,spare-parts-deploy → :[];Landningsställ
collection,dji-air-3-motorer,dji-air-3-motors,/collections/dji-air-3-motorer,/collections/dji-air-3-motors,YES,YES,DJI Air 3 — Motorer,245,spare-parts-deploy → :[];Motorer
collection,dji-air-3-sensorer,dji-air-3-sensors,/collections/dji-air-3-sensorer,/collections/dji-air-3-sensors,YES,YES,DJI Air 3 — Sensorer,147,spare-parts-deploy → :[];Sensorer
collection,dji-air-3-skal,dji-air-3-shell,/collections/dji-air-3-skal,/collections/dji-air-3-shell,YES,YES,DJI Air 3 — Skal,345,spare-parts-deploy → :[];Skal
collection,dji-drones-fjarrkontroller,dji-drones-remote-controls,/collections/dji-drones-fjarrkontroller,/collections/dji-drones-remote-controls,YES,YES,Fjärrkontroller och Tillbehör för DJI Drönare,7,
collection,dji-enterprise-fjarrkontroller,dji-enterprise-remote-controls,/collections/dji-enterprise-fjarrkontroller,/collections/dji-enterprise-remote-controls,YES,YES,Professionella Fjärrkontroller för DJI Enterprise,22,
collection,dji-flycart-100-lastdronare,dji-flycart-100-cargo-drones,/collections/dji-flycart-100-lastdronare,/collections/dji-flycart-100-cargo-drones,YES,YES,DJI FlyCart 100: Lastdrönare för Tunga Lyft,2,main-menu → FlyCart 100; main-menu → :[FlyCart 100
collection,dji-matrice-30-serie-accessories,dji-matrice-30-series-accessories,/collections/dji-matrice-30-serie-accessories,/collections/dji-matrice-30-series-accessories,YES,YES,dji arm - DJI Matrice 30 Serie Tillbehör,9,
collection,dji-matrice-350-rtk-antenner,dji-matrice-350-rtk-antennas,/collections/dji-matrice-350-rtk-antenner,/collections/dji-matrice-350-rtk-antennas,YES,YES,DJI Matrice 350 RTK — Antenner,17,spare-parts-deploy → :[];Antenner
collection,dji-matrice-4-kablar,dji-matrice-4-cables,/collections/dji-matrice-4-kablar,/collections/dji-matrice-4-cables,YES,YES,DJI Matrice 4 — Kablar,618,spare-parts-deploy → :[];Kablar
collection,dji-matrice-4-kameror,dji-matrice-4-cameras,/collections/dji-matrice-4-kameror,/collections/dji-matrice-4-cameras,YES,YES,DJI Matrice 4 — Kameror,1075,spare-parts-deploy → :[];Kameror
collection,dji-matrice-4-serie,dji-matrice-4-series,/collections/dji-matrice-4-serie,/collections/dji-matrice-4-series,YES,YES,dji matrice 4 Serie,22,
collection,dji-mavic-3-enterprise-kameror,dji-mavic-3-enterprise-cameras,/collections/dji-mavic-3-enterprise-kameror,/collections/dji-mavic-3-enterprise-cameras,YES,YES,DJI Mavic 3 Enterprise — Kameror,1057,spare-parts-deploy → :[];Kameror
collection,dji-mavic-3-enterprise-skal,dji-mavic-3-enterprise-shell,/collections/dji-mavic-3-enterprise-skal,/collections/dji-mavic-3-enterprise-shell,YES,YES,DJI Mavic 3 Enterprise — Skal,230,spare-parts-deploy → :[];Skal
collection,dji-mini-4-pro-antenner,dji-mini-4-pro-antennas,/collections/dji-mini-4-pro-antenner,/collections/dji-mini-4-pro-antennas,YES,YES,DJI Mini 4 Pro — Antenner,130,spare-parts-deploy → :[];Antenner
collection,dji-mini-4-pro-armar,dji-mini-4-pro-arms,/collections/dji-mini-4-pro-armar,/collections/dji-mini-4-pro-arms,YES,YES,DJI Mini 4 Pro — Armar,264,spare-parts-deploy → :[];Armar
collection,dji-mini-4-pro-kablar,dji-mini-4-pro-cables,/collections/dji-mini-4-pro-kablar,/collections/dji-mini-4-pro-cables,YES,YES,DJI Mini 4 Pro — Kablar,715,spare-parts-deploy → :[];Kablar
collection,dji-mini-4-pro-kameror,dji-mini-4-pro-cameras,/collections/dji-mini-4-pro-kameror,/collections/dji-mini-4-pro-cameras,YES,YES,DJI Mini 4 Pro — Kameror,1165,spare-parts-deploy → :[];Kameror
collection,dji-mini-4-pro-landningsstall,dji-mini-4-pro-landing-gear,/collections/dji-mini-4-pro-landningsstall,/collections/dji-mini-4-pro-landing-gear,YES,YES,DJI Mini 4 Pro — Landningsställ,159,spare-parts-deploy → :[];Landningsställ
collection,dji-mini-4-pro-motorer,dji-mini-4-pro-motors,/collections/dji-mini-4-pro-motorer,/collections/dji-mini-4-pro-motors,YES,YES,DJI Mini 4 Pro — Motorer,241,spare-parts-deploy → :[];Motorer
collection,dji-mini-4-pro-sensorer,dji-mini-4-pro-sensors,/collections/dji-mini-4-pro-sensorer,/collections/dji-mini-4-pro-sensors,YES,YES,DJI Mini 4 Pro — Sensorer,144,spare-parts-deploy → :[];Sensorer
collection,dji-mini-4-pro-skal,dji-mini-4-pro-shell,/collections/dji-mini-4-pro-skal,/collections/dji-mini-4-pro-shell,YES,YES,DJI Mini 4 Pro — Skal,342,spare-parts-deploy → :[];Skal
collection,dji-rc-fjarrkontroller,dji-rc-remote-controls,/collections/dji-rc-fjarrkontroller,/collections/dji-rc-remote-controls,YES,YES,DJI RC – Smart fjärrkontroll,7,
collection,dronarelektronik-flight-components,drone-electronics-flight-components,/collections/dronarelektronik-flight-components,/collections/drone-electronics-flight-components,YES,YES,Reservdelar & Komponenter för DJI & FPV,175,main-menu → Elektronik & flight components; main-menu → :[];Elektronik & flight components
collection,dronarmatta-landning-protection,drone-mat-landing-protection,/collections/dronarmatta-landning-protection,/collections/drone-mat-landing-protection,YES,YES,Landningsmattor Drönare – Säker & Stabil Flygning,21,
collection,drone-fjarrkontrollstillbehor,drone-remote-control-accessories,/collections/drone-fjarrkontrollstillbehor,/collections/drone-remote-control-accessories,YES,YES,Drönar - fjärrkontrollstillbehör,32,
collection,drone-kameror,drone-cameras,/collections/drone-kameror,/collections/drone-cameras,YES,YES,Professionella Drönar kameror för Flygfoto,3,
collection,drones-with-varmekamera,drones-with-thermal-camera,/collections/drones-with-varmekamera,/collections/drones-with-thermal-camera,YES,YES,Drönare med värmekamera,30,
collection,enterprise-belysning,enterprise-lighting,/collections/enterprise-belysning,/collections/enterprise-lighting,YES,YES,Enterprise belysning,13,
collection,enterprise-hogtalarsystem,enterprise-speaker-systems,/collections/enterprise-hogtalarsystem,/collections/enterprise-speaker-systems,YES,YES,Enterprise Högtalarsystem,23,
collection,enterprise-lyftsystem,enterprise-lifting-systems,/collections/enterprise-lyftsystem,/collections/enterprise-lifting-systems,YES,YES,Enterprise Lyftsystem,5,
collection,enterprise-sensorer,enterprise-sensors,/collections/enterprise-sensorer,/collections/enterprise-sensors,YES,YES,Enterprise Sensorer,20,main-menu → Sensors & Payloads; main-menu → :[];Sensors & Payloads
collection,fjarrkontroll-drones,remote-control-drones,/collections/fjarrkontroll-drones,/collections/remote-control-drones,YES,YES,Fjärrkontroll drönare: Precision & kontroll för din flygning,10,
collection,inspektionsdronare,inspection-drones,/collections/inspektionsdronare,/collections/inspection-drones,YES,YES,Inspektionsdrönare,4,main-menu → Branschlösningar; main-menu → Inspektion; main-menu → :[]];Branschlösningar; main-menu → :[Inspektion
collection,jordbruksdronare,agricultural-drones,/collections/jordbruksdronare,/collections/agricultural-drones,YES,YES,Jordbruksdrönare,4,main-menu → Jordbruk; main-menu → :[];Jordbruk
collection,kamerakablar-actionking,kameracables-actionking,/collections/kamerakablar-actionking,/collections/kameracables-actionking,YES,YES,Kamerakablar för Optimal Prestanda,12,
collection,kapor-for-drones,covers-for-drones,/collections/kapor-for-drones,/collections/covers-for-drones,YES,YES,Högkvalitativa Kåpor till Drönare,158,
collection,kartlaggnings-and-matdronare,mappings-and-survey-drones,/collections/kartlaggnings-and-matdronare,/collections/mappings-and-survey-drones,YES,YES,Kartläggnings- och mätdrönare,26,
collection,landningsstall-drones,landing-gear-drones,/collections/landningsstall-drones,/collections/landing-gear-drones,YES,YES,Landningsställ till drönare – Stabil och säker landning,42,
collection,last-and-transportdronare,last-and-transport-drones,/collections/last-and-transportdronare,/collections/last-and-transport-drones,YES,YES,Last- och transportdrönare,54,
collection,mounts-adaptrar-action-cameras,mounts-adapters-action-cameras,/collections/mounts-adaptrar-action-cameras,/collections/mounts-adapters-action-cameras,YES,YES,Universal Fästen och Adaptrar till actionkameror,5,
collection,multiverktyg-friluftsliv,multi-tools-outdoor,/collections/multiverktyg-friluftsliv,/collections/multi-tools-outdoor,YES,YES,Multiverktyg friluftsliv: Kompakt & Mångsidigt Äventyrsverktyg,14,
collection,pincetter-actionking,tweezers-actionking,/collections/pincetter-actionking,/collections/tweezers-actionking,YES,YES,Pincetter,1,
collection,reparera-precisionsverktyg-elektronik,repair-precision-tools-electronics,/collections/reparera-precisionsverktyg-elektronik,/collections/repair-precision-tools-electronics,YES,YES,Precisionsverktyg Elektronik: Reparera kamera & drönare enkelt,36,
collection,skogsbruksdronare,forestry-drones,/collections/skogsbruksdronare,/collections/forestry-drones,YES,YES,Skogsbruksdrönare,1,main-menu → Skogsbruk; main-menu → :[];Skogsbruk
collection,skruvmejsel-set,screwdriver-set,/collections/skruvmejsel-set,/collections/screwdriver-set,YES,YES,Skruvmejsel Set – Precisionsverktyg för Alla Behov,6,
collection,spare-parts-gimbal-drones-motorer,spare-parts-gimbal-drones-motors,/collections/spare-parts-gimbal-drones-motorer,/collections/spare-parts-gimbal-drones-motors,YES,YES,Reservdelar Gimbal Drönare: Gimbalmotorer för Optimal Stabilisering,171,
collection,tanger-actionking,pliers-actionking,/collections/tanger-actionking,/collections/pliers-actionking,YES,YES,Tänger Action: Precision och Styrka,1,
collection,tillbehorskablar-drones,accessory-cables-drones,/collections/tillbehorskablar-drones,/collections/accessory-cables-drones,YES,YES,Kablar till drönare,10,
collection,usb-kablar-usb-c-for-usb-c,usb-cables-usb-c-for-usb-c,/collections/usb-kablar-usb-c-for-usb-c,/collections/usb-cables-usb-c-for-usb-c,YES,YES,Kraftfulla USB-kablar USB-C till USB-C,23,
collection,waterproof-kameraskydd,waterproof-camera-protection,/collections/waterproof-kameraskydd,/collections/waterproof-camera-protection,YES,YES,Vattentätt kameraskydd för kamera & drönare,141,
page,vara-varumarken,vara-brands,/pages/vara-varumarken,/pages/vara-brands,YES,YES,Våra Varumärken,,
page,gopro-faste,gopro-mount,/pages/gopro-faste,/pages/gopro-mount,YES,YES,GoPro-fäste för actionkamera - flexibla och säkra monteringslösningar,,
page,retur-reklamation,retur-claims,/pages/retur-reklamation,/pages/retur-claims,YES,YES,Retur & Reklamation,,
page,rekalamtioner-aterkop,rekalamtioner-buyback,/pages/rekalamtioner-aterkop,/pages/rekalamtioner-buyback,YES,YES,Reklamationer & Återköp,,
page,gimbal-and-stabilisering,gimbal-and-stabilization,/pages/gimbal-and-stabilisering,/pages/gimbal-and-stabilization,YES,YES,"Gimbal och stabilisering för mobil, kamera och actionkamera",,
page,kopvillkor,terms-of-sale,/pages/kopvillkor,/pages/terms-of-sale,YES,YES,Köpvillkor,,
page,samarbeta-with-actionking,partner-with-actionking,/pages/samarbeta-with-actionking,/pages/partner-with-actionking,YES,YES,Samarbeta med ActionKing,,
page,samarbeta-with-oss,partner-with-oss,/pages/samarbeta-with-oss,/pages/partner-with-oss,YES,YES,Samarbeta med oss,,
page,kablar,cables,/pages/kablar,/pages/cables,YES,YES,Kablar,,
page,ljud,audio,/pages/ljud,/pages/audio,YES,YES,Ljud,,
page,basta-myggskyddet,best-mosquito-repellentet,/pages/basta-myggskyddet,/pages/best-mosquito-repellentet,YES,YES,Bästa myggskyddet,,
blog,nyheter,news,/blogs/nyheter,/blogs/news,YES,YES,Nyheter,,
article,nyheter/kop-dronare-med-kamera,news/kop-drones-med-kamera,/blogs/nyheter/kop-dronare-med-kamera,/blogs/news/kop-drones-med-kamera,YES,YES,Bästa köp drönare med kamera – en komplett köpguide,,
article,nyheter/fpv-drone-kit,news/fpv-drone-kit,/blogs/nyheter/fpv-drone-kit,/blogs/news/fpv-drone-kit,YES,YES,Hitta rätt FPV drone kit för din första flygning,,
article,nyheter/gopro-hero-11-black,news/gopro-hero-11-black,/blogs/nyheter/gopro-hero-11-black,/blogs/news/gopro-hero-11-black,YES,YES,Den ultimata guiden till din GoPro Hero11 Black,,
article,nyheter/dji-mini-se,news/dji-mini-se,/blogs/nyheter/dji-mini-se,/blogs/news/dji-mini-se,YES,YES,Flyga DJI Mini SE i Sverige en komplett nybörjarguide,,
article,nyheter/dji-flip-lilla-dronaren,news/dji-flip-lilla-dronesn,/blogs/nyheter/dji-flip-lilla-dronaren,/blogs/news/dji-flip-lilla-dronesn,YES,YES,DJI Flip – Den lilla drönaren med stora möjligheter,,
article,nyheter/dronare-regler,news/drones-regulations,/blogs/nyheter/dronare-regler,/blogs/news/drones-regulations,YES,YES,Drönare regler i Sverige förklarade enkelt,,
article,nyheter/laddningsbara-batterier-aaa,news/rechargeable-batteryer-aaa,/blogs/nyheter/laddningsbara-batterier-aaa,/blogs/news/rechargeable-batteryer-aaa,YES,YES,Den kompletta guiden till laddningsbara batterier AAA,,
article,nyheter/kamera-for-youtube,news/kamera-for-youtube,/blogs/nyheter/kamera-for-youtube,/blogs/news/kamera-for-youtube,YES,YES,Upptäck kamera för youtube – vår guide till bästa utrustningen,,
article,nyheter/powerbank-usb-c,news/powerbank-usb-c,/blogs/nyheter/powerbank-usb-c,/blogs/news/powerbank-usb-c,YES,YES,Så väljer du rätt powerbank usb c för dina behov,,
article,nyheter/mikrofon-mygga-tradlos,news/microphone-mygga-wireless,/blogs/nyheter/mikrofon-mygga-tradlos,/blogs/news/microphone-mygga-wireless,YES,YES,Mikrofon mygga trådlös en komplett guide till perfekt ljud,,
article,nyheter/mikrofon-till-mobil,news/microphone-till-mobil,/blogs/nyheter/mikrofon-till-mobil,/blogs/news/microphone-till-mobil,YES,YES,"Mikrofon till mobil: Så väljer du rätt för vlogg, intervjuer och musik",,
article,nyheter/minneskort-micro-sd,news/memory-cards-micro-sd,/blogs/nyheter/minneskort-micro-sd,/blogs/news/memory-cards-micro-sd,YES,YES,Så väljer du rätt minneskort micro sd för din actionkamera och drönare,,
article,nyheter/uppladdningsbara-batterier-laddare,news/upprechargeable-batteryer-charger,/blogs/nyheter/uppladdningsbara-batterier-laddare,/blogs/news/upprechargeable-batteryer-charger,YES,YES,Så väljer du rätt uppladdningsbara batterier laddare,,
article,nyheter/micro-usb-laddare,news/micro-usb-charger,/blogs/nyheter/micro-usb-laddare,/blogs/news/micro-usb-charger,YES,YES,Den ultimata guiden till din micro usb laddare,,
article,nyheter/spela-in-ljud,news/spela-in-audio,/blogs/nyheter/spela-in-ljud,/blogs/news/spela-in-audio,YES,YES,Spela in ljud med actionkamera som ett proffs,,
article,nyheter/ficklampa,news/flashlight,/blogs/nyheter/ficklampa,/blogs/news/flashlight,YES,YES,Så väljer du rätt ficklampa för dina äventyr,,
article,nyheter/powerbank,news/powerbank,/blogs/nyheter/powerbank,/blogs/news/powerbank,YES,YES,Så väljer du rätt powerbank för dina äventyr utomhus,,
article,nyheter/reservdelar-dronare,news/spare-parts-drones,/blogs/nyheter/reservdelar-dronare,/blogs/news/spare-parts-drones,YES,YES,Reservdelar drönare för underhåll och reparationer,,
article,nyheter/gimbal,news/gimbal,/blogs/nyheter/gimbal,/blogs/news/gimbal,YES,YES,Skapa filmiska videor med en gimbal,,
article,nyheter/sd-kort-till-kamera,news/sd-kort-till-kamera,/blogs/nyheter/sd-kort-till-kamera,/blogs/news/sd-kort-till-kamera,YES,YES,Sd kort till kamera: Köpguide för bästa minneskort,,
article,nyheter/upptack-dji-osmo-action-6-actionkamerans-nya-masterverk,news/upptack-dji-osmo-action-6-actionkamerans-nya-masterverk,/blogs/nyheter/upptack-dji-osmo-action-6-actionkamerans-nya-masterverk,/blogs/news/upptack-dji-osmo-action-6-actionkamerans-nya-masterverk,YES,YES,Upptäck DJI Osmo Action 6 – Actionkamerans nya mästerverk,,
article,nyheter/dji-mini-5-pro,news/dji-mini-5-pro,/blogs/nyheter/dji-mini-5-pro,/blogs/news/dji-mini-5-pro,YES,YES,Allt du behöver veta om DJI Mini 5 Pro i Sverige,,
article,nyheter/insta-360,news/insta-360,/blogs/nyheter/insta-360,/blogs/news/insta-360,YES,YES,Upptäck insta 360 din guide till 360kameror,,
article,nyheter/stormkok,news/stormkok,/blogs/nyheter/stormkok,/blogs/news/stormkok,YES,YES,Stormkök bäst i test hitta rätt för ditt äventyr,,
article,nyheter/nitecore-emr25-myggavskrackaren,news/nitecore-emr25-myggavskrackaren,/blogs/nyheter/nitecore-emr25-myggavskrackaren,/blogs/news/nitecore-emr25-myggavskrackaren,YES,YES,Nitecore EMR25 – Den smarta myggavskräckaren med powerbank för sommarens alla äventyr,,
article,nyheter/nitecore,news/nitecore,/blogs/nyheter/nitecore,/blogs/news/nitecore,YES,YES,Den ultimata guiden till Nitecore utrustning,,
article,nyheter/gopro-hero-12,news/gopro-hero-12,/blogs/nyheter/gopro-hero-12,/blogs/news/gopro-hero-12,YES,YES,GoPro Hero 12 komplett guide för svenska äventyrare,,
article,nyheter/dronare,news/drones,/blogs/nyheter/dronare,/blogs/news/drones,YES,YES,Drönare från grunden en komplett guide,,
article,nyheter/kamerastativ,news/kamerastativ,/blogs/nyheter/kamerastativ,/blogs/news/kamerastativ,YES,YES,En komplett guide för stadigare foton,,
article,nyheter/dronare-bast-i-test-budget,news/drones-bast-i-test-budget,/blogs/nyheter/dronare-bast-i-test-budget,/blogs/news/drones-bast-i-test-budget,YES,YES,Drönare bäst i test budget 2024 års köpguide,,
article,nyheter/dji-osmo,news/dji-osmo,/blogs/nyheter/dji-osmo,/blogs/news/dji-osmo,YES,YES,DJI Osmo: Din guide till perfekt stabiliserad video,,
article,nyheter/mic,news/mic,/blogs/nyheter/mic,/blogs/news/mic,YES,YES,Hitta rätt mic till din actionkamera,,
article,nyheter/dykutrustning,news/diving-equipment,/blogs/nyheter/dykutrustning,/blogs/news/diving-equipment,YES,YES,Dykutrustning för svenska vatten,,
article,nyheter/actionkamera-bast-i-test,news/actionkamera-bast-i-test,/blogs/nyheter/actionkamera-bast-i-test,/blogs/news/actionkamera-bast-i-test,YES,YES,Actionkamera bäst i test 2025 – Hitta rätt modell,,
article,nyheter/test-av-kameror,news/test-av-cameras,/blogs/nyheter/test-av-kameror,/blogs/news/test-av-cameras,YES,YES,Bästa actionkamera test av kameror 2024,,
article,nyheter/vandringsutrustning,news/hiking-equipment,/blogs/nyheter/vandringsutrustning,/blogs/news/hiking-equipment,YES,YES,Vandringsutrustning för nybörjare och proffs,,
article,nyheter/mavic-3-pro,news/mavic-3-pro,/blogs/nyheter/mavic-3-pro,/blogs/news/mavic-3-pro,YES,YES,Mavic 3 Pro: En guide för fotografer i Sverige,,
article,nyheter/campingutrustning,news/camping-equipment,/blogs/nyheter/campingutrustning,/blogs/news/camping-equipment,YES,YES,Välj rätt campingutrustning för ditt äventyr,,
article,nyheter/fly-dji-drone,news/fly-dji-drone,/blogs/nyheter/fly-dji-drone,/blogs/news/fly-dji-drone,YES,YES,En komplett guide för dig som flyger DJI,,
article,nyheter/basta-powerbanken,news/best-powerbanken,/blogs/nyheter/basta-powerbanken,/blogs/news/best-powerbanken,YES,YES,Vilken är den bästa powerbanken?,,
article,nyheter/gopro-tillbehor-batterier-filter,news/gopro-accessories-batteryer-filter,/blogs/nyheter/gopro-tillbehor-batterier-filter,/blogs/news/gopro-accessories-batteryer-filter,YES,YES,Tillbehör till GoPro – optimera varje äventyr,,
article,nyheter/dji-mini-4pro-fragor-svar,news/dji-mini-4pro-fragor-svar,/blogs/nyheter/dji-mini-4pro-fragor-svar,/blogs/news/dji-mini-4pro-fragor-svar,YES,YES,DJI Mini 4 Pro – FAQ: Vanliga frågor och svar,,
article,nyheter/tradlos-mikrofon-bluetooth,news/wireless-microphone-bluetooth,/blogs/nyheter/tradlos-mikrofon-bluetooth,/blogs/news/wireless-microphone-bluetooth,YES,YES,Trådlös mikrofon bluetooth guide för perfekt ljud,,
article,nyheter/campingkok,news/campingkok,/blogs/nyheter/campingkok,/blogs/news/campingkok,YES,YES,Campingkök: Din guide till rätt kök för friluftsliv,,
article,nyheter/vevradio,news/vevradio,/blogs/nyheter/vevradio,/blogs/news/vevradio,YES,YES,Vevradio för nybörjare en komplett guide,,
article,nyheter/overlevnadsutrustning,news/survival-equipment,/blogs/nyheter/overlevnadsutrustning,/blogs/news/survival-equipment,YES,YES,Överlevnadsutrustning din kompletta guide,,
article,nyheter/nodfilt,news/nodfilt,/blogs/nyheter/nodfilt,/blogs/news/nodfilt,YES,YES,Nödfilt: Överlevnadsguiden för kris och äventyr,,
article,nyheter/dji-pocket-2,news/dji-pocket-2,/blogs/nyheter/dji-pocket-2,/blogs/news/dji-pocket-2,YES,YES,DJI Pocket 2 Din guide för perfekta videor,,
article,nyheter/bast-i-test-actionkamera,news/bast-i-test-actionkamera,/blogs/nyheter/bast-i-test-actionkamera,/blogs/news/bast-i-test-actionkamera,YES,YES,Bäst i test actionkamera för dina äventyr,,
article,nyheter/far-man-flyga-dronare-over-annans-tomt,news/far-man-flyga-drones-over-annans-tomt,/blogs/nyheter/far-man-flyga-dronare-over-annans-tomt,/blogs/news/far-man-flyga-drones-over-annans-tomt,YES,YES,Får man flyga drönare över annans tomt? Regler 2024,,
article,nyheter/dronare-for-nyborjare,news/drones-for-nyborjare,/blogs/nyheter/dronare-for-nyborjare,/blogs/news/drones-for-nyborjare,YES,YES,Drönare för nybörjare: Enkel guide till din första drönare,,
article,nyheter/portabla-solceller,news/portabla-solceller,/blogs/nyheter/portabla-solceller,/blogs/news/portabla-solceller,YES,YES,Portabla solceller en komplett guide,,
article,nyheter/dronare-med-kamera,news/drones-med-kamera,/blogs/nyheter/dronare-med-kamera,/blogs/news/drones-med-kamera,YES,YES,Välj rätt drönare med kamera för fantastiska bilder,,
article,nyheter/regler-for-dronare,news/regulations-for-drones,/blogs/nyheter/regler-for-dronare,/blogs/news/regulations-for-drones,YES,YES,Regler för drönare en komplett guide,,
article,nyheter/kopa-dronare-med-kamera,news/kopa-drones-med-kamera,/blogs/nyheter/kopa-dronare-med-kamera,/blogs/news/kopa-drones-med-kamera,YES,YES,Köpa drönare med kamera – din guide till det perfekta valet,,
article,nyheter/upptack-din-varld-i-360-grader-med-gopro,news/upptack-din-varld-i-360-grader-med-gopro,/blogs/nyheter/upptack-din-varld-i-360-grader-med-gopro,/blogs/news/upptack-din-varld-i-360-grader-med-gopro,YES,YES,Upptäck din värld i 360° med GoPro,,
article,nyheter/actionkamera,news/actionkamera,/blogs/nyheter/actionkamera,/blogs/news/actionkamera,YES,YES,Välj rätt actionkamera för dina äventyr,,
article,nyheter/dji-reservdelar,news/dji-spare-parts,/blogs/nyheter/dji-reservdelar,/blogs/news/dji-spare-parts,YES,YES,Hitta rätt DJI reservdelar för din drönare,,
article,nyheter/gopro-reservdelar,news/gopro-spare-parts,/blogs/nyheter/gopro-reservdelar,/blogs/news/gopro-spare-parts,YES,YES,En komplett guide till gopro reservdelar,,
article,nyheter/led-lampa-pa-batteri,news/led-lampa-pa-battery,/blogs/nyheter/led-lampa-pa-batteri,/blogs/news/led-lampa-pa-battery,YES,YES,Så väljer du rätt LED-Lampa,,
article,nyheter/gopro-tillbehor,news/gopro-accessories,/blogs/nyheter/gopro-tillbehor,/blogs/news/gopro-accessories,YES,YES,Välj rätt gopro tillbehör för ditt nästa äventyr,,
article,nyheter/stativ-till-mobil-for-att-filma,news/stativ-till-mobil-for-att-filma,/blogs/nyheter/stativ-till-mobil-for-att-filma,/blogs/news/stativ-till-mobil-for-att-filma,YES,YES,Välj rätt stativ till mobil för att filma,,
article,nyheter/time-lapse-kamera,news/time-lapse-kamera,/blogs/nyheter/time-lapse-kamera,/blogs/news/time-lapse-kamera,YES,YES,Bemästra din time lapse kamera från grunden,,
article,nyheter/dji-osmo-tillbehor,news/dji-osmo-accessories,/blogs/nyheter/dji-osmo-tillbehor,/blogs/news/dji-osmo-accessories,YES,YES,Så väljer du rätt dji osmo tillbehör för bättre filmer,,
article,nyheter/krislada,news/krislada,/blogs/nyheter/krislada,/blogs/news/krislada,YES,YES,Så bygger du en komplett krislåda för din hemberedskap,,
article,nyheter/krisberedskap-hemma,news/krisberedskap-hemma,/blogs/nyheter/krisberedskap-hemma,/blogs/news/krisberedskap-hemma,YES,YES,Krisberedskap hemma som faktiskt fungerar i praktiken,,
article,nyheter/karbinhake,news/karbinhake,/blogs/nyheter/karbinhake,/blogs/news/karbinhake,YES,YES,Karbinhake: Hur du väljer rätt karbin och säkrar klättringen (karbinhake),,
article,nyheter/tradlos-mygga-mikrofon,news/wireless-mygga-microphone,/blogs/nyheter/tradlos-mygga-mikrofon,/blogs/news/wireless-mygga-microphone,YES,YES,Komplett guide till trådlös mygga mikrofon,,
product,telesin-t10-fjarrkontroll-silikonskal-skyddande-fo,telesin-t10-remote-control-silicone-case-protective-fo,/products/telesin-t10-fjarrkontroll-silikonskal-skyddande-fo,/products/telesin-t10-remote-control-silicone-case-protective-fo,YES,YES,TELESIN T10 Remote Control - Skyddande Silikonskal för TELESIN T10,,
product,insta360-ace-pro-2-case-silikon-neck-strap,insta360-ace-pro-2-case-silicone-neck-strap,/products/insta360-ace-pro-2-case-silikon-neck-strap,/products/insta360-ace-pro-2-case-silicone-neck-strap,YES,YES,Insta360 Ace Pro 2 Fodral med Nackrem,,
product,insta360-ace-pro-2-metallbur-skyddande-ram,insta360-ace-pro-2-metal-cage-protective-ram,/products/insta360-ace-pro-2-metallbur-skyddande-ram,/products/insta360-ace-pro-2-metal-cage-protective-ram,YES,YES,Insta360 Ace Pro 2 Metal - Skyddande Metallbur för Insta360 Ace Pro 2,,
product,ministativ-tripod,mini-tripod-tripod,/products/ministativ-tripod,/products/mini-tripod-tripod,YES,YES,Stabilisera dina bilder med ett flexibelt ministativ tripod,,
product,pgytech-96cm-aluminium-selfiepinne-sportkamera,pgytech-96cm-aluminium-selfie-stick-action-camera,/products/pgytech-96cm-aluminium-selfiepinne-sportkamera,/products/pgytech-96cm-aluminium-selfie-stick-action-camera,YES,YES,Selfiepinne sportkamera - PGYTECH 96cm Aluminium Selfiepinne,,
product,dji-flip-rcstq-linsskydd-dual,dji-flip-rcstq-lens-protector-dual,/products/dji-flip-rcstq-linsskydd-dual,/products/dji-flip-rcstq-lens-protector-dual,YES,YES,DJI Flip RCSTQ Lens Hoods Dual - DJI Flip RCSTQ Linsskydd med Dubbla,,
product,gopro-hero5-ramfaste,gopro-hero5-rammount,/products/gopro-hero5-ramfaste,/products/gopro-hero5-rammount,YES,YES,Robust GoPro Hero5 Ramfäste för Optimal Skydd,,
product,dji-rc-n3-fjarrkontroll-for-drones,dji-rc-n3-remote-control-for-drones,/products/dji-rc-n3-fjarrkontroll-for-drones,/products/dji-rc-n3-remote-control-for-drones,YES,YES,DJI RC-N3 Fjärrkontroll för Drönare,,
product,insta360-one-x2-helkroppsskydd-silikon,insta360-one-x2-helkroppsprotection-silicone,/products/insta360-one-x2-helkroppsskydd-silikon,/products/insta360-one-x2-helkroppsprotection-silicone,YES,YES,Full Body Dust-proof Silicone - Helkroppsskydd i Dammtät Silikon,,
product,jsr-dronarfilter-4-i-1-uv-cpl-nd-dji-mavic-mini,jsr-dronefilter-4-i-1-uv-cpl-nd-dji-mavic-mini,/products/jsr-dronarfilter-4-i-1-uv-cpl-nd-dji-mavic-mini,/products/jsr-dronefilter-4-i-1-uv-cpl-nd-dji-mavic-mini,YES,YES,JSR Drönarfilter 4-i-1 till DJI Mavic Mini,,
product,gp244-b-actionkamera-faste-alu-nvg,gp244-b-actionkamera-mount-alu-nvg,/products/gp244-b-actionkamera-faste-alu-nvg,/products/gp244-b-actionkamera-mount-alu-nvg,YES,YES,Actionkamera fäste alu - Actionkamera Fäste i Aluminium för Mångsidig,,
product,mjukt-tpu-skyddsfodral-insta360-ace-pro,mjukt-tpu-protectionsfodral-insta360-ace-pro,/products/mjukt-tpu-skyddsfodral-insta360-ace-pro,/products/mjukt-tpu-protectionsfodral-insta360-ace-pro,YES,YES,Body Soft TPU Protective Case - Mjukt TPU Skyddsfodral med Linsskydd,,
product,insta360-go-2-laddbox-silikonskydd,insta360-go-2-laddbox-siliconeprotection,/products/insta360-go-2-laddbox-silikonskydd,/products/insta360-go-2-laddbox-siliconeprotection,YES,YES,Laddning Box Silicone - Silikonskydd för Insta360 GO 2 Laddbox,,
product,insta360-go-2-skyddsram-with-stativadapter,insta360-go-2-protectionsram-with-stativadapter,/products/insta360-go-2-skyddsram-with-stativadapter,/products/insta360-go-2-protectionsram-with-stativadapter,YES,YES,Insta360 GO 2 Skyddsram med Stativadapter,,
product,mini-barvaska-dji-osmo-pocket-forvaring,mini-barbag-dji-osmo-pocket-storage,/products/mini-barvaska-dji-osmo-pocket-forvaring,/products/mini-barbag-dji-osmo-pocket-storage,YES,YES,Mini Carrying Case Bärbar för DJI Osmo Pocket,,
product,waterproof-skyddsfodral-insta360-go-2,waterproof-protectionsfodral-insta360-go-2,/products/waterproof-skyddsfodral-insta360-go-2,/products/waterproof-protectionsfodral-insta360-go-2,YES,YES,30m Underwater Waterproof - Vattentätt Skyddsfodral för Insta360 GO 2,,
product,puluz-metallbur-dji-osmo-action-5,puluz-metal-cage-dji-osmo-action-5,/products/puluz-metallbur-dji-osmo-action-5,/products/puluz-metal-cage-dji-osmo-action-5,YES,YES,PULUZ metallbur DJI Osmo - PULUZ metallbur för DJI Osmo Action 5,,
product,rcgeek-dji-osmo-pocket-2-ministativ-accessories,rcgeek-dji-osmo-pocket-2-mini-tripod-accessories,/products/rcgeek-dji-osmo-pocket-2-ministativ-accessories,/products/rcgeek-dji-osmo-pocket-2-mini-tripod-accessories,YES,YES,RCGEEK för DJI OSMO Pocket 2 - RCGEEK Mini Stativ för DJI Osmo Pocket,,
product,hjalmfaste-fjarilsfaste-actionkamera-adapter,hjalmmount-fjarilsmount-actionkamera-adapter,/products/hjalmfaste-fjarilsfaste-actionkamera-adapter,/products/hjalmmount-fjarilsmount-actionkamera-adapter,YES,YES,Butterfly Helmet Fäste Adapter - Fjärilsfäste för Hjälm,,
product,osmo-pocket-mobiladapter-8-pins-smartphonefaste,osmo-pocket-mobiladapter-8-pins-smartphonemount,/products/osmo-pocket-mobiladapter-8-pins-smartphonefaste,/products/osmo-pocket-mobiladapter-8-pins-smartphonemount,YES,YES,OSMO Pocket Mobiladapter för iPhone,,
product,hjalmfaste-actionkamera-faste,hjalmmount-actionkamera-mount,/products/hjalmfaste-actionkamera-faste,/products/hjalmmount-actionkamera-mount,YES,YES,Hjälmfäste actionka faste - Hjälmfäste för Actionkamera med Pivotarm,,
product,sunnylife-magnetiskt-snabbfaste-dji-osmo-action-5,sunnylife-magnetiskt-snabbmount-dji-osmo-action-5,/products/sunnylife-magnetiskt-snabbfaste-dji-osmo-action-5,/products/sunnylife-magnetiskt-snabbmount-dji-osmo-action-5,YES,YES,DJI Osmo Action 5 Pro / 4 / 3 - Sunnylife Magnetiskt Snabbfäste,,
product,pgytech-osmo-pocket-mobilfaste,pgytech-osmo-pocket-mobilmount,/products/pgytech-osmo-pocket-mobilfaste,/products/pgytech-osmo-pocket-mobilmount,YES,YES,PGYTECH Osmo Pocket Mobilfäste för DJI Pocket,,
product,startrc-1108859-vikbart-fjarrkontroll-solskydd-dji,startrc-1108859-vikbart-remote-control-solprotection-dji,/products/startrc-1108859-vikbart-fjarrkontroll-solskydd-dji,/products/startrc-1108859-vikbart-remote-control-solprotection-dji,YES,YES,STARTRC 1108859 Dedicated - STARTRC 1108859 Vikbart Solskydd,,
product,landningsstallsforlangare-dji-spark-saker-landning,landing-gearsforlangare-dji-spark-saker-landing,/products/landningsstallsforlangare-dji-spark-saker-landning,/products/landing-gearsforlangare-dji-spark-saker-landing,YES,YES,Landningsställsförlängare för DJI Spark,,
product,startrc-magnetisk-sugkopp-universalfaste,startrc-magnetisk-sugkopp-universalmount,/products/startrc-magnetisk-sugkopp-universalfaste,/products/startrc-magnetisk-sugkopp-universalmount,YES,YES,STARTRC Magnetisk Sugkopp: Säker Montering,,
product,insta360-x4-skarmskydd-hartdat-glas,insta360-x4-skarmprotection-hartdat-glas,/products/insta360-x4-skarmskydd-hartdat-glas,/products/insta360-x4-skarmprotection-hartdat-glas,YES,YES,Insta360 X4 Skärms screen - Insta360 X4 Skärmskydd i Härdat Glas,,
product,heltackande-silikonfodral-instax360-one-x2,heltackande-siliconefodral-instax360-one-x2,/products/heltackande-silikonfodral-instax360-one-x2,/products/heltackande-siliconefodral-instax360-one-x2,YES,YES,Heltäckande Silikonfodral för Insta360 ONE X2,,
product,hjalmfaste-magic-arm-360-actionkamera,hjalmmount-magic-arm-360-actionkamera,/products/hjalmfaste-magic-arm-360-actionkamera,/products/hjalmmount-magic-arm-360-actionkamera,YES,YES,Flexibelt Hjälmfäste Magic Arm för Actionkamera,,
product,pocket-3-adapterfaste-startrc,pocket-3-adaptermount-startrc,/products/pocket-3-adapterfaste-startrc,/products/pocket-3-adaptermount-startrc,YES,YES,Mångsidigt Pocket 3 Adapterfäste för DJI Osmo,,
product,amagisn-silikonsockel-insta360-x4-x5,amagisn-siliconesockel-insta360-x4-x5,/products/amagisn-silikonsockel-insta360-x4-x5,/products/amagisn-siliconesockel-insta360-x4-x5,YES,YES,Amagisn Silikonsockel för Insta360 X4/X5,,
product,actionkamera-kulledsfaste-metall-snabbfaste,actionkamera-kulledsmount-metall-snabbmount,/products/actionkamera-kulledsfaste-metall-snabbfaste,/products/actionkamera-kulledsmount-metall-snabbmount,YES,YES,Actionkamera Kulledsfäste i Metall med Snabbfäste,,
product,justerbart-hjalmfaste-360-grader-actionkamera-1,justerbart-hjalmmount-360-grader-actionkamera-1,/products/justerbart-hjalmfaste-360-grader-actionkamera-1,/products/justerbart-hjalmmount-360-grader-actionkamera-1,YES,YES,360 Degree Adjust Helmet Fäste - Justerbart Hjälmfäste 360 Grader,,
product,ryggsacksfaste-360-graders-rotation-j-form,ryggsacksmount-360-graders-rotation-j-form,/products/ryggsacksfaste-360-graders-rotation-j-form,/products/ryggsacksmount-360-graders-rotation-j-form,YES,YES,360 Degree Rotation J Shape - Ryggsäcksfäste med 360 Graders Rotation,,
product,insta360-x5-forvaring-hart-case,insta360-x5-storage-hart-case,/products/insta360-x5-forvaring-hart-case,/products/insta360-x5-storage-hart-case,YES,YES,Insta360 X5 förvaring - Hårt Förvaringsfodral för Insta360 X5 Kamera,,
product,insta360-x4-silikonskydd-with-linsskydd,insta360-x4-siliconeprotection-with-lens-protector,/products/insta360-x4-silikonskydd-with-linsskydd,/products/insta360-x4-siliconeprotection-with-lens-protector,YES,YES,Insta360 X4 Silikonskydd med Linsskydd,,
product,insta360-x5-anti-fog-snap-on-linsskydd,insta360-x5-anti-fog-snap-on-lens-protector,/products/insta360-x5-anti-fog-snap-on-linsskydd,/products/insta360-x5-anti-fog-snap-on-lens-protector,YES,YES,Insta360 X5 Anti-Fog Snap-On Linsskydd,,
product,insta360-x5-plast-skyddsram-magnetisk,insta360-x5-plast-protectionsram-magnetisk,/products/insta360-x5-plast-skyddsram-magnetisk,/products/insta360-x5-plast-protectionsram-magnetisk,YES,YES,Insta360 X5 Plastic Protective - Insta360 X5 Skyddsram med Magnetisk,,
product,insta360-x5-silikonskal-kroppsskydd-dammtalig,insta360-x5-silicone-case-kroppsprotection-dammtalig,/products/insta360-x5-silikonskal-kroppsskydd-dammtalig,/products/insta360-x5-silicone-case-kroppsprotection-dammtalig,YES,YES,Insta360 X5 Silikonskal för Optimalt Kameraskydd,,
product,insta360-x5-roterande-linsskydd,insta360-x5-roterande-lens-protector,/products/insta360-x5-roterande-linsskydd,/products/insta360-x5-roterande-lens-protector,YES,YES,Insta360 X5 linsskydd - Roterande Linsskydd för Insta360 X5,,
product,gopro-faste-action-forlangningsarmar-hjalm,gopro-mount-action-forlangningsarms-hjalm,/products/gopro-faste-action-forlangningsarmar-hjalm,/products/gopro-mount-action-forlangningsarms-hjalm,YES,YES,GoPro Fäste Action Förlängningsarmar för Hjälm,,
product,dji-rs-3-mini-usb-c-kontrollkabel-vinklad,dji-rs-3-mini-usb-c-kontrollcable-vinklad,/products/dji-rs-3-mini-usb-c-kontrollkabel-vinklad,/products/dji-rs-3-mini-usb-c-kontrollcable-vinklad,YES,YES,DJI RS 3 Mini USB-C kabel - Vinklad DJI RS 3 Mini USB-C Kontrollkabel,,
product,dji-rs-2-rs-3-pro-fjarrkontroll-fordonsfaste-kit,dji-rs-2-rs-3-pro-remote-control-fordonsmount-kit,/products/dji-rs-2-rs-3-pro-fjarrkontroll-fordonsfaste-kit,/products/dji-rs-2-rs-3-pro-remote-control-fordonsmount-kit,YES,YES,Fjärrkontroll och Fordonsfäste för DJI RS 2 / RS 3 Pro,,
product,dji-ronin-sc-kabeladapter-usb-c-micro-usb,dji-ronin-sc-cableadapter-usb-c-micro-usb,/products/dji-ronin-sc-kabeladapter-usb-c-micro-usb,/products/dji-ronin-sc-cableadapter-usb-c-micro-usb,YES,YES,DJI Ronin SC Kabeladapter för Kameraanslutning,,
product,hjalmfaste-osmo-action-3-snabbfaste,hjalmmount-osmo-action-3-snabbmount,/products/hjalmfaste-osmo-action-3-snabbfaste,/products/hjalmmount-osmo-action-3-snabbmount,YES,YES,Osmo Action 3 Hjälmfäste med Snabbfäste,,
product,dji-osmo-munfaste,dji-osmo-munmount,/products/dji-osmo-munfaste,/products/dji-osmo-munmount,YES,YES,DJI Osmo Munfäste för Actionkameror,,
product,dji-avata-2-skyddsring-startrc-tpu,dji-avata-2-protectionsring-startrc-tpu,/products/dji-avata-2-skyddsring-startrc-tpu,/products/dji-avata-2-protectionsring-startrc-tpu,YES,YES,DJI Avata 2 skyddsring - STARTRC Skyddsring för DJI Avata 2 Drönare,,
product,dji-neo-dronarstativ-cqt-skrivbordsdisplay,dji-neo-dronestativ-cqt-skrivbordsdisplay,/products/dji-neo-dronarstativ-cqt-skrivbordsdisplay,/products/dji-neo-dronestativ-cqt-skrivbordsdisplay,YES,YES,DJI Neo Drönarstativ CQT för Skrivbordsdisplay,,
product,insta360-x4-linsskydd-pc,insta360-x4-lens-protector-pc,/products/insta360-x4-linsskydd-pc,/products/insta360-x4-lens-protector-pc,YES,YES,Insta360 X4 linsskydd PC av Hållbart Material,,
product,landningsstall-dji-avata,landing-gear-dji-avata,/products/landningsstall-dji-avata,/products/landing-gear-dji-avata,YES,YES,Landningsställ DJI Avata: Vikbart och Höjt Skydd,,
product,insta360-x5-x4-l-faste-magnetiskt-konverteringsfas,insta360-x5-x4-l-mount-magnetiskt-konverteringsfas,/products/insta360-x5-x4-l-faste-magnetiskt-konverteringsfas,/products/insta360-x5-x4-l-mount-magnetiskt-konverteringsfas,YES,YES,Insta360 X5 / X4 Sunnylife - Magnetiskt L-Fäste för Insta360 X5 / X4,,
product,gopro-hero7-6-5-cpl-skyddsfilter-optimerad-bildkva,gopro-hero7-6-5-cpl-protectionsfilter-optimerad-bildkva,/products/gopro-hero7-6-5-cpl-skyddsfilter-optimerad-bildkva,/products/gopro-hero7-6-5-cpl-protectionsfilter-optimerad-bildkva,YES,YES,GoPro HERO7 /6 /5 Protective - CPL Skyddsfilter för GoPro HERO7 /6 /5,,
product,gopro-storage-bag-telesin-mini-eva-skyddsfodra,gopro-storage-bag-telesin-mini-eva-protectionsfodra,/products/gopro-storage-bag-telesin-mini-eva-skyddsfodra,/products/gopro-storage-bag-telesin-mini-eva-protectionsfodra,YES,YES,GoPro Förvaringsväska till Hero 9-12,,
product,dji-neo-dronarvaska-hart-skal,dji-neo-dronebag-hart-shell,/products/dji-neo-dronarvaska-hart-skal,/products/dji-neo-dronebag-hart-shell,YES,YES,DJI NEO Drönarväska med Hårt Skal,,
product,telesin-t13-60m-sports-camera-fjarrkontroll,telesin-t13-60m-sports-camera-remote-control,/products/telesin-t13-60m-sports-camera-fjarrkontroll,/products/telesin-t13-60m-sports-camera-remote-control,YES,YES,TELESIN T13 60m Sports Camera - TELESIN T13 Trådlös Fjärrkontroll,,
product,ronin-nato-klamma-snabbfaste-dji-stabilisator,ronin-nato-klamma-snabbmount-dji-stabilisator,/products/ronin-nato-klamma-snabbfaste-dji-stabilisator,/products/ronin-nato-klamma-snabbmount-dji-stabilisator,YES,YES,Ronin NATO-klämma för DJI Stabilisatorer,,
product,waterproof-dronarvaska-rcstq-trippel-protection,waterproof-dronebag-rcstq-trippel-protection,/products/waterproof-dronarvaska-rcstq-trippel-protection,/products/waterproof-dronebag-rcstq-trippel-protection,YES,YES,RCSTQ Vattentät Drönarväska med Trippel Skydd,,
product,dji-flip-startrc-batterilucka-snabbfaste,dji-flip-startrc-batterylucka-snabbmount,/products/dji-flip-startrc-batterilucka-snabbfaste,/products/dji-flip-startrc-batterylucka-snabbmount,YES,YES,för DJI Flip STARTRC Battery - STARTRC Batterilucka med Snabbfäste,,
product,dji-om-7-mobilfaste-magnetfaste,dji-om-7-mobilmount-magnetmount,/products/dji-om-7-mobilfaste-magnetfaste,/products/dji-om-7-mobilmount-magnetmount,YES,YES,DJI OM 7 mobilfäste - DJI OM 7 Original Magnetiskt Mobilfäste,,
product,dji-osmo-om-7-kabel-usb-c-for-8-pin,dji-osmo-om-7-cable-usb-c-for-8-pin,/products/dji-osmo-om-7-kabel-usb-c-for-8-pin,/products/dji-osmo-om-7-cable-usb-c-for-8-pin,YES,YES,DJI Osmo OM 7 kabel - DJI Osmo OM 7 Inspelningskabel – USB-C,,
product,dji-om-7-original-magnetiskt-snabbfaste,dji-om-7-original-magnetiskt-snabbmount,/products/dji-om-7-original-magnetiskt-snabbfaste,/products/dji-om-7-original-magnetiskt-snabbmount,YES,YES,DJI OM 7 Original Magnetic - DJI OM 7 Original Magnetiskt Snabbfäste,,
product,dji-power-mc4-solkabel,dji-power-mc4-solcable,/products/dji-power-mc4-solkabel,/products/dji-power-mc4-solcable,YES,YES,"Original MC4 Parallel Cable For DJI Power Solar Panel, MC4 Parallel Cable",,
product,insta360-x5-kamerabur-metallram-linsskydd-flymile,insta360-x5-kamerabur-metallram-lens-protector-flymile,/products/insta360-x5-kamerabur-metallram-linsskydd-flymile,/products/insta360-x5-kamerabur-metallram-lens-protector-flymile,YES,YES,Insta360 X5 Kamerabur med Metallram och Linsskydd,,
product,dji-neo-cqt-dronarlandning-protection,dji-neo-cqt-dronelanding-protection,/products/dji-neo-cqt-dronarlandning-protection,/products/dji-neo-cqt-dronelanding-protection,YES,YES,DJI Neo CQT Drone Landing - Skyddande Landningsskydd för DJI Neo CQT,,
product,dji-avata-2-axelvaska,dji-avata-2-axelbag,/products/dji-avata-2-axelvaska,/products/dji-avata-2-axelbag,YES,YES,DJI Avata 2 Axelväska för Säker Transport,,
product,insta360-x4-001-hardskalsvaska,insta360-x4-001-hardshellsbag,/products/insta360-x4-001-hardskalsvaska,/products/insta360-x4-001-hardshellsbag,YES,YES,Insta360 X4 001 Hårdskalsväska – Ditt Ultimata Kameraskydd,,
product,imak-skarmskydd-dji-osmo-action-5-pro,imak-skarmprotection-dji-osmo-action-5-pro,/products/imak-skarmskydd-dji-osmo-action-5-pro,/products/imak-skarmprotection-dji-osmo-action-5-pro,YES,YES,imak Rear Screen + Front - Imak Skärmskydd för DJI Osmo Action 5 Pro,,
product,startrc-axelremsvaska-for-dji-neo-drones,startrc-axelremsbag-for-dji-neo-drones,/products/startrc-axelremsvaska-for-dji-neo-drones,/products/startrc-axelremsbag-for-dji-neo-drones,YES,YES,väska till drönare - STARTRC Axelremsväska för DJI Neo Drönare,,
product,dji-flip-bag-fp-b957-skyddande-dronarfodral,dji-flip-bag-fp-b957-protective-dronefodral,/products/dji-flip-bag-fp-b957-skyddande-dronarfodral,/products/dji-flip-bag-fp-b957-protective-dronefodral,YES,YES,DJI Flip Väska FP-B957 – Optimalt Skydd för Drönare,,
product,dji-air-3-i-1-kabel,dji-air-3-i-1-cable,/products/dji-air-3-i-1-kabel,/products/dji-air-3-i-1-cable,YES,YES,"Original 3-in-1 Cable For DJI Air Unit Series, 3-in-1 Cable",,
product,dji-snabbladdkabel-original,dji-snabbladdcable-original,/products/dji-snabbladdkabel-original,/products/dji-snabbladdcable-original,YES,YES,Original DJI Snabbladdkabel för Effektiv Laddning,,
product,dji-flip-dronarvaska-stot-stress,dji-flip-dronebag-stot-stress,/products/dji-flip-dronarvaska-stot-stress,/products/dji-flip-dronebag-stot-stress,YES,YES,DJI Flip Drönarväska för Stötar,,
product,dji-drones-linsskydd-nano-4-i-1,dji-drones-lens-protector-nano-4-i-1,/products/dji-drones-linsskydd-nano-4-i-1,/products/dji-drones-lens-protector-nano-4-i-1,YES,YES,Avancerat Drönare Linsskydd Nano 4-i-1 för DJI,,
product,dji-flip-landningsstall-hojningskit,dji-flip-landing-gear-hojningskit,/products/dji-flip-landningsstall-hojningskit,/products/dji-flip-landing-gear-hojningskit,YES,YES,DJI Flip Landningsställ för Ökad Säkerhet,,
product,dji-flip-drones-with-tripod-and-skyddsring,dji-flip-drones-with-tripod-and-protectionsring,/products/dji-flip-drones-with-tripod-and-skyddsring,/products/dji-flip-drones-with-tripod-and-protectionsring,YES,YES,DJI Flip Drone With Tripod - DJI Flip Drönare Med Stativ,,
product,dji-flip-cqt-3-i-1-dronarstativ-landningsstall,dji-flip-cqt-3-i-1-dronestativ-landing-gear,/products/dji-flip-cqt-3-i-1-dronarstativ-landningsstall,/products/dji-flip-cqt-3-i-1-dronestativ-landing-gear,YES,YES,DJI Flip CQT 3 In 1 Drone - DJI Flip CQT 3-i-1 Drönarstativ,,
product,dji-flip-cqt-dronaradapter-stativfaste,dji-flip-cqt-droneadapter-stativmount,/products/dji-flip-cqt-dronaradapter-stativfaste,/products/dji-flip-cqt-droneadapter-stativmount,YES,YES,DJI Flip CQT Drone Adapter - DJI Flip CQT Drönaradapter,,
product,airtag-dronarfaste-forlustskydd,airtag-dronemount-forlustprotection,/products/airtag-dronarfaste-forlustskydd,/products/airtag-dronemount-forlustprotection,YES,YES,AirTag Drönarfäste för Optimalt Förlustskydd,,
product,dji-flip-cqt-dammskydd-drones,dji-flip-cqt-dammprotection-drones,/products/dji-flip-cqt-dammskydd-drones,/products/dji-flip-cqt-dammprotection-drones,YES,YES,DJI Flip CQT Fuselage Dust - Skyddande Dammskydd för DJI Flip CQT,,
product,dji-flip-cqt-4-i-1-batteriskydd,dji-flip-cqt-4-i-1-batteryprotection,/products/dji-flip-cqt-4-i-1-batteriskydd,/products/dji-flip-cqt-4-i-1-batteryprotection,YES,YES,Laddportsskydd för DJI Flip CQT 4-i-1,,
product,dji-flip-dronarstativ-foldable-4-i-1-skyddande-sta,dji-flip-dronestativ-foldable-4-i-1-protective-sta,/products/dji-flip-dronarstativ-foldable-4-i-1-skyddande-sta,/products/dji-flip-dronestativ-foldable-4-i-1-protective-sta,YES,YES,DJI Flip Drönarstativ – 4-i-1 Skyddande Stativ,,
product,dji-neo-5-blads-dronarpropeller,dji-neo-5-blads-dronepropeller,/products/dji-neo-5-blads-dronarpropeller,/products/dji-neo-5-blads-dronepropeller,YES,YES,DJI Neo 5-blads Drönarpropeller för Optimal Flygning,,
product,dronarvaska-universal-with-fack,dronebag-universal-with-fack,/products/dronarvaska-universal-with-fack,/products/dronebag-universal-with-fack,YES,YES,Drönarväska Universal med Anpassningsbara Fack,,
product,dji-flip-propellers-snabbfaste-8-pack,dji-flip-propellers-snabbmount-8-pack,/products/dji-flip-propellers-snabbfaste-8-pack,/products/dji-flip-propellers-snabbmount-8-pack,YES,YES,DJI Flip Propellrar med Snabbfäste – 8-pack,,
product,dji-neo-brdrc-neo025-batteriskydd,dji-neo-brdrc-neo025-batteryprotection,/products/dji-neo-brdrc-neo025-batteriskydd,/products/dji-neo-brdrc-neo025-batteryprotection,YES,YES,"For DJI Neo BRDRC NEO025 Battery Removal Flight Tail Battery Anti-Disconnect Buckle, NEO025",,
product,dji-neo-brdrc-neo021-boosting-landningsstall,dji-neo-brdrc-neo021-boosting-landing-gear,/products/dji-neo-brdrc-neo021-boosting-landningsstall,/products/dji-neo-brdrc-neo021-boosting-landing-gear,YES,YES,DJI Neo BRDRC NEO021 Boosting - Förstärkande Landningsställ för DJI,,
product,dji-neo-brdrc-metallskydd-kraschbar,dji-neo-brdrc-metallprotection-kraschbar,/products/dji-neo-brdrc-metallskydd-kraschbar,/products/dji-neo-brdrc-metallprotection-kraschbar,YES,YES,BRDRC Metallskydd för DJI Neo Drönare,,
product,dji-flip-axelvaska-startrc-forvaring,dji-flip-axelbag-startrc-storage,/products/dji-flip-axelvaska-startrc-forvaring,/products/dji-flip-axelbag-startrc-storage,YES,YES,DJI Flip Axelväska för Säker Drönartransport,,
product,dji-flip-dronarvas-integrerad-axelvas,dji-flip-dronevas-integrerad-axelvas,/products/dji-flip-dronarvas-integrerad-axelvas,/products/dji-flip-dronevas-integrerad-axelvas,YES,YES,DJI Flip Drönarväska med Integrerad Axelrem,,
product,avata-2-skyddsringar,avata-2-protectionsringar,/products/avata-2-skyddsringar,/products/avata-2-protectionsringar,YES,YES,Avata 2 Skyddsringar för Optimal Drönarsäkerhet,,
product,vikbart-landningsstall-dji-avata-2,vikbart-landing-gear-dji-avata-2,/products/vikbart-landningsstall-dji-avata-2,/products/vikbart-landing-gear-dji-avata-2,YES,YES,Vikbart Landningsställ för DJI Avata 2,,
product,insta360-go-3-3s-flymile-magnetiskt-snabbfaste,insta360-go-3-3s-flymile-magnetiskt-snabbmount,/products/insta360-go-3-3s-flymile-magnetiskt-snabbfaste,/products/insta360-go-3-3s-flymile-magnetiskt-snabbmount,YES,YES,Insta360 GO 3 / 3S Flymile Magnetiskt Fäste,,
product,dji-flip-linsskydd-gimbal,dji-flip-lens-protector-gimbal,/products/dji-flip-linsskydd-gimbal,/products/dji-flip-lens-protector-gimbal,YES,YES,DJI Flip linsskydd gimbal - Skyddande Linsskydd för DJI Flip Gimbal,,
product,dji-flip-enkel-bag-forvaring,dji-flip-enkel-bag-storage,/products/dji-flip-enkel-bag-forvaring,/products/dji-flip-enkel-bag-storage,YES,YES,DJI Flip Enkel Väska för Säker Drönartransport,,
product,faste-for-dji-flip-sunnylife-anti-shake-arm,mount-for-dji-flip-sunnylife-anti-shake-arm,/products/faste-for-dji-flip-sunnylife-anti-shake-arm,/products/mount-for-dji-flip-sunnylife-anti-shake-arm,YES,YES,DJI Flip Sunnylife - Fäste för DJI Flip Sunnylife Anti-shake Arm,,
product,dji-flip-dronarstativ-displaybas,dji-flip-dronestativ-displaybas,/products/dji-flip-dronarstativ-displaybas,/products/dji-flip-dronestativ-displaybas,YES,YES,DJI Flip Drönarstativ och Displaybas,,
product,dji-osmo-mobile-7-bag-skyddande-forvaring,dji-osmo-mobile-7-bag-protective-storage,/products/dji-osmo-mobile-7-bag-skyddande-forvaring,/products/dji-osmo-mobile-7-bag-protective-storage,YES,YES,"Sunnylife Portable Carrying Case Mini Bag Handbag, For DJI Osmo Mobile 7P, For DJI Osmo Mobile 7",,
product,vikbart-landningsstall-for-dji-flip-startrc,vikbart-landing-gear-for-dji-flip-startrc,/products/vikbart-landningsstall-for-dji-flip-startrc,/products/vikbart-landing-gear-for-dji-flip-startrc,YES,YES,Vikbart Landningsställ för DJI Flip,,
product,osmo-mobile-7-skarmskydd-stabilisator,osmo-mobile-7-skarmprotection-stabilisator,/products/osmo-mobile-7-skarmskydd-stabilisator,/products/osmo-mobile-7-skarmprotection-stabilisator,YES,YES,Osmo Mobile 7 skärmskydd - Skärmskydd för DJI Osmo Mobile,,
product,dji-neo-dronarvaska-protection,dji-neo-dronebag-protection,/products/dji-neo-dronarvaska-protection,/products/dji-neo-dronebag-protection,YES,YES,Högkvalitativ DJI Neo drönarväska för maximalt skydd,,
product,puluz-abs-batterilucka-gopro-hero-13,puluz-abs-batterylucka-gopro-hero-13,/products/puluz-abs-batterilucka-gopro-hero-13,/products/puluz-abs-batterylucka-gopro-hero-13,YES,YES,PULUZ ABS Plastic Battery Side - PULUZ ABS Batterilucka,,
product,insta360-x4-x3-hepail-ac56-magnetiskt-kamerafaste,insta360-x4-x3-hepail-ac56-magnetiskt-kameramount,/products/insta360-x4-x3-hepail-ac56-magnetiskt-kamerafaste,/products/insta360-x4-x3-hepail-ac56-magnetiskt-kameramount,YES,YES,Insta360 X4 / X3 HEPAIL AC56 - Magnetiskt Fäste för Insta360 X4,,
product,insta360-x4-hepail-ac37-linsskydd,insta360-x4-hepail-ac37-lens-protector,/products/insta360-x4-hepail-ac37-linsskydd,/products/insta360-x4-hepail-ac37-lens-protector,YES,YES,Insta360 X4 HEPAIL AC37 Lens - Insta360 X4 HEPAIL AC37 Linsskydd,,
product,insta360-go-klockarmband-silikon-enfarjat,insta360-go-klockarmband-silicone-enfarjat,/products/insta360-go-klockarmband-silikon-enfarjat,/products/insta360-go-klockarmband-silicone-enfarjat,YES,YES,Insta360 Go Klockarmband i Enfärgad Silikon,,
product,insta360-go-enfargat-silikonskal-protection,insta360-go-enfargat-silicone-case-protection,/products/insta360-go-enfargat-silikonskal-protection,/products/insta360-go-enfargat-silicone-case-protection,YES,YES,Solid Color Silicone - Enfärgat Silikonskal för Insta360 Go 2 och Go 3,,
product,puluz-foldable-magnetfaste-l-bracket,puluz-foldable-magnetmount-l-bracket,/products/puluz-foldable-magnetfaste-l-bracket,/products/puluz-foldable-magnetmount-l-bracket,YES,YES,PULUZ Folding Magnetic Mount - PULUZ Fällbart Magnetfäste L-Bracket,,
product,gopro-hero13-case-silikonskydd-handledsrem,gopro-hero13-case-siliconeprotection-handledsrem,/products/gopro-hero13-case-silikonskydd-handledsrem,/products/gopro-hero13-case-siliconeprotection-handledsrem,YES,YES,GoPro HERO13 fodral - GoPro HERO13 Silikonfodral med Handledsrem,,
product,insta360-x5-hepail-ac-81-metallbur-skyddande-ram,insta360-x5-hepail-ac-81-metal-cage-protective-ram,/products/insta360-x5-hepail-ac-81-metallbur-skyddande-ram,/products/insta360-x5-hepail-ac-81-metal-cage-protective-ram,YES,YES,Insta360 X5 HEPAIL AC-81 Metallbur för Kamera,,
product,metallbur-insta360-ace-kameraram-accessories,metal-cage-insta360-ace-kameraram-accessories,/products/metallbur-insta360-ace-kameraram-accessories,/products/metal-cage-insta360-ace-kameraram-accessories,YES,YES,Metal Rabbit Cage Camera Frame - Metallbur för Insta360 Ace,,
product,sunnylife-safety-barvaska-hard-resvaska-dji-mavic,sunnylife-safety-barbag-hard-resbag-dji-mavic,/products/sunnylife-safety-barvaska-hard-resvaska-dji-mavic,/products/sunnylife-safety-barbag-hard-resbag-dji-mavic,YES,YES,Sunnylife Safety Bärväska för Säker Drönartransport,,
product,sunnylife-kontrollhallare-faste-pu-laderrem-dji-rc-2,sunnylife-kontrollhallare-mount-pu-laderrem-dji-rc-2,/products/sunnylife-kontrollhallare-faste-pu-laderrem-dji-rc-2,/products/sunnylife-kontrollhallare-mount-pu-laderrem-dji-rc-2,YES,YES,Sunnylife Controller Hanger - Sunnylife Kontrollhållare,,
product,sunnylife-mj996-sportskamera-magnetfaste,sunnylife-mj996-sportskamera-magnetmount,/products/sunnylife-mj996-sportskamera-magnetfaste,/products/sunnylife-mj996-sportskamera-magnetmount,YES,YES,Sunnylife MJ996 Sports Camera - Sunnylife MJ996 Roterande Magnetfäste,,
product,skarmskydd-dji-rc-pro-2-mavic-4-pro-hartat-glas,skarmprotection-dji-rc-pro-2-mavic-4-pro-hartat-glas,/products/skarmskydd-dji-rc-pro-2-mavic-4-pro-hartat-glas,/products/skarmprotection-dji-rc-pro-2-mavic-4-pro-hartat-glas,YES,YES,Härdat Skärmskydd för DJI RC PRO 2 / Mavic 4 Pro,,
product,dji-flip-bag-sunnylife-fp-sn953-forvaring,dji-flip-bag-sunnylife-fp-sn953-storage,/products/dji-flip-bag-sunnylife-fp-sn953-forvaring,/products/dji-flip-bag-sunnylife-fp-sn953-storage,YES,YES,DJI Flip Väska Sunnylife FP-SN953 Drönarförvaring,,
product,motorskydd-dji-avata-2-aluminium,motorprotection-dji-avata-2-aluminium,/products/motorskydd-dji-avata-2-aluminium,/products/motorprotection-dji-avata-2-aluminium,YES,YES,Motorskydd i Aluminium för DJI Avata 2,,
product,justerbar-selfiepinne-forlangningsstang-45-120cm,justerbar-selfie-stick-forlangningsstang-45-120cm,/products/justerbar-selfiepinne-forlangningsstang-45-120cm,/products/justerbar-selfie-stick-forlangningsstang-45-120cm,YES,YES,Selfie Stick Adjustable - Justerbar Selfiepinne för Perfekta Foton,,
product,insta360-ace-ace-pro-magnetiskt-snabbfaste,insta360-ace-ace-pro-magnetiskt-snabbmount,/products/insta360-ace-ace-pro-magnetiskt-snabbfaste,/products/insta360-ace-ace-pro-magnetiskt-snabbmount,YES,YES,Insta360 Ace / Ace Pro HEPAIL - Magnetiskt Snabbfäste för Insta360,,
product,insta360-go-3-3s-hepail-magnetfaste,insta360-go-3-3s-hepail-magnetmount,/products/insta360-go-3-3s-hepail-magnetfaste,/products/insta360-go-3-3s-hepail-magnetmount,YES,YES,Insta360 GO 3 / 3S HEPAIL - Magnetiskt Snabbfäste för Insta360 GO,,
product,puluz-snabbfaste-insta360-x5-ace-pro-pro-2-alumini,puluz-snabbmount-insta360-x5-ace-pro-pro-2-alumini,/products/puluz-snabbfaste-insta360-x5-ace-pro-pro-2-alumini,/products/puluz-snabbmount-insta360-x5-ace-pro-pro-2-alumini,YES,YES,Insta360 X5 / Ace Pro / Pro 2 - PULUZ Snabbfäste i Aluminium,,
product,dji-rc-pro-2-bag-sunnylife-forvaring,dji-rc-pro-2-bag-sunnylife-storage,/products/dji-rc-pro-2-bag-sunnylife-forvaring,/products/dji-rc-pro-2-bag-sunnylife-storage,YES,YES,Skyddande DJI RC Pro 2 Väska från Sunnylife,,
product,sunnylife-mavic-4-pro-kroppsvaska,sunnylife-mavic-4-pro-kroppsbag,/products/sunnylife-mavic-4-pro-kroppsvaska,/products/sunnylife-mavic-4-pro-kroppsbag,YES,YES,Sunnylife Kroppsväska för DJI Mavic 4 Pro,,
product,mavic-4-pro-dronarvaska-sunnylife,mavic-4-pro-dronebag-sunnylife,/products/mavic-4-pro-dronarvaska-sunnylife,/products/mavic-4-pro-dronebag-sunnylife,YES,YES,Sunnylife Mavic 4 Pro Drönarväska – Säker Transport,,
product,brandsaker-mavic-4-pro-batterivaska,brandsaker-mavic-4-pro-batterybag,/products/brandsaker-mavic-4-pro-batterivaska,/products/brandsaker-mavic-4-pro-batterybag,YES,YES,"Sunnylife Battery Explosion-proof Safe Bag Protective Li-Po Safe Bag, For DJI Mavic 4 Pro",,
product,insta360-x5-snabbladdare-digital-display-dual-pl,insta360-x5-snabbcharger-digital-display-dual-pl,/products/insta360-x5-snabbladdare-digital-display-dual-pl,/products/insta360-x5-snabbcharger-digital-display-dual-pl,YES,YES,Insta360 X5 Fast Charger - Insta360 X5 Snabbladdare med Digital,,
product,cynova-dronarpropellerhallare,cynova-dronepropellerhallare,/products/cynova-dronarpropellerhallare,/products/cynova-dronepropellerhallare,YES,YES,CYNOVA Drönarpropellerhållare - Säker Drönarpropellerhållare,,
product,xt60-stromkabel-for-dji-fpv-goggles-v2,xt60-stromcable-for-dji-fpv-goggles-v2,/products/xt60-stromkabel-for-dji-fpv-goggles-v2,/products/xt60-stromcable-for-dji-fpv-goggles-v2,YES,YES,DJI FPV Goggles V2 XT60 - XT60 Strömkabel för DJI FPV Goggles V2,,
product,insta360-x5-x4-linsskydd-sunnylife,insta360-x5-x4-lens-protector-sunnylife,/products/insta360-x5-x4-linsskydd-sunnylife,/products/insta360-x5-x4-lens-protector-sunnylife,YES,YES,Insta360 X5 X4 Linsskydd från Sunnylife,,
product,stottatligt-silikonfodral-fjarrkontroll-dji-rc2,stottatligt-siliconefodral-remote-control-dji-rc2,/products/stottatligt-silikonfodral-fjarrkontroll-dji-rc2,/products/stottatligt-siliconefodral-remote-control-dji-rc2,YES,YES,Remote Control Shockproof - Stöttåligt Silikonfodral för DJI,,
product,silikonfodral-insta360-ace-pro-2,siliconefodral-insta360-ace-pro-2,/products/silikonfodral-insta360-ace-pro-2,/products/siliconefodral-insta360-ace-pro-2,YES,YES,Insta360 Ace Pro 2 Silicone - Silikonskydd för Insta360 Ace,,
product,insta360-ace-pro-silikonskydd-case-handledsrem,insta360-ace-pro-siliconeprotection-case-handledsrem,/products/insta360-ace-pro-silikonskydd-case-handledsrem,/products/insta360-ace-pro-siliconeprotection-case-handledsrem,YES,YES,Insta360 Ace Pro Silicone - Silikonskydd för Insta360 Ace,,
product,insta360-go-3-go-3s-barbar-eva-forvaringslada,insta360-go-3-go-3s-barbar-eva-storageslada,/products/insta360-go-3-go-3s-barbar-eva-forvaringslada,/products/insta360-go-3-go-3s-barbar-eva-storageslada,YES,YES,Insta360 GO 3 / GO 3S Portable - Skyddande Förvaringsväska,,
product,insta360-x4-x5-bag-skyddande-forvaring,insta360-x4-x5-bag-protective-storage,/products/insta360-x4-x5-bag-skyddande-forvaring,/products/insta360-x4-x5-bag-protective-storage,YES,YES,Insta360 X4/X5 Väska för Optimal Kameraskydd,,
product,insta360-x5-kameraskydd-silikonfodral,insta360-x5-camera-protection-siliconefodral,/products/insta360-x5-kameraskydd-silikonfodral,/products/insta360-x5-camera-protection-siliconefodral,YES,YES,Insta360 X5 Kamera Body Cover - Silikonfodral för Insta360 X5,,
product,brdrc-datakabel-dji-drones,brdrc-datacable-dji-drones,/products/brdrc-datakabel-dji-drones,/products/brdrc-datacable-dji-drones,YES,YES,BRDRC Converting Data Cable - BRDRC Datakabel för DJI Drönare,,
product,silikonskydd-dji-rc-n2,siliconeprotection-dji-rc-n2,/products/silikonskydd-dji-rc-n2,/products/siliconeprotection-dji-rc-n2,YES,YES,silikonskydd DJI RC-N2 - Skydda din DJI RC-N2 med detta silikonskydd,,
product,datakabel-dji-mini-2,datacable-dji-mini-2,/products/datakabel-dji-mini-2,/products/datacable-dji-mini-2,YES,YES,DJI Mini 2 Datakabel 30cm för Drönarkontroll,,
product,cqt-landningsstall,cqt-landing-gear,/products/cqt-landningsstall,/products/cqt-landing-gear,YES,YES,CQT Landningsställ: Ökad Stabilitet och Säkerhet,,
product,magnetiskt-snabbfaste-insta360-x5-ace-pro-puluz,magnetiskt-snabbmount-insta360-x5-ace-pro-puluz,/products/magnetiskt-snabbfaste-insta360-x5-ace-pro-puluz,/products/magnetiskt-snabbmount-insta360-x5-ace-pro-puluz,YES,YES,Magnetiskt Snabbfäste för Insta360 X5 / Ace / Ace Pro,,
product,insta360-x5-startrc-silikonskydd-linsskydd,insta360-x5-startrc-siliconeprotection-lens-protector,/products/insta360-x5-startrc-silikonskydd-linsskydd,/products/insta360-x5-startrc-siliconeprotection-lens-protector,YES,YES,Insta360 X5 STARTRC Silicone - Insta360 X5 STARTRC Silikonskydd,,
product,hard-dronarvaska-mavic-4-pro-bkano,hard-dronebag-mavic-4-pro-bkano,/products/hard-dronarvaska-mavic-4-pro-bkano,/products/hard-dronebag-mavic-4-pro-bkano,YES,YES,Mavic 4 Pro Väska BKANO med Hårt Skal,,
product,mavic-4-pro-axelvaska-for-dji-fly-more-combo,mavic-4-pro-axelbag-for-dji-fly-more-combo,/products/mavic-4-pro-axelvaska-for-dji-fly-more-combo,/products/mavic-4-pro-axelbag-for-dji-fly-more-combo,YES,YES,Mavic 4 Pro Axelväska för Drönare och Tillbehör,,
product,insta360-x5-x4-bkano-stor-axelvaska,insta360-x5-x4-bkano-stor-axelbag,/products/insta360-x5-x4-bkano-stor-axelvaska,/products/insta360-x5-x4-bkano-stor-axelbag,YES,YES,Insta360 X5 /X4 BKANO Large - Insta360 X5 /X4 BKANO Stor Axelväska,,
product,dji-neo-cqt-impact-skyddspaket,dji-neo-cqt-impact-protectionspaket,/products/dji-neo-cqt-impact-skyddspaket,/products/dji-neo-cqt-impact-protectionspaket,YES,YES,DJI Neo CQT Impact Protection – Ultimata Skyddet,,
product,dji-rc-pro-2-remfaste-aluminiumkrok,dji-rc-pro-2-remmount-aluminiumkrok,/products/dji-rc-pro-2-remfaste-aluminiumkrok,/products/dji-rc-pro-2-remmount-aluminiumkrok,YES,YES,DJI RC Pro 2 Remfäste med Aluminiumkrok,,
product,silikonskydd-dji-mic-mini-amagisn-mp01,siliconeprotection-dji-mic-mini-amagisn-mp01,/products/silikonskydd-dji-mic-mini-amagisn-mp01,/products/siliconeprotection-dji-mic-mini-amagisn-mp01,YES,YES,Silikonskydd för DJI Mic Mini aMagisn MP01,,
product,dji-rc-pro-2-adapte-stativfaste,dji-rc-pro-2-adapte-stativmount,/products/dji-rc-pro-2-adapte-stativfaste,/products/dji-rc-pro-2-adapte-stativmount,YES,YES,DJI RC Pro 2 adapte för Stabil Montering,,
product,sunnylife-fjarrkontroll-solskydd-dji-rc-plus-2,sunnylife-remote-control-solprotection-dji-rc-plus-2,/products/sunnylife-fjarrkontroll-solskydd-dji-rc-plus-2,/products/sunnylife-remote-control-solprotection-dji-rc-plus-2,YES,YES,Optimalt DJI RC Plus 2 Solskydd för Fjärrkontrollen,,
product,insta360-x5-startrc-slim-linsskydd,insta360-x5-startrc-slim-lens-protector,/products/insta360-x5-startrc-slim-linsskydd,/products/insta360-x5-startrc-slim-lens-protector,YES,YES,Insta360 X5 STARTRC Slim - STARTRC Slimmat Linsskydd för Insta360 X5,,
product,gopro-waterproof-minivaska,gopro-waterproof-minibag,/products/gopro-waterproof-minivaska,/products/gopro-waterproof-minibag,YES,YES,GoPro Vattentät Miniväska för Actionkameror,,
product,sunnylife-zn985-fjarrkontroll-visir-forvaringsvask,sunnylife-zn985-remote-control-visir-storagesvask,/products/sunnylife-zn985-fjarrkontroll-visir-forvaringsvask,/products/sunnylife-zn985-remote-control-visir-storagesvask,YES,YES,Sunnylife ZN985 Remote Control - Sunnylife ZN985 Fjärrkontroll Visir,,
product,insta360-x4-silikondocka-puluz-skrivbordsstall,insta360-x4-siliconedocka-puluz-skrivbordsstall,/products/insta360-x4-silikondocka-puluz-skrivbordsstall,/products/insta360-x4-siliconedocka-puluz-skrivbordsstall,YES,YES,Insta360 X4 Silikondocka med Självhäftande Bas,,
product,insta360-x5-puluz-roterande-optiskt-linsskydd,insta360-x5-puluz-roterande-optiskt-lens-protector,/products/insta360-x5-puluz-roterande-optiskt-linsskydd,/products/insta360-x5-puluz-roterande-optiskt-lens-protector,YES,YES,Insta360 X5 PULUZ Rotating - PULUZ Roterande Optiskt Linsskydd,,
product,puluz-snap-on-linsskydd-insta360-x5-optiskt-hardat,puluz-snap-on-lens-protector-insta360-x5-optiskt-hardat,/products/puluz-snap-on-linsskydd-insta360-x5-optiskt-hardat,/products/puluz-snap-on-lens-protector-insta360-x5-optiskt-hardat,YES,YES,Insta360 X5 PULUZ Snap-on - PULUZ Snap-on Linsskydd för Insta360 X5,,
product,osmo-pocket-3-bordsstod-silikonhallare,osmo-pocket-3-bordsstod-siliconehallare,/products/osmo-pocket-3-bordsstod-silikonhallare,/products/osmo-pocket-3-bordsstod-siliconehallare,YES,YES,Osmo Pocket 3 Bordsstöd i Silikon,,
product,insta360-x4-skyddsbur-v6,insta360-x4-protectionsbur-v6,/products/insta360-x4-skyddsbur-v6,/products/insta360-x4-protectionsbur-v6,YES,YES,Insta360 X4 skyddsbur v6 i Aluminium,,
product,insta360-go-kamerabur-skyddande,insta360-go-kamerabur-protective,/products/insta360-go-kamerabur-skyddande,/products/insta360-go-kamerabur-protective,YES,YES,Skyddande Insta360 GO - Skyddande Kamerabur för Insta360 GO,,
product,drones-landningsmatta-hopfallbar,drones-landingsmatta-hopfallbar,/products/drones-landningsmatta-hopfallbar,/products/drones-landingsmatta-hopfallbar,YES,YES,Hopfällbar Drönare Landningsmatta för Säker Start & Landning,,
product,godox-movelink-ii-m2-tradlost-lavalier-mikrofonsys,godox-movelink-ii-m2-wirelesst-lavalier-microphonesys,/products/godox-movelink-ii-m2-tradlost-lavalier-mikrofonsys,/products/godox-movelink-ii-m2-wirelesst-lavalier-microphonesys,YES,YES,Godox MoveLink II M2 Trådlöst Mikrofonsystem,,
product,boya-by-dmr7-mikrofon,boya-by-dmr7-microphone,/products/boya-by-dmr7-mikrofon,/products/boya-by-dmr7-microphone,YES,YES,BOYA BY-DMR7 Mikrofon för DSLR-Kameror,,
product,lenovo-um20-u-k-song-tradlos-digital-mikrofon,lenovo-um20-u-k-song-wireless-digital-microphone,/products/lenovo-um20-u-k-song-tradlos-digital-mikrofon,/products/lenovo-um20-u-k-song-wireless-digital-microphone,YES,YES,Trådlös Digital Mikrofon Original Lenovo UM20-U K Song,,
product,yanmai-gf525-tradlos-lavalier-mikrofon-mini-klammi,yanmai-gf525-wireless-lavalier-microphone-mini-klammi,/products/yanmai-gf525-tradlos-lavalier-mikrofon-mini-klammi,/products/yanmai-gf525-wireless-lavalier-microphone-mini-klammi,YES,YES,Yanmai GF525 lavalier mic - Yanmai GF525 Trådlös Lavalier Mikrofon,,
product,yelangu-shotgun-mikrofon-mic07,yelangu-shotgun-microphone-mic07,/products/yelangu-shotgun-mikrofon-mic07,/products/yelangu-shotgun-microphone-mic07,YES,YES,YELANGU shotgun mikrofon - YELANGU MIC07 Professionell Shotgun,,
product,boya-by-dm20-mikrofon,boya-by-dm20-microphone,/products/boya-by-dm20-mikrofon,/products/boya-by-dm20-microphone,YES,YES,BOYA BY-DM20 Mikrofon för Professionell Ljudinspelning,,
product,dji-rc-pro-2-solskydd-cynova-motljusskydd,dji-rc-pro-2-solprotection-cynova-motljusprotection,/products/dji-rc-pro-2-solskydd-cynova-motljusskydd,/products/dji-rc-pro-2-solprotection-cynova-motljusprotection,YES,YES,DJI RC Pro 2 Solskydd – Justerbart Motljusskydd,,
product,dji-mavic-4-pro-linsskydd-cynova,dji-mavic-4-pro-lens-protector-cynova,/products/dji-mavic-4-pro-linsskydd-cynova,/products/dji-mavic-4-pro-lens-protector-cynova,YES,YES,Skyddande DJI Mavic 4 Pro Linsskydd,,
product,insta360-ace-pro-burfaste,insta360-ace-pro-burmount,/products/insta360-ace-pro-burfaste,/products/insta360-ace-pro-burmount,YES,YES,Insta360 Ace Pro Burfäste med Xplorer Greppkit,,
product,sunnylife-zj846-sportkamera-universal-faste,sunnylife-zj846-action-camera-universal-mount,/products/sunnylife-zj846-sportkamera-universal-faste,/products/sunnylife-zj846-action-camera-universal-mount,YES,YES,Sunnylife ZJ846 Sports Kamera - Sunnylife ZJ846 Universalfäste,,
product,sunnylife-zj942-sportkamera-cykelsadelfaste,sunnylife-zj942-action-camera-cykelsadelmount,/products/sunnylife-zj942-sportkamera-cykelsadelfaste,/products/sunnylife-zj942-action-camera-cykelsadelmount,YES,YES,Sunnylife ZJ942 Sports Kamera - Cykelsadelfäste för Sunnylife ZJ942,,
product,skarmskydd-dji-rc-pro-hartat-glas,skarmprotection-dji-rc-pro-hartat-glas,/products/skarmskydd-dji-rc-pro-hartat-glas,/products/skarmprotection-dji-rc-pro-hartat-glas,YES,YES,Skärmskydd i Härdat Glas för DJI RC Pro,,
product,dji-osmo-pocket-3-brdrc-gimbalskydd,dji-osmo-pocket-3-brdrc-gimbalprotection,/products/dji-osmo-pocket-3-brdrc-gimbalskydd,/products/dji-osmo-pocket-3-brdrc-gimbalprotection,YES,YES,Skyddslock för DJI Osmo Pocket 3 BRDRC Gimbal,,
product,skyddsfodral-dji-neo-brdrc-barbar-drones,protectionsfodral-dji-neo-brdrc-barbar-drones,/products/skyddsfodral-dji-neo-brdrc-barbar-drones,/products/protectionsfodral-dji-neo-brdrc-barbar-drones,YES,YES,Skyddsfodral för DJI Neo BRDRC Bärbar,,
product,skyddsfodral-osmo-mobile-7-gimbal,protectionsfodral-osmo-mobile-7-gimbal,/products/skyddsfodral-osmo-mobile-7-gimbal,/products/protectionsfodral-osmo-mobile-7-gimbal,YES,YES,Skyddsfodral till Osmo Mobile 7 Gimbal – Säker Förvaring,,
product,usb-c-snabbladdare-dji-mavic-3-pro-mavic-3-yx,usb-c-snabbcharger-dji-mavic-3-pro-mavic-3-yx,/products/usb-c-snabbladdare-dji-mavic-3-pro-mavic-3-yx,/products/usb-c-snabbcharger-dji-mavic-3-pro-mavic-3-yx,YES,YES,Snabbladdningshubb för DJI Mavic 3 Pro/Mavic 3 YX,,
product,parrot-anafi-dronarvaska-lattviktig-skyddande,parrot-anafi-dronebag-lattviktig-protective,/products/parrot-anafi-dronarvaska-lattviktig-skyddande,/products/parrot-anafi-dronebag-lattviktig-protective,YES,YES,Parrot Anafi Drönarväska för Säker Transport,,
product,brdrc-dronarkastare-dji-mavic-3-3-pro-accessories,brdrc-dronekastare-dji-mavic-3-3-pro-accessories,/products/brdrc-dronarkastare-dji-mavic-3-3-pro-accessories,/products/brdrc-dronekastare-dji-mavic-3-3-pro-accessories,YES,YES,DJI Mavic 3 kastare - BRDRC Drönarkastare för DJI Mavic 3 och Mavic,,
product,dji-avata-2-brdrc-motorskydd-damm,dji-avata-2-brdrc-motorprotection-damm,/products/dji-avata-2-brdrc-motorskydd-damm,/products/dji-avata-2-brdrc-motorprotection-damm,YES,YES,DJI Avata 2 BRDRC Motor Dust - Motorskydd för DJI Avata 2 BRDRC,,
product,dji-dronarlina-fjarrkontrollslina,dji-dronelina-remote-controlslina,/products/dji-dronarlina-fjarrkontrollslina,/products/dji-dronelina-remote-controlslina,YES,YES,DJI Drönarlina för Fjärrkontroll – Optimal Komfort,,
product,insta360-x5-camera-flymile-linsskydd,insta360-x5-camera-flymile-lens-protector,/products/insta360-x5-camera-flymile-linsskydd,/products/insta360-x5-camera-flymile-lens-protector,YES,YES,Skyddande Linsskydd för Insta360 X5 Kamera Flymile,,
product,insta360-x5-lins-skarmskydd,insta360-x5-lins-skarmprotection,/products/insta360-x5-lins-skarmskydd,/products/insta360-x5-lins-skarmprotection,YES,YES,Skyddande Lins- och Skärmskydd för Insta360 X5 Gimbal,,
product,insta360-magnetiskt-snabbfaste,insta360-magnetiskt-snabbmount,/products/insta360-magnetiskt-snabbfaste,/products/insta360-magnetiskt-snabbmount,YES,YES,Magnetiskt Snabbfäste för Insta360 Ace Pro Set,,
product,flymile-magnetiskt-snabbfaste-insta360,flymile-magnetiskt-snabbmount-insta360,/products/flymile-magnetiskt-snabbfaste-insta360,/products/flymile-magnetiskt-snabbmount-insta360,YES,YES,Flymile Plastic Magnetic - Flymile Magnetiskt Snabbfäste för Insta360,,
product,skarmskydd-dji-osmo-action,skarmprotection-dji-osmo-action,/products/skarmskydd-dji-osmo-action,/products/skarmprotection-dji-osmo-action,YES,YES,skärmskydd DJI Osmo - Skyddande Skärmskydd för DJI Osmo Action Kamera,,
product,sunnylife-dz762-sportkamera-magnetiskt-dockningsfa,sunnylife-dz762-action-camera-magnetiskt-dockningsfa,/products/sunnylife-dz762-sportkamera-magnetiskt-dockningsfa,/products/sunnylife-dz762-action-camera-magnetiskt-dockningsfa,YES,YES,Sunnylife DZ762 Sports Kamera - Magnetiskt Dockningsfäste,,
product,silikonlinsskydd-dji-osmo-360-action-camera,siliconelens-protector-dji-osmo-360-action-camera,/products/silikonlinsskydd-dji-osmo-360-action-camera,/products/siliconelens-protector-dji-osmo-360-action-camera,YES,YES,Silikonlinsskydd för DJI Osmo 360 Action Camera,,
product,skarmsskydd-dji-osmo-protec-360,skarmsprotection-dji-osmo-protec-360,/products/skarmsskydd-dji-osmo-protec-360,/products/skarmsprotection-dji-osmo-protec-360,YES,YES,skärmskydd DJI Osm protec - Skydda din DJI Osmo med Skärmskydd DJI Osm,,
product,skarmsskydd-dji-osmo-360,skarmsprotection-dji-osmo-360,/products/skarmsskydd-dji-osmo-360,/products/skarmsprotection-dji-osmo-360,YES,YES,Skärmskydd DJI Osmo 360: Optimalt skydd för din kamera,,
product,silikonstativ-osmo-360,siliconestativ-osmo-360,/products/silikonstativ-osmo-360,/products/siliconestativ-osmo-360,YES,YES,Stabilisera din kamera med silikonstativ Osmo 360,,
product,roterande-optiskt-hartat-glas-linsskydd-insta360-x,roterande-optiskt-hartat-glas-lens-protector-insta360-x,/products/roterande-optiskt-hartat-glas-linsskydd-insta360-x,/products/roterande-optiskt-hartat-glas-lens-protector-insta360-x,YES,YES,Insta360 X5 linsskydd - Roterande Linsskydd i Härdat Glas,,
product,puluz-skyddsbur-dji-osmo,puluz-protectionsbur-dji-osmo,/products/puluz-skyddsbur-dji-osmo,/products/puluz-protectionsbur-dji-osmo,YES,YES,Puluz skyddsbur DJI Osmo – Skydda din utrustning,,
product,mavic-4-pro-krockskydd-saker-flygning,mavic-4-pro-krockprotection-saker-flygning,/products/mavic-4-pro-krockskydd-saker-flygning,/products/mavic-4-pro-krockprotection-saker-flygning,YES,YES,Mavic 4 Pro Krockskydd för Säker Flygning,,
product,landningsstall-dji-mavic-4-pro-drone-vikbart,landing-gear-dji-mavic-4-pro-drone-vikbart,/products/landningsstall-dji-mavic-4-pro-drone-vikbart,/products/landing-gear-dji-mavic-4-pro-drone-vikbart,YES,YES,Vikbart Landningsställ för DJI Mavic 4 Pro Drone,,
product,dji-mavic-4-pro-snabbladdare-laddstation,dji-mavic-4-pro-snabbcharger-laddstation,/products/dji-mavic-4-pro-snabbladdare-laddstation,/products/dji-mavic-4-pro-snabbcharger-laddstation,YES,YES,Mavic 4 Pro Snabbladdare med Batterihantering,,
product,dji-flip-solskydd-sunnylife-fp,dji-flip-solprotection-sunnylife-fp,/products/dji-flip-solskydd-sunnylife-fp,/products/dji-flip-solprotection-sunnylife-fp,YES,YES,DJI Flip Solskydd för Optimal Bildkvalitet,,
product,dji-mini-3-rc-fjarrkontroll,dji-mini-3-rc-remote-control,/products/dji-mini-3-rc-fjarrkontroll,/products/dji-mini-3-rc-remote-control,YES,YES,DJI Mini 3 RC - Fjärrkontroll med Skärm,,
product,dji-mini-3-rc-n1-fjarrkontroll,dji-mini-3-rc-n1-remote-control,/products/dji-mini-3-rc-n1-fjarrkontroll,/products/dji-mini-3-rc-n1-remote-control,YES,YES,DJI Mini 3 RC-N1 Fjärrkontroll för Drönare,,
product,skyddsram-dji-osmo-pocket-3-puluz,protectionsram-dji-osmo-pocket-3-puluz,/products/skyddsram-dji-osmo-pocket-3-puluz,/products/protectionsram-dji-osmo-pocket-3-puluz,YES,YES,Skyddsram DJI Osmo Pocket 3 – Utöka Dina Möjligheter,,
product,puluz-skyddsram-dji-osmo-pocket-3,puluz-protectionsram-dji-osmo-pocket-3,/products/puluz-skyddsram-dji-osmo-pocket-3,/products/puluz-protectionsram-dji-osmo-pocket-3,YES,YES,PULUZ skyddsram DJI för Osmo Pocket 3,,
product,puluz-magnetfaste-dji-osmo-pocket-3,puluz-magnetmount-dji-osmo-pocket-3,/products/puluz-magnetfaste-dji-osmo-pocket-3,/products/puluz-magnetmount-dji-osmo-pocket-3,YES,YES,PULUZ magnetfäste DJI för Osmo Pocket 3,,
product,magnetiskt-snabbfaste-osmo-action-5-pro,magnetiskt-snabbmount-osmo-action-5-pro,/products/magnetiskt-snabbfaste-osmo-action-5-pro,/products/magnetiskt-snabbmount-osmo-action-5-pro,YES,YES,Magnetiskt Snabbfäste i Metall för Osmo Action 5 Pro,,
product,magnetiskt-snabbfaste-dji-osmo-action-metall,magnetiskt-snabbmount-dji-osmo-action-metall,/products/magnetiskt-snabbfaste-dji-osmo-action-metall,/products/magnetiskt-snabbmount-dji-osmo-action-metall,YES,YES,DJI Osmo 360/Action 5 Pro/4/3 - Magnetiskt Snabbfäste i Metall,,
product,dji-rc2-cykelfaste,dji-rc2-cykelmount,/products/dji-rc2-cykelfaste,/products/dji-rc2-cykelmount,YES,YES,Säkert DJI RC2 cykelfäste för din fjärrkontroll,,
product,amagisn-tradlos-bluetooth-fjarrkontroll,amagisn-wireless-bluetooth-remote-control,/products/amagisn-tradlos-bluetooth-fjarrkontroll,/products/amagisn-wireless-bluetooth-remote-control,YES,YES,aMagisn Wireless Bluetooth - AMagisn Trådlös Bluetooth Fjärrkontroll,,
product,puluz-dji-axelvaska-drones-osmo-forvaring,puluz-dji-axelbag-drones-osmo-storage,/products/puluz-dji-axelvaska-drones-osmo-forvaring,/products/puluz-dji-axelbag-drones-osmo-storage,YES,YES,PULUZ Portable Carry Bag Single Shoulder Storage Bag for DJI Mini Series Drone / DJI Osmo Pocket Series,,
product,flymile-15-8-30-8cm-ministativ,flymile-15-8-30-8cm-mini-tripod,/products/flymile-15-8-30-8cm-ministativ,/products/flymile-15-8-30-8cm-mini-tripod,YES,YES,Flymile 15.8-30.8cm Tripod - Flymile 15.8-30.8cm Ministativ,,
product,insta360-x5-camera-imfritt-linsskydd,insta360-x5-camera-imfritt-lens-protector,/products/insta360-x5-camera-imfritt-linsskydd,/products/insta360-x5-camera-imfritt-lens-protector,YES,YES,Insta360 X5 Kamera Anti-Fog - Imfritt Linsskydd för Insta360 X5 Kamera,,
product,flymile-1-63m-magnetiskt-tripod-snabbfaste,flymile-1-63m-magnetiskt-tripod-snabbmount,/products/flymile-1-63m-magnetiskt-tripod-snabbfaste,/products/flymile-1-63m-magnetiskt-tripod-snabbmount,YES,YES,Flymile 1.63m Magnetic - Flymile 1.63m Magnetiskt Stativ,,
product,magnetiskt-cykelfaste-gopro-hero13-black-action,magnetiskt-cykelmount-gopro-hero13-black-action,/products/magnetiskt-cykelfaste-gopro-hero13-black-action,/products/magnetiskt-cykelmount-gopro-hero13-black-action,YES,YES,Magnetiskt Cykelfäste till GoPro HERO13 Black Action,,
product,brdrc-dronarvaska-barbar-axel,brdrc-dronebag-barbar-axel,/products/brdrc-dronarvaska-barbar-axel,/products/brdrc-dronebag-barbar-axel,YES,YES,BRDRC Drone Bärbar Case - BRDRC Drönarväska för Enkel Transport,,
product,brdrc-silikon-bordsstativ-osmo-pocket-3,brdrc-silicone-bordsstativ-osmo-pocket-3,/products/brdrc-silikon-bordsstativ-osmo-pocket-3,/products/brdrc-silicone-bordsstativ-osmo-pocket-3,YES,YES,BRDRC Silicone Desktop Base - BRDRC Silikon Bordsstativ för DJI Osmo,,
product,dji-rc-2-silikonskal-protection,dji-rc-2-silicone-case-protection,/products/dji-rc-2-silikonskal-protection,/products/dji-rc-2-silicone-case-protection,YES,YES,DJI RC 2 silikonskal - Skyddande Silikonskal för DJI,,
product,gimbal-trahandtag-with-faste,gimbal-trahandtag-with-mount,/products/gimbal-trahandtag-with-faste,/products/gimbal-trahandtag-with-mount,YES,YES,Gimbal Wooden Handtag Chute - Gimbal Trähandtag,,
product,dji-osmo-skarmskydd-9h,dji-osmo-skarmprotection-9h,/products/dji-osmo-skarmskydd-9h,/products/dji-osmo-skarmprotection-9h,YES,YES,DJI Osmo Skärmskydd 9H av Härdat Glas,,
product,dji-2510f-dronarpropeller,dji-2510f-dronepropeller,/products/dji-2510f-dronarpropeller,/products/dji-2510f-dronepropeller,YES,YES,Original DJI 2510F Drönarpropeller,,
product,double-gimbalfaste-dji-matrice-400,double-gimbalmount-dji-matrice-400,/products/double-gimbalfaste-dji-matrice-400,/products/double-gimbalmount-dji-matrice-400,YES,YES,Dubbelt Gimbalfäste för DJI Matrice 400,,
product,e-port-v2-kabelkit-10-pack-drones,e-port-v2-cablekit-10-pack-drones,/products/e-port-v2-kabelkit-10-pack-drones,/products/e-port-v2-cablekit-10-pack-drones,YES,YES,"Original E-Port V2 10pcs Coaxial Cable Kit For DJI Matrice 400, Coaxial Cable",,
product,cykelfaste-camera,cykelmount-camera,/products/cykelfaste-camera,/products/cykelmount-camera,YES,YES,"Bicycle Stem Camera Mount Cycling Front Light Bracket For Shooting, 1/4 Arri Positioning, 1/4 Front Rear Adjustment, 3 Card One Click Clamping, 1/4 Universal Damping Adjustment, 3 Card 360 Degree Damping Rotation Adjustment, 17mm Ball Head",,
product,magnetiskt-snabbfaste-multifunktionellt-basfaste,magnetiskt-snabbmount-multifunktionellt-basmount,/products/magnetiskt-snabbfaste-multifunktionellt-basfaste,/products/magnetiskt-snabbmount-multifunktionellt-basmount,YES,YES,Multifunctional Magnetic Quick - Multifunktionellt Magnetiskt,,
product,magnetfaste-action-expans,magnetmount-action-expans,/products/magnetfaste-action-expans,/products/magnetmount-action-expans,YES,YES,"Magnetic Bracket Base Bracket Expansion, One Click Clamping For 3 Card, 1/4 Snail Ball Head, For 2 Card Action Camera",,
product,magnetiskt-faste-1-4-tum,magnetiskt-mount-1-4-tum,/products/magnetiskt-faste-1-4-tum,/products/magnetiskt-mount-1-4-tum,YES,YES,"Multifunctional Magnetic Base Bracket Expansion, 1/4 Screw Hole, 1/4 Screw Hole Disc",,
product,matrice-4d-dronarbatteri-original,matrice-4d-dronebattery-original,/products/matrice-4d-dronarbatteri-original,/products/matrice-4d-dronebattery-original,YES,YES,"Original Battery for DJI Matrice 4D Series, Battery",,
product,dji-matrice-sakerhetsrem,dji-matrice-securitysrem,/products/dji-matrice-sakerhetsrem,/products/dji-matrice-securitysrem,YES,YES,"Original Safety Case Strap for DJI Matrice 4 / 4D Series, Strap",,
product,dji-fjarrkontroll-faste-cykelhallare,dji-remote-control-mount-cykelhallare,/products/dji-fjarrkontroll-faste-cykelhallare,/products/dji-remote-control-mount-cykelhallare,YES,YES,DJI fjärrkontroll fäste - BRDRC Cykelfäste för DJI Fjärrkontroll,,
product,dji-rc-plus-2-ryggfaste,dji-rc-plus-2-ryggmount,/products/dji-rc-plus-2-ryggfaste,/products/dji-rc-plus-2-ryggmount,YES,YES,Original Backpack Mounting Kit för DJI Fjärrkontroll,,
product,sunnylife-magnetiskt-snabbfaste-adapter-actionkame,sunnylife-magnetiskt-snabbmount-adapter-actionkame,/products/sunnylife-magnetiskt-snabbfaste-adapter-actionkame,/products/sunnylife-magnetiskt-snabbmount-adapter-actionkame,YES,YES,Magnetfäste Insta360 - Magnetiskt Snabbfäste för Insta360 Kameror,,
product,osmo-action-resevaska-skyddande-sunnylife,osmo-action-resebag-protective-sunnylife,/products/osmo-action-resevaska-skyddande-sunnylife,/products/osmo-action-resebag-protective-sunnylife,YES,YES,Skyddande Osmo Action Reseväska för Äventyr,,
product,faste-for-gopro-dji-insta-360-action-kameror-cykel,mount-for-gopro-dji-insta-360-action-cameras-cykel,/products/faste-for-gopro-dji-insta-360-action-kameror-cykel,/products/mount-for-gopro-dji-insta-360-action-cameras-cykel,YES,YES,Cykel- och Motorcykelfäste för GoPro / DJI / Insta 360 Action,,
product,dji-mini-2-hardvaska-skyddande-dronarvaska,dji-mini-2-hardbag-protective-dronebag,/products/dji-mini-2-hardvaska-skyddande-dronarvaska,/products/dji-mini-2-hardbag-protective-dronebag,YES,YES,Robust DJI Mini 2 Hårdväska för Säker Drönartransport,,
product,insta360-ace-pro-filter-bag-linsfaste,insta360-ace-pro-filter-bag-linsmount,/products/insta360-ace-pro-filter-bag-linsfaste,/products/insta360-ace-pro-filter-bag-linsmount,YES,YES,insta360 ace pro filter väska - Filterfäste med Linsskydd,,
product,vindrute-faste-sportkamera-motorcykel,vindrute-mount-action-camera-motorcykel,/products/vindrute-faste-sportkamera-motorcykel,/products/vindrute-mount-action-camera-motorcykel,YES,YES,"Sports Camera Motorcycle Windshield Mounting Clamp, Flymile FLY045",,
product,dji-mini-2-dronarvaska-skyddande-forvaring,dji-mini-2-dronebag-protective-storage,/products/dji-mini-2-dronarvaska-skyddande-forvaring,/products/dji-mini-2-dronebag-protective-storage,YES,YES,Optimal DJI Mini 2 Drönarväska för Säker Transport,,
product,sunnylife-761v3-magnetfaste-multi-granssnitt,sunnylife-761v3-magnetmount-multi-granssnitt,/products/sunnylife-761v3-magnetfaste-multi-granssnitt,/products/sunnylife-761v3-magnetmount-multi-granssnitt,YES,YES,Sunnylife 761V3 Magnetic Mount - Sunnylife 761V3 Magnetiskt,,
product,dji-osmo-360-sunnylife-metallfaste-l-typ-vertikal,dji-osmo-360-sunnylife-metallmount-l-typ-vertikal,/products/dji-osmo-360-sunnylife-metallfaste-l-typ-vertikal,/products/dji-osmo-360-sunnylife-metallmount-l-typ-vertikal,YES,YES,DJI Osmo 360 Sunnylife Metallfäste med Snabbkoppling,,
product,insta360-ace-pro-batterilucka-waterproof,insta360-ace-pro-batterylucka-waterproof,/products/insta360-ace-pro-batterilucka-waterproof,/products/insta360-ace-pro-batterylucka-waterproof,YES,YES,Vattentålig Batterilucka för Insta360 Ace,,
product,forvaringslada-battery-memory-card,storageslada-battery-memory-card,/products/forvaringslada-battery-memory-card,/products/storageslada-battery-memory-card,YES,YES,Battery & Memory Card Storage - Förvaringslåda,,
product,puluz-selfiepinne-insta360,puluz-selfie-stick-insta360,/products/puluz-selfiepinne-insta360,/products/puluz-selfie-stick-insta360,YES,YES,PULUZ Selfiepinne – Perfekt för Insta360 X4 och X3,,
product,dji-mini-4-pro-baona-bn-h016-dronarvaska,dji-mini-4-pro-baona-bn-h016-dronebag,/products/dji-mini-4-pro-baona-bn-h016-dronarvaska,/products/dji-mini-4-pro-baona-bn-h016-dronebag,YES,YES,DJI Mini 4 Pro Baona BN-H016 - Baona BN-H016 Skyddsväska för DJI Mini,,
product,dji-fjarrkontroll-neck-strap,dji-remote-control-neck-strap,/products/dji-fjarrkontroll-neck-strap,/products/dji-remote-control-neck-strap,YES,YES,DJI Fjärrkontroll Nackrem för Stabil Drönarflygning,,
product,dji-fjarrkontrollfaste-pro-mavic,dji-remote-controlmount-pro-mavic,/products/dji-fjarrkontrollfaste-pro-mavic,/products/dji-remote-controlmount-pro-mavic,YES,YES,dji fjärrkontroll pro/mavic - Fjärrkontrollfäste för DJI Drönare,,
product,dji-osmo-mobile-gimbal-stabilisering-mobil,dji-osmo-mobile-gimbal-stabilization-mobil,/products/dji-osmo-mobile-gimbal-stabilisering-mobil,/products/dji-osmo-mobile-gimbal-stabilization-mobil,YES,YES,DJI Osmo Mobile Gimbal för Stabil Mobilfilmning,,
product,dji-osmo-mobile-7-professionell-stabilisering,dji-osmo-mobile-7-professionell-stabilization,/products/dji-osmo-mobile-7-professionell-stabilisering,/products/dji-osmo-mobile-7-professionell-stabilization,YES,YES,DJI Osmo Mobile 7: Avancerad Mobil Stabilisator,,
product,puluz-1-5m-3-5mm-jack-lavalier-mikrofon,puluz-1-5m-3-5mm-jack-lavalier-microphone,/products/puluz-1-5m-3-5mm-jack-lavalier-mikrofon,/products/puluz-1-5m-3-5mm-jack-lavalier-microphone,YES,YES,3.5mm lavaliermikrofon - PULUZ Kabelansluten 3.5mm Lavalier Mikrofon,,
product,dji-pocket-3-skyddsskal-brdrc,dji-pocket-3-protectionsshell-brdrc,/products/dji-pocket-3-skyddsskal-brdrc,/products/dji-pocket-3-protectionsshell-brdrc,YES,YES,DJI Pocket 3 skyddsskal - Komplett Skyddsskal för DJI Pocket 3,,
product,startrc-universal-v2-dronarlarm-sparare,startrc-universal-v2-dronelarm-sparare,/products/startrc-universal-v2-dronarlarm-sparare,/products/startrc-universal-v2-dronelarm-sparare,YES,YES,STARTRC Universal V2 Drönarlarm,,
product,insta360-x5-startrc-svangbart-linsskydd,insta360-x5-startrc-svangbart-lens-protector,/products/insta360-x5-startrc-svangbart-linsskydd,/products/insta360-x5-startrc-svangbart-lens-protector,YES,YES,insta360 X5 STARTRC Swivel - Svängbart Linsskydd för Insta360 X5,,
product,dji-osmo-360-skarmskydd-hartat-glas,dji-osmo-360-skarmprotection-hartat-glas,/products/dji-osmo-360-skarmskydd-hartat-glas,/products/dji-osmo-360-skarmprotection-hartat-glas,YES,YES,Explosionssäkert DJI Osmo 360 Skärmskydd,,
product,dji-mavic-air-2-bottenskydd-ersattningsdel,dji-mavic-air-2-bottenprotection-ersattningsdel,/products/dji-mavic-air-2-bottenskydd-ersattningsdel,/products/dji-mavic-air-2-bottenprotection-ersattningsdel,YES,YES,Mavic Air 2 Bottenskydd – Nedre Kåpa Ersättningsdel,,
product,batterilucka-gopro-black-hero11-mini,batterylucka-gopro-black-hero11-mini,/products/batterilucka-gopro-black-hero11-mini,/products/batterylucka-gopro-black-hero11-mini,YES,YES,Batterilucka GoPro Black för Hero11 Mini,,
product,gimbal-flexkabel-dji-mini-2,gimbal-flexcable-dji-mini-2,/products/gimbal-flexkabel-dji-mini-2,/products/gimbal-flexcable-dji-mini-2,YES,YES,Gimbal Flexkabel 3-i-1 till DJI Mavic Mini,,
product,dji-mini-3-pro-r-axel-gimbalmotor-with-faste,dji-mini-3-pro-r-axel-gimbalmotor-with-mount,/products/dji-mini-3-pro-r-axel-gimbalmotor-with-faste,/products/dji-mini-3-pro-r-axel-gimbalmotor-with-mount,YES,YES,DJI Mini 3 Pro R-axel Gimbalmotor med Fäste,,
product,dji-mini-3-pro-7-i-1-gimbal-flat-flexkabel,dji-mini-3-pro-7-i-1-gimbal-flat-flexcable,/products/dji-mini-3-pro-7-i-1-gimbal-flat-flexkabel,/products/dji-mini-3-pro-7-i-1-gimbal-flat-flexcable,YES,YES,DJI Mini 3 Pro 7 I 1 Gimbal Flexkabel,,
product,dji-mini-3-pro-gimbal-r-axis-nedre-faste,dji-mini-3-pro-gimbal-r-axis-nedre-mount,/products/dji-mini-3-pro-gimbal-r-axis-nedre-faste,/products/dji-mini-3-pro-gimbal-r-axis-nedre-mount,YES,YES,DJI Mini 3 Pro Gimbal R-Axis Nedre Fäste,,
product,gopro-hero5-frontskydd-reparationsdel,gopro-hero5-frontprotection-repairsdel,/products/gopro-hero5-frontskydd-reparationsdel,/products/gopro-hero5-frontprotection-repairsdel,YES,YES,GoPro HERO5 Front Cover - GoPro HERO5 Frontskydd för Reparation,,
product,dji-mini-2-framlampa-with-kabel-reservdel,dji-mini-2-framlampa-with-cable-reservdel,/products/dji-mini-2-framlampa-with-kabel-reservdel,/products/dji-mini-2-framlampa-with-cable-reservdel,YES,YES,DJI Mini 2 Framlampa med Kabel - Framlampa med Kabel till DJI Mini,,
product,gopro-hero4-slutarkabel-original-reservdel,gopro-hero4-slutarcable-original-reservdel,/products/gopro-hero4-slutarkabel-original-reservdel,/products/gopro-hero4-slutarcable-original-reservdel,YES,YES,GoPro Hero4 Slutarkabel - Reservdel,,
product,dji-mini-3-mini-3-pro-gimbal-kameralinsskydd-uv,dji-mini-3-mini-3-pro-gimbal-kameralens-protector-uv,/products/dji-mini-3-mini-3-pro-gimbal-kameralinsskydd-uv,/products/dji-mini-3-mini-3-pro-gimbal-kameralens-protector-uv,YES,YES,Skydd för DJI Mini 3 / Mini 3 Pro Gimbal Kamera,,
product,original-slutarkabel-gopro-hero6-hero7,original-slutarcable-gopro-hero6-hero7,/products/original-slutarkabel-gopro-hero6-hero7,/products/original-slutarcable-gopro-hero6-hero7,YES,YES,Slutarkabel GoPro Hero6 - Original Slutarkabel för GoPro Hero6,,
product,gopro-hero8-stromkabel-flexkabel,gopro-hero8-stromcable-flexcable,/products/gopro-hero8-stromkabel-flexkabel,/products/gopro-hero8-stromcable-flexcable,YES,YES,GoPro Hero8 Strömkabel Flexkabel,,
product,linsskydd-gopro-hero9-original,lens-protector-gopro-hero9-original,/products/linsskydd-gopro-hero9-original,/products/lens-protector-gopro-hero9-original,YES,YES,Linsskydd GoPro HERO9 - Original Linsskydd för GoPro HERO9,,
product,dji-mini-4-pro-flexkabel,dji-mini-4-pro-flexcable,/products/dji-mini-4-pro-flexkabel,/products/dji-mini-4-pro-flexcable,YES,YES,DJI Mini 4 Pro Flexkabel för Drönarreparation,,
product,dji-mini-3-pro-esc-board-dronarreservdel,dji-mini-3-pro-esc-board-dronereservdel,/products/dji-mini-3-pro-esc-board-dronarreservdel,/products/dji-mini-3-pro-esc-board-dronereservdel,YES,YES,DJI Mini 3 Pro ESC Board för Stabil Drönarflygning,,
product,original-gopro-hero-batterilucka-svart,original-gopro-hero-batterylucka-svart,/products/original-gopro-hero-batterilucka-svart,/products/original-gopro-hero-batterylucka-svart,YES,YES,GoPro Hero Batteril Svart - Original GoPro Hero Batterilucka i Svart,,
product,gopro-hero13-linsskydd-original,gopro-hero13-lens-protector-original,/products/gopro-hero13-linsskydd-original,/products/gopro-hero13-lens-protector-original,YES,YES,GoPro Hero13 Linsskydd,,
product,original-gopro-hero-lcd-flexkabel-repair,original-gopro-hero-lcd-flexcable-repair,/products/original-gopro-hero-lcd-flexkabel-repair,/products/original-gopro-hero-lcd-flexcable-repair,YES,YES,"Original LCD Flex Cable, For GoPro Hero12 Black, For GoPro Hero11 Black, For GoPro Hero10 Black, For GoPro Hero9 Black",,
product,gopro-hero-strombrytare-flexkabel,gopro-hero-strombrytare-flexcable,/products/gopro-hero-strombrytare-flexkabel,/products/gopro-hero-strombrytare-flexcable,YES,YES,GoPro Hero Strömbrytare Flexkabel för Reparation,,
product,original-usb-flexkabel-charging,original-usb-flexcable-charging,/products/original-usb-flexkabel-charging,/products/original-usb-flexcable-charging,YES,YES,USB Flexkabel Laddning - Original USB Flexkabel för Laddningsport,,
product,gopro-hero-mikrofonkabel-flexkabel,gopro-hero-microphonecable-flexcable,/products/gopro-hero-mikrofonkabel-flexkabel,/products/gopro-hero-microphonecable-flexcable,YES,YES,GoPro Hero mikrofonkabel - Original GoPro Hero Mikrofon Flexkabel,,
product,gimbal-flexkabel-dji-phantom-2,gimbal-flexcable-dji-phantom-2,/products/gimbal-flexkabel-dji-phantom-2,/products/gimbal-flexcable-dji-phantom-2,YES,YES,Ersättningskabel för DJI Phantom 2 Gimbal,,
product,insta360-x5-linsskydd-vridbart-protection,insta360-x5-lens-protector-vridbart-protection,/products/insta360-x5-linsskydd-vridbart-protection,/products/insta360-x5-lens-protector-vridbart-protection,YES,YES,Insta360 X5 Linsskydd för Optimalt Kameralinsskydd,,
product,gimbal-kamerakabel-dji-mini-3-pro,gimbal-kameracable-dji-mini-3-pro,/products/gimbal-kamerakabel-dji-mini-3-pro,/products/gimbal-kameracable-dji-mini-3-pro,YES,YES,Gimbal Kamerakabel för DJI Mini 3 Pro,,
product,dji-mavic-air-2-2s-dronarmotor,dji-mavic-air-2-2s-dronemotor,/products/dji-mavic-air-2-2s-dronarmotor,/products/dji-mavic-air-2-2s-dronemotor,YES,YES,DJI Mavic Air 2 / 2S Machine - Ersättningsmotor för DJI Mavic Air,,
product,dji-mini-2-dronararm-with-motor,dji-mini-2-dronearm-with-motor,/products/dji-mini-2-dronararm-with-motor,/products/dji-mini-2-dronearm-with-motor,YES,YES,Drönararm med Motor för DJI Mini 2,,
product,phantom-4-pro-gimbal-lins-reparationsdel,phantom-4-pro-gimbal-lins-repairsdel,/products/phantom-4-pro-gimbal-lins-reparationsdel,/products/phantom-4-pro-gimbal-lins-repairsdel,YES,YES,"for DJI Phantom 4 Pro Gimbal Camera Lens Repair Parts, for DJI Phantom 4 Pro Camera Lens",,
product,dji-mavic-air-2-ram-reparationsdel,dji-mavic-air-2-ram-repairsdel,/products/dji-mavic-air-2-ram-reparationsdel,/products/dji-mavic-air-2-ram-repairsdel,YES,YES,DJI Mavic Air 2 Ram – Mellanram Reservdel,,
product,phantom-4-pro-gimbalkabel,phantom-4-pro-gimbalcable,/products/phantom-4-pro-gimbalkabel,/products/phantom-4-pro-gimbalcable,YES,YES,Phantom 4 Pro gimbalkabel - Gimbalkabel för DJI Phantom 4 Pro 2.0,,
product,dji-mavic-2-5d-knapp-fjarrkontroll-reservdel,dji-mavic-2-5d-knapp-remote-control-reservdel,/products/dji-mavic-2-5d-knapp-fjarrkontroll-reservdel,/products/dji-mavic-2-5d-knapp-remote-control-reservdel,YES,YES,5D Knapp till DJI Mavic 2 Fjärrkontroll,,
product,phantom-4-pro-gimbalfaste-ovre-skyddsfaste,phantom-4-pro-gimbalmount-ovre-protectionsmount,/products/phantom-4-pro-gimbalfaste-ovre-skyddsfaste,/products/phantom-4-pro-gimbalmount-ovre-protectionsmount,YES,YES,Phantom 4 Pro Gimbalfäste – Övre Skyddsfäste,,
product,amagisn-xplorer-handtag-vlogging-faste,amagisn-xplorer-handtag-vlogging-mount,/products/amagisn-xplorer-handtag-vlogging-faste,/products/amagisn-xplorer-handtag-vlogging-mount,YES,YES,AMagisn Xplorer Handtag för Vlogging och Actionkamera,,
product,amagisn-metallbur-insta360-x5,amagisn-metal-cage-insta360-x5,/products/amagisn-metallbur-insta360-x5,/products/amagisn-metal-cage-insta360-x5,YES,YES,aMagisn Metal Cage - AMagisn Kamerabur för Insta360 X5,,
product,dji-mavic-2-pro-motor-with-propellerfaste,dji-mavic-2-pro-motor-with-propellermount,/products/dji-mavic-2-pro-motor-with-propellerfaste,/products/dji-mavic-2-pro-motor-with-propellermount,YES,YES,Mavic 2 Pro Motor med Propellerfäste,,
product,dji-mavic-pro-gimbalfaste-reparationsdel,dji-mavic-pro-gimbalmount-repairsdel,/products/dji-mavic-pro-gimbalfaste-reparationsdel,/products/dji-mavic-pro-gimbalmount-repairsdel,YES,YES,DJI Mavic Pro Gimbalfäste för Stabil Kamerastyrning,,
product,skyddskapa-for-dji-mavic-3-dronargimbal,protectionskapa-for-dji-mavic-3-dronegimbal,/products/skyddskapa-for-dji-mavic-3-dronargimbal,/products/protectionskapa-for-dji-mavic-3-dronegimbal,YES,YES,Skyddskåpa för DJI Mavic 3 Drönargimbal,,
product,dji-mavic-stromkabel-flexibel-reservdel,dji-mavic-stromcable-flexibel-reservdel,/products/dji-mavic-stromkabel-flexibel-reservdel,/products/dji-mavic-stromcable-flexibel-reservdel,YES,YES,DJI Mavic strömkabel - Flexibel Strömkabel för DJI Mavic Drönare,,
product,dji-mavic-pro-gimbalkabel,dji-mavic-pro-gimbalcable,/products/dji-mavic-pro-gimbalkabel,/products/dji-mavic-pro-gimbalcable,YES,YES,DJI Mavic Pro Gimbalkabel för Drönare,,
product,mavic-2-pro-gps-kabel-dji-drones,mavic-2-pro-gps-cable-dji-drones,/products/mavic-2-pro-gps-kabel-dji-drones,/products/mavic-2-pro-gps-cable-dji-drones,YES,YES,Mavic 2 Pro GPS Kabel för DJI Drönare,,
product,5-nodig-hopfallbar-vandringsstav-aluminiumlegering,5-nodig-hopfallbar-hikingsstav-aluminiumlegering,/products/5-nodig-hopfallbar-vandringsstav-aluminiumlegering,/products/5-nodig-hopfallbar-hikingsstav-aluminiumlegering,YES,YES,5 Node Portable Foldable - 5-Nodig Hopfällbar Vandringsstav,,
product,vandringsstavar-at7558,hikingsstavar-at7558,/products/vandringsstavar-at7558,/products/hikingsstavar-at7558,YES,YES,Högkvalitativa Vandringsstavar AT7558 för Ditt Nästa Äventyr,,
product,vandringsstavar-125cm-justerbara-barbara-aluminium,hikingsstavar-125cm-justerbara-barbara-aluminium,/products/vandringsstavar-125cm-justerbara-barbara-aluminium,/products/hikingsstavar-125cm-justerbara-barbara-aluminium,YES,YES,125cm adjustable portable - 125cm Justerbara Bärbara Vandringsstavar,,
product,fallbara-vandringsstavar-aluminium-ultralatta,fallbara-hikingsstavar-aluminium-ultralatta,/products/fallbara-vandringsstavar-aluminium-ultralatta,/products/fallbara-hikingsstavar-aluminium-ultralatta,YES,YES,"Outdoor Mountaineering Portable Foldable Ultra light Aluminium Alloy Alpenstocks Trekking Poles, Length : 35-125CM, Length : 35-125CM (Gold), Length : 35-125CM (Blue), Length : 35-125CM (Red)",,
product,tuobeis-tbs-006-vandringsstav-ultralatt-hopfallbar,tuobeis-tbs-006-hikingsstav-ultralatt-hopfallbar,/products/tuobeis-tbs-006-vandringsstav-ultralatt-hopfallbar,/products/tuobeis-tbs-006-hikingsstav-ultralatt-hopfallbar,YES,YES,TUOBEIS TBS-006 Trekking Pole - TUOBEIS TBS-006 Ultralätt,,
product,karbinhake-with-kniv-multiverktyg,karbinhake-with-kniv-multi-tools,/products/karbinhake-with-kniv-multiverktyg,/products/karbinhake-with-kniv-multi-tools,YES,YES,Karbinhake med Kniv och Multiverktyg,,
product,karbinhake-aluminium-roterande-sakerhetskrok,karbinhake-aluminium-roterande-securityskrok,/products/karbinhake-aluminium-roterande-sakerhetskrok,/products/karbinhake-aluminium-roterande-securityskrok,YES,YES,Karbinhake aluminium - Roterande Karbinhake i Aluminium,,
product,zj002mr-mono-2-5mm-rak-mikrofonkabel,zj002mr-mono-2-5mm-rak-microphonecable,/products/zj002mr-mono-2-5mm-rak-mikrofonkabel,/products/zj002mr-mono-2-5mm-rak-microphonecable,YES,YES,ZJ002MR Mono 2.5mm Straight - ZJ002MR Mono 2.5mm Rak Mikrofonkabel,,
product,teyun-kondensatormikrofon-accessories-tripod-popfilt,teyun-kondensatormicrophone-accessories-tripod-popfilt,/products/teyun-kondensatormikrofon-accessories-tripod-popfilt,/products/teyun-kondensatormicrophone-accessories-tripod-popfilt,YES,YES,Kondensatormikrofon Tillbehör med Stativ och Popfilter,,
product,zj002mr-mono-3-5mm-rak-mikrofon,zj002mr-mono-3-5mm-rak-microphone,/products/zj002mr-mono-3-5mm-rak-mikrofon,/products/zj002mr-mono-3-5mm-rak-microphone,YES,YES,"ZJ002MR Mono 3.5mm Straight Plug Car Sun Visor Wireless Interpreter Tour Guide Megaphone Lavalier Wired Microphone, Length: 3m, Mono 3.5mm",,
product,sh-100-mikrofonfaste-abs-stotsakert,sh-100-microphonemount-abs-stotsakert,/products/sh-100-mikrofonfaste-abs-stotsakert,/products/sh-100-microphonemount-abs-stotsakert,YES,YES,"SH-100 Live Microphone ABS Shockproof Bracket, SH-100",,
product,mikrofonhallare-kondensatormikrofon-46mm,microphonehallare-kondensatormicrophone-46mm,/products/mikrofonhallare-kondensatormikrofon-46mm,/products/microphonehallare-kondensatormicrophone-46mm,YES,YES,5 PCS Condenser Microphone 46mm Plastic Shockproof Mount Holder,,
product,lavalier-mikrofon-3-5mm-tradbunden,lavalier-microphone-3-5mm-tradbunden,/products/lavalier-mikrofon-3-5mm-tradbunden,/products/lavalier-microphone-3-5mm-tradbunden,YES,YES,Lavalier mikrofon 3.5mm trådbunden – 3m omnidirektionell,,
product,yanmai-ps-3-bordstativ-mikrofon,yanmai-ps-3-bordstativ-microphone,/products/yanmai-ps-3-bordstativ-mikrofon,/products/yanmai-ps-3-bordstativ-microphone,YES,YES,Yanmai PS-3 Bordstativ Mikrofon för Optimal Ljudkvalitet,,
product,gopro-hero-2024-sidokontaktlucka,gopro-hero-2024-sidocontactlucka,/products/gopro-hero-2024-sidokontaktlucka,/products/gopro-hero-2024-sidocontactlucka,YES,YES,GoPro HERO 2024 Side Interface - GoPro HERO 2024 Sidokontaktlucka,,
product,gopro-stativfaste-universell-adapter,gopro-stativmount-universell-adapter,/products/gopro-stativfaste-universell-adapter,/products/gopro-stativmount-universell-adapter,YES,YES,Universell GoPro Stativfäste för Actionkameror,,
product,insta360-x3-lcd-flexkabel,insta360-x3-lcd-flexcable,/products/insta360-x3-lcd-flexkabel,/products/insta360-x3-lcd-flexcable,YES,YES,Insta360 X3 LCD flexkabel – Originalreservdel,,
product,skyddstillbehor-for-insta360-x5-action-camera,protectionsaccessories-for-insta360-x5-action-camera,/products/skyddstillbehor-for-insta360-x5-action-camera,/products/protectionsaccessories-for-insta360-x5-action-camera,YES,YES,Skyddstillbehör för Insta360 X5 Actionkamera,,
product,kameralins-flexkabel-repair,kameralins-flexcable-repair,/products/kameralins-flexkabel-repair,/products/kameralins-flexcable-repair,YES,YES,Kameralins Flexkabel för Optimal Kamerareparation,,
product,dji-mini-4-pro-linsskydd,dji-mini-4-pro-lens-protector,/products/dji-mini-4-pro-linsskydd,/products/dji-mini-4-pro-lens-protector,YES,YES,Skydd för DJI Mini 4 Pro Linsskydd och Gimbal,,
product,dji-mavic-2-fjarrkontrollkort,dji-mavic-2-remote-controlkort,/products/dji-mavic-2-fjarrkontrollkort,/products/dji-mavic-2-remote-controlkort,YES,YES,Mavic 2 Fjärrkontrollkort för DJI Drönare,,
product,dji-avata-2-ovre-skal-v1,dji-avata-2-ovre-shell-v1,/products/dji-avata-2-ovre-skal-v1,/products/dji-avata-2-ovre-shell-v1,YES,YES,DJI Avata 2 Övre Skal v1 för Förbättrat Skydd,,
product,kaisi-i9801-cpu-professionellt-reparationskit,kaisi-i9801-cpu-professionellt-repairskit,/products/kaisi-i9801-cpu-professionellt-reparationskit,/products/kaisi-i9801-cpu-professionellt-repairskit,YES,YES,Kaisi i9801 CPU Professionell Reparationskit,,
product,verktyg-for-elektronik-repair,verktyg-for-electronics-repair,/products/verktyg-for-elektronik-repair,/products/verktyg-for-electronics-repair,YES,YES,6-i-1 Multifunktionsverktyg för Elektronikreparation,,
product,baku-ba-3331-usb-uppladdningsbar-elektrisk-skruvme,baku-ba-3331-usb-rechargeablebar-elektrisk-skruvme,/products/baku-ba-3331-usb-uppladdningsbar-elektrisk-skruvme,/products/baku-ba-3331-usb-rechargeablebar-elektrisk-skruvme,YES,YES,BAKU BA-3331 USB Rechargeable - BAKU BA-3331 Uppladdningsbar,,
product,skruvmejsel-kit-dator-reparationsverktyg,screwdriver-kit-dator-repairsverktyg,/products/skruvmejsel-kit-dator-reparationsverktyg,/products/screwdriver-kit-dator-repairsverktyg,YES,YES,skruvmejsel kit dator - 22-i-1 Skruvmejsel Kit för Dator,,
product,precisionsskruvmejselsats-kaisi-k-9126,precisionsscrewdriversats-kaisi-k-9126,/products/precisionsskruvmejselsats-kaisi-k-9126,/products/precisionsscrewdriversats-kaisi-k-9126,YES,YES,Kaisi K-9126 Precisionsskruvmejselsats – 126-i-1 Verktyg,,
product,gopro-hero8-lins-yttre-skydda-gopro,gopro-hero8-lins-yttre-protectiona-gopro,/products/gopro-hero8-lins-yttre-skydda-gopro,/products/gopro-hero8-lins-yttre-protectiona-gopro,YES,YES,GoPro Hero8 lins yttre - Skydda din GoPro Hero8 med en ny yttre lins,,
product,ramfaste-insta360-go-ultra-camera-pc,rammount-insta360-go-ultra-camera-pc,/products/ramfaste-insta360-go-ultra-camera-pc,/products/rammount-insta360-go-ultra-camera-pc,YES,YES,Insta360 GO Ultra Camera PC - Robust Ramfäste för Insta360 GO Ultra,,
product,insta360-go-silikonskal,insta360-go-silicone-case,/products/insta360-go-silikonskal,/products/insta360-go-silicone-case,YES,YES,Insta360 GO silikonskal för skydd och stil,,
product,insta360-go-skyddspaket-skarmskydd-linsskydd,insta360-go-protectionspaket-skarmprotection-lens-protector,/products/insta360-go-skyddspaket-skarmskydd-linsskydd,/products/insta360-go-protectionspaket-skarmprotection-lens-protector,YES,YES,Insta360 GO Skyddspaket med Skärm- och Linsskydd,,
product,multiverktyg-camping-outdoor,multi-tools-camping-outdoor,/products/multiverktyg-camping-outdoor,/products/multi-tools-camping-outdoor,YES,YES,Högkvalitativt Multiverktyg Camping för Alla Äventyr,,
product,multiverktyg-overlevnad-kompass-termometer-visselp,multi-tools-overlevnad-kompass-termometer-visselp,/products/multiverktyg-overlevnad-kompass-termometer-visselp,/products/multi-tools-overlevnad-kompass-termometer-visselp,YES,YES,Outdoor Multi-Functional Three-In-One Lifesaving Compass Thermometer Whistle,,
product,hogkvalitativ-sakerhetslina-snabbfaste,hogkvalitativ-securityslina-snabbmount,/products/hogkvalitativ-sakerhetslina-snabbfaste,/products/hogkvalitativ-securityslina-snabbmount,YES,YES,Högkvalitativ Säkerhetslina med Snabbfäste,,
product,karbinhake-multiverktyg-hexnyckel-flaskoppnare,karbinhake-multi-tools-hexnyckel-flaskoppnare,/products/karbinhake-multiverktyg-hexnyckel-flaskoppnare,/products/karbinhake-multi-tools-hexnyckel-flaskoppnare,YES,YES,Outdoor Tools Carabiner Hex - Multifunktionell Karbinhake,,
product,multiverktyg-14-i-1,multi-tools-14-i-1,/products/multiverktyg-14-i-1,/products/multi-tools-14-i-1,YES,YES,14 In 1 Stainless Steel Multi-Function Outdoor Survival Tool Card With Rope,,
product,waterproof-kompass-silikonarmband-utomhus,waterproof-kompass-siliconearmband-utomhus,/products/waterproof-kompass-silikonarmband-utomhus,/products/waterproof-kompass-siliconearmband-utomhus,YES,YES,"Silicone Strap Waterproof Portable Outdoor Wristwatch Style Compass, P304",,
product,multiverktyg-forsta-hjalpen-fallbar-sax,multi-tools-forsta-hjalpen-fallbar-sax,/products/multiverktyg-forsta-hjalpen-fallbar-sax,/products/multi-tools-forsta-hjalpen-fallbar-sax,YES,YES,Multifunctional Outdoor First - Multifunktionell Fällbar Räddningssax,,
product,nextool-multiverktyg-14-i-1-fallbara-tanger-sax-op,nextool-multi-tools-14-i-1-fallbara-pliers-sax-op,/products/nextool-multiverktyg-14-i-1-fallbara-tanger-sax-op,/products/nextool-multi-tools-14-i-1-fallbara-pliers-sax-op,YES,YES,Nextool multiverkt opener - Nextool Multiverktyg 14-i-1 med Fällbara,,
product,multiverktyg-overlevnad-7-i-1-2-pack,multi-tools-overlevnad-7-i-1-2-pack,/products/multiverktyg-overlevnad-7-i-1-2-pack,/products/multi-tools-overlevnad-7-i-1-2-pack,YES,YES,2 PCS 7 In 1 Multifunctional - Multifunktionellt Överlevnadsverktyg,,
product,nextool-10-i-1-multiverktyg-fallbar-tang,nextool-10-i-1-multi-tools-fallbar-tang,/products/nextool-10-i-1-multiverktyg-fallbar-tang,/products/nextool-10-i-1-multi-tools-fallbar-tang,YES,YES,Nextool Multiverktyg 10-i-1 med Fällbar Tång,,
product,2-i-1-skruvmejsel-nyckelring,2-i-1-screwdriver-nyckelring,/products/2-i-1-skruvmejsel-nyckelring,/products/2-i-1-screwdriver-nyckelring,YES,YES,Praktisk 2-i-1 Skruvmejsel Nyckelring för Vardagsbruk,,
product,grytklamma-camping-vandring-anti-skallning,grytklamma-camping-hiking-anti-shelllning,/products/grytklamma-camping-vandring-anti-skallning,/products/grytklamma-camping-hiking-anti-shelllning,YES,YES,Home Camping Hinking Anti-hot Anti-Scald Pot Bowl Pan Bowl Gripper Coo,,
product,magnetiskt-snabbfaste-dji-osmo-action-5-pro-4-3,magnetiskt-snabbmount-dji-osmo-action-5-pro-4-3,/products/magnetiskt-snabbfaste-dji-osmo-action-5-pro-4-3,/products/magnetiskt-snabbmount-dji-osmo-action-5-pro-4-3,YES,YES,DJI Osmo Action 5 Pro /4/3 - Magnetiskt Snabbfäste för DJI Osmo,,
product,skarmskydd-insta360-go,skarmprotection-insta360-go,/products/skarmskydd-insta360-go,/products/skarmprotection-insta360-go,YES,YES,skärmskydd Insta360 GO - Skydda din Insta360 GO med ett högkvalitativt,,
product,dji-mini-gimbaldampare-vibrationsskydd-drones,dji-mini-gimbaldampare-vibrationsprotection-drones,/products/dji-mini-gimbaldampare-vibrationsskydd-drones,/products/dji-mini-gimbaldampare-vibrationsprotection-drones,YES,YES,DJI Mini Gimbaldämpare för Optimal Kamerastabilisering,,
product,dji-mavic-mini-batteriskydd-reservdel,dji-mavic-mini-batteryprotection-reservdel,/products/dji-mavic-mini-batteriskydd-reservdel,/products/dji-mavic-mini-batteryprotection-reservdel,YES,YES,Reservdelar och Batteriskydd för DJI Mavic Mini,,
product,phantom-4-pro-flexkabel,phantom-4-pro-flexcable,/products/phantom-4-pro-flexkabel,/products/phantom-4-pro-flexcable,YES,YES,Phantom 4 Pro Flexkabel för Gimbal Kamera,,
product,mavic-3-forvaringsskydd-original-dji,mavic-3-storagesprotection-original-dji,/products/mavic-3-forvaringsskydd-original-dji,/products/mavic-3-storagesprotection-original-dji,YES,YES,Original DJI Mavic 3 Förvaringsskydd,,
product,gimbal-flexkabel-dji-mavic-2-pro-zoom,gimbal-flexcable-dji-mavic-2-pro-zoom,/products/gimbal-flexkabel-dji-mavic-2-pro-zoom,/products/gimbal-flexcable-dji-mavic-2-pro-zoom,YES,YES,Gimbal Flex Cable for DJI - Gimbal Flexkabel för DJI Mavic,,
product,flexkabel-dji-mavic-pro-gimbal-repair,flexcable-dji-mavic-pro-gimbal-repair,/products/flexkabel-dji-mavic-pro-gimbal-repair,/products/flexcable-dji-mavic-pro-gimbal-repair,YES,YES,Flexkabel för DJI Mavic Pro Gimbal Reparation,,
product,mavic-4-pro-skarmskydd,mavic-4-pro-skarmprotection,/products/mavic-4-pro-skarmskydd,/products/mavic-4-pro-skarmprotection,YES,YES,"CQT Nano Coating Protective Film for DJI Mavic 4 Pro Lens & Sensor Screen Protector with Hot Air Blower Kit, Screen Film",,
product,dji-mavic-pro-signalkabel,dji-mavic-pro-signalcable,/products/dji-mavic-pro-signalkabel,/products/dji-mavic-pro-signalcable,YES,YES,DJI Mavic Pro Signalkabel - Signalkabel för DJI Mavic Pro Drönare,,
product,flexkabel-for-dji-mavic-mini-gimbal,flexcable-for-dji-mavic-mini-gimbal,/products/flexkabel-for-dji-mavic-mini-gimbal,/products/flexcable-for-dji-mavic-mini-gimbal,YES,YES,Flexkabel för DJI Mavic Mini Gimbal – Hög Kvalitet,,
product,jiafa-jf-djltool-13-i-1-skruvmejselsats-dji-drone,jiafa-jf-djltool-13-i-1-screwdriversats-dji-drone,/products/jiafa-jf-djltool-13-i-1-skruvmejselsats-dji-drone,/products/jiafa-jf-djltool-13-i-1-screwdriversats-dji-drone,YES,YES,JIAFA JF-DJLTool 13 in 1 - JIAFA JF-DJLTool 13-i-1 Skruvmejselsats,,
product,dji-mavic-3-drone-gps-flexkabel,dji-mavic-3-drone-gps-flexcable,/products/dji-mavic-3-drone-gps-flexkabel,/products/dji-mavic-3-drone-gps-flexcable,YES,YES,DJI Mavic 3 Drone GPS - DJI Mavic 3 GPS Flexkabel för Drönare,,
product,dji-mavic-2-gimbal-r-axis-motor-flexkabel,dji-mavic-2-gimbal-r-axis-motor-flexcable,/products/dji-mavic-2-gimbal-r-axis-motor-flexkabel,/products/dji-mavic-2-gimbal-r-axis-motor-flexcable,YES,YES,DJI Mavic 2 Gimbal R-Axis Motor Flexkabel,,
product,dji-mavic-3-front-vision-flexkabel,dji-mavic-3-front-vision-flexcable,/products/dji-mavic-3-front-vision-flexkabel,/products/dji-mavic-3-front-vision-flexcable,YES,YES,Flexkabel för DJI Mavic 3 Front Vision-system,,
product,dji-mavic-3-flexkabel-bak-hindersensor,dji-mavic-3-flexcable-bak-hindersensor,/products/dji-mavic-3-flexkabel-bak-hindersensor,/products/dji-mavic-3-flexcable-bak-hindersensor,YES,YES,DJI Mavic 3 Flexkabel för Bakre Vision,,
product,dji-mavic-3-kompass-flexkabel,dji-mavic-3-kompass-flexcable,/products/dji-mavic-3-kompass-flexkabel,/products/dji-mavic-3-kompass-flexcable,YES,YES,DJI Mavic 3 Compass Flex Kabel - Kompass Flexkabel för DJI Mavic,,
product,dji-mavic-3-tof-flexkabel,dji-mavic-3-tof-flexcable,/products/dji-mavic-3-tof-flexkabel,/products/dji-mavic-3-tof-flexcable,YES,YES,DJI Mavic 3 TOF Flexkabel för Drönare,,
product,flexkabel-for-dji-mavic-air-2-gimbal,flexcable-for-dji-mavic-air-2-gimbal,/products/flexkabel-for-dji-mavic-air-2-gimbal,/products/flexcable-for-dji-mavic-air-2-gimbal,YES,YES,Mavic Air 2 Flexkabel för Gimbal – Reparera Din Drönare,,
product,ptz-gimbal-skyddande-bakre-faste,ptz-gimbal-protective-bakre-mount,/products/ptz-gimbal-skyddande-bakre-faste,/products/ptz-gimbal-protective-bakre-mount,YES,YES,PTZ Gimbal Skyddande Bakre,,
product,dji-mavic-3-esc-kort-reparationsdel,dji-mavic-3-esc-kort-repairsdel,/products/dji-mavic-3-esc-kort-reparationsdel,/products/dji-mavic-3-esc-kort-repairsdel,YES,YES,"For DJI Mavic 3 ESC Board Assembly Repair Parts, For DJI Mavic 3",,
product,mavic-air-2-signalkabel-gimbal,mavic-air-2-signalcable-gimbal,/products/mavic-air-2-signalkabel-gimbal,/products/mavic-air-2-signalcable-gimbal,YES,YES,Mavic Air 2 Signalkabel för Gimbal Kamera,,
product,dji-mavic-2-gimbal-4k-dronarkamera,dji-mavic-2-gimbal-4k-dronekamera,/products/dji-mavic-2-gimbal-4k-dronarkamera,/products/dji-mavic-2-gimbal-4k-dronekamera,YES,YES,DJI Mavic 2 Gimbal 4K – Högkvalitativ Drönarkamera,,
product,dji-mavic-air-2-gimbalarm-reparationsdel,dji-mavic-air-2-gimbalarm-repairsdel,/products/dji-mavic-air-2-gimbalarm-reparationsdel,/products/dji-mavic-air-2-gimbalarm-repairsdel,YES,YES,DJI Mavic Air 2 Gimbalarm för Reparation,,
product,dji-mavic-2-enterprise-skyddande-ovre-skal,dji-mavic-2-enterprise-protective-ovre-shell,/products/dji-mavic-2-enterprise-skyddande-ovre-skal,/products/dji-mavic-2-enterprise-protective-ovre-shell,YES,YES,Skyddande Övre Skal till DJI Mavic 2 Enterprise,,
product,dji-mavic-pro-gimbalaxel-arm-fpc-signalkabel,dji-mavic-pro-gimbalaxel-arm-fpc-signalcable,/products/dji-mavic-pro-gimbalaxel-arm-fpc-signalkabel,/products/dji-mavic-pro-gimbalaxel-arm-fpc-signalcable,YES,YES,Mavic Pro Gimbalaxel med FPC- och Signalkabel,,
product,dji-air-3s-gimbalkabel-flexibel-reservdel,dji-air-3s-gimbalcable-flexibel-reservdel,/products/dji-air-3s-gimbalkabel-flexibel-reservdel,/products/dji-air-3s-gimbalcable-flexibel-reservdel,YES,YES,DJI Air 3S Gimbalkabel – Högkvalitativ Reservdel,,
product,dji-mavic-4-pro-gimbal-signalkabel,dji-mavic-4-pro-gimbal-signalcable,/products/dji-mavic-4-pro-gimbal-signalkabel,/products/dji-mavic-4-pro-gimbal-signalcable,YES,YES,Signalkabel till DJI Mavic 4 Pro Gimbal,,
product,insta360-go-forvaring-sunnylife-mini-resvaska,insta360-go-storage-sunnylife-mini-resbag,/products/insta360-go-forvaring-sunnylife-mini-resvaska,/products/insta360-go-storage-sunnylife-mini-resbag,YES,YES,Optimal Insta360 GO Förvaring med Sunnylife Fodral,,
product,insta360-go-bag-skyddande-forvaring,insta360-go-bag-protective-storage,/products/insta360-go-bag-skyddande-forvaring,/products/insta360-go-bag-protective-storage,YES,YES,Insta360 GO Väska för Säker Förvaring,,
product,insta360-go-ultra-skarmskydd-2-pack,insta360-go-ultra-skarmprotection-2-pack,/products/insta360-go-ultra-skarmskydd-2-pack,/products/insta360-go-ultra-skarmprotection-2-pack,YES,YES,Insta360 GO Ultra 2pcs - Insta360 GO Ultra Skärmskydd 2-pack,,
product,insta360-x5-360-camera-cqt-utbyggbar-skyddsbur,insta360-x5-360-camera-cqt-utbyggbar-protectionsbur,/products/insta360-x5-360-camera-cqt-utbyggbar-skyddsbur,/products/insta360-x5-360-camera-cqt-utbyggbar-protectionsbur,YES,YES,Skyddsbur för Insta360 X5 360 Kamera CQT,,
product,dji-action-2-skarmskydd-3-i-1,dji-action-2-skarmprotection-3-i-1,/products/dji-action-2-skarmskydd-3-i-1,/products/dji-action-2-skarmprotection-3-i-1,YES,YES,Komplett DJI Action 2 Skärmskydd 3-i-1,,
product,dji-mic-3-mikrofonsystem,dji-mic-3-microphonesystem,/products/dji-mic-3-mikrofonsystem,/products/dji-mic-3-microphonesystem,YES,YES,DJI Mic 3 Mikrofonsystem med Två Sändare,,
product,dji-mic-2-tradlos-mikrofon-system,dji-mic-2-wireless-microphone-system,/products/dji-mic-2-tradlos-mikrofon-system,/products/dji-mic-2-wireless-microphone-system,YES,YES,DJI Mic 2 Trådlös Mikrofon för Professionell Ljudinspelning,,
product,dji-mic-3-vindskydd,dji-mic-3-vindprotection,/products/dji-mic-3-vindskydd,/products/dji-mic-3-vindprotection,YES,YES,DJI Mic 3 Vindskydd för Kristallklart Ljud,,
product,tradlost-mikrofonsystem-original-4-tx-1-rx,wirelesst-microphonesystem-original-4-tx-1-rx,/products/tradlost-mikrofonsystem-original-4-tx-1-rx,/products/wirelesst-microphonesystem-original-4-tx-1-rx,YES,YES,Trådlöst Mikrofonsystem Original 4 TX + 1 RX,,
product,insta360-go-faste-frame,insta360-go-mount-frame,/products/insta360-go-faste-frame,/products/insta360-go-mount-frame,YES,YES,Insta360 GO fäste frame för utökad funktionalitet,,
product,linsskydd-insta360-go,lens-protector-insta360-go,/products/linsskydd-insta360-go,/products/lens-protector-insta360-go,YES,YES,Linsskydd Insta360 Go för maximalt skydd,,
product,dronarvaska-mini-5-pro-startrc-axelvaska,dronebag-mini-5-pro-startrc-axelbag,/products/dronarvaska-mini-5-pro-startrc-axelvaska,/products/dronebag-mini-5-pro-startrc-axelbag,YES,YES,Drönarväska Mini 5 Pro - Säker Förvaring och Transport,,
product,insta360-go-faste-mount,insta360-go-mount-mount,/products/insta360-go-faste-mount,/products/insta360-go-mount-mount,YES,YES,Insta360 GO fäste mount för optimal användning,,
product,gopro-faste-hjalm-platt-krokt,gopro-mount-hjalm-platt-krokt,/products/gopro-faste-hjalm-platt-krokt,/products/gopro-mount-hjalm-platt-krokt,YES,YES,"3sets 1/4 Screw Adapter Quick-Release Base Motorcycle Helmet Accessory Base, Arc Shape, Plane",,
product,dji-osmo-360-case-silikon-amagisn,dji-osmo-360-case-silicone-amagisn,/products/dji-osmo-360-case-silikon-amagisn,/products/dji-osmo-360-case-silicone-amagisn,YES,YES,dji osmo 360 fodral - Silikonfodral för DJI Osmo 360,,
product,gopro-90-graders-vinkelfaste-2-pack,gopro-90-graders-vinkelmount-2-pack,/products/gopro-90-graders-vinkelfaste-2-pack,/products/gopro-90-graders-vinkelmount-2-pack,YES,YES,GoPro Vinkelfäste 90 Grader 2-pack,,
product,dji-osmo-linslock-silikon-protection,dji-osmo-linslock-silicone-protection,/products/dji-osmo-linslock-silikon-protection,/products/dji-osmo-linslock-silicone-protection,YES,YES,DJI Osmo linslock silikon - DJI Osmo Linslock i Silikon,,
product,insta360-go-skarmskydd-hartat-glas,insta360-go-skarmprotection-hartat-glas,/products/insta360-go-skarmskydd-hartat-glas,/products/insta360-go-skarmprotection-hartat-glas,YES,YES,Insta360 GO skärmskydd - Skydda din Insta360 GO med ett Skärmskydd,,
product,silikonskal-insta360-go-protection,silicone-case-insta360-go-protection,/products/silikonskal-insta360-go-protection,/products/silicone-case-insta360-go-protection,YES,YES,Optimalt Skydd med Insta360 Go Silikonskal,,
product,linsskydd-dji-osmo-puluz-optical,lens-protector-dji-osmo-puluz-optical,/products/linsskydd-dji-osmo-puluz-optical,/products/lens-protector-dji-osmo-puluz-optical,YES,YES,Skydda din Osmo med ett Linsskydd DJI Osmo,,
product,dji-osmo-360-adapter-justerbart-snabbfaste,dji-osmo-360-adapter-justerbart-snabbmount,/products/dji-osmo-360-adapter-justerbart-snabbfaste,/products/dji-osmo-360-adapter-justerbart-snabbmount,YES,YES,DJI Osmo 360 Adapter - Justerbart Snabbfäste för DJI Osmo 360,,
product,hart-skal-dji-osmo-360-camera-amagisn,hart-shell-dji-osmo-360-camera-amagisn,/products/hart-skal-dji-osmo-360-camera-amagisn,/products/hart-shell-dji-osmo-360-camera-amagisn,YES,YES,DJI Osmo 360 Kamera aMagisn - Skyddande Hårt Skal för DJI Osmo 360,,
product,puluz-tradlos-lavalier-mikrofon-iphone-ipad,puluz-wireless-lavalier-microphone-iphone-ipad,/products/puluz-tradlos-lavalier-mikrofon-iphone-ipad,/products/puluz-wireless-lavalier-microphone-iphone-ipad,YES,YES,PULUZ Trådlös Lavalier - PULUZ Trådlös Lavalier Mikrofon för iPhone,,
product,puluz-usb-c-myggmikrofon,puluz-usb-c-myggmicrophone,/products/puluz-usb-c-myggmikrofon,/products/puluz-usb-c-myggmicrophone,YES,YES,PULUZ USB-C myggmikrofon - PULUZ Trådlös USB-C Myggmikrofon,,
product,puluz-tradlos-type-c-mikrofon,puluz-wireless-type-c-microphone,/products/puluz-tradlos-type-c-mikrofon,/products/puluz-wireless-type-c-microphone,YES,YES,PULUZ Trådlös Type-C Mikrofon för Mobil,,
product,puluz-tradlos-myggmikrofon-iphone-ipad-8-pin,puluz-wireless-myggmicrophone-iphone-ipad-8-pin,/products/puluz-tradlos-myggmikrofon-iphone-ipad-8-pin,/products/puluz-wireless-myggmicrophone-iphone-ipad-8-pin,YES,YES,PULUZ Trådlös Myggmikrofon för iPhone och iPad,,
product,tradlos-myggmikrofon-with-laddningsfodral-magnetisk,wireless-myggmicrophone-with-laddningsfodral-magnetisk,/products/tradlos-myggmikrofon-with-laddningsfodral-magnetisk,/products/wireless-myggmicrophone-with-laddningsfodral-magnetisk,YES,YES,Trådlös Myggmikrofon med Laddningsfodral och Lightning-mottagare,,
product,puluz-tradlos-lavaliermikrofon-with-laddningsfodral,puluz-wireless-lavaliermicrophone-with-laddningsfodral,/products/puluz-tradlos-lavaliermikrofon-with-laddningsfodral,/products/puluz-wireless-lavaliermicrophone-with-laddningsfodral,YES,YES,PULUZ Trådlös Lavaliermikrofon med Laddningsfodral,,
product,puluz-tradlos-lavalier-mikrofon-2-tx-1-rx,puluz-wireless-lavalier-microphone-2-tx-1-rx,/products/puluz-tradlos-lavalier-mikrofon-2-tx-1-rx,/products/puluz-wireless-lavalier-microphone-2-tx-1-rx,YES,YES,PULUZ Trådlös Lavalier Mikrofonsystem,,
product,puluz-tradlos-lavalier-mikrofon-set,puluz-wireless-lavalier-microphone-set,/products/puluz-tradlos-lavalier-mikrofon-set,/products/puluz-wireless-lavalier-microphone-set,YES,YES,PULUZ Trådlös Lavalier Mikrofon Set,,
product,dji-osmo-360-standard-combo-pu-skyddande-bag,dji-osmo-360-standard-combo-pu-protective-bag,/products/dji-osmo-360-standard-combo-pu-skyddande-bag,/products/dji-osmo-360-standard-combo-pu-protective-bag,YES,YES,Skyddande Väska för DJI Osmo 360,,
product,360-camera-linsskydd-hartat-glas,360-camera-lens-protector-hartat-glas,/products/360-camera-linsskydd-hartat-glas,/products/360-camera-lens-protector-hartat-glas,YES,YES,"Panoramic Camera Tempered Glass Cover Protective Lens Guard, For DJI Osmo 360",,
product,magnetiskt-snabbfaste-dji-osmo-360-action-5,magnetiskt-snabbmount-dji-osmo-360-action-5,/products/magnetiskt-snabbfaste-dji-osmo-360-action-5,/products/magnetiskt-snabbmount-dji-osmo-360-action-5,YES,YES,dji osmo 360 action - Magnetiskt Snabbfäste för DJI Osmo Actionkameror,,
product,dji-osmo-360-amagisn-snabbfaste-metallbur,dji-osmo-360-amagisn-snabbmount-metal-cage,/products/dji-osmo-360-amagisn-snabbfaste-metallbur,/products/dji-osmo-360-amagisn-snabbmount-metal-cage,YES,YES,Metallbur med Snabbfäste för DJI Osmo 360 AMagisn,,
product,3-5mm-splitter-mikrofon,3-5mm-splitter-microphone,/products/3-5mm-splitter-mikrofon,/products/3-5mm-splitter-microphone,YES,YES,vxlr - Ljudadapter för Mikrofon och Hörlurar 3.5mm,,
product,puluz-dyklampa-kraftfull-undervattensbelysning-your,puluz-dyklampa-kraftfull-undervattenslighting-your,/products/puluz-dyklampa-kraftfull-undervattensbelysning-your,/products/puluz-dyklampa-kraftfull-undervattenslighting-your,YES,YES,"PULUZ 40 LEDs 40m Diving Waterproof Fill Light Camera Video Photo Studio Light, 40 LEDs",,
product,skarmskydd-dji-osmo-360-cam,skarmprotection-dji-osmo-360-cam,/products/skarmskydd-dji-osmo-360-cam,/products/skarmprotection-dji-osmo-360-cam,YES,YES,Härdat Skärmskydd för DJI Osmo 360 Kamera,,
product,actionkamera-faste-skena,actionkamera-mount-skena,/products/actionkamera-faste-skena,/products/actionkamera-mount-skena,YES,YES,FEICHAO Actionkamera Fäste för Skenmontering,,
product,insta360-x5-cold-shoe-carbon-skyddsram,insta360-x5-cold-shoe-carbon-protectionsram,/products/insta360-x5-cold-shoe-carbon-skyddsram,/products/insta360-x5-cold-shoe-carbon-protectionsram,YES,YES,Insta360 X5 Cold Shoe Carbon Skyddsram,,
product,brdrc-skyddsbage-for-dji-neo-bumper,brdrc-protectionsbage-for-dji-neo-bumper,/products/brdrc-skyddsbage-for-dji-neo-bumper,/products/brdrc-protectionsbage-for-dji-neo-bumper,YES,YES,Skyddsbåge för DJI Neo – BRDRC,,
product,dji-osmo-motorcykelfaste,dji-osmo-motorcykelmount,/products/dji-osmo-motorcykelfaste,/products/dji-osmo-motorcykelmount,YES,YES,Robust DJI Osmo Motorcykelfäste för Actionkameror,,
product,dji-osmo-360-cykelfaste,dji-osmo-360-cykelmount,/products/dji-osmo-360-cykelfaste,/products/dji-osmo-360-cykelmount,YES,YES,Original Cykelfäste för DJI Osmo 360 Kamera,,
product,dammtaligt-stativskydd-dji-mavic-air-3-3s-brdrc,dammtaligt-stativprotection-dji-mavic-air-3-3s-brdrc,/products/dammtaligt-stativskydd-dji-mavic-air-3-3s-brdrc,/products/dammtaligt-stativprotection-dji-mavic-air-3-3s-brdrc,YES,YES,DJI Mavic Air 3 / 3S BRDRC - Dammtåligt Stativskydd för DJI Mavic Air,,
product,flymile-magnetiskt-snabbfaste-halsfaste-actionkame,flymile-magnetiskt-snabbmount-halsmount-actionkame,/products/flymile-magnetiskt-snabbfaste-halsfaste-actionkame,/products/flymile-magnetiskt-snabbmount-halsmount-actionkame,YES,YES,Flymile Magnetic Quick-Release - Flymile Magnetiskt Snabbfäste,,
product,universellt-snabbfaste-gimbal-stabil-filmning,universellt-snabbmount-gimbal-stabil-filmning,/products/universellt-snabbfaste-gimbal-stabil-filmning,/products/universellt-snabbmount-gimbal-stabil-filmning,YES,YES,Universellt Snabbfäste Gimbal för Kameror och Mobiler,,
product,camera-snabbfaste-mobil,camera-snabbmount-mobil,/products/camera-snabbfaste-mobil,/products/camera-snabbmount-mobil,YES,YES,Kamera snabbfäste mobil - Universellt Kamera Snabbfäste för Mobil,,
product,flymile-magnetfaste-nacke-actionkamera,flymile-magnetmount-nacke-actionkamera,/products/flymile-magnetfaste-nacke-actionkamera,/products/flymile-magnetmount-nacke-actionkamera,YES,YES,Flymile Magnetfäste Nacke för Actionkamera med Luftkudde,,
product,silikonlas-actionkamera,siliconelas-actionkamera,/products/silikonlas-actionkamera,/products/siliconelas-actionkamera,YES,YES,Silikonlås actionkamera - Silikonlås för Actionkamera – 10-pack,,
product,dji-reservskruvar-dronarunderhall,dji-reservskruvar-droneunderhall,/products/dji-reservskruvar-dronarunderhall,/products/dji-reservskruvar-droneunderhall,YES,YES,DJI Reservskruvar för Optimalt Drönarunderhåll,,
product,magnetiskt-ryggsacksfaste-actionkamera-startrc,magnetiskt-ryggsacksmount-actionkamera-startrc,/products/magnetiskt-ryggsacksfaste-actionkamera-startrc,/products/magnetiskt-ryggsacksmount-actionkamera-startrc,YES,YES,"STARTRC Magnetic  Backpack Clip Mount for DJI Osmo 360 / GoPro Action Cameras, Magnetic Backpack Clip",,
product,dji-osmo-360-silikonskal-skyddande-case,dji-osmo-360-silicone-case-protective-case,/products/dji-osmo-360-silikonskal-skyddande-case,/products/dji-osmo-360-silicone-case-protective-case,YES,YES,DJI Osmo 360 Silicone Case - Skyddande Silikonskal för DJI Osmo 360,,
product,magnetiskt-brostfaste-actionkamera-handsfree-pov,magnetiskt-brostmount-actionkamera-handsfree-pov,/products/magnetiskt-brostfaste-actionkamera-handsfree-pov,/products/magnetiskt-brostmount-actionkamera-handsfree-pov,YES,YES,Magnetiskt Bröstfäste för Actionkameror,,
product,brdrc-propellerklamma-forvaringsbas-dji-mavic-4-pr,brdrc-propellerklamma-storagesbas-dji-mavic-4-pr,/products/brdrc-propellerklamma-forvaringsbas-dji-mavic-4-pr,/products/brdrc-propellerklamma-storagesbas-dji-mavic-4-pr,YES,YES,Propellerklämma och Förvaringsbas till DJI Mavic 4 Pro,,
product,startrc-hjalmfaste-actionkamera-hakfaste,startrc-hjalmmount-actionkamera-hakmount,/products/startrc-hjalmfaste-actionkamera-hakfaste,/products/startrc-hjalmmount-actionkamera-hakmount,YES,YES,STARTRC Hjälmfäste för Actionkamera,,
product,universal-action-camera-halsfaste-magnetisk,universal-action-camera-halsmount-magnetisk,/products/universal-action-camera-halsfaste-magnetisk,/products/universal-action-camera-halsmount-magnetisk,YES,YES,Universell Actionkamera Halsfäste med Magnet,,
product,dji-mini-dronarvaska-waterproof-trycktalig-forvarin,dji-mini-dronebag-waterproof-trycktalig-forvarin,/products/dji-mini-dronarvaska-waterproof-trycktalig-forvarin,/products/dji-mini-dronebag-waterproof-trycktalig-forvarin,YES,YES,Vattentät DJI Mini drönarväska för säkert skydd,,
product,mavic-4-pro-skarmskydd-hardat-glas,mavic-4-pro-skarmprotection-hardat-glas,/products/mavic-4-pro-skarmskydd-hardat-glas,/products/mavic-4-pro-skarmprotection-hardat-glas,YES,YES,Mavic 4 Pro skärmskydd - Härdat Skärmskydd för DJI Mavic,,
product,justerbar-arm-faste-double-kulled,justerbar-arm-mount-double-kulled,/products/justerbar-arm-faste-double-kulled,/products/justerbar-arm-mount-double-kulled,YES,YES,Justerbar Arm Fäste med Dubbla Kulleder,,
product,sunnylife-halsrem-crossbody-faste-camera,sunnylife-halsrem-crossbody-mount-camera,/products/sunnylife-halsrem-crossbody-faste-camera,/products/sunnylife-halsrem-crossbody-mount-camera,YES,YES,Sunnylife Neck Crossbody Strap - Sunnylife Halsrem,,
product,sunnylife-linsskydd-osmo-silikon,sunnylife-lens-protector-osmo-silicone,/products/sunnylife-linsskydd-osmo-silikon,/products/sunnylife-lens-protector-osmo-silicone,YES,YES,Sunnylife Linsskydd Osmo för DJI Osmo 360,,
product,insta360-x5-magnetfaste-vertikal-horisontell,insta360-x5-magnetmount-vertikal-horisontell,/products/insta360-x5-magnetfaste-vertikal-horisontell,/products/insta360-x5-magnetmount-vertikal-horisontell,YES,YES,Insta360 X5 magnetfäste - Insta360 X5/X4 Magnetfäste med Snabbkoppling,,
product,multiverktyg-overlevnad-7-i-1,multi-tools-overlevnad-7-i-1,/products/multiverktyg-overlevnad-7-i-1,/products/multi-tools-overlevnad-7-i-1,YES,YES,Multiverktyg Överlevnad: Ditt Ultimata 7-i-1 Verktyg,,
product,multiverktyg-20-i-1-rostfritt-stal,multi-tools-20-i-1-rostfritt-stal,/products/multiverktyg-20-i-1-rostfritt-stal,/products/multi-tools-20-i-1-rostfritt-stal,YES,YES,Praktiskt Multiverktyg 20-i-1 för Alla Behov,,
product,cykel-multiverktyg-15-i-1,cykel-multi-tools-15-i-1,/products/cykel-multiverktyg-15-i-1,/products/cykel-multi-tools-15-i-1,YES,YES,Cykel Multiverktyg 15-i-1 för Alla Reparationer,,
product,cykelreparationssats-box,cykelrepairssats-box,/products/cykelreparationssats-box,/products/cykelrepairssats-box,YES,YES,"30 PCS / Set Bicycle Tire Repair Tools Fast Tire Repair Box, 30 PCS",,
product,cykelreparationskit-bikersay-bt022bs,cykelrepairskit-bikersay-bt022bs,/products/cykelreparationskit-bikersay-bt022bs,/products/cykelrepairskit-bikersay-bt022bs,YES,YES,3 Set Bikersay BT022BS Cykel Lagningskit för Däck,,
product,cykel-stankskarmar-pp-material,cykel-stankskarms-pp-material,/products/cykel-stankskarmar-pp-material,/products/cykel-stankskarms-pp-material,YES,YES,Cykel stänkskärmar PP material - ZTTO för MTB & landsväg,,
product,dji-osmo-360-telesin-aluminium-skyddsbur,dji-osmo-360-telesin-aluminium-protectionsbur,/products/dji-osmo-360-telesin-aluminium-skyddsbur,/products/dji-osmo-360-telesin-aluminium-protectionsbur,YES,YES,DJI Osmo 360 TELESIN Aluminium - Skyddsbur i Aluminium för DJI Osmo,,
product,1-6m-tripod-selfiepinne-original,1-6m-tripod-selfie-stick-original,/products/1-6m-tripod-selfiepinne-original,/products/1-6m-tripod-selfie-stick-original,YES,YES,Original 1.6m Tripod Selfie - Original 1.6m Stativ och Selfiepinne,,
product,justerbart-landningsstall-dji-agras-t40,justerbart-landing-gear-dji-agras-t40,/products/justerbart-landningsstall-dji-agras-t40,/products/justerbart-landing-gear-dji-agras-t40,YES,YES,Justerbart Landningsställ för DJI Agras T40/T50 Drönare,,
product,insta360-x3-x4-x5-snabbfaste,insta360-x3-x4-x5-snabbmount,/products/insta360-x3-x4-x5-snabbfaste,/products/insta360-x3-x4-x5-snabbmount,YES,YES,"Insta360 X3/X4/X5 - Snabbfäste för Insta360 X3, X4 och X5 Kameror",,
product,beebest-flashlight-kompakt-kraftfull-belysning,beebest-flashlight-kompakt-kraftfull-lighting,/products/beebest-flashlight-kompakt-kraftfull-belysning,/products/beebest-flashlight-kompakt-kraftfull-lighting,YES,YES,BEEBEST Ficklampa: Kompakt och Kraftfull Belysning,,
product,a11-mini-led-flashlight-uppladdningsbar,a11-mini-led-flashlight-rechargeablebar,/products/a11-mini-led-flashlight-uppladdningsbar,/products/a11-mini-led-flashlight-rechargeablebar,YES,YES,A11 Mini LED-Ficklampa med Dubbla LED-ljus,,
product,mini-led-pennficklampa-kraftfull-kompakt,mini-led-pennflashlight-kraftfull-kompakt,/products/mini-led-pennficklampa-kraftfull-kompakt,/products/mini-led-pennflashlight-kraftfull-kompakt,YES,YES,Kraftfull Mini LED Pen-shaped Strong Pennficklampa,,
product,dji-mic-vindskydd,dji-mic-vindprotection,/products/dji-mic-vindskydd,/products/dji-mic-vindprotection,YES,YES,DJI Mic Vindskydd för Kristallklara Ljudinspelningar,,
product,cynova-op3-xdt-cy-dji-osmo-ministativ,cynova-op3-xdt-cy-dji-osmo-mini-tripod,/products/cynova-op3-xdt-cy-dji-osmo-ministativ,/products/cynova-op3-xdt-cy-dji-osmo-mini-tripod,YES,YES,CYNOVA OP3-XDT-CY för DJI Osmo - CYNOVA OP3-XDT-CY Ministativ,,
product,telesin-s3-ryggsacksfaste-snabbfaste-actionkamera,telesin-s3-ryggsacksmount-snabbmount-actionkamera,/products/telesin-s3-ryggsacksfaste-snabbfaste-actionkamera,/products/telesin-s3-ryggsacksmount-snabbmount-actionkamera,YES,YES,TELESIN S3-JFM-03-TDJ Backpack - TELESIN S3 Ryggsäcksfäste,,
product,telesin-magnetfaste-dji-osmo-action-3-4-5-pro,telesin-magnetmount-dji-osmo-action-3-4-5-pro,/products/telesin-magnetfaste-dji-osmo-action-3-4-5-pro,/products/telesin-magnetmount-dji-osmo-action-3-4-5-pro,YES,YES,TELESIN Magnetfäste för DJI Osmo,,
product,multiverktyg-camping-flerfunktions-tang-skiftnycke,multi-tools-camping-flerfunktions-tang-skiftnycke,/products/multiverktyg-camping-flerfunktions-tang-skiftnycke,/products/multi-tools-camping-flerfunktions-tang-skiftnycke,YES,YES,Robust Multiverktyg Camping med Flerfunktions Tång,,
product,insta360-go-ultra-hattfaste-justerbart-kepsfaste,insta360-go-ultra-hattmount-justerbart-kepsmount,/products/insta360-go-ultra-hattfaste-justerbart-kepsfaste,/products/insta360-go-ultra-hattmount-justerbart-kepsmount,YES,YES,Insta360 GO Ultra Hat Mount - Insta360 GO Ultra kepsfäste,,
product,dji-rc-pro-2-fjarrkontroll-drones,dji-rc-pro-2-remote-control-drones,/products/dji-rc-pro-2-fjarrkontroll-drones,/products/dji-rc-pro-2-remote-control-drones,YES,YES,DJI RC Pro 2 Fjärrkontroll för Drönare,,
product,dji-osmo-cykelfaste-styre-integrerat,dji-osmo-cykelmount-styre-integrerat,/products/dji-osmo-cykelfaste-styre-integrerat,/products/dji-osmo-cykelmount-styre-integrerat,YES,YES,DJI Osmo cykelfäste styre - Multifunktionellt DJI Osmo Cykelfäste,,
product,silikonskydd-dji-rc-pro-2-fjarrkontroll,siliconeprotection-dji-rc-pro-2-remote-control,/products/silikonskydd-dji-rc-pro-2-fjarrkontroll,/products/siliconeprotection-dji-rc-pro-2-remote-control,YES,YES,DJI RC Pro 2 Remote Control - Silikonskydd för DJI,,
product,dji-osmo-cykelfaste-multifunktionellt-styrefaste,dji-osmo-cykelmount-multifunktionellt-styremount,/products/dji-osmo-cykelfaste-multifunktionellt-styrefaste,/products/dji-osmo-cykelmount-multifunktionellt-styremount,YES,YES,Multifunktionellt DJI Osmo Cykelfäste för Styren,,
product,original-multifunktionellt-cykelfaste-dji-osmo,original-multifunktionellt-cykelmount-dji-osmo,/products/original-multifunktionellt-cykelfaste-dji-osmo,/products/original-multifunktionellt-cykelmount-dji-osmo,YES,YES,Original Multifunctional Bike - Original Multifunktionellt Cykelfäste,,
product,dji-mic-3-magnetfaste,dji-mic-3-magnetmount,/products/dji-mic-3-magnetfaste,/products/dji-mic-3-magnetmount,YES,YES,DJI Mic 3 Magnetfäste för Säker Mikrofonfästning,,
product,forlangningsstav-dji-osmo-forlangd-batteritid,forlangningsstav-dji-osmo-forlangd-batterytid,/products/forlangningsstav-dji-osmo-forlangd-batteritid,/products/forlangningsstav-dji-osmo-forlangd-batterytid,YES,YES,Förlängningsstav till DJI Osmo,,
product,dji-mini-4-pro-bilvaska,dji-mini-4-pro-bilbag,/products/dji-mini-4-pro-bilvaska,/products/dji-mini-4-pro-bilbag,YES,YES,DJI Mini 4 Pro bilväska - Säker Drönarförvaring,,
product,hjalmfaste-dji-osmo-360-tredjepersonsvy,hjalmmount-dji-osmo-360-tredjepersonsvy,/products/hjalmfaste-dji-osmo-360-tredjepersonsvy,/products/hjalmmount-dji-osmo-360-tredjepersonsvy,YES,YES,"Original Third-Person Helmet Mount Kit For DJI Osmo 360, Helmet Mount Kit",,
product,transparent-linsskydd-dji-2-pack,transparent-lens-protector-dji-2-pack,/products/transparent-linsskydd-dji-2-pack,/products/transparent-lens-protector-dji-2-pack,YES,YES,Transparent linsskydd DJI - Transparent Linsskydd för DJI Drönare,,
product,dji-osmo-selfiefaste-klamma,dji-osmo-selfiemount-klamma,/products/dji-osmo-selfiefaste-klamma,/products/dji-osmo-selfiemount-klamma,YES,YES,Original Selfie Stick Clamp Mount For DJI Osmo 360,,
product,dji-mavic-3-landningskula-protection,dji-mavic-3-landingskula-protection,/products/dji-mavic-3-landningskula-protection,/products/dji-mavic-3-landingskula-protection,YES,YES,DJI Mavic 3 Landningskula för Optimalt Skydd,,
product,silikonskydd-osmo-lanyar,siliconeprotection-osmo-lanyar,/products/silikonskydd-osmo-lanyar,/products/siliconeprotection-osmo-lanyar,YES,YES,Skydda Din Kamera med Silikonskydd Osmo Lanyar,,
product,dji-mini-5-pro-motorskydd,dji-mini-5-pro-motorprotection,/products/dji-mini-5-pro-motorskydd,/products/dji-mini-5-pro-motorprotection,YES,YES,DJI Mini 5 Pro motorskydd - Optimalt Motorskydd för DJI Mini 5 Pro,,
product,mavic-4-pro-barvaska-pu-axelvasaka,mavic-4-pro-barbag-pu-axelvasaka,/products/mavic-4-pro-barvaska-pu-axelvasaka,/products/mavic-4-pro-barbag-pu-axelvasaka,YES,YES,Skyddande Mavic 4 Pro Bärväska i PU-Läder,,
product,bag-dji-mini-drones-skyddande-barvaska,bag-dji-mini-drones-protective-barbag,/products/bag-dji-mini-drones-skyddande-barvaska,/products/bag-dji-mini-drones-protective-barbag,YES,YES,Väska DJI Mini 5 ProDrönare - Skyddande Väska,,
product,insta360-go-ultra-faste,insta360-go-ultra-mount,/products/insta360-go-ultra-faste,/products/insta360-go-ultra-mount,YES,YES,Insta360 GO Ultra fäste – Robust skydd och enkel montering,,
product,dji-mic-2-vindskydd,dji-mic-2-vindprotection,/products/dji-mic-2-vindskydd,/products/dji-mic-2-vindprotection,YES,YES,Original DJI Mic 2 Vindskydd för Mikrofon,,
product,original-vindskydd-dji-mic-mini,original-vindprotection-dji-mic-mini,/products/original-vindskydd-dji-mic-mini,/products/original-vindprotection-dji-mic-mini,YES,YES,"Original Windscreen For DJI Mic Mini (Black With Black Clip), Windscreen Black With Black Clip",,
product,dji-skyport-v3-kabelkit-matrice-drones,dji-skyport-v3-cablekit-matrice-drones,/products/dji-skyport-v3-kabelkit-matrice-drones,/products/dji-skyport-v3-cablekit-matrice-drones,YES,YES,"Original SKYPORT V3 Coaxial Cable Kit For DJI Matrice 400, Coaxial Cable Kit",,
product,dji-mic-mini-vindskydd-gra,dji-mic-mini-vindprotection-gra,/products/dji-mic-mini-vindskydd-gra,/products/dji-mic-mini-vindprotection-gra,YES,YES,"Original Windscreen For DJI Mic Mini (Gray With White Clip), Windscreen Gray With White Clip",,
product,dji-mic-mini-vindskydd-svart,dji-mic-mini-vindprotection-svart,/products/dji-mic-mini-vindskydd-svart,/products/dji-mic-mini-vindprotection-svart,YES,YES,"Original Windscreen For DJI Mic Mini (Black Gray With Black Clip), Windscreen Black Gray With Black Clip",,
product,osmo-nano-adapterfaste-vikbart-snabbfaste,osmo-nano-adaptermount-vikbart-snabbmount,/products/osmo-nano-adapterfaste-vikbart-snabbfaste,/products/osmo-nano-adaptermount-vikbart-snabbmount,YES,YES,Original Dual Direction Quick Vikbart Snabbfäste,,
product,lipo-bag-dji-mini-brandsaker-forvaring,lipo-bag-dji-mini-brandsaker-storage,/products/lipo-bag-dji-mini-brandsaker-forvaring,/products/lipo-bag-dji-mini-brandsaker-storage,YES,YES,Brandsäker DJI Mini Batteriväska för Säker Förvaring,,
product,osmo-action-skarmskydd-hardat-glas,osmo-action-skarmprotection-hardat-glas,/products/osmo-action-skarmskydd-hardat-glas,/products/osmo-action-skarmprotection-hardat-glas,YES,YES,Osmo Action Skärmskydd i Härdat Glas,,
product,dji-magnetfaste-kulled,dji-magnetmount-kulled,/products/dji-magnetfaste-kulled,/products/dji-magnetmount-kulled,YES,YES,Original Dual Direction Magnetiskt Kulledsfäste,,
product,skarmskydd-dji-osmo-film,skarmprotection-dji-osmo-film,/products/skarmskydd-dji-osmo-film,/products/skarmprotection-dji-osmo-film,YES,YES,Skärmskydd DJI Osmo Film – Optimalt Skydd för Din Kamera,,
product,skarmskydd-dji-osmo-nano-startrc-2pcs-hartdat-glas,skarmprotection-dji-osmo-nano-startrc-2pcs-hartdat-glas,/products/skarmskydd-dji-osmo-nano-startrc-2pcs-hartdat-glas,/products/skarmprotection-dji-osmo-nano-startrc-2pcs-hartdat-glas,YES,YES,DJI Osmo Nano STARTRC 2pcs - Skärmskydd i Härdat Glas för DJI Osmo,,
product,dji-mini-5-pro-hd-anti-scratch-skyddsfilm,dji-mini-5-pro-hd-anti-scratch-protectionsfilm,/products/dji-mini-5-pro-hd-anti-scratch-skyddsfilm,/products/dji-mini-5-pro-hd-anti-scratch-protectionsfilm,YES,YES,Skyddsfilm för DJI Mini 5 Pro HD Anti-Scratch,,
product,dji-osmo-magnetfaste-snabbfaste,dji-osmo-magnetmount-snabbmount,/products/dji-osmo-magnetfaste-snabbfaste,/products/dji-osmo-magnetmount-snabbmount,YES,YES,DJI Osmo Magnetfäste för Actionkameror,,
product,propeller-guard-snabbfaste-mavic-4-pro,propeller-guard-snabbmount-mavic-4-pro,/products/propeller-guard-snabbfaste-mavic-4-pro,/products/propeller-guard-snabbmount-mavic-4-pro,YES,YES,Propellerskydd med Snabbfäste för Mavic 4 Pro,,
product,forvaringslada-mavic-4-pro-stotsaker,storageslada-mavic-4-pro-stotsaker,/products/forvaringslada-mavic-4-pro-stotsaker,/products/storageslada-mavic-4-pro-stotsaker,YES,YES,Förvaringslåda Mavic - Stötsäker Förvaringslåda för DJI Mavic 4 Pro,,
product,forhojt-landningsstall-dji-mavic-4-pro,forhojt-landing-gear-dji-mavic-4-pro,/products/forhojt-landningsstall-dji-mavic-4-pro,/products/forhojt-landing-gear-dji-mavic-4-pro,YES,YES,Förhöjt Landningsställ för DJI Mavic 4 Pro,,
product,insta360-ace-pro-bur-skyddande-metallram,insta360-ace-pro-bur-protective-metallram,/products/insta360-ace-pro-bur-skyddande-metallram,/products/insta360-ace-pro-bur-protective-metallram,YES,YES,insta360 ace pro kamera action - Skyddsbur i Metall för Insta360 Ace,,
product,osmo-pocket-3-magnetiskt-faste-expanderbar-ryggkla,osmo-pocket-3-magnetiskt-mount-expanderbar-ryggkla,/products/osmo-pocket-3-magnetiskt-faste-expanderbar-ryggkla,/products/osmo-pocket-3-magnetiskt-mount-expanderbar-ryggkla,YES,YES,Osmo Pocket 3 magn expand - Magnetiskt Fäste med Ryggklämma för Osmo,,
product,magnetiskt-snabbfaste-actionkamera-dji-osmo,magnetiskt-snabbmount-actionkamera-dji-osmo,/products/magnetiskt-snabbfaste-actionkamera-dji-osmo,/products/magnetiskt-snabbmount-actionkamera-dji-osmo,YES,YES,Kamera 4k dji - Magnetiskt Snabbfäste för Actionkamera,,
product,dji-osmo-nano-magnetfaste-tvaklo-faste,dji-osmo-nano-magnetmount-tvaklo-mount,/products/dji-osmo-nano-magnetfaste-tvaklo-faste,/products/dji-osmo-nano-magnetmount-tvaklo-mount,YES,YES,DJI Osmo Nano Magnetic - DJI Osmo Nano Magnetiskt Snabbfäste,,
product,landningsstall-dji-mavic-4-pro,landing-gear-dji-mavic-4-pro,/products/landningsstall-dji-mavic-4-pro,/products/landing-gear-dji-mavic-4-pro,YES,YES,Landningsställ DJI Mavic 4 Pro - BRDRC Höjdökande Stativ,,
product,yelangu-mx5s-mikrofonset-tradlost,yelangu-mx5s-microphoneset-wirelesst,/products/yelangu-mx5s-mikrofonset-tradlost,/products/yelangu-mx5s-microphoneset-wirelesst,YES,YES,YELANGU MX5S Dual-Channel 2.4GHz Wireless Microphone System with 2 Transmitters and Receiver,,
product,sdrd-sd-08-tradlos-karaokemikrofon,sdrd-sd-08-wireless-karaokemicrophone,/products/sdrd-sd-08-tradlos-karaokemikrofon,/products/sdrd-sd-08-wireless-karaokemicrophone,YES,YES,SDRD SD-08 Trådlös Karaokemikrofon med Dubbla Högtalare,,
product,boya-by-v01-mikrofon,boya-by-v01-microphone,/products/boya-by-v01-mikrofon,/products/boya-by-v01-microphone,YES,YES,BOYA BY-V01 mikrofon - BOYA BY-V01 Stereomikrofon,,
product,usb-mikrofon-digital-ljudingang,usb-microphone-digital-audioingang,/products/usb-mikrofon-digital-ljudingang,/products/usb-microphone-digital-audioingang,YES,YES,USB Mikrofon för Digital Ljudinspelning,,
product,deity-v-mic-d3-mikrofon,deity-v-mic-d3-microphone,/products/deity-v-mic-d3-mikrofon,/products/deity-v-mic-d3-microphone,YES,YES,Deity V-Mic D3 Mikrofon för Professionell Ljudupptagning,,
product,8-pin-myggmikrofon-tradlos-livesandning,8-pin-myggmicrophone-wireless-livesandning,/products/8-pin-myggmikrofon-tradlos-livesandning,/products/8-pin-myggmicrophone-wireless-livesandning,YES,YES,8-pin Myggmikrofon för Professionell Ljudinspelning,,
product,deity-v-mic-d3-pro-mikrofon,deity-v-mic-d3-pro-microphone,/products/deity-v-mic-d3-pro-mikrofon,/products/deity-v-mic-d3-pro-microphone,YES,YES,Deity V-Mic D3 Pro Riktad Kondensatormikrofon,,
product,boya-by-um4-mikrofon,boya-by-um4-microphone,/products/boya-by-um4-mikrofon,/products/boya-by-um4-microphone,YES,YES,BOYA BY-UM4 Mikrofon: Ljudkvalitet för Mobilen,,
product,saramonic-smartmic5-di-lang-enkelriktad-mikrofon,saramonic-smartmic5-di-lang-enkelriktad-microphone,/products/saramonic-smartmic5-di-lang-enkelriktad-mikrofon,/products/saramonic-smartmic5-di-lang-enkelriktad-microphone,YES,YES,Saramonic SmartMic5 Di – Extern Mikrofon för Lightning,,
product,ap031-lavaliermikrofon-mobil,ap031-lavaliermicrophone-mobil,/products/ap031-lavaliermikrofon-mobil,/products/ap031-lavaliermicrophone-mobil,YES,YES,"AP031-2 3 in 1 Noise Reduction Lavalier Wireless Microphone with Mic, AP031-2",,
product,yelangu-my2-myggmikrofon,yelangu-my2-myggmicrophone,/products/yelangu-my2-myggmikrofon,/products/yelangu-my2-myggmicrophone,YES,YES,YELANGU MY2 Myggmikrofon för Mobil och Kamera,,
product,tradlos-lavalier-mikrofon-ep033t-8-pin-interface,wireless-lavalier-microphone-ep033t-8-pin-interface,/products/tradlos-lavalier-mikrofon-ep033t-8-pin-interface,/products/wireless-lavalier-microphone-ep033t-8-pin-interface,YES,YES,EP033T 8 Pin Interface - EP033T Trådlös Lavalier Mikrofon med 8 Pin,,
product,puluz-iphone-double-tradlos-lavalier-mikrofon,puluz-iphone-double-wireless-lavalier-microphone,/products/puluz-iphone-double-tradlos-lavalier-mikrofon,/products/puluz-iphone-double-wireless-lavalier-microphone,YES,YES,"PULUZ Wireless Lavalier Noise Reduction Reverb Microphones for iPhone / iPad, 8-Pin Receiver Dual Microphones, 8-Pin Receiver and Dual Microphones",,
product,dji-rc-pro-2-skarmskydd-hartat-glas,dji-rc-pro-2-skarmprotection-hartat-glas,/products/dji-rc-pro-2-skarmskydd-hartat-glas,/products/dji-rc-pro-2-skarmprotection-hartat-glas,YES,YES,DJI RC Pro 2 skärmskydd - Härdat Skärmskydd för DJI,,
product,yelangu-mic10-shotgun-mikrofon-for-video,yelangu-mic10-shotgun-microphone-for-video,/products/yelangu-mic10-shotgun-mikrofon-for-video,/products/yelangu-mic10-shotgun-microphone-for-video,YES,YES,YELANGU MIC10 Shotgun Mikrofon för Video och Intervjuer,,
product,xtuga-iem1200-tradlos-mottagare-scen,xtuga-iem1200-wireless-mottagare-scen,/products/xtuga-iem1200-tradlos-mottagare-scen,/products/xtuga-iem1200-wireless-mottagare-scen,YES,YES,XTUGA IEM1200 mottagare - XTUGA IEM1200 Trådlös Mottagare för Scen,,
product,xiaomi-bluetooth-mikrofon,xiaomi-bluetooth-microphone,/products/xiaomi-bluetooth-mikrofon,/products/xiaomi-bluetooth-microphone,YES,YES,Xiaomi Bluetooth Mikrofon för Kristallklart Ljud,,
product,m30-shotgun-mikrofon-kondensor-camera-mobil,m30-shotgun-microphone-kondensor-camera-mobil,/products/m30-shotgun-mikrofon-kondensor-camera-mobil,/products/m30-shotgun-microphone-kondensor-camera-mobil,YES,YES,M30 Shotgun Mikrofon för Kamera och Mobil,,
product,tradlos-usb-c-lavalier-mikrofon-ep033t,wireless-usb-c-lavalier-microphone-ep033t,/products/tradlos-usb-c-lavalier-mikrofon-ep033t,/products/wireless-usb-c-lavalier-microphone-ep033t,YES,YES,EP033T USB-C / Type-C - EP033T USB-C Trådlös Lavalier Mikrofon,,
product,mini-tradlos-mygga-usb-c-lavalier-mikrofon,mini-wireless-mygga-usb-c-lavalier-microphone,/products/mini-tradlos-mygga-usb-c-lavalier-mikrofon,/products/mini-wireless-mygga-usb-c-lavalier-microphone,YES,YES,Mini Trådlös Mygga USB-C för Mobil och Surfplatta,,
product,puluz-vlogg-mikrofon-3-5mm-stereo,puluz-vlogg-microphone-3-5mm-stereo,/products/puluz-vlogg-mikrofon-3-5mm-stereo,/products/puluz-vlogg-microphone-3-5mm-stereo,YES,YES,PULUZ Vlogg Mikrofon 3.5mm för Professionellt Ljud,,
product,lavalier-mikrofon-8-pin-tradlos,lavalier-microphone-8-pin-wireless,/products/lavalier-mikrofon-8-pin-tradlos,/products/lavalier-microphone-8-pin-wireless,YES,YES,LT07 8 Pin Interface Mini - Trådlös Lavalier-mikrofon LT07,,
product,yanmai-x2-brusreducerande-mikrofon-inspelningsset,yanmai-x2-brusreducerande-microphone-inspelningsset,/products/yanmai-x2-brusreducerande-mikrofon-inspelningsset,/products/yanmai-x2-brusreducerande-microphone-inspelningsset,YES,YES,Yanmai X2 Brusreducerande Mikrofonset för Inspelning,,
product,aputure-v-mic-d1-mikrofon,aputure-v-mic-d1-microphone,/products/aputure-v-mic-d1-mikrofon,/products/aputure-v-mic-d1-microphone,YES,YES,"Aputure V-MIC D1 Directional Condenser Shotgun Microphone, Support 360 Degree Pan / 180 Degree Tilt",,
product,xtuga-iem1200-10-tradlost-in-ear-monitorsystem,xtuga-iem1200-10-wirelesst-in-ear-monitorsystem,/products/xtuga-iem1200-10-tradlost-in-ear-monitorsystem,/products/xtuga-iem1200-10-wirelesst-in-ear-monitorsystem,YES,YES,XTUGA IEM1200 10 Trådlöst Monitorsystem för Scen,,
product,takstar-sgc-598-mikrofon-dslr-camera,takstar-sgc-598-microphone-dslr-camera,/products/takstar-sgc-598-mikrofon-dslr-camera,/products/takstar-sgc-598-microphone-dslr-camera,YES,YES,TAKSTAR SGC-598 Professional Photography Interview Dedicated Microphone for DSLR & DV Camcorder,,
product,yanmai-t1-gamingmikrofon-rgb-usb-c,yanmai-t1-gamingmicrophone-rgb-usb-c,/products/yanmai-t1-gamingmikrofon-rgb-usb-c,/products/yanmai-t1-gamingmicrophone-rgb-usb-c,YES,YES,Yanmai T1 Gamingmikrofon med RGB och USB-C,,
product,sgc-598-kameramikrofon-dslr-videokamera,sgc-598-kameramicrophone-dslr-videokamera,/products/sgc-598-kameramikrofon-dslr-videokamera,/products/sgc-598-kameramicrophone-dslr-videokamera,YES,YES,SGC-598 kameramikrofon - SGC-598 Professionell Kameramikrofon,,
product,tradlos-lavalier-usb-c-mikrofon,wireless-lavalier-usb-c-microphone,/products/tradlos-lavalier-usb-c-mikrofon,/products/wireless-lavalier-usb-c-microphone,YES,YES,Trådlös Lavalier USB-C Mikrofon för Mobil,,
product,debo-ys-8-professionell-kameramikrofon,debo-ys-8-professionell-kameramicrophone,/products/debo-ys-8-professionell-kameramikrofon,/products/debo-ys-8-professionell-kameramicrophone,YES,YES,DEBO YS-8 Professionell - DEBO YS-8 Professionell Kameramikrofon,,
product,xtuga-iem1200-tradlost-in-ear-system-4-mottagare,xtuga-iem1200-wirelesst-in-ear-system-4-mottagare,/products/xtuga-iem1200-tradlost-in-ear-system-4-mottagare,/products/xtuga-iem1200-wirelesst-in-ear-system-4-mottagare,YES,YES,XTUGA IEM1200 4 mottagare - XTUGA IEM1200 Trådlöst In-Ear System,,
product,yanmai-x1-studiomikrofon-vikbar-usb-kondensator,yanmai-x1-studiomicrophone-vikbar-usb-kondensator,/products/yanmai-x1-studiomikrofon-vikbar-usb-kondensator,/products/yanmai-x1-studiomicrophone-vikbar-usb-kondensator,YES,YES,Yanmai X1 studiomikrofon - Yanmai X1 Professionell Studiomikrofon,,
product,usb-kondensatormikrofon-dator-inspelning,usb-kondensatormicrophone-dator-inspelning,/products/usb-kondensatormikrofon-dator-inspelning,/products/usb-kondensatormicrophone-dator-inspelning,YES,YES,"USB Condenser Microphone with Cable for Computer PC Desktop Laptop Notebook Cable Recording Gaming Podcasting, Black",,
product,mamen-kt-w1-kameramikrofon,mamen-kt-w1-kameramicrophone,/products/mamen-kt-w1-kameramikrofon,/products/mamen-kt-w1-kameramicrophone,YES,YES,"MAMEN KT-W1 Live Single-Reverse Camera Microphone, Specification:, 1 in 1, 2 in 1",,
product,tradlos-mikrofon-headset-asing-wm03,wireless-microphone-headset-asing-wm03,/products/tradlos-mikrofon-headset-asing-wm03,/products/wireless-microphone-headset-asing-wm03,YES,YES,ASiNG WM03 Trådlös Mikrofon Headset,,
product,lavalier-mikrofon-rode-wireless-go-1-5m,lavalier-microphone-rode-wireless-go-1-5m,/products/lavalier-mikrofon-rode-wireless-go-1-5m,/products/lavalier-microphone-rode-wireless-go-1-5m,YES,YES,röde lavalier go - Lavalier Mikrofon för Röde Wireless Go,,
product,tradlos-lavalier-mikrofon,wireless-lavalier-microphone,/products/tradlos-lavalier-mikrofon,/products/wireless-lavalier-microphone,YES,YES,Professionell Trådlös Lavalier Mikrofon för Inspelning,,
product,xtuga-rw2080-mottagare-tradlos-scenmonitor,xtuga-rw2080-mottagare-wireless-scenmonitor,/products/xtuga-rw2080-mottagare-tradlos-scenmonitor,/products/xtuga-rw2080-mottagare-wireless-scenmonitor,YES,YES,"XTUGA RW2080 UHF Wireless Stage Singer In-Ear Monitor System Single BodyPack Receiver, RW2080 Receiver Bodypack",,
product,xtuga-iem1200-tradlost-in-ear-monitor-system,xtuga-iem1200-wirelesst-in-ear-monitor-system,/products/xtuga-iem1200-tradlost-in-ear-monitor-system,/products/xtuga-iem1200-wirelesst-in-ear-monitor-system,YES,YES,XTUGA IEM1200 Trådlöst Monitorsystem för Scen,,
product,xtuga-iem1200-tradlos-in-ear-monitor-8-mottagare,xtuga-iem1200-wireless-in-ear-monitor-8-mottagare,/products/xtuga-iem1200-tradlos-in-ear-monitor-8-mottagare,/products/xtuga-iem1200-wireless-in-ear-monitor-8-mottagare,YES,YES,XTUGA IEM1200 Trådlös In-ear Monitor 8 Mottagare,,
product,sf-690-karaokemikrofon-mobil-inspelning,sf-690-karaokemicrophone-mobil-inspelning,/products/sf-690-karaokemikrofon-mobil-inspelning,/products/sf-690-karaokemicrophone-mobil-inspelning,YES,YES,SF-690 Karaokemikrofon för Mobil Inspelning,,
product,yelangu-mic11-mikrofon-camera-mobil,yelangu-mic11-microphone-camera-mobil,/products/yelangu-mic11-mikrofon-camera-mobil,/products/yelangu-mic11-microphone-camera-mobil,YES,YES,YELANGU MIC11 Mikrofon för Kamera och Mobil,,
product,yelangu-mx5-2-4g-tradlos-mikrofon,yelangu-mx5-2-4g-wireless-microphone,/products/yelangu-mx5-2-4g-tradlos-mikrofon,/products/yelangu-mx5-2-4g-wireless-microphone,YES,YES,Trådlös mikrofon YELANGU - YELANGU MX5 Trådlös Mikrofon,,
product,yelangu-usb-c-mikrofon,yelangu-usb-c-microphone,/products/yelangu-usb-c-mikrofon,/products/yelangu-usb-c-microphone,YES,YES,YELANGU USB-C Mikrofon för Mobil – Brusreducerande,,
product,yelangu-my3-lavalier-mikrofon-type-c,yelangu-my3-lavalier-microphone-type-c,/products/yelangu-my3-lavalier-mikrofon-type-c,/products/yelangu-my3-lavalier-microphone-type-c,YES,YES,YELANGU MY3 Lavalier Mikrofon för Mobiltelefon,,
product,gk-skrivbordsmikrofon-3-5mm-kabelansluten-dual-m,gk-skrivbordsmicrophone-3-5mm-cableansluten-dual-m,/products/gk-skrivbordsmikrofon-3-5mm-kabelansluten-dual-m,/products/gk-skrivbordsmicrophone-3-5mm-cableansluten-dual-m,YES,YES,GK Desktop 3.5mm Wired Dual - GK Skrivbordsmikrofon med Dubbla,,
product,karaoke-mikrofon-mobil,karaoke-microphone-mobil,/products/karaoke-mikrofon-mobil,/products/karaoke-microphone-mobil,YES,YES,Karaoke Mikrofon Mobil – Din Mobilstudio,,
product,mavic-4-pro-rc-2-bag-stottatalig-forvaring,mavic-4-pro-rc-2-bag-stottatalig-storage,/products/mavic-4-pro-rc-2-bag-stottatalig-forvaring,/products/mavic-4-pro-rc-2-bag-stottatalig-storage,YES,YES,Mavic 4 Pro RC 2 Väska för Optimalt Drönarskydd,,
product,kondensatormikrofon-faste-metall,kondensatormicrophone-mount-metall,/products/kondensatormikrofon-faste-metall,/products/kondensatormicrophone-mount-metall,YES,YES,"Condenser Microphone 50mm Metal Shockproof Mount Holder, 50mm",,
product,yanmai-sf-900-studiomikrofon-with-tripod,yanmai-sf-900-studiomicrophone-with-tripod,/products/yanmai-sf-900-studiomikrofon-with-tripod,/products/yanmai-sf-900-studiomicrophone-with-tripod,YES,YES,Yanmai SF-900 Multi-function Four Directivity Studio Recording Condenser Microphone with Desktop Stand,,
product,lavalier-mikrofon-yc-lm10,lavalier-microphone-yc-lm10,/products/lavalier-mikrofon-yc-lm10,/products/lavalier-microphone-yc-lm10,YES,YES,"YICHUANG YC-LM10 USB-C / Type-C Intelligent Noise Reduction Condenser Lavalier Microphone, Cable Length: 1.5m, YC-LM10",,
product,yichuang-lavalier-mikrofon-yc-vm20,yichuang-lavalier-microphone-yc-vm20,/products/yichuang-lavalier-mikrofon-yc-vm20,/products/yichuang-lavalier-microphone-yc-vm20,YES,YES,Yichuang Lavalier Mikrofon YC-VM20 för Videoinspelning,,
product,yichuang-vm100-mikrofon-brusreducering,yichuang-vm100-microphone-brusreducering,/products/yichuang-vm100-mikrofon-brusreducering,/products/yichuang-vm100-microphone-brusreducering,YES,YES,Yichuang VM100 Mikrofon för Kristallklart Ljud,,
product,hot-shoe-adapter-ring-mikrofonfaste-zhiyun-smooth,hot-shoe-adapter-ring-microphonemount-zhiyun-smooth,/products/hot-shoe-adapter-ring-mikrofonfaste-zhiyun-smooth,/products/hot-shoe-adapter-ring-microphonemount-zhiyun-smooth,YES,YES,Hot Shoe Adapter för Mikrofon till Zhiyun Smooth,,
product,mini-mikrofon-3-5mm-bojbar-mk5,mini-microphone-3-5mm-bojbar-mk5,/products/mini-mikrofon-3-5mm-bojbar-mk5,/products/mini-microphone-3-5mm-bojbar-mk5,YES,YES,Böjbar Mini Mikrofon 3.5mm för Mobil och Dator,,
product,mk-5-mini-mikrofon-3-5mm-mono,mk-5-mini-microphone-3-5mm-mono,/products/mk-5-mini-mikrofon-3-5mm-mono,/products/mk-5-mini-microphone-3-5mm-mono,YES,YES,MK-5 Mini Mikrofon 3.5mm Mono med Guldkontakt,,
product,mk-5-stereo-mikrofon-3-5mm-guldplaterad-plugg-mobi,mk-5-stereo-microphone-3-5mm-guldplaterad-plugg-mobi,/products/mk-5-stereo-mikrofon-3-5mm-guldplaterad-plugg-mobi,/products/mk-5-stereo-microphone-3-5mm-guldplaterad-plugg-mobi,YES,YES,"MK-5 Stereo 3.5mm Gold Plated Plug Live Mobile Phone Tablet Laptop Mini Bend Microphone, Stereo",,
product,halsbandsmikrofon-mk-7-3-5mm-vinklad-kontakt,halsbandsmicrophone-mk-7-3-5mm-vinklad-contact,/products/halsbandsmikrofon-mk-7-3-5mm-vinklad-kontakt,/products/halsbandsmicrophone-mk-7-3-5mm-vinklad-contact,YES,YES,"MK-7 3.5mm Elbow Head Handheld Loudspeaker Neck-mounted Microphone with Lanyard, Length: 1m",,
product,silikonskal-insta360-x5-protection,silicone-case-insta360-x5-protection,/products/silikonskal-insta360-x5-protection,/products/silicone-case-insta360-x5-protection,YES,YES,Insta360 X5 skydd - Silikonskal för Insta360 X5 – Perfekt Skydd,,
product,extern-bil-gps-mikrofon,extern-bil-gps-microphone,/products/extern-bil-gps-mikrofon,/products/extern-bil-gps-microphone,YES,YES,"ZJ010MR Mono 2.5mm Angle Head Plug Car Navigation GPS Speaker External Paste Bluetooth Microphone, Length: 3m, 2.5mm",,
product,rodd-nb-108-karaoke-mikrofon-tripod,rodd-nb-108-karaoke-microphone-tripod,/products/rodd-nb-108-karaoke-mikrofon-tripod,/products/rodd-nb-108-karaoke-microphone-tripod,YES,YES,RODD NB-108 Karaoke Mikrofon Stativ för Telefon,,
product,zj010mr-mono-3-5mm-vinklad-kontakt,zj010mr-mono-3-5mm-vinklad-contact,/products/zj010mr-mono-3-5mm-vinklad-kontakt,/products/zj010mr-mono-3-5mm-vinklad-contact,YES,YES,"ZJ010MR Mono 3.5mm Angle Head Plug Car Navigation GPS Speaker External Paste Bluetooth Microphone, Length: 3m, 3.5mm",,
product,extern-mikrofon-bilnavigering-3m,extern-microphone-bilnavigering-3m,/products/extern-mikrofon-bilnavigering-3m,/products/extern-microphone-bilnavigering-3m,YES,YES,"ZJ015MR RCA Lotus Plug Car Navigation DVD External Paste Microphone, Length: 3m, RCA Lotus Plug",,
product,zj015mr-mono-2-5mm-vinklad-kontakt-bilnavigering,zj015mr-mono-2-5mm-vinklad-contact-bilnavigering,/products/zj015mr-mono-2-5mm-vinklad-kontakt-bilnavigering,/products/zj015mr-mono-2-5mm-vinklad-contact-bilnavigering,YES,YES,"ZJ015MR Mono 2.5mm Angle Head Plug Car Navigation DVD External Paste Microphone, Length: 3m, Mono 2.5mm Angle Head",,
product,insta360-x5-puluz-metallskyddsbur,insta360-x5-puluz-metallprotectionsbur,/products/insta360-x5-puluz-metallskyddsbur,/products/insta360-x5-puluz-metallprotectionsbur,YES,YES,Insta360 X5 PULUZ Metal - PULUZ Metallskyddsbur för Insta360 X5,,
product,puluz-vloggkit-smartphone-komplett-videoutrustning,puluz-vloggkit-smartphone-komplett-videoequipment,/products/puluz-vloggkit-smartphone-komplett-videoutrustning,/products/puluz-vloggkit-smartphone-komplett-videoequipment,YES,YES,Vloggkit smartphone - PULUZ Vloggkit för Smartphone,,
product,bil-navigationsmikrofon-zj015mr-vinklad-3-5mm,bil-navigationsmicrophone-zj015mr-vinklad-3-5mm,/products/bil-navigationsmikrofon-zj015mr-vinklad-3-5mm,/products/bil-navigationsmicrophone-zj015mr-vinklad-3-5mm,YES,YES,Extern Bil Navigationsmikrofon ZJ015MR,,
product,zj015mr-stereo-2-5mm-vinklad-kontakt,zj015mr-stereo-2-5mm-vinklad-contact,/products/zj015mr-stereo-2-5mm-vinklad-kontakt,/products/zj015mr-stereo-2-5mm-vinklad-contact,YES,YES,ZJ015MR Stereo 2.5mm Angle - ZJ015MR Stereo 2.5mm Vinklad,,
product,bilstereo-mikrofon-3m,bilstereo-microphone-3m,/products/bilstereo-mikrofon-3m,/products/bilstereo-microphone-3m,YES,YES,"ZJ015MR Stereo 3.5mm Angle Head Plug Car Navigation DVD External Paste Microphone, Length: 3m, Stereo 3.5mm Angle Head",,
product,puluz-cykel-aluminium-styre-faste-actionkamera,puluz-cykel-aluminium-styre-mount-actionkamera,/products/puluz-cykel-aluminium-styre-faste-actionkamera,/products/puluz-cykel-aluminium-styre-mount-actionkamera,YES,YES,PULUZ Bike Aluminum Handlebar - PULUZ Cykelstyrefäste i Aluminium,,
product,zj015mr-mono-3-5mm-rak-mikrofon-bil,zj015mr-mono-3-5mm-rak-microphone-bil,/products/zj015mr-mono-3-5mm-rak-mikrofon-bil,/products/zj015mr-mono-3-5mm-rak-microphone-bil,YES,YES,ZJ015MR Mono 3.5mm Straight - ZJ015MR Mono 3.5mm Rak Extern Mikrofon,,
product,puluz-skrivbordsfaste-kamerafaste-c-klamma,puluz-skrivbordsmount-kameramount-c-klamma,/products/puluz-skrivbordsfaste-kamerafaste-c-klamma,/products/puluz-skrivbordsmount-kameramount-c-klamma,YES,YES,PULUZ Skrivbordsfäste för Kamera med C-klämma,,
product,zj015mr-stereo-2-5mm-rak-kontakt-bilmikrofon,zj015mr-stereo-2-5mm-rak-contact-bilmicrophone,/products/zj015mr-stereo-2-5mm-rak-kontakt-bilmikrofon,/products/zj015mr-stereo-2-5mm-rak-contact-bilmicrophone,YES,YES,ZJ015MR Stereo 2.5mm Straight - Extern Bilmikrofon med ZJ015MR Stereo,,
product,lavalier-mono-mikrofon-bil-2-5mm,lavalier-mono-microphone-bil-2-5mm,/products/lavalier-mono-mikrofon-bil-2-5mm,/products/lavalier-mono-microphone-bil-2-5mm,YES,YES,Lavalier Mono Mikrofon ZJ025MR för Bilbruk,,
product,lavalier-mikrofon-bi-jack-extern-mikrofon-bil-gps,lavalier-microphone-bi-jack-extern-microphone-bil-gps,/products/lavalier-mikrofon-bi-jack-extern-mikrofon-bil-gps,/products/lavalier-microphone-bi-jack-extern-microphone-bil-gps,YES,YES,Lavalier Mikrofon Bi Jack för Bil och GPS-system,,
product,stereo-bilmikrofon-2-5mm-zj025mr,stereo-bilmicrophone-2-5mm-zj025mr,/products/stereo-bilmikrofon-2-5mm-zj025mr,/products/stereo-bilmicrophone-2-5mm-zj025mr,YES,YES,Högkvalitativ Stereo Bilmikrofon 2.5mm för Fordon,,
product,lavalier-bilmikrofon-extern-mikrofon-bilradio-3m,lavalier-bilmicrophone-extern-microphone-bilradio-3m,/products/lavalier-bilmikrofon-extern-mikrofon-bilradio-3m,/products/lavalier-bilmicrophone-extern-microphone-bilradio-3m,YES,YES,Lavalier Bilmikrofon för Bilstereo och GPS,,
product,zj025mr-mikrofon-lavalier-2-5mm,zj025mr-microphone-lavalier-2-5mm,/products/zj025mr-mikrofon-lavalier-2-5mm,/products/zj025mr-microphone-lavalier-2-5mm,YES,YES,ZJ025MR mikrofon: Lavalier med 2.5mm jack till bil & GPS,,
product,zj025mr-stick-on-clip-on-lavalier-mikrofon-bil-gps,zj025mr-stick-on-clip-on-lavalier-microphone-bil-gps,/products/zj025mr-stick-on-clip-on-lavalier-mikrofon-bil-gps,/products/zj025mr-stick-on-clip-on-lavalier-microphone-bil-gps,YES,YES,ZJ025MR Stick-on Klämfäste Lavalier Mikrofon,,
product,zj031mr-mono-2-5mm-rak-kontakt-mikrofon,zj031mr-mono-2-5mm-rak-contact-microphone,/products/zj031mr-mono-2-5mm-rak-kontakt-mikrofon,/products/zj031mr-mono-2-5mm-rak-contact-microphone,YES,YES,ZJ031MR Mono 2.5mm Straight - ZJ031MR Mono 2.5mm Rak Kontakt,,
product,studioutrustning-inspelning-live,studioequipment-inspelning-live,/products/studioutrustning-inspelning-live,/products/studioequipment-inspelning-live,YES,YES,"Studio Recording, Live - Professionell Utrustning",,
product,halsfaste-mobil-vlogg,halsmount-mobil-vlogg,/products/halsfaste-mobil-vlogg,/products/halsmount-mobil-vlogg,YES,YES,Halsfäste Mobil Vlogg för Handsfree Filmning,,
product,nst-68-surfplatta-stativfaste,nst-68-surfplatta-stativmount,/products/nst-68-surfplatta-stativfaste,/products/nst-68-surfplatta-stativmount,YES,YES,Universell Surfplatta Stativfäste NST-68,,
product,mini-mikrofon-mobil-stereo,mini-microphone-mobil-stereo,/products/mini-mikrofon-mobil-stereo,/products/mini-microphone-mobil-stereo,YES,YES,"ZJ040MR Mono 3.5mm Mobile Phone Tablet Laptop Electronic Equipment Mini Straight Microphone, Mono",,
product,mini-mikrofon-3-5mm-mobil,mini-microphone-3-5mm-mobil,/products/mini-mikrofon-3-5mm-mobil,/products/mini-microphone-3-5mm-mobil,YES,YES,"ZJ040MR Stereo 3.5mm Mobile Phone Tablet Laptop Electronic Equipment Mini Straight Microphone, Stereo",,
product,zj042mr-3-5mm-mobiltelefon-laptop-spel-mikrofon,zj042mr-3-5mm-mobiltelefon-laptop-spel-microphone,/products/zj042mr-3-5mm-mobiltelefon-laptop-spel-mikrofon,/products/zj042mr-3-5mm-mobiltelefon-laptop-spel-microphone,YES,YES,ZJ042MR 3.5mm Mobile Phone - ZJ042MR 3.5mm Minitelefonmikrofon,,
product,boya-by-c03-camera-mikrofonfaste,boya-by-c03-camera-microphonemount,/products/boya-by-c03-camera-mikrofonfaste,/products/boya-by-c03-camera-microphonemount,YES,YES,BOYA BY-C03 Kamera Mikrofon - BOYA BY-C03 Mikrofonfäste för Kamera,,
product,zj052mr-01-mono-3-5mm-mobilmikrofon,zj052mr-01-mono-3-5mm-mobilmicrophone,/products/zj052mr-01-mono-3-5mm-mobilmikrofon,/products/zj052mr-01-mono-3-5mm-mobilmicrophone,YES,YES,ZJ052MR-01 Mono 3.5mm Mobile - ZJ052MR-01 Mono 3.5mm Mobilmikrofon,,
product,extern-mikrofon-mobil-stereo,extern-microphone-mobil-stereo,/products/extern-mikrofon-mobil-stereo,/products/extern-microphone-mobil-stereo,YES,YES,"ZJ052MR-01 Stereo 3.5mm Mobile Phone Tablet Game Machine Mini Straight Microphone, Stereo",,
product,bm-700-usb-kondensatormikrofon,bm-700-usb-kondensatormicrophone,/products/bm-700-usb-kondensatormikrofon,/products/bm-700-usb-kondensatormicrophone,YES,YES,BM-700 USB Kondensatormikrofon för Studio,,
product,k3-bluetooth-5-0-karaoke-live-mikrofon,k3-bluetooth-5-0-karaoke-live-microphone,/products/k3-bluetooth-5-0-karaoke-live-mikrofon,/products/k3-bluetooth-5-0-karaoke-live-microphone,YES,YES,K3 Bluetooth 5.0 Karaoke Live Mikrofon,,
product,mm1-kondensatormikrofon-liveinspelning-intervjuer,mm1-kondensatormicrophone-liveinspelning-intervjuer,/products/mm1-kondensatormikrofon-liveinspelning-intervjuer,/products/mm1-kondensatormicrophone-liveinspelning-intervjuer,YES,YES,MM1 Live Recording Interview - MM1 Kondensatormikrofon,,
product,yanmai-q10b-usb-mikrofon-kit,yanmai-q10b-usb-microphone-kit,/products/yanmai-q10b-usb-mikrofon-kit,/products/yanmai-q10b-usb-microphone-kit,YES,YES,Yanmai Q10B USB Mikrofon Kit för Högkvalitativ Ljudupptagning,,
product,yanmai-x3-mikrofonkit,yanmai-x3-microphonekit,/products/yanmai-x3-mikrofonkit,/products/yanmai-x3-microphonekit,YES,YES,Yanmai X3 mikrofonkit - Yanmai X3 USB Inspelningsmikrofonkit,,
product,tradlos-mikrofon-clip-brusreducering-2-4ghz,wireless-microphone-clip-brusreducering-2-4ghz,/products/tradlos-mikrofon-clip-brusreducering-2-4ghz,/products/wireless-microphone-clip-brusreducering-2-4ghz,YES,YES,"MY-M6 8 Pin Port Portable Smart Noise Reduction 2.4GHz Wireless Microphone with Clip, 8 Pin",,
product,yanmai-q18-usb-mikrofon,yanmai-q18-usb-microphone,/products/yanmai-q18-usb-mikrofon,/products/yanmai-q18-usb-microphone,YES,YES,Yanmai Q18 USB Professional Computer Microphone Anchor Recording Karaoke Condenser Microphone,,
product,tradlos-lavaliermikrofon-ap003,wireless-lavaliermicrophone-ap003,/products/tradlos-lavaliermikrofon-ap003,/products/wireless-lavaliermicrophone-ap003,YES,YES,AP003 Mini Smart Brusreducerande Trådlös Lavaliermikrofon,,
product,mikrofonstativ-bord,microphonestativ-bord,/products/mikrofonstativ-bord,/products/microphonestativ-bord,YES,YES,2 PCS Desktop Lifting Stretch Tripod Multi-functional Universal Conference Display Desktop Microphone Stand Chuck,,
product,live-mikrofonstativ-lyftfunktion-scen-studio,live-microphonestativ-lyftfunktion-scen-studio,/products/live-mikrofonstativ-lyftfunktion-scen-studio,/products/live-microphonestativ-lyftfunktion-scen-studio,YES,YES,Live Microphone Lift Stand - Live Mikrofonstativ med Lyftfunktion,,
product,mikrofonstativ-skrivbord-tvapack,microphonestativ-skrivbord-tvapack,/products/mikrofonstativ-skrivbord-tvapack,/products/microphonestativ-skrivbord-tvapack,YES,YES,Mikrofonstativ Skrivbord 2-pack för Optimal Ljudkvalitet,,
product,boya-by-m3-op-dji-osmo-lavaliermikrofon,boya-by-m3-op-dji-osmo-lavaliermicrophone,/products/boya-by-m3-op-dji-osmo-lavaliermikrofon,/products/boya-by-m3-op-dji-osmo-lavaliermicrophone,YES,YES,BOYA BY-M3-OP For DJI OSMO - BOYA BY-M3-OP Digital Lavalier Mikrofon,,
product,filmningsstativ-led-ljus-overliggande-kamerafaste,filmningsstativ-led-ljus-overliggande-kameramount,/products/filmningsstativ-led-ljus-overliggande-kamerafaste,/products/filmningsstativ-led-ljus-overliggande-kameramount,YES,YES,Filmningsstativ LED-ljus för Professionell Videoproduktion,,
product,aq-220-mikrofon-kondensator,aq-220-microphone-kondensator,/products/aq-220-mikrofon-kondensator,/products/aq-220-microphone-kondensator,YES,YES,AQ-220 Mikrofon – Professionell Kondensatormikrofon,,
product,mikrofonarm-skrivbord-360-grader-roterande-faste,microphonearm-skrivbord-360-grader-roterande-mount,/products/mikrofonarm-skrivbord-360-grader-roterande-faste,/products/microphonearm-skrivbord-360-grader-roterande-mount,YES,YES,Microphone Desktop Cantilever - Professionell Mikrofonarm,,
product,justerbart-mikrofonstativ-golvmodell,justerbart-microphonestativ-golvmodell,/products/justerbart-mikrofonstativ-golvmodell,/products/justerbart-microphonestativ-golvmodell,YES,YES,Justerbart Mikrofonstativ för Optimal Ljudkvalitet,,
product,stereomikrofon-smartphone-klar-stereo-ljudupptagni,stereomicrophone-smartphone-klar-stereo-audioupptagni,/products/stereomikrofon-smartphone-klar-stereo-ljudupptagni,/products/stereomicrophone-smartphone-klar-stereo-audioupptagni,YES,YES,"MIC-02 30-18000Hz Rate Sound Clear Stereo Microphone for Smartphone, Cable Length: 28cm",,
product,h-3-mikrofon-ljudisolerande-protection-brusreducering,h-3-microphone-audioisolerande-protection-brusreducering,/products/h-3-mikrofon-ljudisolerande-protection-brusreducering,/products/h-3-microphone-audioisolerande-protection-brusreducering,YES,YES,H-3 Mikrofon Soundproof - H-3 Mikrofon Ljudisolerande,,
product,yanmai-sf-970-kondensatormikrofon-usb,yanmai-sf-970-kondensatormicrophone-usb,/products/yanmai-sf-970-kondensatormikrofon-usb,/products/yanmai-sf-970-kondensatormicrophone-usb,YES,YES,Yanmai SF-970 mikrofon - Yanmai SF-970 Kondensatormikrofon med USB,,
product,lkt-300-mikrofonstativ-full-metall-disc-bas,lkt-300-microphonestativ-full-metall-disc-bas,/products/lkt-300-mikrofonstativ-full-metall-disc-bas,/products/lkt-300-microphonestativ-full-metall-disc-bas,YES,YES,LKT-300 30-65cm Full Metal - LKT-300 Mikrofonstativ i Full Metall,,
product,yanmai-sf-558-mini-usb-studiomikrofon,yanmai-sf-558-mini-usb-studiomicrophone,/products/yanmai-sf-558-mini-usb-studiomikrofon,/products/yanmai-sf-558-mini-usb-studiomicrophone,YES,YES,"Yanmai SF-558 Mini Professional USB Studio Stereo Condenser Recording Microphone, Cable Length: 15cm",,
product,teyun-s5-mikrofon-vindskydd-ljudabsorberande,teyun-s5-microphone-vindprotection-audioabsorberande,/products/teyun-s5-mikrofon-vindskydd-ljudabsorberande,/products/teyun-s5-microphone-vindprotection-audioabsorberande,YES,YES,"TEYUN S5 Microphone Soundproof Cover Windproof and Sound-absorbing Accessories, S5",,
product,logitech-blue-yeti-usb-kondensatormikrofon,logitech-blue-yeti-usb-kondensatormicrophone,/products/logitech-blue-yeti-usb-kondensatormikrofon,/products/logitech-blue-yeti-usb-kondensatormicrophone,YES,YES,"Logitech Blue Yeti USB Condenser Microphone, Blue Yeti(Silver), Blue Yeti(Black), Blue Yeti(Blue)",,
product,vikbart-mikrofonstativ-y19,vikbart-microphonestativ-y19,/products/vikbart-mikrofonstativ-y19,/products/vikbart-microphonestativ-y19,YES,YES,"Y19 Folding Telescopic Metal Cantilever Live Bracket, Style:, Phone Type",,
product,mikrofon-vindskydd-pf8,microphone-vindprotection-pf8,/products/mikrofon-vindskydd-pf8,/products/microphone-vindprotection-pf8,YES,YES,Alctron PF8 Studio Mic Screen Acoustic Filter Recording Microphone Noise Reduction Wind Screen,,
product,blue-snowball-ice-usb-mikrofon,blue-snowball-ice-usb-microphone,/products/blue-snowball-ice-usb-mikrofon,/products/blue-snowball-ice-usb-microphone,YES,YES,Blue Snowball-ice USB Kondensatormikrofon,,
product,mikrofonhallare-blixtsko-double,microphonehallare-blixtsko-double,/products/mikrofonhallare-blixtsko-double,/products/microphonehallare-blixtsko-double,YES,YES,mikrofonhållare blixtsko - Dubbel Mikrofonhållare med Blixtskofäste,,
product,mikrofon-popfilter-alctron-mpf02,microphone-popfilter-alctron-mpf02,/products/mikrofon-popfilter-alctron-mpf02,/products/microphone-popfilter-alctron-mpf02,YES,YES,Alctron MPF02 Mikrofon Popfilter för Studio,,
product,logitech-blue-yeti-nano-kondensatormikrofon,logitech-blue-yeti-nano-kondensatormicrophone,/products/logitech-blue-yeti-nano-kondensatormikrofon,/products/logitech-blue-yeti-nano-kondensatormicrophone,YES,YES,"Logitech Blue Yeti Nano Condenser Digital USB Live Broadcast Microphone, Blue Yeti Nano",,
product,mikrofonskydd-blue-yeti-palsboll,microphoneprotection-blue-yeti-palsboll,/products/mikrofonskydd-blue-yeti-palsboll,/products/microphoneprotection-blue-yeti-palsboll,YES,YES,Mikrofonskydd Blue Yeti för Optimal Ljudkvalitet,,
product,bm800-mikrofonset-studio-pc-mac,bm800-microphoneset-studio-pc-mac,/products/bm800-mikrofonset-studio-pc-mac,/products/bm800-microphoneset-studio-pc-mac,YES,YES,BM800 Mikrofonset för Studio och St ming,,
product,bm-800-mikrofonset,bm-800-microphoneset,/products/bm-800-mikrofonset,/products/bm-800-microphoneset,YES,YES,BM-800 Mikrofonset för Professionell Ljudinspelning,,
product,mikrofonskydd-studio-podcast,microphoneprotection-studio-podcast,/products/mikrofonskydd-studio-podcast,/products/microphoneprotection-studio-podcast,YES,YES,Högkvalitativt Mikrofonskydd för Optimal Ljudkvalitet,,
product,fifine-f-700-mikrofon,fifine-f-700-microphone,/products/fifine-f-700-mikrofon,/products/fifine-f-700-microphone,YES,YES,Fifine F-700 Mikrofon: Professionell Ljudinspelning,,
product,mikrofonskydd-skum-10-pack,microphoneprotection-skum-10-pack,/products/mikrofonskydd-skum-10-pack,/products/microphoneprotection-skum-10-pack,YES,YES,10-pack Mikrofonskydd i Mjukt Skum,,
product,3000-home-ktv-mic-kondensatormikrofon-pc-studioins,3000-home-ktv-mic-kondensatormicrophone-pc-studioins,/products/3000-home-ktv-mic-kondensatormikrofon-pc-studioins,/products/3000-home-ktv-mic-kondensatormicrophone-pc-studioins,YES,YES,3000 Home KTV Mic Condenser - Kondensatormikrofon för Hemmastudion,,
product,mikrofonskydd-blue-yeti-pro-anti-pop-vindskydd,microphoneprotection-blue-yeti-pro-anti-pop-vindprotection,/products/mikrofonskydd-blue-yeti-pro-anti-pop-vindskydd,/products/microphoneprotection-blue-yeti-pro-anti-pop-vindprotection,YES,YES,Premium Mikrofonskydd för Blue Yeti Pro,,
product,telesin-halsfaste-mobil-magnetisk,telesin-halsmount-mobil-magnetisk,/products/telesin-halsfaste-mobil-magnetisk,/products/telesin-halsmount-mobil-magnetisk,YES,YES,TELESIN Halsfäste Mobil för Handsfree Filmning,,
product,xtuga-burner-mikrofonisoleringsskarm,xtuga-burner-microphoneisoleringsskarm,/products/xtuga-burner-mikrofonisoleringsskarm,/products/xtuga-burner-microphoneisoleringsskarm,YES,YES,XTUGA BURNER Mikrofonisoleringsskärm med 3 Paneler,,
product,boya-by-p4-mikrofon,boya-by-p4-microphone,/products/boya-by-p4-mikrofon,/products/boya-by-p4-microphone,YES,YES,BOYA BY-P4 Mikrofon: Ljudkvalitet för Dina Projekt,,
product,xtuga-p75-hopfallbar-mikrofon-isoleringsskarm,xtuga-p75-hopfallbar-microphone-isoleringsskarm,/products/xtuga-p75-hopfallbar-mikrofon-isoleringsskarm,/products/xtuga-p75-hopfallbar-microphone-isoleringsskarm,YES,YES,XTUGA P75 Hopfällbar Mikrofon Isoleringsskärm,,
product,ringlampa-mobilhallare-flexibel-bordsklamma,ring-light-mobilhallare-flexibel-bordsklamma,/products/ringlampa-mobilhallare-flexibel-bordsklamma,/products/ring-light-mobilhallare-flexibel-bordsklamma,YES,YES,"Live Beauty Ring Light Phone Clip 360 Rotating Heads Hose Clamp Stand, 360 Rotating Heads Hose Clamp Stand",,
product,vindskydd-mikrofon-svampholje,vindprotection-microphone-svampholje,/products/vindskydd-mikrofon-svampholje,/products/vindprotection-microphone-svampholje,YES,YES,"Windshield Sponge Cover Foam Windscreen, For Zoom SGH-6 Mic Capsule, For Zoom H4n Pro Recorder, For Zoom H5/H6/H8/XYH-6/XYH-5",,
product,universalfaste-fill-light-klamma-mobil-gopro,universalmount-fill-light-klamma-mobil-gopro,/products/universalfaste-fill-light-klamma-mobil-gopro,/products/universalmount-fill-light-klamma-mobil-gopro,YES,YES,"Universalfäste Fill Light med 1/4"" Skruv",,
product,yunteng-1688l-16-5-77-tum-selfiepinne-tripod-bluet,yunteng-1688l-16-5-77-tum-selfie-stick-tripod-bluet,/products/yunteng-1688l-16-5-77-tum-selfiepinne-tripod-bluet,/products/yunteng-1688l-16-5-77-tum-selfie-stick-tripod-bluet,YES,YES,"YUNTENG 1688L 16.5-77 Inch Phone Camera Selfie Stick Tripod With Bluetooth Remote Control, 1688L",,
product,awei-mk1-lavalier-mikrofon,awei-mk1-lavalier-microphone,/products/awei-mk1-lavalier-mikrofon,/products/awei-mk1-lavalier-microphone,YES,YES,Awei MK1 lavaliermikrofon – Kristallklart ljud,,
product,livestreaming-kit-tripod-ljus-mikrofon,livestreaming-kit-tripod-ljus-microphone,/products/livestreaming-kit-tripod-ljus-mikrofon,/products/livestreaming-kit-tripod-ljus-microphone,YES,YES,Komplett Livestreaming Kit Stativ med Ljus och Mikrofon,,
product,puluz-usb-c-mikrofon-tradlos-brusreducering,puluz-usb-c-microphone-wireless-brusreducering,/products/puluz-usb-c-mikrofon-tradlos-brusreducering,/products/puluz-usb-c-microphone-wireless-brusreducering,YES,YES,PULUZ USB-C Mikrofon med Brusreducering och Reverb,,
product,vlogging-kit-mobil-stabilisator-mikrofon-led-ljus,vlogging-kit-mobil-stabilisator-microphone-led-ljus,/products/vlogging-kit-mobil-stabilisator-mikrofon-led-ljus,/products/vlogging-kit-mobil-stabilisator-microphone-led-ljus,YES,YES,Komplett Vlogging Kit Mobil med Stabilisator och Ljus,,
product,puluz-tradlos-lavalier-brusreducering-reverb-mikro,puluz-wireless-lavalier-brusreducering-reverb-mikro,/products/puluz-tradlos-lavalier-brusreducering-reverb-mikro,/products/puluz-wireless-lavalier-brusreducering-reverb-mikro,YES,YES,PULUZ Trådlös Lavalier Noise - PULUZ Trådlös Lavalier Mikrofon,,
product,leaplight-dual-cold-shoe-all-metal-telefonfaste-4x,leaplight-dual-cold-shoe-all-metal-telefonmount-4x,/products/leaplight-dual-cold-shoe-all-metal-telefonfaste-4x,/products/leaplight-dual-cold-shoe-all-metal-telefonmount-4x,YES,YES,Leaplight Dual Cold Shoe All-Metal Phone Mount with 4x1/4 Inch Screw P,,
product,puluz-1-5m-usb-c-lavaliermikrofon,puluz-1-5m-usb-c-lavaliermicrophone,/products/puluz-1-5m-usb-c-lavaliermikrofon,/products/puluz-1-5m-usb-c-lavaliermicrophone,YES,YES,PULUZ 1.5m USB-C Lavaliermikrofon för Inspelning,,
product,puluz-myggmikrofon-8-pin-1-5m-tradbunden-lavalier,puluz-myggmicrophone-8-pin-1-5m-tradbunden-lavalier,/products/puluz-myggmikrofon-8-pin-1-5m-tradbunden-lavalier,/products/puluz-myggmicrophone-8-pin-1-5m-tradbunden-lavalier,YES,YES,PULUZ Myggmikrofon 8-Pin för Professionell Ljudinspelning,,
product,puluz-studiomikrofon-kit,puluz-studiomicrophone-kit,/products/puluz-studiomikrofon-kit,/products/puluz-studiomicrophone-kit,YES,YES,"PULUZ Studio Broadcast Professional Singing Microphone Kits with Suspension Scissor Arm & Metal Shock Mount & USB Sound Card, Microphone Kits (Silver), Microphone Kits (Black)",,
product,puluz-telefonmikrofon-3-5mm-riktad,puluz-telefonmicrophone-3-5mm-riktad,/products/puluz-telefonmikrofon-3-5mm-riktad,/products/puluz-telefonmicrophone-3-5mm-riktad,YES,YES,PULUZ 3.5mm Jack Mobile Phone - PULUZ Riktad Mikrofon,,
product,puluz-mobilmikrofon-8-pin,puluz-mobilmicrophone-8-pin,/products/puluz-mobilmikrofon-8-pin,/products/puluz-mobilmicrophone-8-pin,YES,YES,PULUZ Mobilmikrofon 8-Pin för Smartphone,,
product,puluz-usb-c-mobilmikrofon,puluz-usb-c-mobilmicrophone,/products/puluz-usb-c-mobilmikrofon,/products/puluz-usb-c-mobilmicrophone,YES,YES,PULUZ USB-C Mobilmikrofon för Telefoner,,
product,puluz-kondensatormikrofon-studio-sangkit,puluz-kondensatormicrophone-studio-sangkit,/products/puluz-kondensatormikrofon-studio-sangkit,/products/puluz-kondensatormicrophone-studio-sangkit,YES,YES,puluz condenser - PULUZ Kondensatormikrofon Studio Sångkit,,
product,puluz-kondensatormikrofon-studio-broadcast-profess,puluz-kondensatormicrophone-studio-broadcast-profess,/products/puluz-kondensatormikrofon-studio-broadcast-profess,/products/puluz-kondensatormicrophone-studio-broadcast-profess,YES,YES,PULUZ Kondensatormikrofon för Studio och Sång,,
product,mini-professionell-stereomikrofon-for-dv-camera,mini-professionell-stereomicrophone-for-dv-camera,/products/mini-professionell-stereomikrofon-for-dv-camera,/products/mini-professionell-stereomicrophone-for-dv-camera,YES,YES,Mini Professional Stereo - Professionell Mini Stereomikrofon,,
product,mikrofon-3-5mm-staende-klassisk,microphone-3-5mm-staende-klassisk,/products/mikrofon-3-5mm-staende-klassisk,/products/microphone-3-5mm-staende-klassisk,YES,YES,Mikrofon 3.5mm Stående med Klassisk Design,,
product,k9-tradlos-clip-on-automatisk-brusreducering-mikro,k9-wireless-clip-on-automatisk-brusreducering-mikro,/products/k9-tradlos-clip-on-automatisk-brusreducering-mikro,/products/k9-wireless-clip-on-automatisk-brusreducering-mikro,YES,YES,K9 Wireless Clip-on Auto Noise - K9 Trådlös Clip-on Mikrofon,,
product,tradlosa-lavalier-mikrofoner-android-type-c,wirelessa-lavalier-microphoneer-android-type-c,/products/tradlosa-lavalier-mikrofoner-android-type-c,/products/wirelessa-lavalier-microphoneer-android-type-c,YES,YES,Wireless Lapel Microphones - Trådlösa Lavalier Mikrofoner för Android,,
product,clip-on-mikrofon-usb-c,clip-on-microphone-usb-c,/products/clip-on-mikrofon-usb-c,/products/clip-on-microphone-usb-c,YES,YES,Högkvalitativ Clip-on Mikrofon USB-C för Mobil,,
product,sx960-mini-tradlos-mikrofon-brusreducering-laddbox,sx960-mini-wireless-microphone-brusreducering-laddbox,/products/sx960-mini-tradlos-mikrofon-brusreducering-laddbox,/products/sx960-mini-wireless-microphone-brusreducering-laddbox,YES,YES,SX960 Wireless Microphone Mini Portable Noise Reduction With Charging Box,,
product,tradlos-lavaliermikrofon-2-pack,wireless-lavaliermicrophone-2-pack,/products/tradlos-lavaliermikrofon-2-pack,/products/wireless-lavaliermicrophone-2-pack,YES,YES,Professionell trådlösa lavaliermikrofon i 2-pack,,
product,tradlos-mikrofon-charging-case,wireless-microphone-charging-case,/products/tradlos-mikrofon-charging-case,/products/wireless-microphone-charging-case,YES,YES,Trådlös Mikrofon med Charging Case - Dubbelpack för Professionellt Lju,,
product,tradlos-lavaliermikrofon-type-c-laddningsfodral,wireless-lavaliermicrophone-type-c-laddningsfodral,/products/tradlos-lavaliermikrofon-type-c-laddningsfodral,/products/wireless-lavaliermicrophone-type-c-laddningsfodral,YES,YES,Trådlös Lavaliermikrofon Type-C med Laddningsfodral,,
product,k-307-3-5mm-hem-stereo-mikrofon-dator-gaming,k-307-3-5mm-hem-stereo-microphone-dator-gaming,/products/k-307-3-5mm-hem-stereo-mikrofon-dator-gaming,/products/k-307-3-5mm-hem-stereo-microphone-dator-gaming,YES,YES,K-307 3.5mm Home Stereo MIC - K-307 3.5mm Stereomikrofon med Stativ,,
product,usb-mikrofon-m-301-laptop-pc-online-mote-rost-mikr,usb-microphone-m-301-laptop-pc-online-mote-rost-mikr,/products/usb-mikrofon-m-301-laptop-pc-online-mote-rost-mikr,/products/usb-microphone-m-301-laptop-pc-online-mote-rost-mikr,YES,YES,M-301 USB Mic Laptop PC Online - M-301 USB-mikrofon för Onlinemöten,,
product,wr601-tradlos-forstarkare-mikrofon,wr601-wireless-forstarkare-microphone,/products/wr601-tradlos-forstarkare-mikrofon,/products/wr601-wireless-forstarkare-microphone,YES,YES,"WR601 Wireless Amplifier Microphone/Lavalier Microphone For Meeting & Etiquette, Random Light Colors Delivery",,
product,rolton-h01-headset-rostforstarkare-mikrofon,rolton-h01-headset-rostforstarkare-microphone,/products/rolton-h01-headset-rostforstarkare-mikrofon,/products/rolton-h01-headset-rostforstarkare-microphone,YES,YES,Rolton H01 2 PCS Bee Amplifier Headset Head-Mounted Teaching Universal Microphone,,
product,tradlos-mikrofon-tv-bluetooth-karaoke,wireless-microphone-tv-bluetooth-karaoke,/products/tradlos-mikrofon-tv-bluetooth-karaoke,/products/wireless-microphone-tv-bluetooth-karaoke,YES,YES,"S-16-1 Household Smart TV U Segment Bluetooth Wireless Microphone With Tuning Reverberation 1 In 2, US Plug",,
product,tradlost-fm-mikrofon-headset-liten-forstarkare,wirelesst-fm-microphone-headset-liten-forstarkare,/products/tradlost-fm-mikrofon-headset-liten-forstarkare,/products/wirelesst-fm-microphone-headset-liten-forstarkare,YES,YES,FM Mikrofon Trådlös Headset - Trådlöst FM Mikrofon Headset,,
product,yelangu-mx5s-tradlos-mikrofon-camera,yelangu-mx5s-wireless-microphone-camera,/products/yelangu-mx5s-tradlos-mikrofon-camera,/products/yelangu-mx5s-wireless-microphone-camera,YES,YES,YELANGU MX5S Trådlöst Mikrofonsystem för Kamera,,
product,tradlos-lavaliermikrofon-usb-c-android,wireless-lavaliermicrophone-usb-c-android,/products/tradlos-lavaliermikrofon-usb-c-android,/products/wireless-lavaliermicrophone-usb-c-android,YES,YES,"Wireless Lavalier Lapel Microphone for Android Phone & Computer with USB-C / Type-C Receiver, One by One, One by Two",,
product,lavalier-tradlos-brusreducerande-mikrofon-for-tele,lavalier-wireless-brusreducerande-microphone-for-tele,/products/lavalier-tradlos-brusreducerande-mikrofon-for-tele,/products/lavalier-wireless-brusreducerande-microphone-for-tele,YES,YES,Lavalier Wireless Noise Reduction Microphone for Phone /  Camera / Lap,,
product,tradlos-mikrofon-with-brusreducering-laddfodral-s13,wireless-microphone-with-brusreducering-laddfodral-s13,/products/tradlos-mikrofon-with-brusreducering-laddfodral-s13,/products/wireless-microphone-with-brusreducering-laddfodral-s13,YES,YES,Trådlös Mikrofon med Brusreducering och Laddfodral,,
product,double-lavaliermikrofon-kondensor-tva-personer,double-lavaliermicrophone-kondensor-tva-personer,/products/double-lavaliermikrofon-kondensor-tva-personer,/products/double-lavaliermicrophone-kondensor-tva-personer,YES,YES,"Wired Lavalier Microphone Condenser Double Head Microphone Two People Live Mobile Phone K Song Microphone, 515PU Bag",,
product,tradlos-mikrofon-sdrd-sd309-bluetooth-hogtalare,wireless-microphone-sdrd-sd309-bluetooth-hogtalare,/products/tradlos-mikrofon-sdrd-sd309-bluetooth-hogtalare,/products/wireless-microphone-sdrd-sd309-bluetooth-hogtalare,YES,YES,SDRD SD309 Wireless Microphone Bluetooth Audio All-In-One Machine,,
product,v8s-ljudkort-mikrofon,v8s-audiokort-microphone,/products/v8s-ljudkort-mikrofon,/products/v8s-audiokort-microphone,YES,YES,"V8S Sound Card Mobile Phone Computer Anchor Live K Song Recording Microphone, English Version, V8S  + Golden Net BM700 Set, V8S  + Black Bet BM700 Set",,
product,usb-kondensatormikrofon-bm86,usb-kondensatormicrophone-bm86,/products/usb-kondensatormikrofon-bm86,/products/usb-kondensatormicrophone-bm86,YES,YES,"BM-86 USB Condenser Microphone Voice Recording Computer Microphone Live Broadcast Equipment Set, Cantilever Bracket Set, Standard+Small Blowout Prevention Net",,
product,sf-666-mikrofon-dator-with-tripod,sf-666-microphone-dator-with-tripod,/products/sf-666-mikrofon-dator-with-tripod,/products/sf-666-microphone-dator-with-tripod,YES,YES,"SF-666 Computer Voice Microphone With Adapter Cable Anchor Mobile Phone Video Wired Microphone With Bracketcket, Black",,
product,tradlos-lavalier-mikrofon-mobil-live,wireless-lavalier-microphone-mobil-live,/products/tradlos-lavalier-mikrofon-mobil-live,/products/wireless-lavalier-microphone-mobil-live,YES,YES,"Lavalier Wireless Microphone Mobile Phone Live Video Shooting Small Microphone, 8 Pin Direct 1 To 1, Type C 1 To 2, 8 Pin Direct 1 To 2",,
product,tradlos-mikrofon-black,wireless-microphone-black,/products/tradlos-mikrofon-black,/products/wireless-microphone-black,YES,YES,Trådlös Mikrofon Black för Professionell Ljudinspelning,,
product,gam-mg1-mobilmikrofon,gam-mg1-mobilmicrophone,/products/gam-mg1-mobilmikrofon,/products/gam-mg1-mobilmicrophone,YES,YES,GAM-MG1 Mobilmikrofon för Smartphone,,
product,gam-140-mobil-mikrofon-kragmikrofon,gam-140-mobil-microphone-kragmicrophone,/products/gam-140-mobil-mikrofon-kragmikrofon,/products/gam-140-mobil-microphone-kragmicrophone,YES,YES,GAM-140 Mobil Mikrofon för Professionell Inspelning,,
product,synco-s8-lavalier-kabelansluten-mikrofon,synco-s8-lavalier-cableansluten-microphone,/products/synco-s8-lavalier-kabelansluten-mikrofon,/products/synco-s8-lavalier-cableansluten-microphone,YES,YES,"SYNCO S8 Lavalier Live Wired Microphone, Spec:, Black, Black + Type-C, Black + 8 Pin, Black + Type-C + 8 Pin",,
product,m18-tradlos-mikrofon-klamma-inspelning,m18-wireless-microphone-klamma-inspelning,/products/m18-tradlos-mikrofon-klamma-inspelning,/products/m18-wireless-microphone-klamma-inspelning,YES,YES,M18 Wireless Microphone Collar - M18 Trådlös Mikrofon,,
product,q5-konferensmikrofon-brusreducerande-skrivbordsmic,q5-konferensmicrophone-brusreducerande-skrivbordsmic,/products/q5-konferensmikrofon-brusreducerande-skrivbordsmic,/products/q5-konferensmicrophone-brusreducerande-skrivbordsmic,YES,YES,Q5 Konferensmikrofon för Klart Ljud,,
product,tradlos-mikrofon-headset-u12f,wireless-microphone-headset-u12f,/products/tradlos-mikrofon-headset-u12f,/products/wireless-microphone-headset-u12f,YES,YES,Trådlös Mikrofon Headset U12F med Ljudförstärkare,,
product,rolton-k600-tradlos-rostforstarkare-with-sandare,rolton-k600-wireless-rostforstarkare-with-sandare,/products/rolton-k600-tradlos-rostforstarkare-with-sandare,/products/rolton-k600-wireless-rostforstarkare-with-sandare,YES,YES,Rolton K600 sändare först - Rolton K600 Trådlös Ljudförstärkare,,
product,tradlos-huvudmonterad-kondensatormikrofon-anti-run,wireless-huvudmonterad-kondensatormicrophone-anti-run,/products/tradlos-huvudmonterad-kondensatormikrofon-anti-run,/products/wireless-huvudmonterad-kondensatormicrophone-anti-run,YES,YES,head-mounted condenser - Trådlös Huvudmonterad Kondensatormikrofon,,
product,tradlos-headsetmikrofon-uhf-lavalier-forstarkare,wireless-headsetmicrophone-uhf-lavalier-forstarkare,/products/tradlos-headsetmikrofon-uhf-lavalier-forstarkare,/products/wireless-headsetmicrophone-uhf-lavalier-forstarkare,YES,YES,"UHF Wireless Headset Microphone Lavalier Headset Amplifier, One For One, One For Two",,
product,dji-mic-forvaringsvasa,dji-mic-storagesvasa,/products/dji-mic-forvaringsvasa,/products/dji-mic-storagesvasa,YES,YES,DJI Mic förvaringsväska - Håll din DJI Mic säker med en dedikerad förv,,
product,tradlos-lavalier-q6-mikrofon-usb-inspelning-live,wireless-lavalier-q6-microphone-usb-inspelning-live,/products/tradlos-lavalier-q6-mikrofon-usb-inspelning-live,/products/wireless-lavalier-q6-microphone-usb-inspelning-live,YES,YES,"USB Computer Recording Microphone Live Phone SLR Lavalier Microphone, Q6 1 Drag 1 Wireless Lavalier, Q6 1 Drag 1 Wireless Lavalier Head Wear, Q6 1 Drag 1 Wireless Lavalier With Stand, Q6 1 Drag 1 Wireless Lavalier Head Wear With Stand...",,
product,s17-tradlos-lavalier-mikrofon,s17-wireless-lavalier-microphone,/products/s17-tradlos-lavalier-mikrofon,/products/s17-wireless-lavalier-microphone,YES,YES,"S17 Wireless  3 In 1 Lavalier MIC For Phone SLR Camera Loudspeaker ,Spec:, One Drag 1, 1 Drag Two",,
product,tradlos-lavalier-mikrofon-video-laddbox,wireless-lavalier-microphone-video-laddbox,/products/tradlos-lavalier-mikrofon-video-laddbox,/products/wireless-lavalier-microphone-video-laddbox,YES,YES,"Wireless Lavalier Microphone With Charging Box Noise Reduction Video Record Mic,Spec:, K63 One To Two  Type-C Interface, K63 One To Two  8 Pin Interface, K61 One To  One Type-C Interface, K61 One To  One 8 Pin Interface",,
product,tradlos-lavalier-mikrofon-digital-display,wireless-lavalier-microphone-digital-display,/products/tradlos-lavalier-mikrofon-digital-display,/products/wireless-lavalier-microphone-digital-display,YES,YES,Digital Display Trådlös - Trådlös Lavalier Mikrofon med Digital,,
product,mini-lavalier-mikrofon-usb-c,mini-lavalier-microphone-usb-c,/products/mini-lavalier-mikrofon-usb-c,/products/mini-lavalier-microphone-usb-c,YES,YES,Kompakt Mini Lavalier Mikrofon med USB-C,,
product,hem-tv-natverk-karaoke-sangutrustning,hem-tv-natverk-karaoke-sangequipment,/products/hem-tv-natverk-karaoke-sangutrustning,/products/hem-tv-natverk-karaoke-sangequipment,YES,YES,Home TV Network Karaoke - Komplett Home TV Nätverk Karaoke,,
product,sunnylife-mc490-halsmikrofon-rorelsekamera,sunnylife-mc490-halsmicrophone-rorelsekamera,/products/sunnylife-mc490-halsmikrofon-rorelsekamera,/products/sunnylife-mc490-halsmicrophone-rorelsekamera,YES,YES,"Sunnylife MC490 Collar Microphone Motion Camera Recording Wheat, For DJI Action3/2, For Insta360 ONE X2/X3/1 inch 360 Edition",,
product,intervju-mikrofon-brusreducering,intervju-microphone-brusreducering,/products/intervju-mikrofon-brusreducering,/products/intervju-microphone-brusreducering,YES,YES,Professionell Intervju Mikrofon med Brusreducering,,
product,xtuga-a140-b-tradlost-mikrofonpaket,xtuga-a140-b-wirelesst-microphonepaket,/products/xtuga-a140-b-tradlost-mikrofonpaket,/products/xtuga-a140-b-wirelesst-microphonepaket,YES,YES,XTUGA A140-B Wireless - XTUGA A140-B Trådlöst Mikrofonpaket,,
product,xtuga-a140-c-konferensmikrofon-tradlos-4-kanals-uh,xtuga-a140-c-konferensmicrophone-wireless-4-kanals-uh,/products/xtuga-a140-c-konferensmikrofon-tradlos-4-kanals-uh,/products/xtuga-a140-c-konferensmicrophone-wireless-4-kanals-uh,YES,YES,XTUGA A140-C konferensmik - XTUGA A140-C Trådlös Konferensmikrofon,,
product,mikrofon-mobil-video-livekamera-konferens,microphone-mobil-video-livekamera-konferens,/products/mikrofon-mobil-video-livekamera-konferens,/products/microphone-mobil-video-livekamera-konferens,YES,YES,Mikrofon mobil video - Professionell Mikrofon för Mobil Video,,
product,tradlos-lavalier-mikrofon-iphone-android,wireless-lavalier-microphone-iphone-android,/products/tradlos-lavalier-mikrofon-iphone-android,/products/wireless-lavalier-microphone-iphone-android,YES,YES,"Wireless Lavalier Microphones for iPhone / Android, 2 in 1, 3 in 1",,
product,tradlost-mikrofonsystem-uhf-dsp,wirelesst-microphonesystem-uhf-dsp,/products/tradlost-mikrofonsystem-uhf-dsp,/products/wirelesst-microphonesystem-uhf-dsp,YES,YES,Trådlöst Mikrofonsystem med UHF och DSP-teknik,,
product,yesido-kr12-tradlos-lavalier-mikrofon-8-pin-mottag,yesido-kr12-wireless-lavalier-microphone-8-pin-mottag,/products/yesido-kr12-tradlos-lavalier-mikrofon-8-pin-mottag,/products/yesido-kr12-wireless-lavalier-microphone-8-pin-mottag,YES,YES,Yesido KR12 Trådlös Lavalier Mikrofon med Låg Latens,,
product,yesido-kr13-double-tradlos-mikrofon-type-c,yesido-kr13-double-wireless-microphone-type-c,/products/yesido-kr13-double-tradlos-mikrofon-type-c,/products/yesido-kr13-double-wireless-microphone-type-c,YES,YES,Yesido KR13 Dubbel Trådlös Mikrofon med USB-C,,
product,iphone-mikrofon-tradlos-lavalier-brusreducering,iphone-microphone-wireless-lavalier-brusreducering,/products/iphone-mikrofon-tradlos-lavalier-brusreducering,/products/iphone-microphone-wireless-lavalier-brusreducering,YES,YES,Professionell iPhone Mikrofon Trådlös med Brusreducering,,
product,klammikrofon-tradlos-sx31-brusreducering,klammicrophone-wireless-sx31-brusreducering,/products/klammikrofon-tradlos-sx31-brusreducering,/products/klammicrophone-wireless-sx31-brusreducering,YES,YES,"SX31 3 in 1 Collar Clip Wireless Noise Reduction Microphone, SX31",,
product,sx31-lavalier-mikrofon-tradlos,sx31-lavalier-microphone-wireless,/products/sx31-lavalier-mikrofon-tradlos,/products/sx31-lavalier-microphone-wireless,YES,YES,"SX31 3 in 1 Lavalier 2.4G Wireless Noise Reduction Mic with Dual Transmitter + Receiver, SX31 with Dual Transmitter + Receiver",,
product,m-vave-wp-10-tradlos-in-ear-monitor-system,m-vave-wp-10-wireless-in-ear-monitor-system,/products/m-vave-wp-10-tradlos-in-ear-monitor-system,/products/m-vave-wp-10-wireless-in-ear-monitor-system,YES,YES,M-VAVE WP-10 Trådlöst In-Ear Monitor System,,
product,tradlos-usb-lavalier-mikrofon-for-iphone-android-k,wireless-usb-lavalier-microphone-for-iphone-android-k,/products/tradlos-usb-lavalier-mikrofon-for-iphone-android-k,/products/wireless-usb-lavalier-microphone-for-iphone-android-k,YES,YES,"USB Lavalier Wireless Microphone for iPhone & iPad & Android & Cameras, 1 To 1, 1 To 2",,
product,mikrofon-intervjuhandtag-dji-mic,microphone-intervjuhandtag-dji-mic,/products/mikrofon-intervjuhandtag-dji-mic,/products/microphone-intervjuhandtag-dji-mic,YES,YES,Mikrofon Interview Handtag - Mikrofon Intervjuhandtag,,
product,jmary-mc-r1-lavalier-mikrofon-mobil-laptop,jmary-mc-r1-lavalier-microphone-mobil-laptop,/products/jmary-mc-r1-lavalier-mikrofon-mobil-laptop,/products/jmary-mc-r1-lavalier-microphone-mobil-laptop,YES,YES,JMARY MC-R1 Phone Laptop - JMARY MC-R1 Lavalier Mikrofon för Mobil,,
product,xtuga-rw2090-tradlost-2-kanals-iem-system,xtuga-rw2090-wirelesst-2-kanals-iem-system,/products/xtuga-rw2090-tradlost-2-kanals-iem-system,/products/xtuga-rw2090-wirelesst-2-kanals-iem-system,YES,YES,XTUGA RW2090 Trådlöst 2-kanals IEM System för Scen,,
product,jmary-mc-pw9-usb-mikrofon-rgb,jmary-mc-pw9-usb-microphone-rgb,/products/jmary-mc-pw9-usb-mikrofon-rgb,/products/jmary-mc-pw9-usb-microphone-rgb,YES,YES,JMARY MC-PW9 USB Mikrofon med RGB-belysning,,
product,jmary-mc-r2-usb-c-lavalier-mikrofon,jmary-mc-r2-usb-c-lavalier-microphone,/products/jmary-mc-r2-usb-c-lavalier-mikrofon,/products/jmary-mc-r2-usb-c-lavalier-microphone,YES,YES,"JMARY MC-R2 Interview Video Recording Mic Lavalier Type-C Port Wired Microphone, Length: 2m, MC-R2",,
product,extern-mikrofon-bil-gps,extern-microphone-bil-gps,/products/extern-mikrofon-bil-gps,/products/extern-microphone-bil-gps,YES,YES,"3m Car GPS Navigation HD Sound Quality External Microphone, Straight Plug, Bent Plug",,
product,gaming-headset-mikrofon-esports,gaming-headset-microphone-esports,/products/gaming-headset-mikrofon-esports,/products/gaming-headset-microphone-esports,YES,YES,Esports Daming Headset Gooseneck 3.5MM Plug-In Microphone,,
product,usb-konferensmikrofon-direktanslutning-dator,usb-konferensmicrophone-direktanslutning-dator,/products/usb-konferensmikrofon-direktanslutning-dator,/products/usb-konferensmicrophone-direktanslutning-dator,YES,YES,USB Konferensmikrofon för Dator och Videomöten,,
product,mikrofon-hyperx-cloud,microphone-hyperx-cloud,/products/mikrofon-hyperx-cloud,/products/microphone-hyperx-cloud,YES,YES,Mikrofon HyperX Cloud: Uppgradera ditt gamingljud,,
product,dji-lavalier-mikrofon,dji-lavalier-microphone,/products/dji-lavalier-mikrofon,/products/dji-lavalier-microphone,YES,YES,DJI Lavalier Mikrofon för Kristallklart Ljud,,
product,feelworld-pm1-xlr-usb-dynamisk-mikrofon,feelworld-pm1-xlr-usb-dynamisk-microphone,/products/feelworld-pm1-xlr-usb-dynamisk-mikrofon,/products/feelworld-pm1-xlr-usb-dynamisk-microphone,YES,YES,FEELWORLD PM1 XLR/USB Dynamisk Mikrofon,,
product,xlr-usb-mikrofon-with-boom-arm,xlr-usb-microphone-with-boom-arm,/products/xlr-usb-mikrofon-with-boom-arm,/products/xlr-usb-microphone-with-boom-arm,YES,YES,XLR USB mikrofon med stativ för professionellt ljud,,
product,tradlos-mikrofon-usb-c,wireless-microphone-usb-c,/products/tradlos-mikrofon-usb-c,/products/wireless-microphone-usb-c,YES,YES,Trådlös Mikrofon USB-C med Clip-on Design,,
product,sx12-tradlos-mikrofon-dual-klammikrofoner-mottag,sx12-wireless-microphone-dual-klammicrophoneer-mottag,/products/sx12-tradlos-mikrofon-dual-klammikrofoner-mottag,/products/sx12-wireless-microphone-dual-klammicrophoneer-mottag,YES,YES,SX12 Trådlös Mikrofon med Dubbla Klämmikrofoner,,
product,jmary-mw-15-usb-c-type-c-tradlos-mikrofon,jmary-mw-15-usb-c-type-c-wireless-microphone,/products/jmary-mw-15-usb-c-type-c-tradlos-mikrofon,/products/jmary-mw-15-usb-c-type-c-wireless-microphone,YES,YES,JMARY MW-15 USB-C / Type-C - JMARY MW-15 USB-C Trådlös Lavalier,,
product,5-8g-tradlost-in-ear-monitor-system,5-8g-wirelesst-in-ear-monitor-system,/products/5-8g-tradlost-in-ear-monitor-system,/products/5-8g-wirelesst-in-ear-monitor-system,YES,YES,5.8G Trådlös In Ear Monitor - 5.8G Trådlöst In-Ear Monitor System,,
product,j88-mini-intelligent-brusreducerande-tradlos-mikro,j88-mini-intelligent-brusreducerande-wireless-mikro,/products/j88-mini-intelligent-brusreducerande-tradlos-mikro,/products/j88-mini-intelligent-brusreducerande-wireless-mikro,YES,YES,J88 Mini Intelligent Trådlös Mikrofon,,
product,5-8g-tradlos-in-ear-monitor-system,5-8g-wireless-in-ear-monitor-system,/products/5-8g-tradlos-in-ear-monitor-system,/products/5-8g-wireless-in-ear-monitor-system,YES,YES,5.8G Trådlös In-ear Monitor,,
product,tradlos-lavalier-mikrofon-set-fyllnadsljus,wireless-lavalier-microphone-set-fyllnadsljus,/products/tradlos-lavalier-mikrofon-set-fyllnadsljus,/products/wireless-lavalier-microphone-set-fyllnadsljus,YES,YES,Trådlös Lavalier Mikrofon med Fyllnadsljus & Stativ,,
product,onikuma-m830-usb-mikrofon,onikuma-m830-usb-microphone,/products/onikuma-m830-usb-mikrofon,/products/onikuma-m830-usb-microphone,YES,YES,ONIKUMA M830 USB Desktop Colorful RGB Condenser Microphone,,
product,tradlos-lavalier-mikrofon-slr-camera,wireless-lavalier-microphone-slr-camera,/products/tradlos-lavalier-mikrofon-slr-camera,/products/wireless-lavalier-microphone-slr-camera,YES,YES,"3 In 1 Wireless Lavalier Microphone For iPhone Type-C / USB-C 3.5mm Jack Smartphone SLR Camera PC, 1 Drag 1, 1 Drag 2",,
product,tradlos-lavalier-mic-sx19-brusreducering,wireless-lavalier-mic-sx19-brusreducering,/products/tradlos-lavalier-mic-sx19-brusreducering,/products/wireless-lavalier-mic-sx19-brusreducering,YES,YES,"SX19 1 TX + 2 RX Smart Noise Reduction Lavalier Wireless Microphone, Type-C, 8 Pin",,
product,me6s-professionell-kondensatormikrofon-usb-skrivbo,me6s-professionell-kondensatormicrophone-usb-skrivbo,/products/me6s-professionell-kondensatormikrofon-usb-skrivbo,/products/me6s-professionell-kondensatormicrophone-usb-skrivbo,YES,YES,ME6S Professionell Condenser - ME6S USB Kondensatormikrofon,,
product,oubai-z10-tradlos-mikrofon-larare,oubai-z10-wireless-microphone-larare,/products/oubai-z10-tradlos-mikrofon-larare,/products/oubai-z10-wireless-microphone-larare,YES,YES,"Oubai Z10 Bluetooth Wireless Microphone Voice Megaphone For Teacher, Basic Version, PPT Clicker Version",,
product,mikrofon-storage-bag-jbl-partybox,microphone-storage-bag-jbl-partybox,/products/mikrofon-storage-bag-jbl-partybox,/products/microphone-storage-bag-jbl-partybox,YES,YES,"JBL PartyBox Handheld Wireless Mic Travel Storage Bag Portable EVA Hard Shell Protective Bag, For JBL PartyBox",,
product,tradlos-xlr-adapter-xtuga-sf-1,wireless-xlr-adapter-xtuga-sf-1,/products/tradlos-xlr-adapter-xtuga-sf-1,/products/wireless-xlr-adapter-xtuga-sf-1,YES,YES,XTUGA SF-1 Trådlös XLR-adapter för Mikrofon och Gitarr,,
product,m6s-tradlost-stereo-in-ear-monitor-system,m6s-wirelesst-stereo-in-ear-monitor-system,/products/m6s-tradlost-stereo-in-ear-monitor-system,/products/m6s-wirelesst-stereo-in-ear-monitor-system,YES,YES,M6S Trådlöst Stereo In-Ear Monitorsystem,,
product,gamingmikrofon-usb-feelworld-vm1,gamingmicrophone-usb-feelworld-vm1,/products/gamingmikrofon-usb-feelworld-vm1,/products/gamingmicrophone-usb-feelworld-vm1,YES,YES,FEELWORLD VM1 USB Kondensator Gaming Mikrofon,,
product,feelworld-vm1-usb-mikrofon-gaming,feelworld-vm1-usb-microphone-gaming,/products/feelworld-vm1-usb-mikrofon-gaming,/products/feelworld-vm1-usb-microphone-gaming,YES,YES,usb tillbehör - FEELWORLD VM1 USB Kondensatormikrofon för Gaming,,
product,dji-mic-mini-tradlos-mikrofon,dji-mic-mini-wireless-microphone,/products/dji-mic-mini-tradlos-mikrofon,/products/dji-mic-mini-wireless-microphone,YES,YES,"Original 1 TX + 1 RX For DJI Mic Mini, 1 TX + 1 RX",,
product,h63-tradlos-lavalier-mikrofon-live,h63-wireless-lavalier-microphone-live,/products/h63-tradlos-lavalier-mikrofon-live,/products/h63-wireless-lavalier-microphone-live,YES,YES,H63 Trådlös Lavalier - H63 Trådlös Lavalier Mikrofon,,
product,h65-3-i-1-tradlos-lavalier-mikrofon,h65-3-i-1-wireless-lavalier-microphone,/products/h65-3-i-1-tradlos-lavalier-mikrofon,/products/h65-3-i-1-wireless-lavalier-microphone,YES,YES,H65 3 In 1 Lavalier Trådlös - H65 3-i-1 Trådlös Lavalier Mikrofon,,
product,tradlost-in-ear-accessories-monitor-system,wirelesst-in-ear-accessories-monitor-system,/products/tradlost-in-ear-accessories-monitor-system,/products/wirelesst-in-ear-accessories-monitor-system,YES,YES,Trådlöst In-Ear Monitor System 5.8G,,
product,jmary-usb-skrivbordsmikrofon,jmary-usb-skrivbordsmicrophone,/products/jmary-usb-skrivbordsmikrofon,/products/jmary-usb-skrivbordsmicrophone,YES,YES,"JMARY MC-PW12 360 Degree Rotating USB Desktop Microphone, MC-PW12",,
product,yt8-tradlost-8-kanals-uhf-mikrofonset,yt8-wirelesst-8-kanals-uhf-microphoneset,/products/yt8-tradlost-8-kanals-uhf-mikrofonset,/products/yt8-wirelesst-8-kanals-uhf-microphoneset,YES,YES,"YT8 Wireless 8 Channel UHF Handheld Microphone for Stage Show, 8 Short Microphones, 8 Gooseneck Microphones, 8 Handheld Microphones, 8 BodyPacks",,
product,jmary-mw16-3-5mm-type-c-8-pin-3-i-1-tradlos-lavali,jmary-mw16-3-5mm-type-c-8-pin-3-i-1-wireless-lavali,/products/jmary-mw16-3-5mm-type-c-8-pin-3-i-1-tradlos-lavali,/products/jmary-mw16-3-5mm-type-c-8-pin-3-i-1-wireless-lavali,YES,YES,"JMARY MW16 3.5mm, Type-C, 8 - JMARY MW16 Trådlös Lavalier Mikrofon",,
product,usb-gaming-mikrofon-rgb-ljus-inbyggt-ljudkort,usb-gaming-microphone-rgb-ljus-inbyggt-audiokort,/products/usb-gaming-mikrofon-rgb-ljus-inbyggt-ljudkort,/products/usb-gaming-microphone-rgb-ljus-inbyggt-audiokort,YES,YES,USB Multi-function Microphone RGB Light Built-in Sound Card,,
product,usb-c-mikrofon-svanhals,usb-c-microphone-svanhals,/products/usb-c-mikrofon-svanhals,/products/usb-c-microphone-svanhals,YES,YES,"Flexible Gooseneck USB-C/Type-C Microphone with IC Chip for Laptop, Phone, Tablet,, Jieli solution 25cm",,
product,lavaliermikrofon-3-5mm-trrs,lavaliermicrophone-3-5mm-trrs,/products/lavaliermikrofon-3-5mm-trrs,/products/lavaliermicrophone-3-5mm-trrs,YES,YES,"3.5mm TRRS Lavalier Microphone with Earphone Monitoring Jack Clip-on Lapel Mic, 1.5m, 2m, 3m, 4m, 5m, 6m",,
product,havit-h2002d-mikrofon,havit-h2002d-microphone,/products/havit-h2002d-mikrofon,/products/havit-h2002d-microphone,YES,YES,Ersättningsmikrofon för Havit H2002D Headset,,
product,lavalier-mikrofon-monitor-with-horlurar,lavalier-microphone-monitor-with-horlurar,/products/lavalier-mikrofon-monitor-with-horlurar,/products/lavalier-microphone-monitor-with-horlurar,YES,YES,Lavalier Mikrofon med Monitorfunktion,,
product,yanmai-sf-777r-brusreducerande-mikrofon-rgb-bordsm,yanmai-sf-777r-brusreducerande-microphone-rgb-bordsm,/products/yanmai-sf-777r-brusreducerande-mikrofon-rgb-bordsm,/products/yanmai-sf-777r-brusreducerande-microphone-rgb-bordsm,YES,YES,Yanmai SF-777R Brusreducerande Mikrofon med RGB,,
product,usb-c-mikrofon-hogtalare-plug-play-ljudadapter,usb-c-microphone-hogtalare-plug-play-audioadapter,/products/usb-c-mikrofon-hogtalare-plug-play-ljudadapter,/products/usb-c-microphone-hogtalare-plug-play-audioadapter,YES,YES,"USB-C/Type-C Plug-in Microphone Speaker Mode Without Unplugging, Plug & Play Instant Audio Output, KT solution 170mm",,
product,shure-sm58-mikrofonskydd-silikon,shure-sm58-microphoneprotection-silicone,/products/shure-sm58-mikrofonskydd-silikon,/products/shure-sm58-microphoneprotection-silicone,YES,YES,Shure SM58 Mikrofonskydd i Silikon utan Brytare,,
product,mini-tradlos-mikrofon-brusreducering-video,mini-wireless-microphone-brusreducering-video,/products/mini-tradlos-mikrofon-brusreducering-video,/products/mini-wireless-microphone-brusreducering-video,YES,YES,Trådlös Mikrofon med Live Noise Reduction för Mobil,,
product,double-mikrofon-mini-tradlos-fingerklamma,double-microphone-mini-wireless-fingerklamma,/products/double-mikrofon-mini-tradlos-fingerklamma,/products/double-microphone-mini-wireless-fingerklamma,YES,YES,Dual Microphone Mini Wireless - Trådlös Dubbel Mikrofon Mini,,
product,wavlink-ws-waj606c1-tradlos-lavaliermikrofon-brusr,wavlink-ws-waj606c1-wireless-lavaliermicrophone-brusr,/products/wavlink-ws-waj606c1-tradlos-lavaliermikrofon-brusr,/products/wavlink-ws-waj606c1-wireless-lavaliermicrophone-brusr,YES,YES,"WAVLINK WS-WAJ606C1 Lavalier Noise Reduction Wireless Microphone with 8 Pin RX Receiver, WS-WAJ606C1",,
product,wavlink-608c-tradlos-dubbelmikrofon-8-pin-mottagar,wavlink-608c-wireless-dubbelmicrophone-8-pin-mottagar,/products/wavlink-608c-tradlos-dubbelmikrofon-8-pin-mottagar,/products/wavlink-608c-wireless-dubbelmicrophone-8-pin-mottagar,YES,YES,WAVLINK 608C Trådlös Dubbelmikrofon med 8-pin Mottagare,,
product,gaming-headset-with-mikrofon,gaming-headset-with-microphone,/products/gaming-headset-with-mikrofon,/products/gaming-headset-with-microphone,YES,YES,E-sports Gaming Headset med Type-C Mikrofon,,
product,gaming-headset-mikrofon-2-5mm-vinklad-e-sports,gaming-headset-microphone-2-5mm-vinklad-e-sports,/products/gaming-headset-mikrofon-2-5mm-vinklad-e-sports,/products/gaming-headset-microphone-2-5mm-vinklad-e-sports,YES,YES,2.5mm Elbow E-sports Gaming - 2.5mm Vinklad Mikrofon för E-sports,,
product,gaming-headset-usb-c-e-sport-mikrofon,gaming-headset-usb-c-e-sport-microphone,/products/gaming-headset-usb-c-e-sport-mikrofon,/products/gaming-headset-usb-c-e-sport-microphone,YES,YES,"Type-C Straight E-sports Gaming Headset Microphone, For Lenovo TH10 / TH30 / TH40 / L7",,
product,usb-laptop-minimikrofon,usb-laptop-minimicrophone,/products/usb-laptop-minimikrofon,/products/usb-laptop-minimicrophone,YES,YES,Kompakt USB Laptop Minimikrofon för Klart Ljud,,
product,lavalier-mikrofon-metall-1-5m-kabel,lavalier-microphone-metall-1-5m-cable,/products/lavalier-mikrofon-metall-1-5m-kabel,/products/lavalier-microphone-metall-1-5m-cable,YES,YES,"Metal Lavalier Microphone, Cable Length: 1.5m, 3 Pin XLR Head, 4 Pin XLR Head",,
product,usb-myggmikrofon-for-laptop,usb-myggmicrophone-for-laptop,/products/usb-myggmikrofon-for-laptop,/products/usb-myggmicrophone-for-laptop,YES,YES,USB Myggmikrofon för Laptop och Konferenser,,
product,mikrofon-turtle-beach-ear-force-px4,microphone-turtle-beach-ear-force-px4,/products/mikrofon-turtle-beach-ear-force-px4,/products/microphone-turtle-beach-ear-force-px4,YES,YES,Ersättningsmikrofon för Turtle Beach Ear Force PX4,,
product,xtuga-a2-uhf-lavalier-headset-tradlos-mikrofon-bod,xtuga-a2-uhf-lavalier-headset-wireless-microphone-bod,/products/xtuga-a2-uhf-lavalier-headset-tradlos-mikrofon-bod,/products/xtuga-a2-uhf-lavalier-headset-wireless-microphone-bod,YES,YES,Mygga trådlös mikrofon - XTUGA A2 Trådlös Mygga Mikrofon med Bodypack,,
product,yesido-kr19-magnet-lavalier-mikrofon,yesido-kr19-magnet-lavalier-microphone,/products/yesido-kr19-magnet-lavalier-mikrofon,/products/yesido-kr19-magnet-lavalier-microphone,YES,YES,Yesido KR19 Magnet Lavalier Mikrofon,,
product,tradlost-headset-mikrofon-system-u-620,wirelesst-headset-microphone-system-u-620,/products/tradlost-headset-mikrofon-system-u-620,/products/wirelesst-headset-microphone-system-u-620,YES,YES,Professionellt Trådlöst Headset Mikrofon System U-620,,
product,tradlos-karaokemikrofon,wireless-karaokemicrophone,/products/tradlos-karaokemikrofon,/products/wireless-karaokemicrophone,YES,YES,AI-101 Professional Home Karaoke 7-band Reverberation Wireless Microphone,,
product,tradlos-myggmikrofon-with-laddfodral,wireless-myggmicrophone-with-laddfodral,/products/tradlos-myggmikrofon-with-laddfodral,/products/wireless-myggmicrophone-with-laddfodral,YES,YES,Trådlös myggmikrof chargi - Trådlös Myggmikrofon med Laddfodral,,
product,xwj70-tradlos-intervjumikrofon-professionell,xwj70-wireless-intervjumicrophone-professionell,/products/xwj70-tradlos-intervjumikrofon-professionell,/products/xwj70-wireless-intervjumicrophone-professionell,YES,YES,"XWJ70 Portable Wireless Microphone Boom Professional Interview Recording Microphone Handheld Stick, Microphone Handheld Stick (Black), Microphone Handheld Stick (Pink)",,
product,tradlos-mikrofon-m6-ai-brusreducering-streaming,wireless-microphone-m6-ai-brusreducering-streaming,/products/tradlos-mikrofon-m6-ai-brusreducering-streaming,/products/wireless-microphone-m6-ai-brusreducering-streaming,YES,YES,Trådlös Mikrofon M6 med AI Brusreducering,,
product,m6-tradlos-mikrofon-live-brusreducering,m6-wireless-microphone-live-brusreducering,/products/m6-tradlos-mikrofon-live-brusreducering,/products/m6-wireless-microphone-live-brusreducering,YES,YES,M6 2 Microphone + 1 Receiver - M6 Trådlös Mikrofon med Dubbla Sändare,,
product,k1-tradlos-omvandlare-dynamisk-mic,k1-wireless-omvandlare-dynamisk-mic,/products/k1-tradlos-omvandlare-dynamisk-mic,/products/k1-wireless-omvandlare-dynamisk-mic,YES,YES,K1 For Handheld Dynamic Mic - K1 Trådlös Mikrofonomvandlare,,
product,xtuga-zx-777-mikrofon-rgb,xtuga-zx-777-microphone-rgb,/products/xtuga-zx-777-mikrofon-rgb,/products/xtuga-zx-777-microphone-rgb,YES,YES,XTUGA ZX-777 mikrofon RGB - XTUGA ZX-777 Dynamisk Mikrofon,,
product,tradlos-minimikrofon-brusreducering,wireless-minimicrophone-brusreducering,/products/tradlos-minimikrofon-brusreducering,/products/wireless-minimicrophone-brusreducering,YES,YES,"Wireless Collar Clip Microphone Smart Noise Reduction Mini Microphone, J82 Dual Mic 3 In 1 Interface 8pcs /Set, J81 1 To 2 Type-C Interface 9pcs /Set",,
product,lebo-p1-karaoke-mikrofon-bluetooth-tradlos,lebo-p1-karaoke-microphone-bluetooth-wireless,/products/lebo-p1-karaoke-mikrofon-bluetooth-tradlos,/products/lebo-p1-karaoke-microphone-bluetooth-wireless,YES,YES,Lebo P1 Karaoke Microphone Audio Home Bluetooth Wireless Microphone,,
product,universal-mikrofonhallare-tripod-8-fack,universal-microphonehallare-tripod-8-fack,/products/universal-mikrofonhallare-tripod-8-fack,/products/universal-microphonehallare-tripod-8-fack,YES,YES,"Universal Microphone Stand Holder with 8 Mic Storage Compatible with Most Tripods, 8 Mic Storage",,
product,debra-er-102-tradlost-ljudsystem,debra-er-102-wirelesst-audiosystem,/products/debra-er-102-tradlost-ljudsystem,/products/debra-er-102-wirelesst-audiosystem,YES,YES,Debra ER-102 Trådlöst Monitorsystem för Scen,,
product,debra-er-102-ljud-2-mott,debra-er-102-audio-2-mott,/products/debra-er-102-ljud-2-mott,/products/debra-er-102-audio-2-mott,YES,YES,Debra ER-102 Trådlöst Scenmonitor System,,
product,debra-er-102-tradlos-in-ear-monitor-mottagare,debra-er-102-wireless-in-ear-monitor-mottagare,/products/debra-er-102-tradlos-in-ear-monitor-mottagare,/products/debra-er-102-wireless-in-ear-monitor-mottagare,YES,YES,DEBRA ER-102 Trådlös In-Ear Monitor Mottagare,,
product,debra-er-202-professionellt-tradlost-medhorningssy,debra-er-202-professionellt-wirelesst-medhorningssy,/products/debra-er-202-professionellt-tradlost-medhorningssy,/products/debra-er-202-professionellt-wirelesst-medhorningssy,YES,YES,DEBRA ER-202 Professionell - DEBRA ER-202 Trådlöst Medhörningssystem,,
product,debra-er-2040-professionellt-tradlost-scenmonitor,debra-er-2040-professionellt-wirelesst-scenmonitor,/products/debra-er-2040-professionellt-tradlost-scenmonitor,/products/debra-er-2040-professionellt-wirelesst-scenmonitor,YES,YES,DEBRA ER-2040 Professionell - DEBRA ER-2040 Professionellt Trådlöst,,
product,debra-er-mini-barbar-tradlos-monitor,debra-er-mini-barbar-wireless-monitor,/products/debra-er-mini-barbar-tradlos-monitor,/products/debra-er-mini-barbar-wireless-monitor,YES,YES,DEBRA ER-mini Portable - DEBRA ER-mini Bärbar Trådlös Monitor,,
product,debra-er-280-tradlos-in-ear-monitor,debra-er-280-wireless-in-ear-monitor,/products/debra-er-280-tradlos-in-ear-monitor,/products/debra-er-280-wireless-in-ear-monitor,YES,YES,DEBRA ER-280 Trådlöst Scen Monitorsystem,,
product,debra-er-480-professionellt-tradlost-monitorerings,debra-er-480-professionellt-wirelesst-monitorerings,/products/debra-er-480-professionellt-tradlost-monitorerings,/products/debra-er-480-professionellt-wirelesst-monitorerings,YES,YES,DEBRA ER-480 Professional - DEBRA ER-480 Professionellt Trådlöst,,
product,debra-emx-1-xlr-adapter-tradlost-monitor-system,debra-emx-1-xlr-adapter-wirelesst-monitor-system,/products/debra-emx-1-xlr-adapter-tradlost-monitor-system,/products/debra-emx-1-xlr-adapter-wirelesst-monitor-system,YES,YES,DEBRA EMX-1 XLR Adapter - DEBRA EMX-1 Trådlös XLR,,
product,debra-emx-1-tradlost-monitorsystem,debra-emx-1-wirelesst-monitorsystem,/products/debra-emx-1-tradlost-monitorsystem,/products/debra-emx-1-wirelesst-monitorsystem,YES,YES,Debra EMX-1 Trådlöst Monitorsystem,,
product,debra-st-mini-tradlost-monitorsystem,debra-st-mini-wirelesst-monitorsystem,/products/debra-st-mini-tradlost-monitorsystem,/products/debra-st-mini-wirelesst-monitorsystem,YES,YES,DEBRA ST-mini Trådlöst Monitorsystem för Ljudproffs,,
product,debra-st-mini-2-4g-stereo-tradlost-monitor-system,debra-st-mini-2-4g-stereo-wirelesst-monitor-system,/products/debra-st-mini-2-4g-stereo-tradlost-monitor-system,/products/debra-st-mini-2-4g-stereo-wirelesst-monitor-system,YES,YES,DEBRA ST-mini 2.4G Stereo - DEBRA ST-mini 2.4G Trådlöst Stereosystem,,
product,su9-rgb-ljus-usb-c-mikrofon-brusreducering,su9-rgb-ljus-usb-c-microphone-brusreducering,/products/su9-rgb-ljus-usb-c-mikrofon-brusreducering,/products/su9-rgb-ljus-usb-c-microphone-brusreducering,YES,YES,SU9 RGB Light USB-C / Type-C - SU9 RGB Ljus USB-C Mikrofon,,
product,debra-est-12-tradlost-monitorsystem,debra-est-12-wirelesst-monitorsystem,/products/debra-est-12-tradlost-monitorsystem,/products/debra-est-12-wirelesst-monitorsystem,YES,YES,"DEBRA EST-12 Portable Stereo Wireless Monitor System Transmitter & Receiver, EST-12",,
product,debra-st-102-professionellt-tradlost-scenmonitor-s,debra-st-102-professionellt-wirelesst-scenmonitor-s,/products/debra-st-102-professionellt-tradlost-scenmonitor-s,/products/debra-st-102-professionellt-wirelesst-scenmonitor-s,YES,YES,DEBRA ST-102 Professionell Trådlöst Monitorsystem,,
product,debra-st-202-tradlos-in-ear-monitor-system,debra-st-202-wireless-in-ear-monitor-system,/products/debra-st-202-tradlos-in-ear-monitor-system,/products/debra-st-202-wireless-in-ear-monitor-system,YES,YES,DEBRA ST-202 Trådlöst In-ear Monitorsystem,,
product,debra-st-102-tradlos-mottagare,debra-st-102-wireless-mottagare,/products/debra-st-102-tradlos-mottagare,/products/debra-st-102-wireless-mottagare,YES,YES,DEBRA ST-102 Trådlös Ljudmottagare,,
product,debra-sw-1-tradlost-scenmonitor,debra-sw-1-wirelesst-scenmonitor,/products/debra-sw-1-tradlost-scenmonitor,/products/debra-sw-1-wirelesst-scenmonitor,YES,YES,DEBRA SW-1 Professionell Stage - DEBRA SW-1 Trådlöst Monitorsystem,,
product,debra-dv-01-tradlos-lavalier-mikrofon,debra-dv-01-wireless-lavalier-microphone,/products/debra-dv-01-tradlos-lavalier-mikrofon,/products/debra-dv-01-wireless-lavalier-microphone,YES,YES,DEBRA DV-01 Wireless Lavalier - DEBRA DV-01 Trådlös Lavalier Mikrofon,,
product,debra-dv-02-tradlos-lavalier-mikrofon,debra-dv-02-wireless-lavalier-microphone,/products/debra-dv-02-tradlos-lavalier-mikrofon,/products/debra-dv-02-wireless-lavalier-microphone,YES,YES,DEBRA DV-02 Trådlös Lavalier - DEBRA DV-02 Trådlös Lavalier Mikrofon,,
product,debra-au-400-uhf-tradlost-mikrofonsystem,debra-au-400-uhf-wirelesst-microphonesystem,/products/debra-au-400-uhf-tradlost-mikrofonsystem,/products/debra-au-400-uhf-wirelesst-microphonesystem,YES,YES,DEBRA AU-400 UHF Trådlös - DEBRA AU-400 Trådlöst UHF Mikrofonsystem,,
product,debra-r404-uhf-tradlos-mikrofon,debra-r404-uhf-wireless-microphone,/products/debra-r404-uhf-tradlos-mikrofon,/products/debra-r404-uhf-wireless-microphone,YES,YES,debra r404 uhf Trådlös - DEBRA R404 Trådlös UHF Mikrofon för Scen,,
product,debra-a-25-tradlos,debra-a-25-wireless,/products/debra-a-25-tradlos,/products/debra-a-25-wireless,YES,YES,"DEBRA A-25 UHF Wireless Rechargeable Microphone System for Stage KTV, One Mic, Two Mic",,
product,tradlos-mikrofon-portabel,wireless-microphone-portabel,/products/tradlos-mikrofon-portabel,/products/wireless-microphone-portabel,YES,YES,"Wireless 2.4G Microphone Amplifier Portable Microphone, 1 In 1 Lapel Clip, 1 In 1 Headwear, 1 In 2 Lapel Clip, 1 In 2 Headwear",,
product,boya-k9-mikrofon,boya-k9-microphone,/products/boya-k9-mikrofon,/products/boya-k9-microphone,YES,YES,BOYA K9 mikrofon: Kristallklart ljud för alla behov,,
product,kondensatormikrofon-dator-mobil-inspelning,kondensatormicrophone-dator-mobil-inspelning,/products/kondensatormikrofon-dator-mobil-inspelning,/products/kondensatormicrophone-dator-mobil-inspelning,YES,YES,Condenser Mikrofon Computer - Mångsidig Kondensatormikrofon,,
product,tradlos-lavalier-mikrofon-with-3-i-1-mottagare,wireless-lavalier-microphone-with-3-i-1-mottagare,/products/tradlos-lavalier-mikrofon-with-3-i-1-mottagare,/products/wireless-lavalier-microphone-with-3-i-1-mottagare,YES,YES,Mini Wireless Lavalier med 3-i-1 Mottagare,,
product,telesin-myggmikrofon-tradlos-brusreducering,telesin-myggmicrophone-wireless-brusreducering,/products/telesin-myggmikrofon-tradlos-brusreducering,/products/telesin-myggmicrophone-wireless-brusreducering,YES,YES,TELESIN Wireless Lavalier Microphone Noise-Canceling Magnetic Button Microphone,,
product,dji-osmo-360-puluz-silikonskydd-with-linsskydd,dji-osmo-360-puluz-siliconeprotection-with-lens-protector,/products/dji-osmo-360-puluz-silikonskydd-with-linsskydd,/products/dji-osmo-360-puluz-siliconeprotection-with-lens-protector,YES,YES,Skyddande Silikonskal för DJI Osmo 360 PULUZ,,
product,skarmsskydd-dji-osmo-nano-1,skarmsprotection-dji-osmo-nano-1,/products/skarmsskydd-dji-osmo-nano-1,/products/skarmsprotection-dji-osmo-nano-1,YES,YES,Högkvalitativt skärmskydd DJI Osmo Nano,,
product,gimbalskydd-for-dji-air-2s,gimbalprotection-for-dji-air-2s,/products/gimbalskydd-for-dji-air-2s,/products/gimbalprotection-for-dji-air-2s,YES,YES,Robust Gimbalskydd för DJI Air 2S,,
product,skal-dji-osmo-nano-silikonskydd,shell-dji-osmo-nano-siliconeprotection,/products/skal-dji-osmo-nano-silikonskydd,/products/shell-dji-osmo-nano-siliconeprotection,YES,YES,Skal DJI Osmo Nano - Skyddande Skal för DJI Osmo Nano Actionkamera,,
product,storage-bag-sportkamera,storage-bag-action-camera,/products/storage-bag-sportkamera,/products/storage-bag-action-camera,YES,YES,Sports Kamera Body Storage - Förvaringsväska för Sportkamera,,
product,insta360-go-bandfaste,insta360-go-bandmount,/products/insta360-go-bandfaste,/products/insta360-go-bandmount,YES,YES,Mångsidigt Insta360 GO Bandfäste för Actionkameran,,
product,sunnylife-magnetiskt-snabbfaste-metall,sunnylife-magnetiskt-snabbmount-metall,/products/sunnylife-magnetiskt-snabbfaste-metall,/products/sunnylife-magnetiskt-snabbmount-metall,YES,YES,Sunnylife magnetfäste - Sunnylife Magnetiskt Snabbfäste i Metall,,
product,insta360-go-ultra-sunnylife-magnetfaste,insta360-go-ultra-sunnylife-magnetmount,/products/insta360-go-ultra-sunnylife-magnetfaste,/products/insta360-go-ultra-sunnylife-magnetmount,YES,YES,Insta360 GO Ultra Sunnylife - Insta360 GO Ultra Magnetfäste,,
product,silikonskal-dji-osmo-protection,silicone-case-dji-osmo-protection,/products/silikonskal-dji-osmo-protection,/products/silicone-case-dji-osmo-protection,YES,YES,Skyddande silikonskal DJI Osmo för din Osmo Pocket,,
product,insta360-go-skyddsram-vertikalt-faste,insta360-go-protectionsram-vertikalt-mount,/products/insta360-go-skyddsram-vertikalt-faste,/products/insta360-go-protectionsram-vertikalt-mount,YES,YES,Insta360 GO Skyddsram med Vertikalt Fäste,,
product,dji-osmo-nano-skyddsfodral,dji-osmo-nano-protectionsfodral,/products/dji-osmo-nano-skyddsfodral,/products/dji-osmo-nano-protectionsfodral,YES,YES,Optimalt Osmo Nano Skyddsfodral med Handledsrem,,
product,dji-osmo-nano-skarmskydd-hartat-glasfilm,dji-osmo-nano-skarmprotection-hartat-glasfilm,/products/dji-osmo-nano-skarmskydd-hartat-glasfilm,/products/dji-osmo-nano-skarmprotection-hartat-glasfilm,YES,YES,DJI Osmo Nano skärmskydd - Härdat Skärmskydd för DJI Osmo Nano,,
product,magnetfaste-dji-osmo,magnetmount-dji-osmo,/products/magnetfaste-dji-osmo,/products/magnetmount-dji-osmo,YES,YES,Magnetfäste DJI Osmo för Snabba Monteringslösningar,,
product,aputure-ls-c120d-ii-led-belysning,aputure-ls-c120d-ii-led-lighting,/products/aputure-ls-c120d-ii-led-belysning,/products/aputure-ls-c120d-ii-led-lighting,YES,YES,Aputure LS C120D II LED Videolampa för Studio,,
product,led-013-flashlight-112-leds-studiobelysning,led-013-flashlight-112-leds-studiolighting,/products/led-013-flashlight-112-leds-studiobelysning,/products/led-013-flashlight-112-leds-studiolighting,YES,YES,LED-013 Pocket 112 LEDs - LED-013 Ficklampa 112 LED för Vloggning,,
product,mj58-flashlight-led-fjarrstyrd-fotobelysning,mj58-flashlight-led-fjarrstyrd-fotolighting,/products/mj58-flashlight-led-fjarrstyrd-fotobelysning,/products/mj58-flashlight-led-fjarrstyrd-fotolighting,YES,YES,MJ58 Pocket Beauty Fill Light - MJ58 Ficklampa LED för Fotografering,,
product,luxceo-mood1-led-sticka-rgb-belysning-foto-video,luxceo-mood1-led-sticka-rgb-lighting-foto-video,/products/luxceo-mood1-led-sticka-rgb-belysning-foto-video,/products/luxceo-mood1-led-sticka-rgb-lighting-foto-video,YES,YES,LUXCEO Mood1 LED-l tripod - LUXCEO Mood1 RGB LED-sticka för Video,,
product,luxceo-ws66-led-lampa-videobelysning,luxceo-ws66-led-lampa-videolighting,/products/luxceo-ws66-led-lampa-videobelysning,/products/luxceo-ws66-led-lampa-videolighting,YES,YES,Luxceo WS66 LED-lampa för Videokonferenser,,
product,insta360-x5-linsskydd-kit,insta360-x5-lens-protector-kit,/products/insta360-x5-linsskydd-kit,/products/insta360-x5-lens-protector-kit,YES,YES,Insta360 X5 Linsskydd Kit för Optimalt Skydd,,
product,premium-insta360-x4-linsskydd,premium-insta360-x4-lens-protector,/products/premium-insta360-x4-linsskydd,/products/premium-insta360-x4-lens-protector,YES,YES,Optimalt Premium Insta360 X4 Linsskydd,,
product,insta360-x4-linsskydd,insta360-x4-lens-protector,/products/insta360-x4-linsskydd,/products/insta360-x4-lens-protector,YES,YES,Insta360 X4 Linsskydd,,
product,insta360-x5-vertikalfaste,insta360-x5-vertikalmount,/products/insta360-x5-vertikalfaste,/products/insta360-x5-vertikalmount,YES,YES,Insta360 X5 Vertikalfäste för Flexibel Filmning,,
product,insta360-ace-pro-ramfaste,insta360-ace-pro-rammount,/products/insta360-ace-pro-ramfaste,/products/insta360-ace-pro-rammount,YES,YES,Ramfäste för Insta360 Ace Pro – Robust Kameraskydd,,
product,insta360-ace-cold-shoe-snabbfaste,insta360-ace-cold-shoe-snabbmount,/products/insta360-ace-cold-shoe-snabbfaste,/products/insta360-ace-cold-shoe-snabbmount,YES,YES,Insta360 Ace Cold Shoe Snabbfäste,,
product,godox-led-6r-videolampa-rgb-belysning,godox-led-6r-videolampa-rgb-lighting,/products/godox-led-6r-videolampa-rgb-belysning,/products/godox-led-6r-videolampa-rgb-lighting,YES,YES,"Godox LED-6R RGB LED Video Shoot Fill Light, LED-6R",,
product,puluz-rgb-led-ljusstang-waterproof-fotobelysning,puluz-rgb-led-ljusstang-waterproof-fotolighting,/products/puluz-rgb-led-ljusstang-waterproof-fotobelysning,/products/puluz-rgb-led-ljusstang-waterproof-fotolighting,YES,YES,PULUZ RGB LED Ljusstång för Vattentät Fotografering,,
product,puluz-led-panel-vlogging-fotobelysning,puluz-led-panel-vlogging-fotolighting,/products/puluz-led-panel-vlogging-fotobelysning,/products/puluz-led-panel-vlogging-fotolighting,YES,YES,LED-panel vlogging - PULUZ Professionell LED-Panel för Vlogging,,
product,puluz-rgb-ljus-72-led-handhallen-fotobelysning,puluz-rgb-ljus-72-led-handhallen-fotolighting,/products/puluz-rgb-ljus-72-led-handhallen-fotobelysning,/products/puluz-rgb-ljus-72-led-handhallen-fotolighting,YES,YES,PULUZ RGB Ljus 72 LED för Professionell Fotografering,,
product,puluz-skuggfri-fotobelysning-30cm-led-ljusplatta,puluz-skuggfri-fotolighting-30cm-led-ljusplatta,/products/puluz-skuggfri-fotobelysning-30cm-led-ljusplatta,/products/puluz-skuggfri-fotolighting-30cm-led-ljusplatta,YES,YES,PULUZ Skuggfri Fotobelysning 30cm,,
product,puluz-64-led-videobelysning-5w-camera,puluz-64-led-videolighting-5w-camera,/products/puluz-64-led-videobelysning-5w-camera,/products/puluz-64-led-videolighting-5w-camera,YES,YES,PULUZ 64 LED Videobelysning för Kamera,,
product,yongnuo-yn-0906ii-led-videobelysning,yongnuo-yn-0906ii-led-videolighting,/products/yongnuo-yn-0906ii-led-videobelysning,/products/yongnuo-yn-0906ii-led-videolighting,YES,YES,YONGNUO YN-0906II LED Videobelysning för Kamera,,
product,rgb-fotobelysning-justerbar-fargtemp,rgb-fotolighting-justerbar-fargtemp,/products/rgb-fotobelysning-justerbar-fargtemp,/products/rgb-fotolighting-justerbar-fargtemp,YES,YES,Mångsidig RGB Fotobelysning med Justerbar Färgtemperatur,,
product,vijim-vl81-portabel-led-belysning,vijim-vl81-portabel-led-lighting,/products/vijim-vl81-portabel-led-belysning,/products/vijim-vl81-portabel-led-lighting,YES,YES,VIJIM VL81 Portabel LED-belysning för Foto och Video,,
product,rgb-fotobelysning-50w,rgb-fotolighting-50w,/products/rgb-fotobelysning-50w,/products/rgb-fotolighting-50w,YES,YES,Professionell RGB fotobelysning 50W för kreativa projekt,,
product,led-steglos-justering-studiobelysning,led-steglos-justering-studiolighting,/products/led-steglos-justering-studiobelysning,/products/led-steglos-justering-studiolighting,YES,YES,"LED Stepless Adjustment Live Fill Light Reversible Photography Soft Light, 8 inch, 10 inch, 12 inch",,
product,jmary-fm-72rgb-uppladdningsbar-rgb-dykfotolampa,jmary-fm-72rgb-rechargeablebar-rgb-dykfotolampa,/products/jmary-fm-72rgb-uppladdningsbar-rgb-dykfotolampa,/products/jmary-fm-72rgb-rechargeablebar-rgb-dykfotolampa,YES,YES,JMARY FM-72RGB Rechargeable - JMARY FM-72RGB Uppladdningsbar RGB,,
product,led-ringlampa-18-tum-fotografering-live-streaming,led-ring-light-18-tum-fotografering-live-streaming,/products/led-ringlampa-18-tum-fotografering-live-streaming,/products/led-ring-light-18-tum-fotografering-live-streaming,YES,YES,Professionell LED Ringlampa 18 Tum för Studiobruk,,
product,mini-fotolampa-led-uppladdningsbar,mini-fotolampa-led-rechargeablebar,/products/mini-fotolampa-led-uppladdningsbar,/products/mini-fotolampa-led-rechargeablebar,YES,YES,Mångsidig Mini Fotolampa LED för Fotografering,,
product,vloglite-rgb-ljusstav-handhallen-fotobelysning,vloglite-rgb-ljusstav-handhallen-fotolighting,/products/vloglite-rgb-ljusstav-handhallen-fotobelysning,/products/vloglite-rgb-ljusstav-handhallen-fotolighting,YES,YES,"VLOGLITE Full Colorful Handheld Fill Light Stick Live Photography Ambient Light Outdoor Lighting, W200RGB",,
product,sea-frogs-sl-108-undervattensbelysning-makro-ringl,sea-frogs-sl-108-undervattenslighting-makro-ringl,/products/sea-frogs-sl-108-undervattensbelysning-makro-ringl,/products/sea-frogs-sl-108-undervattenslighting-makro-ringl,YES,YES,Sea Frogs SL-108 Undervattensbelysning för Makro,,
product,fl15-extern-kameralampa-mini-led-belysning,fl15-extern-kameralampa-mini-led-lighting,/products/fl15-extern-kameralampa-mini-led-belysning,/products/fl15-extern-kameralampa-mini-led-lighting,YES,YES,FL15 Camera External - FL15 Extern Kameralampa,,
product,vloglite-rgb-fotolampa-magnetisk-led-belysning,vloglite-rgb-fotolampa-magnetisk-led-lighting,/products/vloglite-rgb-fotolampa-magnetisk-led-belysning,/products/vloglite-rgb-fotolampa-magnetisk-led-lighting,YES,YES,VLOGLITE RGB Fotolampa med Magnetisk LED-Belysning,,
product,waterproof-mobilvaska-1-2l,waterproof-mobilbag-1-2l,/products/waterproof-mobilvaska-1-2l,/products/waterproof-mobilbag-1-2l,YES,YES,Vattentät Mobilväska 1.2L för Utomhusbruk,,
product,campingbord-hangficka-forvaring,campingbord-hangficka-storage,/products/campingbord-hangficka-forvaring,/products/campingbord-hangficka-storage,YES,YES,"CLS Outdoor Folding Picnic Table Storage Hanging Bag Portable Invisible Pocket Storage Hanging Pocket,Style:, Small Pocket, Large Pocket, Table Small + Small Pocket, Table Medium + Large Pocket",,
product,backpack-xinda-30l-outdoor-waterproof-vandringsrygg,backpack-xinda-30l-outdoor-waterproof-hikingsrygg,/products/backpack-xinda-30l-outdoor-waterproof-vandringsrygg,/products/backpack-xinda-30l-outdoor-waterproof-hikingsrygg,YES,YES,Ryggsäck XINDA 30L för Outdoor och Äventyr,,
product,rostfritt-varmeskydd-campingkok-utomhusbruk,rostfritt-thermalprotection-campingkok-utomhusbruk,/products/rostfritt-varmeskydd-campingkok-utomhusbruk,/products/rostfritt-thermalprotection-campingkok-utomhusbruk,YES,YES,Värmeskydd campingkök - Rostfritt Värmeskydd för Campingkök,,
product,ryggsacksbrannare-11000w-utomhus-koksutrustning,ryggsacksbrannare-11000w-utomhus-koksequipment,/products/ryggsacksbrannare-11000w-utomhus-koksutrustning,/products/ryggsacksbrannare-11000w-utomhus-koksequipment,YES,YES,Ryggsäcksbrännare 11000W – Effektivt Utomhuskök,,
product,multifunktionell-portabel-gasvarmare-spis,multifunktionell-portabel-gasvarmse-spis,/products/multifunktionell-portabel-gasvarmare-spis,/products/multifunktionell-portabel-gasvarmse-spis,YES,YES,Portabel gasvärmar includ - Multifunktionell Portabel Gasvärmare,,
product,bestick-friluftsliv-tre-delar,bestick-outdoor-tre-delar,/products/bestick-friluftsliv-tre-delar,/products/bestick-outdoor-tre-delar,YES,YES,"Three-Piece Outdoor Cutlery, Dark blue, Rose Red, Grass green, Fluorescent green, Orange, Purple, Big Red, Light blue",,
product,barbar-aggforvaring-12-agg-utomhus,barbar-aggstorage-12-agg-utomhus,/products/barbar-aggforvaring-12-agg-utomhus,/products/barbar-aggstorage-12-agg-utomhus,YES,YES,Outdoor Portable 12 Grid Egg Behållare för Utomhusbruk,,
product,vindskydd-campingkok,vindprotection-campingkok,/products/vindskydd-campingkok,/products/vindprotection-campingkok,YES,YES,vindskydd campingkök - Effektivt Vindskydd för Campingkök,,
product,waterproof-rulltoppsvaska,waterproof-rulltoppsbag,/products/waterproof-rulltoppsvaska,/products/waterproof-rulltoppsbag,YES,YES,Vattentät Rulltoppsväska 5L för Utomhusbruk,,
product,axelvaska-waterproof-3l-hall-torr,axelbag-waterproof-3l-hall-torr,/products/axelvaska-waterproof-3l-hall-torr,/products/axelbag-waterproof-3l-hall-torr,YES,YES,"Outdoor Waterproof Single Shoulder Bag Dry Sack PVC Barrel Bag, Capacity: 3L, Capacity: 3L (Orange), Capacity: 3L (Pink), Capacity: 3L (Green), Capacity: 3L (Sky Blue), Capacity: 3L (Yellow), Capacity: 3L (Black), Capacity: 3L (Dark Blue)",,
product,waterproof-axelremssvaska-15l-outdoor,waterproof-axelremssbag-15l-outdoor,/products/waterproof-axelremssvaska-15l-outdoor,/products/waterproof-axelremssbag-15l-outdoor,YES,YES,"Outdoor Waterproof Single Shoulder Bag Dry Sack PVC Barrel Bag, Capacity: 15L, Capacity: 15L (Sky Blue), Capacity: 15L (Yellow), Capacity: 15L (Black), Capacity: 15L (Dark Blue), Capacity: 15L (Orange), Capacity: 15L (Pink), Capacity: 15L (Green)",,
product,outdoor-waterproof-double-axelremsvaska-30l,outdoor-waterproof-double-axelremsbag-30l,/products/outdoor-waterproof-double-axelremsvaska-30l,/products/outdoor-waterproof-double-axelremsbag-30l,YES,YES,"Outdoor Waterproof Double Shoulder Bag Dry Sack PVC Barrel Bag, Capacity: 30L, Capacity: 30L (Black), Capacity: 30L (Dark Blue), Capacity: 30L (Orange), Capacity: 30L (Pink), Capacity: 30L (Green), Capacity: 30L (Sky Blue), Capacity: 30L (Yellow)",,
product,snygg-vattentalig-mobilvaska-tyg-utomhusbruk,snygg-vattentalig-mobilbag-tyg-utomhusbruk,/products/snygg-vattentalig-mobilvaska-tyg-utomhusbruk,/products/snygg-vattentalig-mobilbag-tyg-utomhusbruk,YES,YES,Stylish Outdoor Water - Snygg Vattentålig Mobilväska för Utomhusbruk,,
product,mangsidig-axelvaska-utomhus-transparent-waterproof,mangsidig-axelbag-utomhus-transparent-waterproof,/products/mangsidig-axelvaska-utomhus-transparent-waterproof,/products/mangsidig-axelbag-utomhus-transparent-waterproof,YES,YES,Axelväska Utomhus - Mångsidig Axelväska för Utomhusbruk,,
product,waterproof-forsta-hjalpen-axelvaska-5l,waterproof-forsta-hjalpen-axelbag-5l,/products/waterproof-forsta-hjalpen-axelvaska-5l,/products/waterproof-forsta-hjalpen-axelbag-5l,YES,YES,Vattentät Första Hjälpen Väska för Outdoor,,
product,waterproof-mobilvaska-crossbody-pekskarm,waterproof-mobilbag-crossbody-pekskarm,/products/waterproof-mobilvaska-crossbody-pekskarm,/products/waterproof-mobilbag-crossbody-pekskarm,YES,YES,"Tteoobl Swimming Waterproof Crossbody Phone Bag Touch Screen Chest Bag,Style:, Zipper Model, Paste Model",,
product,waterproof-axelvaska-mobil-tteoobl-t-019a,waterproof-axelbag-mobil-tteoobl-t-019a,/products/waterproof-axelvaska-mobil-tteoobl-t-019a,/products/waterproof-axelbag-mobil-tteoobl-t-019a,YES,YES,Vattentät Axelväska Mobil för Utomhusbruk,,
product,waterproof-dykfensvaska-scuba-backpack,waterproof-dykfensbag-scuba-backpack,/products/waterproof-dykfensvaska-scuba-backpack,/products/waterproof-dykfensbag-scuba-backpack,YES,YES,Waterproof Outdoor Diving Fins Bag Scuba Swimming Backpack,,
product,camping-muggvaska-aotu-at6662,camping-muggbag-aotu-at6662,/products/camping-muggvaska-aotu-at6662,/products/camping-muggbag-aotu-at6662,YES,YES,Praktisk Camping Muggväska för Outdoor Äventyr,,
product,pensel-silikon-bakning-grillning-olja,pensel-silicone-bakning-grillning-olja,/products/pensel-silikon-bakning-grillning-olja,/products/pensel-silicone-bakning-grillning-olja,YES,YES,Silicone Brush Baking BBQ Oil Brushes Barbeque Tools for Kitchen Tool,,
product,dji-neo-2-bkano-smooth-fly-kit-brostvaska,dji-neo-2-bkano-smooth-fly-kit-brostbag,/products/dji-neo-2-bkano-smooth-fly-kit-brostvaska,/products/dji-neo-2-bkano-smooth-fly-kit-brostbag,YES,YES,Bröstväska för DJI Neo 2 BKano Smooth Fly Kit,,
product,skarmskydd-dji-osmo-action-6-hartat-glas-linsskydd,skarmprotection-dji-osmo-action-6-hartat-glas-lens-protector,/products/skarmskydd-dji-osmo-action-6-hartat-glas-linsskydd,/products/skarmprotection-dji-osmo-action-6-hartat-glas-lens-protector,YES,YES,"Positioning Curved Tempered Glass Screen Protective Film with Lens Film, For DJI Osmo Action 6",,
product,gimbalfaste-dji-osmo-action-6,gimbalmount-dji-osmo-action-6,/products/gimbalfaste-dji-osmo-action-6,/products/gimbalmount-dji-osmo-action-6,YES,YES,Gimbalfäste DJI Osmo Action 6 för Stabil Filmning,,
product,dji-mini-2-se-ovre-skal-reparationsdel,dji-mini-2-se-ovre-shell-repairsdel,/products/dji-mini-2-se-ovre-skal-reparationsdel,/products/dji-mini-2-se-ovre-shell-repairsdel,YES,YES,mini 2 se dji - Övre Skal - Övre Skal för DJI Mini 2 SE Drönare,,
product,dji-mini-2-se-batterilucka,dji-mini-2-se-batterylucka,/products/dji-mini-2-se-batterilucka,/products/dji-mini-2-se-batterylucka,YES,YES,dji mini 2 se batteri - Batterilucka för DJI Mini 2 SE Drönare,,
product,insta360-go-snabbfaste-magnetiskt,insta360-go-snabbmount-magnetiskt,/products/insta360-go-snabbfaste-magnetiskt,/products/insta360-go-snabbmount-magnetiskt,YES,YES,Insta360 GO Snabbfäste med Magnet,,
product,insta360-go-magnetfaste-flexibel-anvandning,insta360-go-magnetmount-flexibel-anvandning,/products/insta360-go-magnetfaste-flexibel-anvandning,/products/insta360-go-magnetmount-flexibel-anvandning,YES,YES,Insta360 GO Magnetfäste för Enkel Användning,,
product,osmo-action-6-metallbur-puluz-protection,osmo-action-6-metal-cage-puluz-protection,/products/osmo-action-6-metallbur-puluz-protection,/products/osmo-action-6-metal-cage-puluz-protection,YES,YES,Osmo Action 6 metallbur - PULUZ Metallbur för DJI Osmo,,
product,dji-neo-2-motion-combo-dronarpaket,dji-neo-2-motion-combo-dronepaket,/products/dji-neo-2-motion-combo-dronarpaket,/products/dji-neo-2-motion-combo-dronepaket,YES,YES,DJI Neo 2 Motion Combo – K tiv Drönarupplevelse,,
product,bag-osmo-action-sunnylife-forvaring,bag-osmo-action-sunnylife-storage,/products/bag-osmo-action-sunnylife-forvaring,/products/bag-osmo-action-sunnylife-storage,YES,YES,Väska Osmo Action - Portabel Väska för DJI Osmo Action Kameror,,
product,skarmskydd-osmo-action-hartat-glas,skarmprotection-osmo-action-hartat-glas,/products/skarmskydd-osmo-action-hartat-glas,/products/skarmprotection-osmo-action-hartat-glas,YES,YES,Skärmskydd Osmo Action - Skärmskydd i Härdat Glas för DJI Osmo Action,,
product,imak-skarmskydd-dji-hartat-glas,imak-skarmprotection-dji-hartat-glas,/products/imak-skarmskydd-dji-hartat-glas,/products/imak-skarmprotection-dji-hartat-glas,YES,YES,imak skärmskydd DJI - Imak Skärmskydd i Härdat Glas för DJI-produkter,,
product,osmo-pocket-3-handtag-gangat-faste,osmo-pocket-3-handtag-gangat-mount,/products/osmo-pocket-3-handtag-gangat-faste,/products/osmo-pocket-3-handtag-gangat-mount,YES,YES,Original 1/4-Inch Threaded Handtag till Osmo Pocket 3,,
product,dji-osmo-action-6-metallbur-protection-kallsko,dji-osmo-action-6-metal-cage-protection-kallsko,/products/dji-osmo-action-6-metallbur-protection-kallsko,/products/dji-osmo-action-6-metal-cage-protection-kallsko,YES,YES,DJI Osmo Action 6 Metal - Metallbur för DJI Osmo,,
product,gopro-hero-13-silikonskal-linsskydd-kit,gopro-hero-13-silicone-case-lens-protector-kit,/products/gopro-hero-13-silikonskal-linsskydd-kit,/products/gopro-hero-13-silicone-case-lens-protector-kit,YES,YES,"Silicone Case with Lens Cap + 2 Sets Tempered Glass Film + Battery Side Cover + Storage Bag Set, For GoPro HERO13 Black",,
product,magnetfaste-dji-osmo-nano,magnetmount-dji-osmo-nano,/products/magnetfaste-dji-osmo-nano,/products/magnetmount-dji-osmo-nano,YES,YES,Magnetfäste DJI Osmo Nano för Effektiv Användning,,
product,osmo-nano-skarmskydd,osmo-nano-skarmprotection,/products/osmo-nano-skarmskydd,/products/osmo-nano-skarmprotection,YES,YES,Optimalt skydd med Osmo Nano skärmskydd,,
product,skarmsskydd-dji-osmo-nano,skarmsprotection-dji-osmo-nano,/products/skarmsskydd-dji-osmo-nano,/products/skarmsprotection-dji-osmo-nano,YES,YES,Skärmskydd DJI Osmo Nano för optimalt skydd,,
product,waterproof-axelremsvaska-5l-dry-bag,waterproof-axelremsbag-5l-dry-bag,/products/waterproof-axelremsvaska-5l-dry-bag,/products/waterproof-axelremsbag-5l-dry-bag,YES,YES,"Outdoor Waterproof Single Shoulder Bag Dry Sack PVC Barrel Bag, Capacity: 5L, Capacity: 5L (Sky Blue), Capacity: 5L (Yellow), Capacity: 5L (Black), Capacity: 5L (Dark Blue), Capacity: 5L (Orange), Capacity: 5L (Pink), Capacity: 5L (Green)",,
product,batterigrepp-panasonic-s1rii,batterygrepp-panasonic-s1rii,/products/batterigrepp-panasonic-s1rii,/products/batterygrepp-panasonic-s1rii,YES,YES,Batterigrepp Panasonic - Batterigrepp för Panasonic Lumix S1RII,,
product,joyroom-tcg17-45w-gan-dual-usb-c-miniladdare,joyroom-tcg17-45w-gan-dual-usb-c-minicharger,/products/joyroom-tcg17-45w-gan-dual-usb-c-miniladdare,/products/joyroom-tcg17-45w-gan-dual-usb-c-minicharger,YES,YES,JOYROOM TCG17 45W GaN Dual USB-C Väggladdare,,
product,joyroom-tcg18-65w-gan-usb-c-miniladdare,joyroom-tcg18-65w-gan-usb-c-minicharger,/products/joyroom-tcg18-65w-gan-usb-c-miniladdare,/products/joyroom-tcg18-65w-gan-usb-c-minicharger,YES,YES,"JOYROOM TCG18 65W GaN USB-C / Type-C Port Mini Charger, EU Plug",,
product,joyroom-usb-c-snabbladdningskabel-1-2m,joyroom-usb-c-snabbladdningscable-1-2m,/products/joyroom-usb-c-snabbladdningskabel-1-2m,/products/joyroom-usb-c-snabbladdningscable-1-2m,YES,YES,JOYROOM USB-C Snabbladdningskabel 1.2m,,
product,joyroom-s-a42-crystal-clear-snabbladdningskabel,joyroom-s-a42-crystal-clear-snabbladdningscable,/products/joyroom-s-a42-crystal-clear-snabbladdningskabel,/products/joyroom-s-a42-crystal-clear-snabbladdningscable,YES,YES,JOYROOM S-A42 Crystal Clear Snabbladdningskabel,,
product,joyroom-usb-c-laddkabel-60w,joyroom-usb-c-laddcable-60w,/products/joyroom-usb-c-laddkabel-60w,/products/joyroom-usb-c-laddcable-60w,YES,YES,JOYROOM USB-C Laddkabel för Snabbladdning 60W,,
product,joyroom-lightning-kabel-snabbladdning-dataoverfori,joyroom-lightning-cable-snabbladdning-dataoverfori,/products/joyroom-lightning-kabel-snabbladdning-dataoverfori,/products/joyroom-lightning-cable-snabbladdning-dataoverfori,YES,YES,JOYROOM Lightning Kabel för Effektiv Laddning,,
product,joyroom-8-pin-vinklad-90-laddkabel,joyroom-8-pin-vinklad-90-laddcable,/products/joyroom-8-pin-vinklad-90-laddkabel,/products/joyroom-8-pin-vinklad-90-laddcable,YES,YES,JOYROOM 8-pin Vinklad 90° Snabbladdningskabel,,
product,joyroom-lightning-datakabel-1-2m,joyroom-lightning-datacable-1-2m,/products/joyroom-lightning-datakabel-1-2m,/products/joyroom-lightning-datacable-1-2m,YES,YES,JOYROOM Lightning k enhet - JOYROOM Lightning Datakabel 1.2m,,
product,magnetiskt-nackfaste-actionkamera,magnetiskt-nackmount-actionkamera,/products/magnetiskt-nackfaste-actionkamera,/products/magnetiskt-nackmount-actionkamera,YES,YES,Action Camera Magnetic Neck - Magnetiskt Nackfäste för Actionkamera,,
product,actionkamera-hattfaste-dji,actionkamera-hattmount-dji,/products/actionkamera-hattfaste-dji,/products/actionkamera-hattmount-dji,YES,YES,Action Camera Hat Brim - Hattfäste för Actionkamera med Kepsmontering,,
product,cykelhjalmsfaste-camera-justerbart-universal,cykelhjalmsmount-camera-justerbart-universal,/products/cykelhjalmsfaste-camera-justerbart-universal,/products/cykelhjalmsmount-camera-justerbart-universal,YES,YES,Cykelhjälmsfäste kamera - Justerbart Universal Cykelhjälmsfäste,,
product,magnetfaste-actionkamera-dji-osmo-nano,magnetmount-actionkamera-dji-osmo-nano,/products/magnetfaste-actionkamera-dji-osmo-nano,/products/magnetmount-actionkamera-dji-osmo-nano,YES,YES,DJI Osmo Nano magnetfäste,,
product,insta360-go-ultra-linsskydd,insta360-go-ultra-lens-protector,/products/insta360-go-ultra-linsskydd,/products/insta360-go-ultra-lens-protector,YES,YES,Insta360 GO Ultra 2pcs Lens - Reptåligt Linsskydd för Insta360 GO,,
product,dji-osmo-nano-linsskydd-magnetfaste,dji-osmo-nano-lens-protector-magnetmount,/products/dji-osmo-nano-linsskydd-magnetfaste,/products/dji-osmo-nano-lens-protector-magnetmount,YES,YES,DJI Osmo Nano Linsskydd med Magnetfäste,,
product,insta360-go-ultra-magnetiskt-snabbfaste,insta360-go-ultra-magnetiskt-snabbmount,/products/insta360-go-ultra-magnetiskt-snabbfaste,/products/insta360-go-ultra-magnetiskt-snabbmount,YES,YES,Insta360 GO Ultra Magnetic - Insta360 GO Ultra Magnetiskt Snabbfäste,,
product,dji-osmo-nano-faste-vertikal-filmning,dji-osmo-nano-mount-vertikal-filmning,/products/dji-osmo-nano-faste-vertikal-filmning,/products/dji-osmo-nano-mount-vertikal-filmning,YES,YES,DJI Osmo Nano Fäste för Vertikal Filmning,,
product,osmo-nano-snabbfaste,osmo-nano-snabbmount,/products/osmo-nano-snabbfaste,/products/osmo-nano-snabbmount,YES,YES,snabbfäste till DJI Osmo Nano,,
product,gh1879-mobil-inspelningsvaska-hardfodral,gh1879-mobil-inspelningsbag-hardfodral,/products/gh1879-mobil-inspelningsvaska-hardfodral,/products/gh1879-mobil-inspelningsbag-hardfodral,YES,YES,GH1879 Portable Mobile - GH1879 Hårdfodral för Mobil,,
product,picknickkorg-kylvaska-termisk-forvaring,picknickkorg-kylbag-termisk-storage,/products/picknickkorg-kylvaska-termisk-forvaring,/products/picknickkorg-kylbag-termisk-storage,YES,YES,Praktisk Picknickkorg Kylväska för Utomhusbruk,,
product,kylvaska-cylinderformad-portabel-fallbar,kylbag-cylinderformad-portabel-fallbar,/products/kylvaska-cylinderformad-portabel-fallbar,/products/kylbag-cylinderformad-portabel-fallbar,YES,YES,Kylväska Cylinderformad för Drycker och Lunch,,
product,cls-outdoor-camping-kokutrustning-storage-bag,cls-outdoor-camping-kokequipment-storage-bag,/products/cls-outdoor-camping-kokutrustning-storage-bag,/products/cls-outdoor-camping-kokequipment-storage-bag,YES,YES,CLS Outdoor Camping Cookware - CLS Förvaringsväska för Camping,,
product,camping-skal-rostfri,camping-shell-rostfri,/products/camping-skal-rostfri,/products/camping-shell-rostfri,YES,YES,Hållbar Camping Skål Rostfri för Alla Äventyr,,
product,grillmotor-batteridriven-rotisserie,grillmotor-batterydriven-rotisseries,/products/grillmotor-batteridriven-rotisserie,/products/grillmotor-batterydriven-rotisseries,YES,YES,grillmotor utomhus tillbehör - Batteridriven Grillmotor,,
product,picknickvaska-bestick-cool-camp,picknickbag-bestick-cool-camp,/products/picknickvaska-bestick-cool-camp,/products/picknickbag-bestick-cool-camp,YES,YES,COOL CAMP Picknickväska Bestick för Utomhusbruk,,
product,picknickvaska-bestick-cool-camp-1,picknickbag-bestick-cool-camp-1,/products/picknickvaska-bestick-cool-camp-1,/products/picknickbag-bestick-cool-camp-1,YES,YES,COOL CAMP Picknickväska Bestick för Utomhusbruk,,
product,camping-skal-rostfritt-aotu-at6446,camping-shell-rostfritt-aotu-at6446,/products/camping-skal-rostfritt-aotu-at6446,/products/camping-shell-rostfritt-aotu-at6446,YES,YES,"AOTU AT6446 Outdoor 304 Stainless Steel Bowl Camping Tableware, 300ml, 400ml, 600ml",,
product,nackremfaste-actionkamera,nackremmount-actionkamera,/products/nackremfaste-actionkamera,/products/nackremmount-actionkamera,YES,YES,"Original Neck Strap Mount Max for DJI Osmo 360 / Action 3 / Action 4 / Action 5 Pro, Neck Strap Mount Max",,
product,lktop-lk340-40w-dronarsoklampa,lktop-lk340-40w-dronesoklampa,/products/lktop-lk340-40w-dronarsoklampa,/products/lktop-lk340-40w-dronesoklampa,YES,YES,LKTOP LK340 40W Searchlight - LKTOP LK340 40W Drönarsöklampa,,
product,kamerakabel-dji-mini-5-pro-hall-drones-flygande,kameracable-dji-mini-5-pro-hall-drones-flygande,/products/kamerakabel-dji-mini-5-pro-hall-drones-flygande,/products/kameracable-dji-mini-5-pro-hall-drones-flygande,YES,YES,Kamerakabel för DJI Mini 5 Pro - Håll din drönare flygande,,
product,dji-mini-5-pro-linsskydd,dji-mini-5-pro-lens-protector,/products/dji-mini-5-pro-linsskydd,/products/dji-mini-5-pro-lens-protector,YES,YES,DJI Mini 5 Pro linsskydd - Skydda Din DJI Mini,,
product,dji-mini-5-pro-belysningssystem,dji-mini-5-pro-lightingssystem,/products/dji-mini-5-pro-belysningssystem,/products/dji-mini-5-pro-lightingssystem,YES,YES,"Drone Lighting System, For DJI Mini 5 Pro",,
product,foldable-landningsstall-dji-mini-5-pro,foldable-landing-gear-dji-mini-5-pro,/products/foldable-landningsstall-dji-mini-5-pro,/products/foldable-landing-gear-dji-mini-5-pro,YES,YES,Fällbart Landningsställ för DJI Mini 5 Pro,,
product,dji-mini-5-pro-dronarpropellerforvaring,dji-mini-5-pro-dronepropellerstorage,/products/dji-mini-5-pro-dronarpropellerforvaring,/products/dji-mini-5-pro-dronepropellerstorage,YES,YES,Förvaringslåda för Drönarpropellrar,,
product,uppladdningsbart-nattflygningsljus-dji-mini-5-pro,rechargeablebart-nattflygningsljus-dji-mini-5-pro,/products/uppladdningsbart-nattflygningsljus-dji-mini-5-pro,/products/rechargeablebart-nattflygningsljus-dji-mini-5-pro,YES,YES,DJI Mini 5 Pro Nattlampa för Mörkerflygning,,
product,dji-tripod-mini-5-pro-uppladdningsbart-nattljus,dji-tripod-mini-5-pro-rechargeablebart-nattljus,/products/dji-tripod-mini-5-pro-uppladdningsbart-nattljus,/products/dji-tripod-mini-5-pro-rechargeablebart-nattljus,YES,YES,dji stativ mini 5 pro - Uppladdningsbart Drönarstativ med Nattljus,,
product,dronarstativ-reptaligt-slitstarkt-protection,dronestativ-reptaligt-slitstarkt-protection,/products/dronarstativ-reptaligt-slitstarkt-protection,/products/dronestativ-reptaligt-slitstarkt-protection,YES,YES,"Drone Scratch-Resistant and Wear-Resistant Protective Mini Tripod, For DJI Mini 5 Pro",,
product,dji-mini-5-pro-flytstall-sakra-vattenlandningar,dji-mini-5-pro-flytstall-sakra-vattenlandingar,/products/dji-mini-5-pro-flytstall-sakra-vattenlandningar,/products/dji-mini-5-pro-flytstall-sakra-vattenlandingar,YES,YES,DJI Mini 5 Pro Flytställ för Vattenlandningar,,
product,sc002-waterproof-sportkamera-4k,sc002-waterproof-action-camera-4k,/products/sc002-waterproof-sportkamera-4k,/products/sc002-waterproof-action-camera-4k,YES,YES,"SC002 4K/60FPS IP68 Waterproof WiFi HD Mini Outdoor Sports Diving Camera, Black+32G, Black+64G, Black+128G",,
product,5k-30fps-wifi-hd-anti-shake-sportkamera,5k-30fps-wifi-hd-anti-shake-action-camera,/products/5k-30fps-wifi-hd-anti-shake-sportkamera,/products/5k-30fps-wifi-hd-anti-shake-action-camera,YES,YES,5K/30FPS WIFI HD Anti-Shake Sportkamera,,
product,viran-v9-4k-actionkamera-dual-skarmar-anti-shake,viran-v9-4k-actionkamera-dual-skarms-anti-shake,/products/viran-v9-4k-actionkamera-dual-skarmar-anti-shake,/products/viran-v9-4k-actionkamera-dual-skarms-anti-shake,YES,YES,"VIRAN V9 4K Dual Color Screen Diving Anti-Shake Action Camera Outdoor Cycling Travel Recorder, V9(Square), V9(Round)",,
product,4k-sportkamera,4k-action-camera,/products/4k-sportkamera,/products/4k-action-camera,YES,YES,4K Sportkamera för Äventyr och Action,,
product,5k-actionkamera-mikrofon,5k-actionkamera-microphone,/products/5k-actionkamera-mikrofon,/products/5k-actionkamera-microphone,YES,YES,5K actionkamera mikrofon - Avancerad 5K Actionkamera med Mikrofon,,
product,joyroom-s-al012a14-multi-color-lightning-laddkabel,joyroom-s-al012a14-multi-color-lightning-laddcable,/products/joyroom-s-al012a14-multi-color-lightning-laddkabel,/products/joyroom-s-al012a14-multi-color-lightning-laddcable,YES,YES,JOYROOM S-AL012A14 Multi-Color Snabbladdningskabel,,
product,joyroom-lightning-laddkabel-12m,joyroom-lightning-laddcable-12m,/products/joyroom-lightning-laddkabel-12m,/products/joyroom-lightning-laddcable-12m,YES,YES,JOYROOM Lightning Laddkabel 1.2m för iPhone,,
product,joyroom-jr-tcf21-20w-dual-port-snabbladdare,joyroom-jr-tcf21-20w-dual-port-snabbcharger,/products/joyroom-jr-tcf21-20w-dual-port-snabbladdare,/products/joyroom-jr-tcf21-20w-dual-port-snabbcharger,YES,YES,JOYROOM JR-TCF21 20W Dual Port Snabbladdare,,
product,kraftfull-flashlight-led-2600mah-uppladdningsbar,kraftfull-flashlight-led-2600mah-rechargeablebar,/products/kraftfull-flashlight-led-2600mah-uppladdningsbar,/products/kraftfull-flashlight-led-2600mah-rechargeablebar,YES,YES,"2600mAh LED Outdoor Strong Lighting Lithium Battery Flashlight, Fixed Focus Silver, Fixed Focus Black, Zoom Silver, Zoom Black",,
product,horlursfodral-sm08-stottatalig-forvaring,horlursfodral-sm08-stottatalig-storage,/products/horlursfodral-sm08-stottatalig-forvaring,/products/horlursfodral-sm08-stottatalig-storage,YES,YES,Hörlursfodral SM08 – Robust Skydd för Din Utrustning,,
product,linsskydd-action-camera-dji-osmo,lens-protector-action-camera-dji-osmo,/products/linsskydd-action-camera-dji-osmo,/products/lens-protector-action-camera-dji-osmo,YES,YES,Reptåligt Silikon Linsskydd för Actionkamera,,
product,insta360-x5-amagisn-snabbfaste,insta360-x5-amagisn-snabbmount,/products/insta360-x5-amagisn-snabbfaste,/products/insta360-x5-amagisn-snabbmount,YES,YES,Insta360 X5 AMagisn Snabbfäste för Kamera,,
product,amagisn-tn11-dubbelriktat-magnetfaste,amagisn-tn11-dubbelriktat-magnetmount,/products/amagisn-tn11-dubbelriktat-magnetfaste,/products/amagisn-tn11-dubbelriktat-magnetmount,YES,YES,aMagisn TN11 Bidirectional - AMagisn TN11 Dubbelriktat Magnetfäste,,
product,magnetfaste-dji-action-snabbkoppling,magnetmount-dji-action-snabbkoppling,/products/magnetfaste-dji-action-snabbkoppling,/products/magnetmount-dji-action-snabbkoppling,YES,YES,magnetfäste DJI Action - Magnetfäste med Snabbkoppling för DJI,,
product,insta360-x4-linsskydd-1,insta360-x4-lens-protector-1,/products/insta360-x4-linsskydd-1,/products/insta360-x4-lens-protector-1,YES,YES,Högkvalitativt Insta360 X4 linstskydd,,
product,skyddsbur-insta360-x5-flymile-panoramakamera,protectionsbur-insta360-x5-flymile-panoramakamera,/products/skyddsbur-insta360-x5-flymile-panoramakamera,/products/protectionsbur-insta360-x5-flymile-panoramakamera,YES,YES,Insta360 X5 Flymile Panoramic - Skyddsbur för Insta360 X5 Flymile,,
product,vindrutsfaste-actionkamera-motorcykel,vindrutsmount-actionkamera-motorcykel,/products/vindrutsfaste-actionkamera-motorcykel,/products/vindrutsmount-actionkamera-motorcykel,YES,YES,drönare med gopro fäste action - Vindrutsfäste för Actionkamera,,
product,vindrutsfaste-actionkamera-motorcykel-1,vindrutsmount-actionkamera-motorcykel-1,/products/vindrutsfaste-actionkamera-motorcykel-1,/products/vindrutsmount-actionkamera-motorcykel-1,YES,YES,drönare med gopro fäste action - Vindrutsfäste för Actionkamera,,
product,insta360-x4-flymile-dammsakert-silikonskydd,insta360-x4-flymile-dammsakert-siliconeprotection,/products/insta360-x4-flymile-dammsakert-silikonskydd,/products/insta360-x4-flymile-dammsakert-siliconeprotection,YES,YES,Insta360 X4 Flymile Dust-proof - Insta360 X4 Flymile Dammsäkert,,
product,flymile-magnetiskt-halsfaste-actionkamera,flymile-magnetiskt-halsmount-actionkamera,/products/flymile-magnetiskt-halsfaste-actionkamera,/products/flymile-magnetiskt-halsmount-actionkamera,YES,YES,Flymile Neck-Mounted Magnetic - Flymile Magnetiskt Halsfäste,,
product,magnetfaste-osmo-action-4,magnetmount-osmo-action-4,/products/magnetfaste-osmo-action-4,/products/magnetmount-osmo-action-4,YES,YES,Magnetfäste Osmo Action 4 för Snabba och Stabila Inspelningar,,
product,osmo-pocket-3-snabbfaste-flymile-dual-portar,osmo-pocket-3-snabbmount-flymile-dual-portar,/products/osmo-pocket-3-snabbfaste-flymile-dual-portar,/products/osmo-pocket-3-snabbmount-flymile-dual-portar,YES,YES,Flymile Osmo Pocket 3 Snabbfäste med Dubbla Portar,,
product,laddningsbehallare-with-screen-dji-kameror,laddningsbehallare-with-screen-dji-cameras,/products/laddningsbehallare-with-screen-dji-kameror,/products/laddningsbehallare-with-screen-dji-cameras,YES,YES,Smart Laddningsbehållare med Screen Laddning Bin,,
product,insta360-cold-shoe-faste,insta360-cold-shoe-mount,/products/insta360-cold-shoe-faste,/products/insta360-cold-shoe-mount,YES,YES,Insta360 Cold Shoe Fäste för Flexibel Montering,,
product,puluz-360-graders-roterande-styrefaste-aluminium,puluz-360-graders-roterande-styremount-aluminium,/products/puluz-360-graders-roterande-styrefaste-aluminium,/products/puluz-360-graders-roterande-styremount-aluminium,YES,YES,PULUZ 360 Degree Rotation - PULUZ 360 Graders Roterbart Styrefäste,,
product,bordsfaste-osmo-pocket-3,bordsmount-osmo-pocket-3,/products/bordsfaste-osmo-pocket-3,/products/bordsmount-osmo-pocket-3,YES,YES,Robust Bordsfäste till Osmo Pocket 3,,
product,startrc-carry-hard-shell-skuldervaska-dji-mini,startrc-carry-hard-shell-skulderbag-dji-mini,/products/startrc-carry-hard-shell-skuldervaska-dji-mini,/products/startrc-carry-hard-shell-skulderbag-dji-mini,YES,YES,STARTRC Carry Hard Shell - STARTRC Hård Skulderväska för DJI Mini,,
product,dji-rc-pro-silikonskydd-startrc-stotsakert,dji-rc-pro-siliconeprotection-startrc-stotsakert,/products/dji-rc-pro-silikonskydd-startrc-stotsakert,/products/dji-rc-pro-siliconeprotection-startrc-stotsakert,YES,YES,DJI RC Pro Silikonskydd – Optimalt Skydd för Fjärrkontrollen,,
product,osmo-action-4-3-metallbur,osmo-action-4-3-metal-cage,/products/osmo-action-4-3-metallbur,/products/osmo-action-4-3-metal-cage,YES,YES,Osmo Action 4/3 Metallbur för Optimalt Skydd,,
product,cqt-linsskydd-gummi-actionkamera-protection,cqt-lens-protector-gummi-actionkamera-protection,/products/cqt-linsskydd-gummi-actionkamera-protection,/products/cqt-lens-protector-gummi-actionkamera-protection,YES,YES,CQT linsskydd gummi - CQT Linsskydd i Gummi för Actionkamera,,
product,cqt-linsskydd-mjukt,cqt-lens-protector-mjukt,/products/cqt-linsskydd-mjukt,/products/cqt-lens-protector-mjukt,YES,YES,CQT linsskydd mjukt - CQT Mjukt Linsskydd för Sportkameror,,
product,dji-mini-5-pro-4-pro-cqt-landningsstall,dji-mini-5-pro-4-pro-cqt-landing-gear,/products/dji-mini-5-pro-4-pro-cqt-landningsstall,/products/dji-mini-5-pro-4-pro-cqt-landing-gear,YES,YES,Förhöjt Landningsställ för DJI Mini 5 Pro / 4 Pro CQT,,
product,actionkamerafaste-1-4-tum,actionkameramount-1-4-tum,/products/actionkamerafaste-1-4-tum,/products/actionkameramount-1-4-tum,YES,YES,"Mångsidigt Actionkamerafäste 1/4"" för Stabil Montering",,
product,puluz-sugkoppsfaste-with-arm,puluz-sugkoppsmount-with-arm,/products/puluz-sugkoppsfaste-with-arm,/products/puluz-sugkoppsmount-with-arm,YES,YES,PULUZ Sugkoppsfäste med Arm för Kamera,,
product,osmo-pocket-3-hardvaska-cwatcun-d224,osmo-pocket-3-hardbag-cwatcun-d224,/products/osmo-pocket-3-hardvaska-cwatcun-d224,/products/osmo-pocket-3-hardbag-cwatcun-d224,YES,YES,Skyddande Osmo Pocket 3 Hårdväska – Cwatcun D224,,
product,symik-dubbelladdare-forvaring-insta360-x4,symik-dubbelcharger-storage-insta360-x4,/products/symik-dubbelladdare-forvaring-insta360-x4,/products/symik-dubbelcharger-storage-insta360-x4,YES,YES,Insta360 X4 SYMIK - SYMIK - SYMIK Dubbelladdare och Förvaring,,
product,gimbalfaste-dji-mini-5-pro-nedre,gimbalmount-dji-mini-5-pro-nedre,/products/gimbalfaste-dji-mini-5-pro-nedre,/products/gimbalmount-dji-mini-5-pro-nedre,YES,YES,Nedre Gimbalfäste för DJI Mini 5 Pro,,
product,dykarficklampa-6800lm-150m-waterproof-svart,dykarflashlight-6800lm-150m-waterproof-svart,/products/dykarficklampa-6800lm-150m-waterproof-svart,/products/dykarflashlight-6800lm-150m-waterproof-svart,YES,YES,Kraftfull Dykarficklampa 6800LM för Undervattensäventyr,,
product,sea-frogs-sf-l03-dykficklampa,sea-frogs-sf-l03-dykflashlight,/products/sea-frogs-sf-l03-dykficklampa,/products/sea-frogs-sf-l03-dykflashlight,YES,YES,Sea Frogs SF-L03 Vattentät Dykficklampa,,
product,kraftfull-laserficklampa-all-aventyr,kraftfull-laserflashlight-all-aventyr,/products/kraftfull-laserficklampa-all-aventyr,/products/kraftfull-laserflashlight-all-aventyr,YES,YES,"X725 Outdoor White Laser Wick Telescopic Zoom Waterproof Flashlight, X725",,
product,kraftfull-laserficklampa-all-aventyr-1,kraftfull-laserflashlight-all-aventyr-1,/products/kraftfull-laserficklampa-all-aventyr-1,/products/kraftfull-laserflashlight-all-aventyr-1,YES,YES,"X725 Outdoor White Laser Wick Telescopic Zoom Waterproof Flashlight, X725",,
product,uppladdningsbar-led-flashlight-zoom-lcd-display-300,rechargeablebar-led-flashlight-zoom-lcd-display-300,/products/uppladdningsbar-led-flashlight-zoom-lcd-display-300,/products/rechargeablebar-led-flashlight-zoom-lcd-display-300,YES,YES,Uppladdningsbar LED Ficklampa med Zoom och LCD-display – 3000 mAh,,
product,teleskopisk-led-flashlight-uppladdningsbar-magnetis,teleskopisk-led-flashlight-rechargeablebar-magnetis,/products/teleskopisk-led-flashlight-uppladdningsbar-magnetis,/products/teleskopisk-led-flashlight-rechargeablebar-magnetis,YES,YES,Teleskopisk LED Ficklampa med Stark Belysning,,
product,kraftfull-uppladdningsbar-pannlampa-all-behov,kraftfull-rechargeablebar-pannlampa-all-behov,/products/kraftfull-uppladdningsbar-pannlampa-all-behov,/products/kraftfull-rechargeablebar-pannlampa-all-behov,YES,YES,Kraftfull uppladdningsbar pannlampa för alla behov,,
product,efficient-belysning-2-pack-mini-cob-led-pannlampa,efficient-lighting-2-pack-mini-cob-led-pannlampa,/products/efficient-belysning-2-pack-mini-cob-led-pannlampa,/products/efficient-lighting-2-pack-mini-cob-led-pannlampa,YES,YES,Effektiv Belysning med 2-pack - Mini COB LED Pannlampor,,
product,lx300-cob-pannlampa-arbetsbelysning,lx300-cob-pannlampa-arbetslighting,/products/lx300-cob-pannlampa-arbetsbelysning,/products/lx300-cob-pannlampa-arbetslighting,YES,YES,LX300 COB Pannlampa för Arbete och Utomhusbruk,,
product,m3-dronarpositionsljus-vibrationssensor,m3-dronepositionsljus-vibrationssensor,/products/m3-dronarpositionsljus-vibrationssensor,/products/m3-dronepositionsljus-vibrationssensor,YES,YES,M3 Drönarpositionsljus med Vibrationssensor,,
product,hoverair-x1-reparationskit,hoverair-x1-repairskit,/products/hoverair-x1-reparationskit,/products/hoverair-x1-repairskit,YES,YES,HoverAir X1 Reparationskit för Optimal Prestanda,,
product,dji-osmo-linsskydd-shell-version,dji-osmo-lens-protector-shell-version,/products/dji-osmo-linsskydd-shell-version,/products/dji-osmo-lens-protector-shell-version,YES,YES,DJI Osmo Linsskydd – Robust Skydd för Kameralinsen,,
product,dji-osmo-nano-linsskydd-silikon,dji-osmo-nano-lens-protector-silicone,/products/dji-osmo-nano-linsskydd-silikon,/products/dji-osmo-nano-lens-protector-silicone,YES,YES,Mjukt DJI Osmo Nano Linsskydd i Silikon,,
product,startrc-snabbfaste-backpack-camera-selfiepinne,startrc-snabbmount-backpack-camera-selfie-stick,/products/startrc-snabbfaste-backpack-camera-selfiepinne,/products/startrc-snabbmount-backpack-camera-selfie-stick,YES,YES,"STARTRC Quick-Release Backpack Mount Clip Bracket for Selfie Stick or Action Camera, Quick-Release Clip",,
product,actionkamera-forlangd-skyddsram,actionkamera-forlangd-protectionsram,/products/actionkamera-forlangd-skyddsram,/products/actionkamera-forlangd-protectionsram,YES,YES,osmo kamera - Förlängd Skyddsram för Actionkamera,,
product,puluz-dji-mic-3-silikonskydd-laddningsfodral,puluz-dji-mic-3-siliconeprotection-laddningsfodral,/products/puluz-dji-mic-3-silikonskydd-laddningsfodral,/products/puluz-dji-mic-3-siliconeprotection-laddningsfodral,YES,YES,PULUZ DJI Mic 3 Silikonskydd för Laddningsfodral,,
product,bojt-glas-linsskydd,bojt-glas-lens-protector,/products/bojt-glas-linsskydd,/products/bojt-glas-lens-protector,YES,YES,Curved Glass Lens Protector - Böjt Glas Linsskydd för Kameraobjektiv,,
product,startrc-c8-elrs-dronarsimulator-fjarrkontroll-tran,startrc-c8-elrs-dronesimulator-remote-control-tran,/products/startrc-c8-elrs-dronarsimulator-fjarrkontroll-tran,/products/startrc-c8-elrs-dronesimulator-remote-control-tran,YES,YES,"STARTRC C8 ELRS Remote Control Drone Training Aeromodelling Remote Control Traversing Aircraft Simulator Handle, Single Handle, With CR8 Receiver",,
product,ruigpro-magnetiskt-ryggsacksfaste-telefon-camera,ruigpro-magnetiskt-ryggsacksmount-telefon-camera,/products/ruigpro-magnetiskt-ryggsacksfaste-telefon-camera,/products/ruigpro-magnetiskt-ryggsacksmount-telefon-camera,YES,YES,"RUIGPRO Magnetic Backpack Clip Mount for Phone & Camera, Clip, Clip + Base, Clip + Base + Adapter",,
product,magnetfaste-1-4-adapter,magnetmount-1-4-adapter,/products/magnetfaste-1-4-adapter,/products/magnetmount-1-4-adapter,YES,YES,Magnetfäste 1/4 Adapter för Kameratillbehör,,
product,startrc-bp2-fpv-dronarvaska-utomhus-waterproof-back,startrc-bp2-fpv-dronebag-utomhus-waterproof-back,/products/startrc-bp2-fpv-dronarvaska-utomhus-waterproof-back,/products/startrc-bp2-fpv-dronebag-utomhus-waterproof-back,YES,YES,STARTRC BP2 FPV Drönarväska för Utomhusbruk,,
product,fimi-x8-mini-flexkabel,fimi-x8-mini-flexcable,/products/fimi-x8-mini-flexkabel,/products/fimi-x8-mini-flexcable,YES,YES,FIMI X8 Mini Flexkabel för Drönarreparation,,
product,gopro-max2-linsskydd-cover,gopro-max2-lens-protector-cover,/products/gopro-max2-linsskydd-cover,/products/gopro-max2-lens-protector-cover,YES,YES,GoPro Max2 linsskyd cover - GoPro Max2 Linsskydd i Silikon,,
product,gopro-hero13-black-skal-skyddspaket,gopro-hero13-black-shell-protectionspaket,/products/gopro-hero13-black-skal-skyddspaket,/products/gopro-hero13-black-shell-protectionspaket,YES,YES,GoPro HERO13 Black Skal med Tillbehörspaket,,
product,gopro-max2-silikonskal,gopro-max2-silicone-case,/products/gopro-max2-silikonskal,/products/gopro-max2-silicone-case,YES,YES,Skyddande GoPro MAX2 silikonskal för din kamera,,
product,gopro-max2-batterilucka-plast,gopro-max2-batterylucka-plast,/products/gopro-max2-batterilucka-plast,/products/gopro-max2-batterylucka-plast,YES,YES,GoPro MAX2 Batterilucka i Plast,,
product,insta360-x5-amagisn-snabbladdare-case-lcd,insta360-x5-amagisn-snabbcharger-case-lcd,/products/insta360-x5-amagisn-snabbladdare-case-lcd,/products/insta360-x5-amagisn-snabbcharger-case-lcd,YES,YES,Insta360 X5 AMagisn Fast - Insta360 X5 AMagisn Snabbladdare,,
product,gopro-max-kameraram-with-batterilucka,gopro-max-kameraram-with-batterylucka,/products/gopro-max-kameraram-with-batterilucka,/products/gopro-max-kameraram-with-batterylucka,YES,YES,GoPro MAX Kameraram med Integrerad Batterilucka,,
product,dji-pocket-3-skarmskydd-tempererat-glas,dji-pocket-3-skarmprotection-tempererat-glas,/products/dji-pocket-3-skarmskydd-tempererat-glas,/products/dji-pocket-3-skarmprotection-tempererat-glas,YES,YES,DJI Pocket 3 Skärmskydd i Tempererat Glas,,
product,linsskydd-dji-osmo-360,lens-protector-dji-osmo-360,/products/linsskydd-dji-osmo-360,/products/lens-protector-dji-osmo-360,YES,YES,Linsskydd DJI Osmo 360 för optimalt kameraskydd,,
product,dji-mini-5-pro-propeller-guard-kollisionsskydd,dji-mini-5-pro-propeller-guard-kollisionsprotection,/products/dji-mini-5-pro-propeller-guard-kollisionsskydd,/products/dji-mini-5-pro-propeller-guard-kollisionsprotection,YES,YES,DJI Mini 5 Pro Propeller - Propellerskydd för DJI Mini,,
product,waveshare-solcellsladdare-10000mah-battery,waveshare-solcellscharger-10000mah-battery,/products/waveshare-solcellsladdare-10000mah-battery,/products/waveshare-solcellscharger-10000mah-battery,YES,YES,Waveshare Solcellsladdare med 10000mAh Batteri,,
product,portabel-solcellsladdare-14w-all-your-aventyr,portabel-solcellscharger-14w-all-your-aventyr,/products/portabel-solcellsladdare-14w-all-your-aventyr,/products/portabel-solcellscharger-14w-all-your-aventyr,YES,YES,"HAWEEL 14W 5V 2.4A Portable Foldable Solar Charger Outdoor Travel Rechargeable Folding Bag with 4 Solar Panels & USB Port, Size: S, 14W",,
product,allpowers-21w-vikbar-solcellsladdare-aventyr,allpowers-21w-vikbar-solcellscharger-aventyr,/products/allpowers-21w-vikbar-solcellsladdare-aventyr,/products/allpowers-21w-vikbar-solcellscharger-aventyr,YES,YES,ALLPOWERS 21W Vikbar Solcellsladdare för Äventyr,,
product,motljusskydd-52mm,motljusprotection-52mm,/products/motljusskydd-52mm,/products/motljusprotection-52mm,YES,YES,Effektivt Motljusskydd 52mm för Kamera,,
product,polaroid-linsskydd-37mm,polaroid-lens-protector-37mm,/products/polaroid-linsskydd-37mm,/products/polaroid-lens-protector-37mm,YES,YES,Polaroid Linsskydd 37mm för Optimalt Skydd,,
product,motljusskydd-55mm,motljusprotection-55mm,/products/motljusskydd-55mm,/products/motljusprotection-55mm,YES,YES,Motljusskydd 55mm för Optimal Bildkvalitet,,
product,motljusskydd-58mm-skruvfaste,motljusprotection-58mm-skruvmount,/products/motljusskydd-58mm-skruvfaste,/products/motljusprotection-58mm-skruvmount,YES,YES,Motljusskydd 58mm med Skruvfäste för Kameraobjektiv,,
product,motljusskydd-67mm-skruv,motljusprotection-67mm-skruv,/products/motljusskydd-67mm-skruv,/products/motljusprotection-67mm-skruv,YES,YES,Motljusskydd 67mm för Optimal Fotografering,,
product,polaroid-motljusskydd-skruvfaste-72mm,polaroid-motljusprotection-skruvmount-72mm,/products/polaroid-motljusskydd-skruvfaste-72mm,/products/polaroid-motljusprotection-skruvmount-72mm,YES,YES,Polaroid Motljusskydd 72mm för Bättre Bilder,,
product,insta360-ace-pro-2-vindskydd,insta360-ace-pro-2-vindprotection,/products/insta360-ace-pro-2-vindskydd,/products/insta360-ace-pro-2-vindprotection,YES,YES,Insta360 Ace Pro 2 guard - Vindskydd för Insta360 Ace,,
product,insta360-mini-barvaska,insta360-mini-barbag,/products/insta360-mini-barvaska,/products/insta360-mini-barbag,YES,YES,Insta360 Mini Carry Case - Insta360 Mini Bärväska,,
product,insta360-ace-faste-vertikal-horisontell,insta360-ace-mount-vertikal-horisontell,/products/insta360-ace-faste-vertikal-horisontell,/products/insta360-ace-mount-vertikal-horisontell,YES,YES,Mångsidigt Fäste för Insta360 Ace Actionkamera,,
product,insta360-hjalmfaste-mount,insta360-hjalmmount-mount,/products/insta360-hjalmfaste-mount,/products/insta360-hjalmmount-mount,YES,YES,Insta360 hjälmfäste Fäste - Insta360 Hjälmfäste,,
product,insta360-go-3-flexifaste,insta360-go-3-fleximount,/products/insta360-go-3-flexifaste,/products/insta360-go-3-fleximount,YES,YES,Insta360 GO 3 Flexifäste för Kreativ Filmning,,
product,insta360-surfbradefaste-flytande-bas,insta360-surfbrademount-flytande-bas,/products/insta360-surfbradefaste-flytande-bas,/products/insta360-surfbrademount-flytande-bas,YES,YES,Insta360 surfbrädefäste - Insta360 Flytande Surfbrädefäste,,
product,dji-osmo-nano-handhallen-belysning,dji-osmo-nano-handhallen-lighting,/products/dji-osmo-nano-handhallen-belysning,/products/dji-osmo-nano-handhallen-lighting,YES,YES,DJI Osmo Nano: Flexibel Handhållen Belysning,,
product,allpowers-20w-solcellsladdare,allpowers-20w-solcellscharger,/products/allpowers-20w-solcellsladdare,/products/allpowers-20w-solcellscharger,YES,YES,ALLPOWERS Solcellsladdare 20W för Mobil och Surfplatta,,
product,gopro-max2-linsskydd-silikon,gopro-max2-lens-protector-silicone,/products/gopro-max2-linsskydd-silikon,/products/gopro-max2-lens-protector-silicone,YES,YES,Gopro MAX2 Linsskydd i Silikon,,
product,dji-pocket-3-skarmskydd-enkel-installation-hartat,dji-pocket-3-skarmprotection-enkel-installation-hartat,/products/dji-pocket-3-skarmskydd-enkel-installation-hartat,/products/dji-pocket-3-skarmprotection-enkel-installation-hartat,YES,YES,Easy Install HD AR Hardness - Skärmskydd för DJI Pocket,,
product,skarmskydd-dji-rc2-2-pack,skarmprotection-dji-rc2-2-pack,/products/skarmskydd-dji-rc2-2-pack,/products/skarmprotection-dji-rc2-2-pack,YES,YES,DJI RC2 skärmskydd 2-pack - Skydda Din DJI RC2 med Skärmskydd,,
product,snabbfaste-sportkamera-l-formad-bas,snabbmount-action-camera-l-formad-bas,/products/snabbfaste-sportkamera-l-formad-bas,/products/snabbmount-action-camera-l-formad-bas,YES,YES,Snabbfäste Sportka monter - Snabbfäste Sportkamera med L-formad Bas,,
product,startrc-flexibelt-hjalmfaste-sticky-adhesive-mount,startrc-flexibelt-hjalmmount-sticky-adhesive-mount,/products/startrc-flexibelt-hjalmfaste-sticky-adhesive-mount,/products/startrc-flexibelt-hjalmmount-sticky-adhesive-mount,YES,YES,STARTRC Flexible Helmet Sticky - STARTRC Flexibelt Hjälmfäste,,
product,skarmskydd-insta360-x4-air-startrc-2st,skarmprotection-insta360-x4-air-startrc-2st,/products/skarmskydd-insta360-x4-air-startrc-2st,/products/skarmprotection-insta360-x4-air-startrc-2st,YES,YES,Insta360 X4 Air STARTRC 2pcs - Skärmskydd i Härdat Glas för Insta360,,
product,dji-mini-5-pro-landningsstall,dji-mini-5-pro-landing-gear,/products/dji-mini-5-pro-landningsstall,/products/dji-mini-5-pro-landing-gear,YES,YES,Förhöjt Landningsställ för DJI Mini 5 Pro,,
product,puluz-shotgun-mikrofon-dslr-dv-camera,puluz-shotgun-microphone-dslr-dv-camera,/products/puluz-shotgun-mikrofon-dslr-dv-camera,/products/puluz-shotgun-microphone-dslr-dv-camera,YES,YES,Shotgun mikrofon DSLR - PULUZ Shotgun Mikrofon för DSLR och DV-kameror,,
product,insta360-go-silikonskydd-with-rem,insta360-go-siliconeprotection-with-rem,/products/insta360-go-silikonskydd-with-rem,/products/insta360-go-siliconeprotection-with-rem,YES,YES,insta360 go 2 elgiganten - Insta360 GO Silikonskydd med Rem,,
product,dji-osmo-nano-startrc-barvaska,dji-osmo-nano-startrc-barbag,/products/dji-osmo-nano-startrc-barvaska,/products/dji-osmo-nano-startrc-barbag,YES,YES,DJI Osmo Nano STARTRC Portable - Bärväska för DJI Osmo Nano STARTRC,,
product,insta360-go-ultra-aluminium-linsskydd,insta360-go-ultra-aluminium-lens-protector,/products/insta360-go-ultra-aluminium-linsskydd,/products/insta360-go-ultra-aluminium-lens-protector,YES,YES,Insta360 GO Ultra Aluminium - Linsskydd i Aluminium för Insta360 GO,,
product,ryggsacksfaste-camera-magnetiskt,ryggsacksmount-camera-magnetiskt,/products/ryggsacksfaste-camera-magnetiskt,/products/ryggsacksmount-camera-magnetiskt,YES,YES,kamera ryggsäck - Magnetiskt Ryggsäcksfäste för Actionkameror,,
product,dj3-aluminiumlegering-vakuumfaste,dj3-aluminiumlegering-vakuummount,/products/dj3-aluminiumlegering-vakuumfaste,/products/dj3-aluminiumlegering-vakuummount,YES,YES,DJ3 Aluminiumlegering Vacuum - DJ3 Aluminiumlegering Vakuumfäste,,
product,imak-skarmskydd-insta-pro-hartat-glas-linsfilm,imak-skarmprotection-insta-pro-hartat-glas-linsfilm,/products/imak-skarmskydd-insta-pro-hartat-glas-linsfilm,/products/imak-skarmprotection-insta-pro-hartat-glas-linsfilm,YES,YES,Imak Skärmskydd och Linsskydd,,
product,dji-neo-propeller-guard-kollisionsskydd,dji-neo-propeller-guard-kollisionsprotection,/products/dji-neo-propeller-guard-kollisionsskydd,/products/dji-neo-propeller-guard-kollisionsprotection,YES,YES,DJI Neo Propellerskydd: Optimalt Skydd för Din Drönare,,
product,snabbfaste-camera-handtag,snabbmount-camera-handtag,/products/snabbfaste-camera-handtag,/products/snabbmount-camera-handtag,YES,YES,Ergonomiskt Snabbfäste Kamera Handtag för Optimal Kontroll,,
product,magnetiskt-bordsfaste-multifunktionellt,magnetiskt-bordsmount-multifunktionellt,/products/magnetiskt-bordsfaste-multifunktionellt,/products/magnetiskt-bordsmount-multifunktionellt,YES,YES,Multifunktionellt Magnetiskt Bordsfäste,,
product,dji-action-huvudfaste-handsfree-inspelning,dji-action-huvudmount-handsfree-inspelning,/products/dji-action-huvudfaste-handsfree-inspelning,/products/dji-action-huvudmount-handsfree-inspelning,YES,YES,Huvudfäste för DJI Action 3/4/5 – Handsfree Äventyr,,
product,linsskydd-hardat-glas-camera,lens-protector-hardat-glas-camera,/products/linsskydd-hardat-glas-camera,/products/lens-protector-hardat-glas-camera,YES,YES,Skydda din kamera med linsskydd härdat glas,,
product,camera-magnetfaste-snabbfaste,camera-magnetmount-snabbmount,/products/camera-magnetfaste-snabbfaste,/products/camera-magnetmount-snabbmount,YES,YES,Kamera Magnetfäste för Flexibel Filmning,,
product,dji-neo-2-original-intelligent-flygbatteri,dji-neo-2-original-intelligent-flygbattery,/products/dji-neo-2-original-intelligent-flygbatteri,/products/dji-neo-2-original-intelligent-flygbattery,YES,YES,DJI Neo 2 Original Intelligent Flygbatteri 1606 mAh,,
product,panoramakamera-linsskydd-glas-protection,panoramakamera-lens-protector-glas-protection,/products/panoramakamera-linsskydd-glas-protection,/products/panoramakamera-lens-protector-glas-protection,YES,YES,Panoramakamera Linsskydd i Glas för Optimalt Skydd,,
product,hopfallbart-landningsstall-dji-mini-5-pro,hopfallbart-landing-gear-dji-mini-5-pro,/products/hopfallbart-landningsstall-dji-mini-5-pro,/products/hopfallbart-landing-gear-dji-mini-5-pro,YES,YES,Hopfällbart Landningsställ för DJI Mini 5 Pro,,
product,magnetiskt-osmo-action-snabbfaste,magnetiskt-osmo-action-snabbmount,/products/magnetiskt-osmo-action-snabbfaste,/products/magnetiskt-osmo-action-snabbmount,YES,YES,Magnetiskt Osmo Action Snabbfäste för Actionkamera,,
product,kamerabur-snabbfaste-metall,kamerabur-snabbmount-metall,/products/kamerabur-snabbfaste-metall,/products/kamerabur-snabbmount-metall,YES,YES,Kamerabur Snabbfäste i Metall för Professionella Filmare,,
product,q008-tradlos-bluetooth-mikrofon,q008-wireless-bluetooth-microphone,/products/q008-tradlos-bluetooth-mikrofon,/products/q008-wireless-bluetooth-microphone,YES,YES,Trådlös Bluetooth microp - Q008 Trådlös Bluetooth Mikrofon för Sång,,
product,insta360-x4-magnetfaste-metall,insta360-x4-magnetmount-metall,/products/insta360-x4-magnetfaste-metall,/products/insta360-x4-magnetmount-metall,YES,YES,Insta360 X4 Magnetfäste i Metall,,
product,insta360-x4-air-amagisn-skarmskydd-hardat-glas,insta360-x4-air-amagisn-skarmprotection-hardat-glas,/products/insta360-x4-air-amagisn-skarmskydd-hardat-glas,/products/insta360-x4-air-amagisn-skarmprotection-hardat-glas,YES,YES,Skärmskydd i Härdat Glas för Insta360 X4 Air aMagisn,,
product,startrc-axelvaska-dji-neo-2-drones,startrc-axelbag-dji-neo-2-drones,/products/startrc-axelvaska-dji-neo-2-drones,/products/startrc-axelbag-dji-neo-2-drones,YES,YES,DJI Neo 2 STARTRC Shoulder - STARTRC Axelväska för DJI Neo 2 Drönare,,
product,insta360-x4-x3-amagisn-silikonfaste,insta360-x4-x3-amagisn-siliconemount,/products/insta360-x4-x3-amagisn-silikonfaste,/products/insta360-x4-x3-amagisn-siliconemount,YES,YES,Silikonfäste för Insta360 X4 Air/X3 aMagisn,,
product,dji-mini-2-crossbodyvaska,dji-mini-2-crossbodybag,/products/dji-mini-2-crossbodyvaska,/products/dji-mini-2-crossbodybag,YES,YES,Högkvalitativ DJI Neo 2 Crossbodyväska för Säker Förvaring,,
product,hart-skyddsfodral-dji-osmo-nano-amagisn-medium,hart-protectionsfodral-dji-osmo-nano-amagisn-medium,/products/hart-skyddsfodral-dji-osmo-nano-amagisn-medium,/products/hart-protectionsfodral-dji-osmo-nano-amagisn-medium,YES,YES,Hårt Skyddsfodral för DJI Osmo Nano aMagisn Medium,,
product,optimalt-dronarstall-dji-neo-2,optimalt-dronestall-dji-neo-2,/products/optimalt-dronarstall-dji-neo-2,/products/optimalt-dronestall-dji-neo-2,YES,YES,Optimalt Drönarställ DJI Neo 2 för Drönarförvaring,,
product,dji-mavic-2-gimbalskydd-linsskydd,dji-mavic-2-gimbalprotection-lens-protector,/products/dji-mavic-2-gimbalskydd-linsskydd,/products/dji-mavic-2-gimbalprotection-lens-protector,YES,YES,DJI Mavic 2 Gimbalskydd med Linsskydd,,
product,dji-osmo-360-sunnylife-magnetiskt-snabbfaste,dji-osmo-360-sunnylife-magnetiskt-snabbmount,/products/dji-osmo-360-sunnylife-magnetiskt-snabbfaste,/products/dji-osmo-360-sunnylife-magnetiskt-snabbmount,YES,YES,Magnetiskt Snabbfäste för DJI Osmo 360 Sunnylife,,
product,dji-osmo-360-silikonskydd,dji-osmo-360-siliconeprotection,/products/dji-osmo-360-silikonskydd,/products/dji-osmo-360-siliconeprotection,YES,YES,DJI Osmo 360 Silikonskydd för Kameralinsen,,
product,insta360-go-magnetfaste-skrivbordsfaste,insta360-go-magnetmount-skrivbordsmount,/products/insta360-go-magnetfaste-skrivbordsfaste,/products/insta360-go-magnetmount-skrivbordsmount,YES,YES,Insta360 GO magnetfäste - Insta360 GO Magnetiskt Skrivbordsfäste,,
product,skarmsskydd-gopro-hero,skarmsprotection-gopro-hero,/products/skarmsskydd-gopro-hero,/products/skarmsprotection-gopro-hero,YES,YES,skärmskydd GoPro HERO - Skydda din GoPro HERO med ett pålitligt skärms,,
product,dji-rc-2-solskydd-startrc,dji-rc-2-solprotection-startrc,/products/dji-rc-2-solskydd-startrc,/products/dji-rc-2-solprotection-startrc,YES,YES,DJI RC 2 Solskydd STARTRC för Fjärrkontroll,,
product,dji-neo-2-startrc-pu-axelvaska,dji-neo-2-startrc-pu-axelbag,/products/dji-neo-2-startrc-pu-axelvaska,/products/dji-neo-2-startrc-pu-axelbag,YES,YES,DJI Neo 2 STARTRC PU Shoulder - DJI Neo 2 STARTRC PU Axelväska,,
product,startrc-nackfaste-v3-actionkamera,startrc-nackmount-v3-actionkamera,/products/startrc-nackfaste-v3-actionkamera,/products/startrc-nackmount-v3-actionkamera,YES,YES,STARTRC Nackfäste V3 för Handsfree Actionkamera Filmning,,
product,startrc-nackfaste-pov-v3,startrc-nackmount-pov-v3,/products/startrc-nackfaste-pov-v3,/products/startrc-nackmount-pov-v3,YES,YES,STARTRC Nackfäste POV V3 för Handsfree Filmning,,
product,dji-osmo-action-5-pro-batterilucka,dji-osmo-action-5-pro-batterylucka,/products/dji-osmo-action-5-pro-batterilucka,/products/dji-osmo-action-5-pro-batterylucka,YES,YES,DJI Osmo Action 5 Pro Battery - Skyddande Batterilucka för DJI Osmo,,
product,dji-osmo-nano-faste,dji-osmo-nano-mount,/products/dji-osmo-nano-faste,/products/dji-osmo-nano-mount,YES,YES,Flexibelt DJI Osmo Nano Fäste för Mångsidig Användning,,
product,silikonskydd-dji-osmo-nano-transmission,siliconeprotection-dji-osmo-nano-transmission,/products/silikonskydd-dji-osmo-nano-transmission,/products/siliconeprotection-dji-osmo-nano-transmission,YES,YES,Skyddande Silikonskal för DJI Osmo Nano Transmission,,
product,insta360-go-protection-silikon,insta360-go-protection-silicone,/products/insta360-go-protection-silikon,/products/insta360-go-protection-silicone,YES,YES,Insta360 GO Skydd – Silikonskal,,
product,zj033mr-03-19cm-monomikrofon-3-5mm-vinklad-kontakt,zj033mr-03-19cm-monomicrophone-3-5mm-vinklad-contact,/products/zj033mr-03-19cm-monomikrofon-3-5mm-vinklad-kontakt,/products/zj033mr-03-19cm-monomicrophone-3-5mm-vinklad-contact,YES,YES,"ZJ033MR-03 19cm Mono 3.5mm Angle Head Plug Gaming Headset Sound Card Live Microphone, 17cm Mono Angle Head",,
product,dji-rc-n-mobilfaste-magnetfaste,dji-rc-n-mobilmount-magnetmount,/products/dji-rc-n-mobilfaste-magnetfaste,/products/dji-rc-n-mobilmount-magnetmount,YES,YES,DJI RC-N Mobilfäste för Fjärrkontroll,,
product,integrerat-gimbalskydd-dji-mini-5-pro,integrerat-gimbalprotection-dji-mini-5-pro,/products/integrerat-gimbalskydd-dji-mini-5-pro,/products/integrerat-gimbalprotection-dji-mini-5-pro,YES,YES,Integrerat Gimbalskydd för DJI Mini 5 Pro,,
product,sunnylife-magnetiskt-snabbfaste-actionkamera-1-4-a,sunnylife-magnetiskt-snabbmount-actionkamera-1-4-a,/products/sunnylife-magnetiskt-snabbfaste-actionkamera-1-4-a,/products/sunnylife-magnetiskt-snabbmount-actionkamera-1-4-a,YES,YES,Sunnylife Metal Magnetic Quick - Sunnylife Magnetiskt Snabbfäste,,
product,osmo-360-magnetfaste-1-4,osmo-360-magnetmount-1-4,/products/osmo-360-magnetfaste-1-4,/products/osmo-360-magnetmount-1-4,YES,YES,Osmo 360 Magnetfäste 1/4 med Dubbelriktad Design,,
product,optimalt-dji-mini-5-pro-linsskydd,optimalt-dji-mini-5-pro-lens-protector,/products/optimalt-dji-mini-5-pro-linsskydd,/products/optimalt-dji-mini-5-pro-lens-protector,YES,YES,Optimalt DJI Mini 5 Pro - Optimalt Linsskydd för DJI Mini,,
product,insta360-x4-skarmskydd-hardat-glas,insta360-x4-skarmprotection-hardat-glas,/products/insta360-x4-skarmskydd-hardat-glas,/products/insta360-x4-skarmprotection-hardat-glas,YES,YES,Insta360 X4 Skärmskydd av Härdat Glas,,
product,osmo-action-6-skarmskydd-puluz-hartat-glas,osmo-action-6-skarmprotection-puluz-hartat-glas,/products/osmo-action-6-skarmskydd-puluz-hartat-glas,/products/osmo-action-6-skarmprotection-puluz-hartat-glas,YES,YES,Osmo Action 6 skärmskydd - PULUZ Skärmskydd för Osmo Action 6,,
product,sunnylife-barvaska-dji-neo-2-drones,sunnylife-barbag-dji-neo-2-drones,/products/sunnylife-barvaska-dji-neo-2-drones,/products/sunnylife-barbag-dji-neo-2-drones,YES,YES,väska till drönare neo - Sunnylife Bärväska för DJI Neo 2 Drönare,,
product,insta360-x4-skyddsbur-metall,insta360-x4-protectionsbur-metall,/products/insta360-x4-skyddsbur-metall,/products/insta360-x4-protectionsbur-metall,YES,YES,Insta360 X4 Skyddsbur för Optimalt Kameraskydd,,
product,osmo-action-vasaka-startrc-skyddsfodral,osmo-action-vasaka-startrc-protectionsfodral,/products/osmo-action-vasaka-startrc-skyddsfodral,/products/osmo-action-vasaka-startrc-protectionsfodral,YES,YES,Osmo Action Väska Skyddande STARTRC Förvaring,,
product,dji-neo-2-axelremsvaska-waterproof,dji-neo-2-axelremsbag-waterproof,/products/dji-neo-2-axelremsvaska-waterproof,/products/dji-neo-2-axelremsbag-waterproof,YES,YES,Säker och Robust Dji Neo 2 Axelremsväska för Din Drönare,,
product,waterproof-stottatlig-minivaska-dji-action,waterproof-stottatlig-minibag-dji-action,/products/waterproof-stottatlig-minivaska-dji-action,/products/waterproof-stottatlig-minibag-dji-action,YES,YES,Skyddande Miniväska för DJI Action Kamera,,
product,osmo-action-6-axelvaska-startrc-fotokit,osmo-action-6-axelbag-startrc-fotokit,/products/osmo-action-6-axelvaska-startrc-fotokit,/products/osmo-action-6-axelbag-startrc-fotokit,YES,YES,Skyddande Osmo Action 6 Axelväska från STARTRC,,
product,osmo-action-6-kombovaska-startrc,osmo-action-6-kombobag-startrc,/products/osmo-action-6-kombovaska-startrc,/products/osmo-action-6-kombobag-startrc,YES,YES,Osmo Action 6 Komboväska för Säker Förvaring,,
product,startrc-3-i-1-linsskydd-hardat-glas-dji-osmo-actio,startrc-3-i-1-lens-protector-hardat-glas-dji-osmo-actio,/products/startrc-3-i-1-linsskydd-hardat-glas-dji-osmo-actio,/products/startrc-3-i-1-lens-protector-hardat-glas-dji-osmo-actio,YES,YES,STARTRC 3 in 1 Lens Protector - STARTRC 3-i-1 Linsskydd för DJI Osmo,,
product,startrc-skyddsfodral-dji-action-6-waterproof,startrc-protectionsfodral-dji-action-6-waterproof,/products/startrc-skyddsfodral-dji-action-6-waterproof,/products/startrc-protectionsfodral-dji-action-6-waterproof,YES,YES,STARTRC Förvaringsväska till DJI Action 6 Vattentät,,
product,osmo-action-6-skarmskydd-hartdat-glas,osmo-action-6-skarmprotection-hartdat-glas,/products/osmo-action-6-skarmskydd-hartdat-glas,/products/osmo-action-6-skarmprotection-hartdat-glas,YES,YES,"For DJI Osmo Action 6 Tempered Glass Screen Protector HD Clear Lens Film Kit, 1-Pack, 2-Pack",,
product,osmo-action-6-kameravaska-waterproof-stotsaker,osmo-action-6-kamerabag-waterproof-stotsaker,/products/osmo-action-6-kameravaska-waterproof-stotsaker,/products/osmo-action-6-kamerabag-waterproof-stotsaker,YES,YES,For DJI Osmo Action 6 Portable Camera Bag Waterproof Drop-Proof Storage Case,,
product,insta360-x4-linsskydd-cover,insta360-x4-lens-protector-cover,/products/insta360-x4-linsskydd-cover,/products/insta360-x4-lens-protector-cover,YES,YES,Insta360 X4 Linsskydd,,
product,insta360-x4-linsskydd-skydda,insta360-x4-lens-protector-protectiona,/products/insta360-x4-linsskydd-skydda,/products/insta360-x4-lens-protector-protectiona,YES,YES,Insta360 X4 Linsskydd,,
product,dji-osmo-action-6-adventure-waterproof-forvaringsva,dji-osmo-action-6-adventure-waterproof-storagesva,/products/dji-osmo-action-6-adventure-waterproof-forvaringsva,/products/dji-osmo-action-6-adventure-waterproof-storagesva,YES,YES,Vattentät Förvaringsväska för DJI Osmo Action 6 Adventure,,
product,linsskydd-osmo-action-6-dammsakert-stotsakert,lens-protector-osmo-action-6-dammsakert-stotsakert,/products/linsskydd-osmo-action-6-dammsakert-stotsakert,/products/lens-protector-osmo-action-6-dammsakert-stotsakert,YES,YES,dustproof drop-proof soft - Dammtätt och Stötsäkert Linsskydd,,
product,magnetiskt-quick-release-faste-action-cameras,magnetiskt-quick-release-mount-action-cameras,/products/magnetiskt-quick-release-faste-action-cameras,/products/magnetiskt-quick-release-mount-action-cameras,YES,YES,Magnetiskt Snabbfäste för DJI Osmo Action 6 – Enkel & Säker Montering,,
product,osmo-action-6-kameravaska-vattenresistent,osmo-action-6-kamerabag-vattenresistent,/products/osmo-action-6-kameravaska-vattenresistent,/products/osmo-action-6-kamerabag-vattenresistent,YES,YES,Skyddande Osmo Action 6 Kameraväska med Karbinhake,,
product,portabel-axelvaska-dji-neo-2,portabel-axelbag-dji-neo-2,/products/portabel-axelvaska-dji-neo-2,/products/portabel-axelbag-dji-neo-2,YES,YES,Optimal dji neo 2 väska för säker drönartransport,,
product,osmo-action-6-magnetfaste-telesin-snabbfaste,osmo-action-6-magnetmount-telesin-snabbmount,/products/osmo-action-6-magnetfaste-telesin-snabbfaste,/products/osmo-action-6-magnetmount-telesin-snabbmount,YES,YES,DJI Osmo Action 6 TELESIN - TELESIN Magnetiskt Snabbfäste för DJI,,
product,dji-osmo-action-6-linsskydd-glas,dji-osmo-action-6-lens-protector-glas,/products/dji-osmo-action-6-linsskydd-glas,/products/dji-osmo-action-6-lens-protector-glas,YES,YES,dji osmo mobile linsskydd - Original Linsskydd i Glas för DJI Osmo,,
product,dji-osmo-original-multifunktionell-batteriforvarin,dji-osmo-original-multifunktionell-batteryforvarin,/products/dji-osmo-original-multifunktionell-batteriforvarin,/products/dji-osmo-original-multifunktionell-batteryforvarin,YES,YES,Multifunktionell Batteriförvaring för DJI Osmo Original,,
product,dji-osmo-batterihandtag-action-4900mah,dji-osmo-batteryhandtag-action-4900mah,/products/dji-osmo-batterihandtag-action-4900mah,/products/dji-osmo-batteryhandtag-action-4900mah,YES,YES,dji osmo batteri action - Original DJI Osmo Action 6 Batterihandtag,,
product,fotohandtag-street-photography-metallbur-avtryckar,fotohandtag-street-photography-metal-cage-avtryckar,/products/fotohandtag-street-photography-metallbur-avtryckar,/products/fotohandtag-street-photography-metal-cage-avtryckar,YES,YES,Street Photography Handle - Ergonomiskt Fotohandtag för Street,,
product,kozzo-dj101-metallbur-sports-camera-dji-osmo-actio,kozzo-dj101-metal-cage-sports-camera-dji-osmo-actio,/products/kozzo-dj101-metallbur-sports-camera-dji-osmo-actio,/products/kozzo-dj101-metal-cage-sports-camera-dji-osmo-actio,YES,YES,"kozzo DJ101 Metal Rabbit Cage Sports Camera Dual Opening Aluminum Alloy Expanding Protective Bezel, For DJI Osmo Action 6",,
product,dji-osmo-action-6-linsskydd-filter-kit,dji-osmo-action-6-lens-protector-filter-kit,/products/dji-osmo-action-6-linsskydd-filter-kit,/products/dji-osmo-action-6-lens-protector-filter-kit,YES,YES,DJI Osmo Action 6 Linsskydd och Filter Kit,,
product,dji-osmo-action-6-protection-silikonfodral,dji-osmo-action-6-protection-siliconefodral,/products/dji-osmo-action-6-protection-silikonfodral,/products/dji-osmo-action-6-protection-siliconefodral,YES,YES,DJI Osmo Action 6 skydd - Silikonskydd och Linsskydd för DJI Osmo,,
product,silikonskal-dji-osmo-action-6,silicone-case-dji-osmo-action-6,/products/silikonskal-dji-osmo-action-6,/products/silicone-case-dji-osmo-action-6,YES,YES,Skyddande silikonskal DJI Osmo för Actionkamera,,
product,brostfaste-camera-fotografering,brostmount-camera-fotografering,/products/brostfaste-camera-fotografering,/products/brostmount-camera-fotografering,YES,YES,"Vest-style Photography Chest Strap Body Mount Belt with Mount & Screw, 5 in 1, 6 in 1 Magnetic Base, 5 in 1 Magnetic Ring Base, 6 in 1 Magnetic Ring Base",,
product,imak-skarmskydd-insta360-x4-hartat-glas,imak-skarmprotection-insta360-x4-hartat-glas,/products/imak-skarmskydd-insta360-x4-hartat-glas,/products/imak-skarmprotection-insta360-x4-hartat-glas,YES,YES,Imak Skärmskydd i Härdat Glas för Insta360,,
product,insta360-go-ultra-startrc-sot-drake-skyddsfodral,insta360-go-ultra-startrc-sot-drake-protectionsfodral,/products/insta360-go-ultra-startrc-sot-drake-skyddsfodral,/products/insta360-go-ultra-startrc-sot-drake-protectionsfodral,YES,YES,Insta360 GO Ultra STARTRC Cute - Skyddsfodral Söt Drake för Insta360,,
product,skarmskydd-9h-haradat-glas-osmo-action-6-amagisn,skarmprotection-9h-haradat-glas-osmo-action-6-amagisn,/products/skarmskydd-9h-haradat-glas-osmo-action-6-amagisn,/products/skarmprotection-9h-haradat-glas-osmo-action-6-amagisn,YES,YES,Osmo Action temper - Skärmskydd 9H Härdat Glas för DJI Osmo Action 6,,
product,magnetiskt-tvavags-snabbfaste-osmo-action-6-nano-a,magnetiskt-tvavags-snabbmount-osmo-action-6-nano-a,/products/magnetiskt-tvavags-snabbfaste-osmo-action-6-nano-a,/products/magnetiskt-tvavags-snabbmount-osmo-action-6-nano-a,YES,YES,Osmo Action 6 magn bidire - Magnetiskt Tvåvägs Snabbfäste för Osmo,,
product,insta360-go-ultra-startrc-hog-elastisk-tpu-skyddss,insta360-go-ultra-startrc-hog-elastisk-tpu-protectionss,/products/insta360-go-ultra-startrc-hog-elastisk-tpu-skyddss,/products/insta360-go-ultra-startrc-hog-elastisk-tpu-protectionss,YES,YES,Skyddande Skal för Insta360 GO Ultra STARTRC High,,
product,gopro-max2-linsskydd,gopro-max2-lens-protector,/products/gopro-max2-linsskydd,/products/gopro-max2-lens-protector,YES,YES,GoPro MAX2 linsskydd - Skydda din GoPro MAX2 med ett högkvalitativt li,,
product,gopro-max2-plastram-sidooppning-skyddsbur,gopro-max2-plastram-sidooppning-protectionsbur,/products/gopro-max2-plastram-sidooppning-skyddsbur,/products/gopro-max2-plastram-sidooppning-protectionsbur,YES,YES,GoPro MAX2 Plastic Frame - Skyddande Plastram för GoPro MAX2 med Cold,,
product,camera-magic-arm-faste-double-kulled,camera-magic-arm-mount-double-kulled,/products/camera-magic-arm-faste-double-kulled,/products/camera-magic-arm-mount-double-kulled,YES,YES,Justerbart Kamera Magic Arm Fäste för Fotografering,,
product,dji-osmo-action-6-silikonlinsskydd-repskydd,dji-osmo-action-6-siliconelens-protector-repprotection,/products/dji-osmo-action-6-silikonlinsskydd-repskydd,/products/dji-osmo-action-6-siliconelens-protector-repprotection,YES,YES,DJI Osmo Action 6 Silicone - Silikonlinsskydd för DJI Osmo Action 6,,
product,telesin-mini-hardvaska-actionkamera-strap,telesin-mini-hardbag-actionkamera-strap,/products/telesin-mini-hardvaska-actionkamera-strap,/products/telesin-mini-hardbag-actionkamera-strap,YES,YES,TELESIN Mini Hårdväska för Actionkamera,,
product,magnetiskt-snabbfaste-camera-forlangningsadapter,magnetiskt-snabbmount-camera-forlangningsadapter,/products/magnetiskt-snabbfaste-camera-forlangningsadapter,/products/magnetiskt-snabbmount-camera-forlangningsadapter,YES,YES,Magnetiskt Snabbfäste för Actionkamera,,
product,aluminium-rorcklamma-faste,aluminium-rorcklamma-mount,/products/aluminium-rorcklamma-faste,/products/aluminium-rorcklamma-mount,YES,YES,Mångsidig Aluminium Rörklämma för Fästen,,
product,magnetiskt-kulledsfaste-with-snabbkoppling,magnetiskt-kulledsmount-with-snabbkoppling,/products/magnetiskt-kulledsfaste-with-snabbkoppling,/products/magnetiskt-kulledsmount-with-snabbkoppling,YES,YES,Magnetiskt Kulledsfäste med Roterande Bas,,
product,telesin-disadv-medium-hard-skyddsfodral-actionkame,telesin-disadv-medium-hard-protectionsfodral-actionkame,/products/telesin-disadv-medium-hard-skyddsfodral-actionkame,/products/telesin-disadv-medium-hard-protectionsfodral-actionkame,YES,YES,TELESIN DisAdv Medium Hard Skyddsfodral för Actionkamera,,
product,dji-osmo-magnetfaste,dji-osmo-magnetmount,/products/dji-osmo-magnetfaste,/products/dji-osmo-magnetmount,YES,YES,DJI Osmo magnetfäste för snabb och säker montering,,
product,vertikalt-kamerafaste-langa-skruvar-gopro,vertikalt-kameramount-langa-skruvar-gopro,/products/vertikalt-kamerafaste-langa-skruvar-gopro,/products/vertikalt-kameramount-langa-skruvar-gopro,YES,YES,Horizontal-to-Vertical Camera - Vertikalt Kamerafäste med Långa,,
product,magnetiskt-snabbfaste-dji-osmo-action-6-nano-cynov,magnetiskt-snabbmount-dji-osmo-action-6-nano-cynov,/products/magnetiskt-snabbfaste-dji-osmo-action-6-nano-cynov,/products/magnetiskt-snabbmount-dji-osmo-action-6-nano-cynov,YES,YES,Magnetiskt Snabbfäste för DJI Osmo Action 6/Nano CYNOVA,,
product,kompakt-ministativ-with-kulled-for-mobil-camera,kompakt-mini-tripod-with-kulled-for-mobil-camera,/products/kompakt-ministativ-with-kulled-for-mobil-camera,/products/kompakt-mini-tripod-with-kulled-for-mobil-camera,YES,YES,LKTOP Mini Desktop Tripod för Mobil och Kamera,,
product,kamerafaste-tung-klamma-aluminium-forlangning,kameramount-tung-klamma-aluminium-forlangning,/products/kamerafaste-tung-klamma-aluminium-forlangning,/products/kameramount-tung-klamma-aluminium-forlangning,YES,YES,Kamerafäste tung klämma - Mångsidigt Kamerafäste med Tung Klämma,,
product,vindrutefaste-aluminium,vindrutemount-aluminium,/products/vindrutefaste-aluminium,/products/vindrutemount-aluminium,YES,YES,Stabilt Vindrutefäste Aluminium för Bilkameror,,
product,ys-203-bluetooth-karaoke-hogtalare-tradlos-mikrofo,ys-203-bluetooth-karaoke-hogtalare-wireless-mikrofo,/products/ys-203-bluetooth-karaoke-hogtalare-tradlos-mikrofo,/products/ys-203-bluetooth-karaoke-hogtalare-wireless-mikrofo,YES,YES,YS-203 Bluetooth Karaoke Högtalare med Mikrofon,,
product,linsskydd-dji-osmo-action-6-sunnylife,lens-protector-dji-osmo-action-6-sunnylife,/products/linsskydd-dji-osmo-action-6-sunnylife,/products/lens-protector-dji-osmo-action-6-sunnylife,YES,YES,Silikonlinsskydd för DJI Osmo Action 6 Sunnylife,,
product,dji-mini-5-pro-landningsstall-hojda-ben-drones,dji-mini-5-pro-landing-gear-hojda-ben-drones,/products/dji-mini-5-pro-landningsstall-hojda-ben-drones,/products/dji-mini-5-pro-landing-gear-hojda-ben-drones,YES,YES,"For DJI Mini 5 Pro Sunnylife Landing Gear Heightened Spider Gears Extensions Support Leg Protector, For DJI Mini 5 Pro",,
product,dronarstall-dji-mini-5-pro,dronestall-dji-mini-5-pro,/products/dronarstall-dji-mini-5-pro,/products/dronestall-dji-mini-5-pro,YES,YES,dji mini 5 pro arm - Displayställ för DJI Mini 5 Pro Drönare,,
product,insta360-mic-air-tradlos-ljudsandare,insta360-mic-air-wireless-audiosandare,/products/insta360-mic-air-tradlos-ljudsandare,/products/insta360-mic-air-wireless-audiosandare,YES,YES,Insta360 Mic Air – Professionell Ljudsändare,,
product,insta360-mic-air-1-tx-1-rx-tradlost-ljudsystem,insta360-mic-air-1-tx-1-rx-wirelesst-audiosystem,/products/insta360-mic-air-1-tx-1-rx-tradlost-ljudsystem,/products/insta360-mic-air-1-tx-1-rx-wirelesst-audiosystem,YES,YES,Insta360 Mic Air (1 TX + 1 RX) Trådlöst Ljudsystem,,
product,insta360-hjalmfaste-hakan-2-0,insta360-hjalmmount-hakan-2-0,/products/insta360-hjalmfaste-hakan-2-0,/products/insta360-hjalmmount-hakan-2-0,YES,YES,Insta360 Hjälmfäste för Hakan 2.0,,
product,insta360-x5-snabbfaste-enkel-montering,insta360-x5-snabbmount-enkel-montering,/products/insta360-x5-snabbfaste-enkel-montering,/products/insta360-x5-snabbmount-enkel-montering,YES,YES,Insta360 X5 Snabbfäste för Optimal Användning,,
product,insta360-snabbfaste-enkel-montering,insta360-snabbmount-enkel-montering,/products/insta360-snabbfaste-enkel-montering,/products/insta360-snabbmount-enkel-montering,YES,YES,Insta360 Snabbfäste för Smidig Montering,,
product,insta360-x5-brostfaste,insta360-x5-brostmount,/products/insta360-x5-brostfaste,/products/insta360-x5-brostmount,YES,YES,Insta360 X5 Bröstfäste för Actionkameror,,
product,insta360-x5-termo-greppskydd,insta360-x5-termo-greppprotection,/products/insta360-x5-termo-greppskydd,/products/insta360-x5-termo-greppprotection,YES,YES,Insta360 X5 Thermo Greppskydd för Kamera,,
product,insta360-x5-mikrofonadapter,insta360-x5-microphoneadapter,/products/insta360-x5-mikrofonadapter,/products/insta360-x5-microphoneadapter,YES,YES,Insta360 X5 Mikrofonadapter för Utmärkt,,
product,insta360-ace-pro-skarmskydd,insta360-ace-pro-skarmprotection,/products/insta360-ace-pro-skarmskydd,/products/insta360-ace-pro-skarmprotection,YES,YES,Insta360 Ace Pro protec - Skärmskydd för Insta360 Ace,,
product,insta360-ace-mikrofonadapter,insta360-ace-microphoneadapter,/products/insta360-ace-mikrofonadapter,/products/insta360-ace-microphoneadapter,YES,YES,Insta360 Ace Mic Adapter - Insta360 Ace Mikrofonadapter,,
product,insta360-cykelfaste-bak-kit,insta360-cykelmount-bak-kit,/products/insta360-cykelfaste-bak-kit,/products/insta360-cykelmount-bak-kit,YES,YES,Insta360 Cykelfäste för Bakmontering,,
product,insta360-cykelsadel-railsfaste,insta360-cykelsadel-railsmount,/products/insta360-cykelsadel-railsfaste,/products/insta360-cykelsadel-railsmount,YES,YES,Insta360 Cykelsadel Railsfäste,,
product,insta360-ace-pro-faste-standard,insta360-ace-pro-mount-standard,/products/insta360-ace-pro-faste-standard,/products/insta360-ace-pro-mount-standard,YES,YES,Insta360 Ace Pro fäste - Standardfäste för Insta360 Ace Pro Kamera,,
product,insta360-halsfaste,insta360-halsmount,/products/insta360-halsfaste,/products/insta360-halsmount,YES,YES,Insta360 Neck Mount - Insta360 Halsfäste för Handsfree Actionfilmning,,
product,insta360-mc-faste-u-bult,insta360-mc-mount-u-bult,/products/insta360-mc-faste-u-bult,/products/insta360-mc-mount-u-bult,YES,YES,Insta360 MC-fäste U-bult för Motorcykel,,
product,insta360-multi-mount-mangsidigt-faste,insta360-multi-mount-mangsidigt-mount,/products/insta360-multi-mount-mangsidigt-faste,/products/insta360-multi-mount-mangsidigt-mount,YES,YES,Insta360 Multi Fäste – Flexibelt Kamerastöd,,
product,insta360-bullet-time-tillbehorspaket,insta360-bullet-time-accessoriesspaket,/products/insta360-bullet-time-tillbehorspaket,/products/insta360-bullet-time-accessoriesspaket,YES,YES,Insta360 Bullet Time Tillbehörspaket,,
product,insta360-cykelfaste-third-person,insta360-cykelmount-third-person,/products/insta360-cykelfaste-third-person,/products/insta360-cykelmount-third-person,YES,YES,Insta360 cykelfäste Fäste,,
product,insta360-tredjeperson-cykelfaste,insta360-tredjeperson-cykelmount,/products/insta360-tredjeperson-cykelfaste,/products/insta360-tredjeperson-cykelmount,YES,YES,Insta360 Cykelfäste,,
product,insta360-trippel-sugkopp-bilfaste,insta360-trippel-sugkopp-bilmount,/products/insta360-trippel-sugkopp-bilfaste,/products/insta360-trippel-sugkopp-bilmount,YES,YES,Insta360 Triple Suction Cup - Insta360 Monteringsfäste med Trippel,,
product,insta360-cykeldatorfaste-integrerat-styre,insta360-cykeldatormount-integrerat-styre,/products/insta360-cykeldatorfaste-integrerat-styre,/products/insta360-cykeldatormount-integrerat-styre,YES,YES,Insta360 Bike Computer Fäste - Insta360 Cykeldatorfäste,,
product,insta360-x4-linsskydd-lens,insta360-x4-lens-protector-lens,/products/insta360-x4-linsskydd-lens,/products/insta360-x4-lens-protector-lens,YES,YES,Insta360 X4 linsskyd Lens - Insta360 X4 Standard Linsskydd,,
product,insta360-x4-linsskydd-v6-1,insta360-x4-lens-protector-v6-1,/products/insta360-x4-linsskydd-v6-1,/products/insta360-x4-lens-protector-v6-1,YES,YES,Insta360 X4 Linsskydd v6 för Optimalt Kameraskydd,,
product,insta360-x5-linsskydd,insta360-x5-lens-protector,/products/insta360-x5-linsskydd,/products/insta360-x5-lens-protector,YES,YES,Insta360 X5 Linsskydd – För Långvarigt Kameraliv,,
product,insta360-x5-kylande-skarmskydd,insta360-x5-kylande-skarmprotection,/products/insta360-x5-kylande-skarmskydd,/products/insta360-x5-kylande-skarmprotection,YES,YES,Insta360 X5 Kylande Skärmskydd för Din Kamera,,
product,insta360-x5-skarmskydd,insta360-x5-skarmprotection,/products/insta360-x5-skarmskydd,/products/insta360-x5-skarmprotection,YES,YES,Insta360 X5 Skärmskydd för Optimalt Skydd,,
product,insta360-x5-mikrofonfaste-cold-shoe-adapter,insta360-x5-microphonemount-cold-shoe-adapter,/products/insta360-x5-mikrofonfaste-cold-shoe-adapter,/products/insta360-x5-microphonemount-cold-shoe-adapter,YES,YES,Insta360 X5 mic Adapter - Insta360 X5 Mikrofonfäste med Cold Shoe,,
product,insta360-kallskofaste-for-x5-x4-x3-one-x2,insta360-kallskomount-for-x5-x4-x3-one-x2,/products/insta360-kallskofaste-for-x5-x4-x3-one-x2,/products/insta360-kallskomount-for-x5-x4-x3-one-x2,YES,YES,Insta360 Cold Shoe (för X5 & X4),,
product,insta360-flexicare-ace-skyddskort,insta360-flexicare-ace-protectionskort,/products/insta360-flexicare-ace-skyddskort,/products/insta360-flexicare-ace-protectionskort,YES,YES,Insta360 FlexiCare Ace – Utökat Skydd för Din Kamera,,
product,insta360-all-weather-usb-laddningsskydd-ace-pro,insta360-all-weather-usb-laddningsprotection-ace-pro,/products/insta360-all-weather-usb-laddningsskydd-ace-pro,/products/insta360-all-weather-usb-laddningsprotection-ace-pro,YES,YES,Insta360 All-Weather USB - Vädertåligt USB Laddningsskydd,,
product,insta360-x4-linsskydd-kit-vinter,insta360-x4-lens-protector-kit-vinter,/products/insta360-x4-linsskydd-kit-vinter,/products/insta360-x4-lens-protector-kit-vinter,YES,YES,Insta360 X4 Linsskydd Kit för Vinterbruk,,
product,insta360-flow-mobilklamma-magnetiskt-faste-summit,insta360-flow-mobilklamma-magnetiskt-mount-summit,/products/insta360-flow-mobilklamma-magnetiskt-faste-summit,/products/insta360-flow-mobilklamma-magnetiskt-mount-summit,YES,YES,Insta360 Flow Mobilklämma i Summit White,,
product,insta360-flow-usb-c-kabel,insta360-flow-usb-c-cable,/products/insta360-flow-usb-c-kabel,/products/insta360-flow-usb-c-cable,YES,YES,Insta360 Flow USB-C kabel - Insta360 Flow USB-C Laddkabel,,
product,insta360-x4-vertikalfaste,insta360-x4-vertikalmount,/products/insta360-x4-vertikalfaste,/products/insta360-x4-vertikalmount,YES,YES,Insta360 X4 Vertikalfäste för Flexibel Filmning,,
product,insta360-x3-linsskydd-avtagbart-protection,insta360-x3-lens-protector-avtagbart-protection,/products/insta360-x3-linsskydd-avtagbart-protection,/products/insta360-x3-lens-protector-avtagbart-protection,YES,YES,Insta360 X3 Linsskydd - Premium Avtagbart Linsskydd för Insta360 X3,,
product,insta360-go-3-go-3s-skarmskydd,insta360-go-3-go-3s-skarmprotection,/products/insta360-go-3-go-3s-skarmskydd,/products/insta360-go-3-go-3s-skarmprotection,YES,YES,Insta360 GO 3/GO 3S Screen - Skärmskydd för Insta360 GO 3 och GO 3S,,
product,insta360-x4-flytfaste-vattenaktiviteter,insta360-x4-flytmount-vattenaktiviteter,/products/insta360-x4-flytfaste-vattenaktiviteter,/products/insta360-x4-flytmount-vattenaktiviteter,YES,YES,Insta360 X4 Flytfäste för Vattensport,,
product,insta360-flytande-surfbradefaste,insta360-flytande-surfbrademount,/products/insta360-flytande-surfbradefaste,/products/insta360-flytande-surfbrademount,YES,YES,Insta360 Floating Surfboard - Insta360 Flytande Surfbrädefäste,,
product,insta360-go-3s-bag-skyddande-forvaring,insta360-go-3s-bag-protective-storage,/products/insta360-go-3s-bag-skyddande-forvaring,/products/insta360-go-3s-bag-protective-storage,YES,YES,Insta360 GO 3S Väska för Optimalt Kameraskydd,,
product,insta360-go-3-flexfaste,insta360-go-3-flexmount,/products/insta360-go-3-flexfaste,/products/insta360-go-3-flexmount,YES,YES,Insta360 GO 3 Flexfäste för Mångsidig Användning,,
product,insta360-go-3-pivot-stand-flexibelt-faste,insta360-go-3-pivot-stand-flexibelt-mount,/products/insta360-go-3-pivot-stand-flexibelt-faste,/products/insta360-go-3-pivot-stand-flexibelt-mount,YES,YES,Insta360 GO 3 Pivot Stand för Kreativ Filmning,,
product,insta360-go-3s-linskydd,insta360-go-3s-linprotection,/products/insta360-go-3s-linskydd,/products/insta360-go-3s-linprotection,YES,YES,Insta360 GO 3S Linskydd för Optimalt Kameralinsskydd,,
product,insta360-go-3-go-3s-vertikalt-horisontellt-faste,insta360-go-3-go-3s-vertikalt-horisontellt-mount,/products/insta360-go-3-go-3s-vertikalt-horisontellt-faste,/products/insta360-go-3-go-3s-vertikalt-horisontellt-mount,YES,YES,Insta360 GO 3/GO 3S Vertical - Mångsidigt Fästeset för Insta360 GO,,
product,insta360-go-magnetfaste-sakerhetsrem-svart,insta360-go-magnetmount-securitysrem-svart,/products/insta360-go-magnetfaste-sakerhetsrem-svart,/products/insta360-go-magnetmount-securitysrem-svart,YES,YES,Insta360 GO magnetf Black - Svart Magnetfäste med Säkerhetsrem,,
product,insta360-go-3-magnetfaste-sakerhetslina-vit,insta360-go-3-magnetmount-securityslina-vit,/products/insta360-go-3-magnetfaste-sakerhetslina-vit,/products/insta360-go-3-magnetmount-securityslina-vit,YES,YES,Insta360 GO 3 Magnetfäste med Säkerhetslina,,
product,insta360-x3-carry-case-skyddande-kameravaska,insta360-x3-carry-case-protective-kamerabag,/products/insta360-x3-carry-case-skyddande-kameravaska,/products/insta360-x3-carry-case-protective-kamerabag,YES,YES,Insta360 X3 carry case - Skyddande Insta360 X3 Kameraväska,,
product,insta360-go-3-snabbfaste,insta360-go-3-snabbmount,/products/insta360-go-3-snabbfaste,/products/insta360-go-3-snabbmount,YES,YES,Insta360 GO 3 Snabbfäste för Actionkameror,,
product,insta360-x4-skarmskydd,insta360-x4-skarmprotection,/products/insta360-x4-skarmskydd,/products/insta360-x4-skarmprotection,YES,YES,Insta360 X4 skärms protec - Insta360 X4 Skärmskydd för Maximal Klarhet,,
product,insta360-x4-linsskydd-cap,insta360-x4-lens-protector-cap,/products/insta360-x4-linsskydd-cap,/products/insta360-x4-lens-protector-cap,YES,YES,Insta360 X4 Linsskydd Cap – Förbättrat Lins Skydd,,
product,insta360-selfie-stick-case-skyddande-sleeve,insta360-selfie-stick-case-protective-sleeve,/products/insta360-selfie-stick-case-skyddande-sleeve,/products/insta360-selfie-stick-case-protective-sleeve,YES,YES,Skyddande Fodral till Insta360 Selfiepinne,,
product,insta360-ringfaste-for-selfiestick,insta360-ringmount-for-selfiestick,/products/insta360-ringfaste-for-selfiestick,/products/insta360-ringmount-for-selfiestick,YES,YES,Insta360 Ringfäste för Selfiestick,,
product,insta360-cykel-headset-lock-faste,insta360-cykel-headset-lock-mount,/products/insta360-cykel-headset-lock-faste,/products/insta360-cykel-headset-lock-mount,YES,YES,Insta360 Bike Headset Cap - Insta360 Cykel Headset,,
product,insta360-backspegelfaste-bilkamera,insta360-backspegelmount-bilkamera,/products/insta360-backspegelfaste-bilkamera,/products/insta360-backspegelmount-bilkamera,YES,YES,Insta360 Backspegelfäste för Kamerainstallation i Bil,,
product,insta360-motorcykel-selfiepinne-klampfaste,insta360-motorcykel-selfie-stick-klampmount,/products/insta360-motorcykel-selfiepinne-klampfaste,/products/insta360-motorcykel-selfie-stick-klampmount,YES,YES,Insta360 Motorcycle Selfie - Insta360 Motorcykel Selfiepinne Klämfäste,,
product,insta360-ryggfaste-forbattrad-barkomfort,insta360-ryggmount-forbattrad-barkomfort,/products/insta360-ryggfaste-forbattrad-barkomfort,/products/insta360-ryggmount-forbattrad-barkomfort,YES,YES,Insta360 The Back Bar - Insta360 Ryggfäste för Actionkameror,,
product,insta360-ace-usb-c-kabel-snabbladdning-dataoverfor,insta360-ace-usb-c-cable-snabbladdning-dataoverfor,/products/insta360-ace-usb-c-kabel-snabbladdning-dataoverfor,/products/insta360-ace-usb-c-cable-snabbladdning-dataoverfor,YES,YES,Insta360 Ace USB-C Kabel för Kamera,,
product,insta360-x3-linsskydd-1,insta360-x3-lens-protector-1,/products/insta360-x3-linsskydd-1,/products/insta360-x3-lens-protector-1,YES,YES,Insta360 X3 Lens Cap - Insta360 X3 Linsskydd för Optimalt Skydd,,
product,insta360-x3-skyddsram-1,insta360-x3-protectionsram-1,/products/insta360-x3-skyddsram-1,/products/insta360-x3-protectionsram-1,YES,YES,Insta360 X3 Utility Frame - Skyddsram för Insta360 X3 Actionkamera,,
product,insta360-ace-ace-pro-mikrofonadapter,insta360-ace-ace-pro-microphoneadapter,/products/insta360-ace-ace-pro-mikrofonadapter,/products/insta360-ace-ace-pro-microphoneadapter,YES,YES,Insta360 Ace/Ace Pro Mic - Insta360 Ace/Ace Pro Mikrofonadapter,,
product,insta360-ace-ace-pro-barvaska,insta360-ace-ace-pro-barbag,/products/insta360-ace-ace-pro-barvaska,/products/insta360-ace-ace-pro-barbag,YES,YES,Insta360 Ace/Ace Pro Carry - Insta360 Ace/Ace Pro Bärväska,,
product,insta360-ace-flytskydd,insta360-ace-flytprotection,/products/insta360-ace-flytskydd,/products/insta360-ace-flytprotection,YES,YES,Insta360 Ace Flytskydd för Vattensporter,,
product,insta360-double-sugkoppsfaste-bil,insta360-double-sugkoppsmount-bil,/products/insta360-double-sugkoppsfaste-bil,/products/insta360-double-sugkoppsmount-bil,YES,YES,Insta360 Dual Suction Cup Car - Insta360 Dubbelt Sugkoppsfäste för Bil,,
product,insta360-x3-repfaste-vattensport,insta360-x3-repmount-vattensport,/products/insta360-x3-repfaste-vattensport,/products/insta360-x3-repmount-vattensport,YES,YES,Insta360 X3 Repfäste för Vattensport,,
product,insta360-x3-faste-horisontell-montering,insta360-x3-mount-horisontell-montering,/products/insta360-x3-faste-horisontell-montering,/products/insta360-x3-mount-horisontell-montering,YES,YES,Horisontellt Insta360 X3 Fäste för Actionkameror,,
product,insta360-one-x2-linsskydd,insta360-one-x2-lens-protector,/products/insta360-one-x2-linsskydd,/products/insta360-one-x2-lens-protector,YES,YES,Insta360 ONE X2 Linsskydd för Optimalt Skydd,,
product,insta360-go-3-hjalmfaste,insta360-go-3-hjalmmount,/products/insta360-go-3-hjalmfaste,/products/insta360-go-3-hjalmmount,YES,YES,Insta360 GO 3 Hjälmfäste för Actionfilmning,,
product,insta360-go-ultra-magnetiskt-faste,insta360-go-ultra-magnetiskt-mount,/products/insta360-go-ultra-magnetiskt-faste,/products/insta360-go-ultra-magnetiskt-mount,YES,YES,Insta360 GO Ultra – Magnetic - Insta360 GO Ultra – Magnetiskt,,
product,insta360-go-3-tillbehorspaket-barn,insta360-go-3-accessoriesspaket-barn,/products/insta360-go-3-tillbehorspaket-barn,/products/insta360-go-3-accessoriesspaket-barn,YES,YES,Insta360 GO 3 Tillbehörspaket för Barn,,
product,insta360-go-3-linsskydd,insta360-go-3-lens-protector,/products/insta360-go-3-linsskydd,/products/insta360-go-3-lens-protector,YES,YES,Insta360 GO 3 Linsskydd – Kristallklar Bildkvalitet,,
product,insta360-gps-fjarrkontroll-with-mikrofon,insta360-gps-remote-control-with-microphone,/products/insta360-gps-fjarrkontroll-with-mikrofon,/products/insta360-gps-remote-control-with-microphone,YES,YES,Insta360 GPS Fjärrkontroll med Inbyggd Mikrofon,,
product,insta360-cykeldatorfaste-oberoende-styr,insta360-cykeldatormount-oberoende-styr,/products/insta360-cykeldatorfaste-oberoende-styr,/products/insta360-cykeldatormount-oberoende-styr,YES,YES,Insta360 – Bike Computer Mount - Insta360 Cykeldatorfäste,,
product,insta360-go-skarmskydd,insta360-go-skarmprotection,/products/insta360-go-skarmskydd,/products/insta360-go-skarmprotection,YES,YES,Insta360 GO Skärmskydd för Optimalt Skydd,,
product,insta360-ace-handledsrem-snabbfaste,insta360-ace-handledsrem-snabbmount,/products/insta360-ace-handledsrem-snabbfaste,/products/insta360-ace-handledsrem-snabbmount,YES,YES,Insta360 Ace Handledsrem med Snabbfäste,,
product,insta360-go-faste-actionkamera-accessories,insta360-go-mount-actionkamera-accessories,/products/insta360-go-faste-actionkamera-accessories,/products/insta360-go-mount-actionkamera-accessories,YES,YES,Insta360 GO Fäste för Dynamiska Upplevelser,,
product,insta360-sakerhetslina-skydda-camera,insta360-securityslina-protectiona-camera,/products/insta360-sakerhetslina-skydda-camera,/products/insta360-securityslina-protectiona-camera,YES,YES,Insta360 Säkerhetslina för Optimalt Kameraskydd,,
product,insta360-sakerhetslina,insta360-securityslina,/products/insta360-sakerhetslina,/products/insta360-securityslina,YES,YES,Insta360 Säkerhetslina för Tryggare Inspelning,,
product,insta360-go-snabbfaste,insta360-go-snabbmount,/products/insta360-go-snabbfaste,/products/insta360-go-snabbmount,YES,YES,Insta360 GO Snabbfäste för Actionkameror,,
product,insta360-go-flexibelt-remfaste,insta360-go-flexibelt-remmount,/products/insta360-go-flexibelt-remfaste,/products/insta360-go-flexibelt-remmount,YES,YES,Insta360 GO flexibe Fäste - Insta360 GO Flexibelt Remfäste,,
product,insta360-ring-fjarrkontroll-kamerastyrning,insta360-ring-remote-control-kamerastyrning,/products/insta360-ring-fjarrkontroll-kamerastyrning,/products/insta360-ring-remote-control-kamerastyrning,YES,YES,Insta360 Ring Remote - Insta360 Ring Fjärrkontroll för Kamerastyrning,,
product,insta360-go-flexibelt-faste,insta360-go-flexibelt-mount,/products/insta360-go-flexibelt-faste,/products/insta360-go-flexibelt-mount,YES,YES,Insta360 GO Flexibelt Fäste för Kreativa Vinklar,,
product,insta360-x4-linsskydd-skydda-your-insta360-x4,insta360-x4-lens-protector-protectiona-your-insta360-x4,/products/insta360-x4-linsskydd-skydda-your-insta360-x4,/products/insta360-x4-lens-protector-protectiona-your-insta360-x4,YES,YES,Insta360 X4 linsskydd - Skydda din Insta360 X4 med ett högkvalitativt,,
product,insta360-x4-linsskydd-air,insta360-x4-lens-protector-air,/products/insta360-x4-linsskydd-air,/products/insta360-x4-lens-protector-air,YES,YES,Insta360 X4 Linsskydd Air för Ultimat Skydd,,
product,insta360-x4-air-linsskydd,insta360-x4-air-lens-protector,/products/insta360-x4-air-linsskydd,/products/insta360-x4-air-lens-protector,YES,YES,Insta360 X4 Air – Lens Cap - Insta360 X4 Air Linsskydd,,
product,insta360-x4-skarmskydd-camera,insta360-x4-skarmprotection-camera,/products/insta360-x4-skarmskydd-camera,/products/insta360-x4-skarmprotection-camera,YES,YES,Insta360 X4 skärms kamera - Skärmskydd för Insta360 X4 Kamera,,
product,insta360-x4-vattenfaste-maximal-security,insta360-x4-vattenmount-maximal-security,/products/insta360-x4-vattenfaste-maximal-security,/products/insta360-x4-vattenmount-maximal-security,YES,YES,Insta360 X4 vatten sakerh - Insta360 X4 Vattenfäste,,
product,insta360-x4-mikrofonskydd,insta360-x4-microphoneprotection,/products/insta360-x4-mikrofonskydd,/products/insta360-x4-microphoneprotection,YES,YES,Insta360 X4 Mikrofonskydd för Optimal Ljudkvalitet,,
product,insta360-krabbklamma-kamerafaste,insta360-krabbklamma-kameramount,/products/insta360-krabbklamma-kamerafaste,/products/insta360-krabbklamma-kameramount,YES,YES,Insta360 Krabbklämma,,
product,insta360-undervattens-selfiepinne,insta360-undervattens-selfie-stick,/products/insta360-undervattens-selfiepinne,/products/insta360-undervattens-selfie-stick,YES,YES,Insta360 Undervattens Selfiepinne för Vattenäventyr,,
product,dji-neo-2-dronarpropellerskydd-okad-security,dji-neo-2-dronepropellerprotection-okad-security,/products/dji-neo-2-dronarpropellerskydd-okad-security,/products/dji-neo-2-dronepropellerprotection-okad-security,YES,YES,DJI Neo 2 Drönarpropellerskydd för Optimal Säkerhet,,
product,polarpro-15mm-skenfastet-basecamp,polarpro-15mm-skenmountt-basecamp,/products/polarpro-15mm-skenfastet-basecamp,/products/polarpro-15mm-skenmountt-basecamp,YES,YES,PolarPro 15mm Skenfäste för BaseCamp,,
product,polarpro-summit-faste-95mm,polarpro-summit-mount-95mm,/products/polarpro-summit-faste-95mm,/products/polarpro-summit-mount-95mm,YES,YES,PolarPro Summit Fäste 95mm för Objektiv,,
product,polarpro-litechaser-skal-iphone-15-pro-max,polarpro-litechaser-shell-iphone-15-pro-max,/products/polarpro-litechaser-skal-iphone-15-pro-max,/products/polarpro-litechaser-shell-iphone-15-pro-max,YES,YES,Robust Skal för iPhone 15 Pro Max v1 – Skogsgrön,,
product,polarpro-litechaser-max-skal-iphone-15-pro-max-bla,polarpro-litechaser-max-shell-iphone-15-pro-max-bla,/products/polarpro-litechaser-max-skal-iphone-15-pro-max-bla,/products/polarpro-litechaser-max-shell-iphone-15-pro-max-bla,YES,YES,iPhone 15 Pro Max blått - PolarPro LiteChaser Max Skal för iPhone,,
product,polarpro-litechaser-15-skal-sand-iphone-15-pro-max,polarpro-litechaser-15-shell-sand-iphone-15-pro-max,/products/polarpro-litechaser-15-skal-sand-iphone-15-pro-max,/products/polarpro-litechaser-15-shell-sand-iphone-15-pro-max,YES,YES,PolarPro LiteChaser 15 Skal Sand för iPhone 15 Pro Max,,
product,polarpro-litechaser-iphone-15-pro-max-skal-svart,polarpro-litechaser-iphone-15-pro-max-shell-svart,/products/polarpro-litechaser-iphone-15-pro-max-skal-svart,/products/polarpro-litechaser-iphone-15-pro-max-shell-svart,YES,YES,iPhone 15 Pro Max skal - PolarPro LiteChaser Skal för iPhone,,
product,polarpro-litechaser-15-pro-desert-skal-iphone-15-p,polarpro-litechaser-15-pro-desert-shell-iphone-15-p,/products/polarpro-litechaser-15-pro-desert-skal-iphone-15-p,/products/polarpro-litechaser-15-pro-desert-shell-iphone-15-p,YES,YES,LiteChaser 15 Pro Desert Skal för iPhone 15 Pro,,
product,polarpro-litechaser-15-pro-svart-skal-iphone-15-pr,polarpro-litechaser-15-pro-svart-shell-iphone-15-pr,/products/polarpro-litechaser-15-pro-svart-skal-iphone-15-pr,/products/polarpro-litechaser-15-pro-svart-shell-iphone-15-pr,YES,YES,PolarPro LiteChaser 15 Pro Svart Skal,,
product,kameraskydd-70-80mm-svart-polarpro-defender-pro-me,camera-protection-70-80mm-svart-polarpro-defender-pro-me,/products/kameraskydd-70-80mm-svart-polarpro-defender-pro-me,/products/camera-protection-70-80mm-svart-polarpro-defender-pro-me,YES,YES,Robust Kameraskydd 70-80mm Svart för Optimalt Skydd,,
product,polarpro-defender-pro-objektivskydd-70-80mm,polarpro-defender-pro-objektivprotection-70-80mm,/products/polarpro-defender-pro-objektivskydd-70-80mm,/products/polarpro-defender-pro-objektivprotection-70-80mm,YES,YES,PolarPro Defender Pro Objektivskydd 70-80mm,,
product,polarpro-bluetooth-fjarrkontroll-camera,polarpro-bluetooth-remote-control-camera,/products/polarpro-bluetooth-fjarrkontroll-camera,/products/polarpro-bluetooth-remote-control-camera,YES,YES,PolarPro Bluetooth Shutter - PolarPro Bluetooth Kamerafjärrkontroll,,
product,polarpro-defender-pro-linsskydd-medium-70-80mm-for,polarpro-defender-pro-lens-protector-medium-70-80mm-for,/products/polarpro-defender-pro-linsskydd-medium-70-80mm-for,/products/polarpro-defender-pro-lens-protector-medium-70-80mm-for,YES,YES,PolarPro linsskydd medium - PolarPro Defender Pro Linsskydd Medium,,
product,polarpro-defender-forest-objektivskydd-81-90mm,polarpro-defender-forest-objektivprotection-81-90mm,/products/polarpro-defender-forest-objektivskydd-81-90mm,/products/polarpro-defender-forest-objektivprotection-81-90mm,YES,YES,PolarPro Defender forest – Robust Objektivskydd,,
product,polarpro-defender-81-90mm-linsskydd,polarpro-defender-81-90mm-lens-protector,/products/polarpro-defender-81-90mm-linsskydd,/products/polarpro-defender-81-90mm-lens-protector,YES,YES,PolarPro Defender 81-90mm Linsskydd för Kameror,,
product,polarpro-linsskydd-stor-81-90mm-svart,polarpro-lens-protector-stor-81-90mm-svart,/products/polarpro-linsskydd-stor-81-90mm-svart,/products/polarpro-lens-protector-stor-81-90mm-svart,YES,YES,PolarPro Linsskydd Stor för Optimalt Linsskydd,,
product,polarpro-kamerahusskydd-nikon-z,polarpro-kamerahusprotection-nikon-z,/products/polarpro-kamerahusskydd-nikon-z,/products/polarpro-kamerahusprotection-nikon-z,YES,YES,PolarPro Body Cap Nikon Z - PolarPro Kamerahusskydd för Nikon Z-serien,,
product,sd-kortskydd-polarpro-slate-ii-forest,sd-kortprotection-polarpro-slate-ii-forest,/products/sd-kortskydd-polarpro-slate-ii-forest,/products/sd-kortprotection-polarpro-slate-ii-forest,YES,YES,Robust SD-kortskydd PolarPro Slate II Forest,,
product,minneskortsfodral-cfea-polarpro,memory-cardssfodral-cfea-polarpro,/products/minneskortsfodral-cfea-polarpro,/products/memory-cardssfodral-cfea-polarpro,YES,YES,Minneskortsfodral CFEA för CFexpress Typ A,,
product,polarpro-sd-minneskortsfodral-slate-edition-ii-des,polarpro-sd-memory-cardssfodral-slate-edition-ii-des,/products/polarpro-sd-minneskortsfodral-slate-edition-ii-des,/products/polarpro-sd-memory-cardssfodral-slate-edition-ii-des,YES,YES,PolarPro SD Minneskortsfodral Slate Edition II,,
product,minneskortsfodral-forest-polarpro-cfea,memory-cardssfodral-forest-polarpro-cfea,/products/minneskortsfodral-forest-polarpro-cfea,/products/memory-cardssfodral-forest-polarpro-cfea,YES,YES,PolarPro Minneskortsfodral Forest för CFexpress,,
product,polarpro-minneskortsfodral-cfeb-slate-edition-ii-f,polarpro-memory-cardssfodral-cfeb-slate-edition-ii-f,/products/polarpro-minneskortsfodral-cfeb-slate-edition-ii-f,/products/polarpro-memory-cardssfodral-cfeb-slate-edition-ii-f,YES,YES,PolarPro Minneskortsfodral CFEB Slate Edition II,,
product,polarpro-minneskortsfodral-oken-cfeb,polarpro-memory-cardssfodral-oken-cfeb,/products/polarpro-minneskortsfodral-oken-cfeb,/products/polarpro-memory-cardssfodral-oken-cfeb,YES,YES,Minneskortsfodral Öken för CFexpress-kort,,
product,panasonic-stereomikrofon-wms10,panasonic-stereomicrophone-wms10,/products/panasonic-stereomikrofon-wms10,/products/panasonic-stereomicrophone-wms10,YES,YES,Panasonic Stereomikrofon WMS10 för Högkvalitativ Ljudinspelning,,
product,polarpro-cfeb-minneskortsfodral-slate-edition-ii,polarpro-cfeb-memory-cardssfodral-slate-edition-ii,/products/polarpro-cfeb-minneskortsfodral-slate-edition-ii,/products/polarpro-cfeb-memory-cardssfodral-slate-edition-ii,YES,YES,PolarPro CFEB Minneskortsfodral Slate Edition II,,
product,panasonic-ag-vbr118g-kamerabatteri,panasonic-ag-vbr118g-kamerabattery,/products/panasonic-ag-vbr118g-kamerabatteri,/products/panasonic-ag-vbr118g-kamerabattery,YES,YES,Original Panasonic AG-VBR118G Kame eri,,
product,panasonic-ag-vbr89g-videobatteri,panasonic-ag-vbr89g-videobattery,/products/panasonic-ag-vbr89g-videobatteri,/products/panasonic-ag-vbr89g-videobattery,YES,YES,Panasonic AG-VBR89G Professionellt Videobatteri,,
product,panasonic-dc-kabel-dmw-dcc8gu9,panasonic-dc-cable-dmw-dcc8gu9,/products/panasonic-dc-kabel-dmw-dcc8gu9,/products/panasonic-dc-cable-dmw-dcc8gu9,YES,YES,Panasonic DC-kabel DMW-DCC8GU9 för Kameror,,
product,panasonic-dmw-bmb9e-kamerabatteri,panasonic-dmw-bmb9e-kamerabattery,/products/panasonic-dmw-bmb9e-kamerabatteri,/products/panasonic-dmw-bmb9e-kamerabattery,YES,YES,Panasonic DMW-BMB9E Kame eri,,
product,polarpro-litechaser-16-pro-skal-iphone-16-pro,polarpro-litechaser-16-pro-shell-iphone-16-pro,/products/polarpro-litechaser-16-pro-skal-iphone-16-pro,/products/polarpro-litechaser-16-pro-shell-iphone-16-pro,YES,YES,PolarPro LiteChaser 16 Pro Skal för iPhone 16 Pro,,
product,litechaser-16-max-skal-genomskinligt-iphone-16-pro,litechaser-16-max-shell-genomskinligt-iphone-16-pro,/products/litechaser-16-max-skal-genomskinligt-iphone-16-pro,/products/litechaser-16-max-shell-genomskinligt-iphone-16-pro,YES,YES,iPhone 16 Pro Max klart - Genomskinligt LiteChaser 16 Max Skal,,
product,iphone-16-pro-svart-skal-polarpro-litechaser-16,iphone-16-pro-svart-shell-polarpro-litechaser-16,/products/iphone-16-pro-svart-skal-polarpro-litechaser-16,/products/iphone-16-pro-svart-shell-polarpro-litechaser-16,YES,YES,iPhone 16 Pro svart skal - PolarPro LiteChaser 16 Svart Skal,,
product,polarpro-litechaser-16-cross-kameravaska,polarpro-litechaser-16-cross-kamerabag,/products/polarpro-litechaser-16-cross-kameravaska,/products/polarpro-litechaser-16-cross-kamerabag,YES,YES,PolarPro LiteChaser 16 Cross Slingväska för Kamera,,
product,polarpro-magflip-leica-q3-motljusskydd-svart,polarpro-magflip-leica-q3-motljusprotection-svart,/products/polarpro-magflip-leica-q3-motljusskydd-svart,/products/polarpro-magflip-leica-q3-motljusprotection-svart,YES,YES,PolarPro MagFlip Leica Q3 Motljusskydd Svart,,
product,magflip-motljusskydd-fujifilm-x100-we,magflip-motljusprotection-fujifilm-x100-we,/products/magflip-motljusskydd-fujifilm-x100-we,/products/magflip-motljusprotection-fujifilm-x100-we,YES,YES,MagFlip hood Fujifilm - MagFlip Motljusskydd för Fujifilm X100 VI,,
product,polarpro-litechaser-16-ssd-faste,polarpro-litechaser-16-ssd-mount,/products/polarpro-litechaser-16-ssd-faste,/products/polarpro-litechaser-16-ssd-mount,YES,YES,PolarPro LiteChaser 16 SSD Fäste för iPhone,,
product,polarpro-litechaser-16-vertikalt-ig-faste-iphone-1,polarpro-litechaser-16-vertikalt-ig-mount-iphone-1,/products/polarpro-litechaser-16-vertikalt-ig-faste-iphone-1,/products/polarpro-litechaser-16-vertikalt-ig-mount-iphone-1,YES,YES,LiteChaser 16 Vertikalt IG Fäste för iPhone 16 Pro,,
product,polarpro-mckinnon-filmvaska-120-film,polarpro-mckinnon-filmbag-120-film,/products/polarpro-mckinnon-filmvaska-120-film,/products/polarpro-mckinnon-filmbag-120-film,YES,YES,Filmväska 120-film - McKinnon Filmväska för 120-film – 2 Rullar,,
product,polarpro-litechaser-iphone-15-pro-max-skal-skoggro,polarpro-litechaser-iphone-15-pro-max-shell-skoggro,/products/polarpro-litechaser-iphone-15-pro-max-skal-skoggro,/products/polarpro-litechaser-iphone-15-pro-max-shell-skoggro,YES,YES,PolarPro LiteChaser 15 Pro Max v6 Skal med UV-filter,,
product,litechaser-15-pro-max-hav-skal-uv-filter,litechaser-15-pro-max-hav-shell-uv-filter,/products/litechaser-15-pro-max-hav-skal-uv-filter,/products/litechaser-15-pro-max-hav-shell-uv-filter,YES,YES,LiteChaser 15 Pro Max Hav – Skal och UV-Filter,,
product,polarpro-litechaser-skal-iphone-16-pro-uv-filter,polarpro-litechaser-shell-iphone-16-pro-uv-filter,/products/polarpro-litechaser-skal-iphone-16-pro-uv-filter,/products/polarpro-litechaser-shell-iphone-16-pro-uv-filter,YES,YES,iPhone 16 Pro UV-filter - PolarPro LiteChaser Skal med UV-filter,,
product,iphone-16-pro-max-uv-skal-litechaser-basecase-uv-f,iphone-16-pro-max-uv-shell-litechaser-basecase-uv-f,/products/iphone-16-pro-max-uv-skal-litechaser-basecase-uv-f,/products/iphone-16-pro-max-uv-shell-litechaser-basecase-uv-f,YES,YES,IPhone 16 Pro Max UV-skal med LiteChaser BaseCase,,
product,polarpro-litechaser-iphone-16-pro-max-skal-uv-filt,polarpro-litechaser-iphone-16-pro-max-shell-uv-filt,/products/polarpro-litechaser-iphone-16-pro-max-skal-uv-filt,/products/polarpro-litechaser-iphone-16-pro-max-shell-uv-filt,YES,YES,iPhone 16 PM UV Filter - PolarPro LiteChaser Skal och UV-filter,,
product,polarpro-litechaser-iphone-15-pro-skal-vnd-filter,polarpro-litechaser-iphone-15-pro-shell-vnd-filter,/products/polarpro-litechaser-iphone-15-pro-skal-vnd-filter,/products/polarpro-litechaser-iphone-15-pro-shell-vnd-filter,YES,YES,PolarPro iPhone 15 Pro - PolarPro LiteChaser Skal och VND Filter,,
product,litechaser-15-pro-max-kit-iphone-15-pro-max-skal-f,litechaser-15-pro-max-kit-iphone-15-pro-max-shell-f,/products/litechaser-15-pro-max-kit-iphone-15-pro-max-skal-f,/products/litechaser-15-pro-max-kit-iphone-15-pro-max-shell-f,YES,YES,LiteChaser 15 Pro Max Kit för iPhone 15 Pro Max,,
product,polarpro-axelvaska-12l,polarpro-axelbag-12l,/products/polarpro-axelvaska-12l,/products/polarpro-axelbag-12l,YES,YES,PolarPro Axelväska 12L för Kamerautrustning,,
product,polarpro-axelvaska-6l,polarpro-axelbag-6l,/products/polarpro-axelvaska-6l,/products/polarpro-axelbag-6l,YES,YES,PolarPro Axelväska 6L för Kamera och Tillbehör,,
product,litechaser-17-iphone-skal-iphone-17-pro,litechaser-17-iphone-shell-iphone-17-pro,/products/litechaser-17-iphone-skal-iphone-17-pro,/products/litechaser-17-iphone-shell-iphone-17-pro,YES,YES,LiteChaser 17 iPhone Skal för iPhone 17 Pro,,
product,polarpro-litechaser-17-skal-iphone-17-pro-max,polarpro-litechaser-17-shell-iphone-17-pro-max,/products/polarpro-litechaser-17-skal-iphone-17-pro-max,/products/polarpro-litechaser-17-shell-iphone-17-pro-max,YES,YES,iPhone 17 Pro Max Skal - PolarPro LiteChaser 17 Skal för iPhone,,
product,fjarrutlosare-panasonic-s-serie,fjarrutlosare-panasonic-s-series,/products/fjarrutlosare-panasonic-s-serie,/products/fjarrutlosare-panasonic-s-series,YES,YES,Fjärrutlösare Panasonic - Trådlös Fjärrutlösare för Panasonic S-serien,,
product,panasonic-dc-kopplare-s-serie,panasonic-dc-kopplare-s-series,/products/panasonic-dc-kopplare-s-serie,/products/panasonic-dc-kopplare-s-series,YES,YES,DC-Kopplare för Panasonic S-serie Kameror,,
product,panasonic-s-serie-battery,panasonic-s-series-battery,/products/panasonic-s-serie-battery,/products/panasonic-s-series-battery,YES,YES,Panasonic S-serie Batteri för Lumix Kameror,,
product,panasonic-dmw-blk22e-kamerabatteri,panasonic-dmw-blk22e-kamerabattery,/products/panasonic-dmw-blk22e-kamerabatteri,/products/panasonic-dmw-blk22e-kamerabattery,YES,YES,Panasonic DMW-BLK22E Kame eri,,
product,panasonic-aw-rp60gj-fjarrkontroll-camera,panasonic-aw-rp60gj-remote-control-camera,/products/panasonic-aw-rp60gj-fjarrkontroll-camera,/products/panasonic-aw-rp60gj-remote-control-camera,YES,YES,Panasonic AW-RP60GJ Fjärrkontroll för Kameror,,
product,batterigrepp-lumix-s5m2-g9m2,batterygrepp-lumix-s5m2-g9m2,/products/batterigrepp-lumix-s5m2-g9m2,/products/batterygrepp-lumix-s5m2-g9m2,YES,YES,Batterigrepp Lumix S5M2 - Batterigrepp för Lumix S5M2 och G9M2,,
product,panasonic-mikrofonhallare-for-au-eva1,panasonic-microphonehallare-for-au-eva1,/products/panasonic-mikrofonhallare-for-au-eva1,/products/panasonic-microphonehallare-for-au-eva1,YES,YES,Panasonic Mikrofonhållare för AU-EVA1 Kameror,,
product,panasonic-aj-mc700p-mikrofon,panasonic-aj-mc700p-microphone,/products/panasonic-aj-mc700p-mikrofon,/products/panasonic-aj-mc700p-microphone,YES,YES,Panasonic mikrofon - Panasonic AJ-MC700P Mikrofon,,
product,lexar-cfexpress-pro-silver-serie-r1750-w1300-512gb,lexar-cfexpress-pro-silver-series-r1750-w1300-512gb,/products/lexar-cfexpress-pro-silver-serie-r1750-w1300-512gb,/products/lexar-cfexpress-pro-silver-series-r1750-w1300-512gb,YES,YES,Lexar CFexpress Pro Silver Serie R1750/W1300 512GB,,
product,lexar-sl500-ssd-512gb-extern-lagringsenhet,lexar-sl500-ssd-512gb-extern-storagesenhet,/products/lexar-sl500-ssd-512gb-extern-lagringsenhet,/products/lexar-sl500-ssd-512gb-extern-storagesenhet,YES,YES,Lexar SL500 SSD 512GB Extern Lagringsenhet,,
product,lexar-ssd-sl500-usb3-2-extern-lagringsenhet,lexar-ssd-sl500-usb3-2-extern-storagesenhet,/products/lexar-ssd-sl500-usb3-2-extern-lagringsenhet,/products/lexar-ssd-sl500-usb3-2-extern-storagesenhet,YES,YES,Lexar SSD SL500 / USB3.2 Extern SSD,,
product,panasonic-dmw-blc12e-kamerabatteri,panasonic-dmw-blc12e-kamerabattery,/products/panasonic-dmw-blc12e-kamerabatteri,/products/panasonic-dmw-blc12e-kamerabattery,YES,YES,Panasonic DMW-BLC12E Kame eri,,
product,panasonic-vw-vbt190e-k-videokamerabatteri,panasonic-vw-vbt190e-k-videokamerabattery,/products/panasonic-vw-vbt190e-k-videokamerabatteri,/products/panasonic-vw-vbt190e-k-videokamerabattery,YES,YES,Panasonic VW-VBT190E-K Videokame eri,,
product,delkin-fat-gecko-suctio-kamerafaste,delkin-fat-gecko-suctio-kameramount,/products/delkin-fat-gecko-suctio-kamerafaste,/products/delkin-fat-gecko-suctio-kameramount,YES,YES,Delkin Fat Gecko suctio Kameramontering för Säkra Bilder,,
product,delkin-fat-gecko-faste,delkin-fat-gecko-mount,/products/delkin-fat-gecko-faste,/products/delkin-fat-gecko-mount,YES,YES,Delkin Fat Gecko fäste för Stabil Montering,,
product,delkin-fat-gecko-kamerafaste,delkin-fat-gecko-kameramount,/products/delkin-fat-gecko-kamerafaste,/products/delkin-fat-gecko-kameramount,YES,YES,Delkin Fat Gecko Kamerafäste för Flexibel Montering,,
product,klockbatteri-315-energizer,klockbattery-315-energizer,/products/klockbatteri-315-energizer,/products/klockbattery-315-energizer,YES,YES,Klockbatteri 315 Energizer Silver Oxide,,
product,silveroxidbatteri-373-energizer,silveroxidbattery-373-energizer,/products/silveroxidbatteri-373-energizer,/products/silveroxidbattery-373-energizer,YES,YES,Pålitligt Silveroxidbatteri 373 för Dina Klockor,,
product,energizer-cr123a-1-pack-litiumbatteri,energizer-cr123a-1-pack-litiumbattery,/products/energizer-cr123a-1-pack-litiumbatteri,/products/energizer-cr123a-1-pack-litiumbattery,YES,YES,Energizer CR123A 1-pack Litiumbatteri,,
product,lexar-cfexpress-pro-silver-serie-r1750-w1300-128gb,lexar-cfexpress-pro-silver-series-r1750-w1300-128gb,/products/lexar-cfexpress-pro-silver-serie-r1750-w1300-128gb,/products/lexar-cfexpress-pro-silver-series-r1750-w1300-128gb,YES,YES,Lexar CFexpress Pro Silver Serie R1750/W1300 128GB - Lexar CFexpress P,,
product,polaroid-kameravaska-now-i-2-spectrum,polaroid-kamerabag-now-i-2-spectrum,/products/polaroid-kameravaska-now-i-2-spectrum,/products/polaroid-kamerabag-now-i-2-spectrum,YES,YES,Skyddande Polaroid Kameraväska för Now och I-2,,
product,polaroid-go-bag-skyddande-forvaring,polaroid-go-bag-protective-storage,/products/polaroid-go-bag-skyddande-forvaring,/products/polaroid-go-bag-protective-storage,YES,YES,Polaroid Go Väska: Skydda Din Kamera Med Stil,,
product,polaroid-kameravaska-axel,polaroid-kamerabag-axel,/products/polaroid-kameravaska-axel,/products/polaroid-kamerabag-axel,YES,YES,Polaroid kameraväska axel - Polaroid Kameraväska med Axelrem,,
product,kowa-tsn-ar42gt-ring-42mm-t2-with-skyddsglas,kowa-tsn-ar42gt-ring-42mm-t2-with-protectionsglas,/products/kowa-tsn-ar42gt-ring-42mm-t2-with-skyddsglas,/products/kowa-tsn-ar42gt-ring-42mm-t2-with-protectionsglas,YES,YES,Kowa TSN-AR42GT Ring 42mm/T2 w Protection Glass - Kowa TSN-AR42GT Ring,,
product,kowa-smartphone-digiscoping-skal-iphone-x-xs,kowa-smartphone-digiscoping-shell-iphone-x-xs,/products/kowa-smartphone-digiscoping-skal-iphone-x-xs,/products/kowa-smartphone-digiscoping-shell-iphone-x-xs,YES,YES,Kowa Smartphone digiscoping shell iPhone X/XS - Kowa Smartphone Digisc,,
product,kowa-skyddsfodral-c-602-for-tsn-602-604,kowa-protectionsfodral-c-602-for-tsn-602-604,/products/kowa-skyddsfodral-c-602-for-tsn-602-604,/products/kowa-protectionsfodral-c-602-for-tsn-602-604,YES,YES,Kowa Stay On Case C-602 for TSN-602/604 - Kowa Stay On Case C-602 för,,
product,kowa-smartphone-digiscoping-skal-iphone-7-8,kowa-smartphone-digiscoping-shell-iphone-7-8,/products/kowa-smartphone-digiscoping-skal-iphone-7-8,/products/kowa-smartphone-digiscoping-shell-iphone-7-8,YES,YES,Kowa Smartphone digiscoping shell iPhone 7+/8+ - Kowa Digiscoping Skal,,
product,kowa-digiscoping-skal-iphone-xr,kowa-digiscoping-shell-iphone-xr,/products/kowa-digiscoping-skal-iphone-xr,/products/kowa-digiscoping-shell-iphone-xr,YES,YES,Kowa Smartphone digiscoping shell iPhone XR - Kowa Digiscoping Skal fö,,
product,kowa-digiscoping-skal-iphone-6,kowa-digiscoping-shell-iphone-6,/products/kowa-digiscoping-skal-iphone-6,/products/kowa-digiscoping-shell-iphone-6,YES,YES,Kowa Smartphone digiscoping shell iPhone 6 - Kowa Digiscoping Skal för,,
product,kowa-smartphone-digiscoping-skal-iphone-7-8-se-2nd,kowa-smartphone-digiscoping-shell-iphone-7-8-se-2nd,/products/kowa-smartphone-digiscoping-skal-iphone-7-8-se-2nd,/products/kowa-smartphone-digiscoping-shell-iphone-7-8-se-2nd,YES,YES,Kowa Smartphone digiscoping shell iPhone 7/8/SE (2nd Gen) - Kowa Smart,,
product,kowa-smartphone-digiskop-skal-iphone-6,kowa-smartphone-digiskop-shell-iphone-6,/products/kowa-smartphone-digiskop-skal-iphone-6,/products/kowa-smartphone-digiskop-shell-iphone-6,YES,YES,Kowa Smartphone digiscoping shell iPhone 6+ - Kowa Smartphone Digiskop,,
product,kowa-smartphone-digiscoping-skal-samsung-s9,kowa-smartphone-digiscoping-shell-samsung-s9,/products/kowa-smartphone-digiscoping-skal-samsung-s9,/products/kowa-smartphone-digiscoping-shell-samsung-s9,YES,YES,Kowa Smartphone digiscoping shell Samsung S9 - Kowa Smartphone Digisco,,
product,kowa-smartphone-digiscoping-skal-samsung-s10,kowa-smartphone-digiscoping-shell-samsung-s10,/products/kowa-smartphone-digiscoping-skal-samsung-s10,/products/kowa-smartphone-digiscoping-shell-samsung-s10,YES,YES,Kowa Smartphone digiscoping shell Samsung S10 - Kowa Smartphone Digisc,,
product,snabbfaste-tripod-focus-wf3950,snabbmount-tripod-focus-wf3950,/products/snabbfaste-tripod-focus-wf3950,/products/snabbmount-tripod-focus-wf3950,YES,YES,Snabbfäste Stativ Focus WF3950,,
product,bw-outdoor-cases-skyddsvaskor,bw-outdoor-cases-protectionsbags,/products/bw-outdoor-cases-skyddsvaskor,/products/bw-outdoor-cases-protectionsbags,YES,YES,BW Outdoor Cases: Ultimata skyddet för din utrustning,,
product,meshvaska-for-bw-outdoor-cases,meshbag-for-bw-outdoor-cases,/products/meshvaska-for-bw-outdoor-cases,/products/meshbag-for-bw-outdoor-cases,YES,YES,BW Outdoor Cases Meshväska för Tillbehör,,
product,meshvaska-for-bw-outdoor,meshbag-for-bw-outdoor,/products/meshvaska-for-bw-outdoor,/products/meshbag-for-bw-outdoor,YES,YES,Praktisk Meshväska för BW Outdoor Utrustning,,
product,bw-outdoor-case-natvaska,bw-outdoor-case-natbag,/products/bw-outdoor-case-natvaska,/products/bw-outdoor-case-natbag,YES,YES,BW Outdoor Case Nätväska för Effektiv Organisation,,
product,kowa-digiscoping-skal-iphone-11-pro-max,kowa-digiscoping-shell-iphone-11-pro-max,/products/kowa-digiscoping-skal-iphone-11-pro-max,/products/kowa-digiscoping-shell-iphone-11-pro-max,YES,YES,Kowa Smartphone digiscoping shell iPhone 11 PRO MAX - Kowa Digiscoping,,
product,bw-outdoor-cases-natvaska,bw-outdoor-cases-natbag,/products/bw-outdoor-cases-natvaska,/products/bw-outdoor-cases-natbag,YES,YES,BW Outdoor Cases nätväska för optimal organisering,,
product,kowa-digiscoping-skal-iphone-11,kowa-digiscoping-shell-iphone-11,/products/kowa-digiscoping-skal-iphone-11,/products/kowa-digiscoping-shell-iphone-11,YES,YES,Kowa Smartphone digiscoping shell iPhone 11 - Kowa digiscoping skal fö,,
product,bw-outdoor-snabbfaste,bw-outdoor-snabbmount,/products/bw-outdoor-snabbfaste,/products/bw-outdoor-snabbmount,YES,YES,BW Outdoor snabbfäste för robusta väskor,,
product,kowa-smartphone-digiscoping-skal-iphone-xs-max,kowa-smartphone-digiscoping-shell-iphone-xs-max,/products/kowa-smartphone-digiscoping-skal-iphone-xs-max,/products/kowa-smartphone-digiscoping-shell-iphone-xs-max,YES,YES,Kowa Smartphone digiscoping shell iPhone XS MAX - Kowa Smartphone Digi,,
product,kowa-smartphone-digiscoping-skal-samsung-galaxy-s2,kowa-smartphone-digiscoping-shell-samsung-galaxy-s2,/products/kowa-smartphone-digiscoping-skal-samsung-galaxy-s2,/products/kowa-smartphone-digiscoping-shell-samsung-galaxy-s2,YES,YES,Kowa Smartphone digiscoping shell Samsung Galaxy S20 - Kowa Smartphone,,
product,kowa-smartphonefaste-samsung-galaxy-s20,kowa-smartphonemount-samsung-galaxy-s20,/products/kowa-smartphonefaste-samsung-galaxy-s20,/products/kowa-smartphonemount-samsung-galaxy-s20,YES,YES,Kowa Galaxy S20 - Kowa Smartphonefäste för Samsung Galaxy S20+,,
product,kowa-digiscoping-skal-samsung-galaxy-a51,kowa-digiscoping-shell-samsung-galaxy-a51,/products/kowa-digiscoping-skal-samsung-galaxy-a51,/products/kowa-digiscoping-shell-samsung-galaxy-a51,YES,YES,Kowa Smartphone digiscoping shell Samsung Galaxy A51 - Kowa Digiscopin,,
product,kowa-digiscoping-skal-samsung-galaxy-a71,kowa-digiscoping-shell-samsung-galaxy-a71,/products/kowa-digiscoping-skal-samsung-galaxy-a71,/products/kowa-digiscoping-shell-samsung-galaxy-a71,YES,YES,Kowa Smartphone digiscoping shell Samsung Galaxy A71 - Kowa Digiscopin,,
product,kowa-digiscoping-skal-samsung-galaxy-a32-5g,kowa-digiscoping-shell-samsung-galaxy-a32-5g,/products/kowa-digiscoping-skal-samsung-galaxy-a32-5g,/products/kowa-digiscoping-shell-samsung-galaxy-a32-5g,YES,YES,Kowa Smartphone digiscoping shell Samsung Galaxy A32 / 5G - Kowa Digis,,
product,kowa-smartphone-digiscoping-skal-samsung-galaxy-a5,kowa-smartphone-digiscoping-shell-samsung-galaxy-a5,/products/kowa-smartphone-digiscoping-skal-samsung-galaxy-a5,/products/kowa-smartphone-digiscoping-shell-samsung-galaxy-a5,YES,YES,Kowa Smartphone digiscoping shell Samsung Galaxy A52 - Kowa Smartphone,,
product,kowa-digiscoping-skal-samsung-galaxy-s21,kowa-digiscoping-shell-samsung-galaxy-s21,/products/kowa-digiscoping-skal-samsung-galaxy-s21,/products/kowa-digiscoping-shell-samsung-galaxy-s21,YES,YES,Kowa digiscoping S21 - Kowa Digiscoping Skal för Samsung Galaxy S21,,
product,okularskydd-kikare-35mm,okularprotection-kikare-35mm,/products/okularskydd-kikare-35mm,/products/okularprotection-kikare-35mm,YES,YES,Skydda Din Kikare med Okularskydd Kikare 35mm,,
product,linsskydd-kikare-42mm,lens-protector-kikare-42mm,/products/linsskydd-kikare-42mm,/products/lens-protector-kikare-42mm,YES,YES,Pålitligt Linsskydd Kikare 42mm för Ditt Optikskydd,,
product,focus-okularskydd-45mm,focus-okularprotection-45mm,/products/focus-okularskydd-45mm,/products/focus-okularprotection-45mm,YES,YES,Focus Okularskydd 45mm för Kikare,,
product,linsskydd-36mm,lens-protector-36mm,/products/linsskydd-36mm,/products/lens-protector-36mm,YES,YES,Kvalitativt Linsskydd 36mm för Optisk Utrustning,,
product,focus-57mm-linsskydd-camera,focus-57mm-lens-protector-camera,/products/focus-57mm-linsskydd-camera,/products/focus-57mm-lens-protector-camera,YES,YES,Focus 57mm Linsskydd för Kameran,,
product,linsskydd-skydda-your-objektiv-45mm,lens-protector-protectiona-your-objektiv-45mm,/products/linsskydd-skydda-your-objektiv-45mm,/products/lens-protector-protectiona-your-objektiv-45mm,YES,YES,Skydda ditt objektiv med linsskydd 45mm,,
product,linsskydd-65mm,lens-protector-65mm,/products/linsskydd-65mm,/products/lens-protector-65mm,YES,YES,Linsskydd 65mm – Optimalt skydd för ditt objektiv,,
product,linsskydd-51mm-optimalt-protection-for-your-objektiv,lens-protector-51mm-optimalt-protection-for-your-objektiv,/products/linsskydd-51mm-optimalt-protection-for-your-objektiv,/products/lens-protector-51mm-optimalt-protection-for-your-objektiv,YES,YES,Linsskydd 51mm – Optimalt skydd för ditt objektiv,,
product,kowa-digiscoping-skal-samsung-galaxy-s20-fe,kowa-digiscoping-shell-samsung-galaxy-s20-fe,/products/kowa-digiscoping-skal-samsung-galaxy-s20-fe,/products/kowa-digiscoping-shell-samsung-galaxy-s20-fe,YES,YES,Kowa Smartphone digiscoping shell Samsung Galaxy S20 FE - Kowa Digisco,,
product,kowa-smartphone-digiscoping-skal-iphone-13-pro-max,kowa-smartphone-digiscoping-shell-iphone-13-pro-max,/products/kowa-smartphone-digiscoping-skal-iphone-13-pro-max,/products/kowa-smartphone-digiscoping-shell-iphone-13-pro-max,YES,YES,Kowa Smartphone digiscoping shell Iphone 13 PRO MAX - Kowa Smartphone,,
product,kowa-digiscoping-skal-samsung-galaxy-a50,kowa-digiscoping-shell-samsung-galaxy-a50,/products/kowa-digiscoping-skal-samsung-galaxy-a50,/products/kowa-digiscoping-shell-samsung-galaxy-a50,YES,YES,Kowa Smartphone digiscoping shell Samsung Galaxy A50 - Kowa Digiscopin,,
product,kameravaska-samyang-xeen-bw-outdoor-cases,kamerabag-samyang-xeen-bw-outdoor-cases,/products/kameravaska-samyang-xeen-bw-outdoor-cases,/products/kamerabag-samyang-xeen-bw-outdoor-cases,YES,YES,Kameraväska Samyang XEEN: Optimalt skydd för din utrustning,,
product,komplett-focus-tillbehorskit-fotografer,komplett-focus-accessoriesskit-fotografer,/products/komplett-focus-tillbehorskit-fotografer,/products/komplett-focus-accessoriesskit-fotografer,YES,YES,Komplett Focus tillbehörskit för fotografer,,
product,kowa-smartphone-digiscoping-skal-iphone-13-14,kowa-smartphone-digiscoping-shell-iphone-13-14,/products/kowa-smartphone-digiscoping-skal-iphone-13-14,/products/kowa-smartphone-digiscoping-shell-iphone-13-14,YES,YES,Kowa Smartphone digiscoping shell Iphone 13 / 14 - Kowa Smartphone Dig,,
product,kowa-digiscoping-skal-samsung-galaxy-a53-5g,kowa-digiscoping-shell-samsung-galaxy-a53-5g,/products/kowa-digiscoping-skal-samsung-galaxy-a53-5g,/products/kowa-digiscoping-shell-samsung-galaxy-a53-5g,YES,YES,Kowa Smartphone digiscoping shell Samsung Galaxy A53 5G - Kowa Digisco,,
product,kowa-digiscoping-skal-iphone-14-pro,kowa-digiscoping-shell-iphone-14-pro,/products/kowa-digiscoping-skal-iphone-14-pro,/products/kowa-digiscoping-shell-iphone-14-pro,YES,YES,Kowa Smartphone digiscoping shell Iphone 14 Pro - Kowa Digiscoping Ska,,
product,hikmicro-snabbfaste-skena-hm-qr,hikmicro-snabbmount-skena-hm-qr,/products/hikmicro-snabbfaste-skena-hm-qr,/products/hikmicro-snabbmount-skena-hm-qr,YES,YES,Hikmicro Snabbfäste Skena HM-QR för Optik,,
product,hikmicro-kikarsiktesfaste-skenmontage,hikmicro-kikarsiktesmount-skenmontage,/products/hikmicro-kikarsiktesfaste-skenmontage,/products/hikmicro-kikarsiktesmount-skenmontage,YES,YES,HIKMICRO Kikarsiktesfäste för Optimal Precision,,
product,bw-outdoor-case-7300-skum-skyddsvask,bw-outdoor-case-7300-skum-protectionsvask,/products/bw-outdoor-case-7300-skum-skyddsvask,/products/bw-outdoor-case-7300-skum-protectionsvask,YES,YES,BW Outdoor Case 7300 skum: Optimalt skydd för äventyr,,
product,hikmicro-varmesikte-demo,hikmicro-thermalsikte-demo,/products/hikmicro-varmesikte-demo,/products/hikmicro-thermalsikte-demo,YES,YES,Hikmicro Värmesikte Demo – Upplev Termisk Precision,,
product,bw-outdoor-cases-devices-kabel,bw-outdoor-cases-devices-cable,/products/bw-outdoor-cases-devices-kabel,/products/bw-outdoor-cases-devices-cable,YES,YES,BW Outdoor Cases devices: Säker anslutning för dina enheter,,
product,solpanel-dc-kabel,solpanel-dc-cable,/products/solpanel-dc-kabel,/products/solpanel-dc-cable,YES,YES,Högkvalitativ solpanel DC-kabel för pålitlig energiförsörjning,,
product,energycase-ec7-flow-kabel-seriekoppling,energycase-ec7-flow-cable-serieskoppling,/products/energycase-ec7-flow-kabel-seriekoppling,/products/energycase-ec7-flow-cable-serieskoppling,YES,YES,Energy.case EC7/flow: Kabel för Seriekoppling av Utomhusväskor,,
product,bw-solpanel-y-kabel,bw-solpanel-y-cable,/products/bw-solpanel-y-kabel,/products/bw-solpanel-y-cable,YES,YES,BW solpanel Y-kabel för effektiv solenergi,,
product,bw-outdoor-cases-kabel-energy-case,bw-outdoor-cases-cable-energy-case,/products/bw-outdoor-cases-kabel-energy-case,/products/bw-outdoor-cases-cable-energy-case,YES,YES,BW Outdoor Cases kabel för energy.case och DC-drift,,
product,solpanel-kabel-12v,solpanel-cable-12v,/products/solpanel-kabel-12v,/products/solpanel-cable-12v,YES,YES,Solpanel Kabel 12V för Effektiv Energianvändning,,
product,hikmicro-thunder-th25p-hogpresterande-varmesikte,hikmicro-thunder-th25p-hogpresterande-thermalsikte,/products/hikmicro-thunder-th25p-hogpresterande-varmesikte,/products/hikmicro-thunder-th25p-hogpresterande-thermalsikte,YES,YES,HIKMICRO Thunder TH25P: Högpresterande Värmesikte för Jakt och Observa,,
product,hikmicro-thunder-charger-batteribas,hikmicro-thunder-charger-batterybas,/products/hikmicro-thunder-charger-batteribas,/products/hikmicro-thunder-charger-batterybas,YES,YES,Hikmicro Thunder laddare - Hikmicro Thunder Batteriladdare 2.0/3.0,,
product,hikmicro-35mm-linsskydd-thunder-panther-2-0,hikmicro-35mm-lens-protector-thunder-panther-2-0,/products/hikmicro-35mm-linsskydd-thunder-panther-2-0,/products/hikmicro-35mm-lens-protector-thunder-panther-2-0,YES,YES,Hikmicro 35mm Linsskydd för Thunder och Panther 2.0,,
product,hikmicro-falcon-fh35-optikskydd,hikmicro-falcon-fh35-optikprotection,/products/hikmicro-falcon-fh35-optikskydd,/products/hikmicro-falcon-fh35-optikprotection,YES,YES,Optikskydd för Hikmicro Falcon FH35,,
product,focus-track-rf-pro-dronarsparare,focus-track-rf-pro-dronesparare,/products/focus-track-rf-pro-dronarsparare,/products/focus-track-rf-pro-dronesparare,YES,YES,Focus Track RF PRO: Avancerad Drönarspårare,,
product,hikmicro-condor-cq50l-advanced-varmekamera-hog-pr,hikmicro-condor-cq50l-advanced-thermal-camera-hog-pr,/products/hikmicro-condor-cq50l-advanced-varmekamera-hog-pr,/products/hikmicro-condor-cq50l-advanced-thermal-camera-hog-pr,YES,YES,HIKMICRO Condor CQ50L – Avancerad Värmekamera med Hög Prestanda,,
product,kowa-skal-smartphone-digiscoping-samsung-galaxy-s2,kowa-shell-smartphone-digiscoping-samsung-galaxy-s2,/products/kowa-skal-smartphone-digiscoping-samsung-galaxy-s2,/products/kowa-shell-smartphone-digiscoping-samsung-galaxy-s2,YES,YES,Kowa Smartphone digiscoping shell Samsung Galaxy S23 Plus - Kowa Skal,,
product,hikmicro-condor-cq35l-varmekamera-for-overlaggsen,hikmicro-condor-cq35l-thermal-camera-for-overlaggsen,/products/hikmicro-condor-cq35l-varmekamera-for-overlaggsen,/products/hikmicro-condor-cq35l-thermal-camera-for-overlaggsen,YES,YES,HIKMICRO Condor CQ35L Värmekamera För Överlägsen Värmebild,,
product,dronarvaska-dji-air-3,dronebag-dji-air-3,/products/dronarvaska-dji-air-3,/products/dronebag-dji-air-3,YES,YES,Hitta din drönarväska DJI Air 3 för optimalt skydd,,
product,kowa-digiscoping-skal-iphone-15-plus,kowa-digiscoping-shell-iphone-15-plus,/products/kowa-digiscoping-skal-iphone-15-plus,/products/kowa-digiscoping-shell-iphone-15-plus,YES,YES,Kowa Smartphone digiscoping shell Iphone 15 Plus - Kowa Digiscoping Sk,,
product,hikmicro-lynx-lh15-monocu-advanced-varme-tech,hikmicro-lynx-lh15-monocu-advanced-thermal-tech,/products/hikmicro-lynx-lh15-monocu-advanced-varme-tech,/products/hikmicro-lynx-lh15-monocu-advanced-thermal-tech,YES,YES,HIKMICRO Lynx LH15 monocu: Avancerad Värmeteknik för Dina Behov,,
product,bw-outdoor-cykelvaska,bw-outdoor-cykelbag,/products/bw-outdoor-cykelvaska,/products/bw-outdoor-cykelbag,YES,YES,BW Outdoor cykelväska: Skydd för alla dina cykeläventyr,,
product,insta360-x4-skyddsfodral-robust,insta360-x4-protectionsfodral-robust,/products/insta360-x4-skyddsfodral-robust,/products/insta360-x4-protectionsfodral-robust,YES,YES,Insta360 X4 skyddsfodral - Robust Skyddsfodral för Insta360 X4,,
product,batterilada-for-transport-bw-outdoor,batterylada-for-transport-bw-outdoor,/products/batterilada-for-transport-bw-outdoor,/products/batterylada-for-transport-bw-outdoor,YES,YES,Säker batterilåda för transport av dina batterier,,
product,bw-outdoor-batterivaska,bw-outdoor-batterybag,/products/bw-outdoor-batterivaska,/products/bw-outdoor-batterybag,YES,YES,BW Outdoor batteriväska för säker hantering,,
product,batteries-black-forvaring-transport,batteries-black-storage-transport,/products/batteries-black-forvaring-transport,/products/batteries-black-storage-transport,YES,YES,Batteries Black: Optimal Förvaring för Litiumbatterier,,
product,batterilada-bw-outdoor-battery-case-908-8-gul,batterylada-bw-outdoor-battery-case-908-8-gul,/products/batterilada-bw-outdoor-battery-case-908-8-gul,/products/batterylada-bw-outdoor-battery-case-908-8-gul,YES,YES,Högkvalitativ batterilåda för trygg förvaring,,
product,batterilada-orange-bw-outdoor-908-8,batterylada-orange-bw-outdoor-908-8,/products/batterilada-orange-bw-outdoor-908-8,/products/batterylada-orange-bw-outdoor-908-8,YES,YES,Säker Batterilåda Orange för Litiumbatterier,,
product,batteribox-litium-bw-outdoor,batterybox-litium-bw-outdoor,/products/batteribox-litium-bw-outdoor,/products/batterybox-litium-bw-outdoor,YES,YES,Säker Batteribox Litium för Alla Förhållanden,,
product,batteribox-bw-outdoor-908-16,batterybox-bw-outdoor-908-16,/products/batteribox-bw-outdoor-908-16,/products/batterybox-bw-outdoor-908-16,YES,YES,Säker och robust batteribox för alla förhållanden,,
product,hikmicro-thunder-tq50cl-avancerat-varmesikte-jakt,hikmicro-thunder-tq50cl-avancerat-thermalsikte-jakt,/products/hikmicro-thunder-tq50cl-avancerat-varmesikte-jakt,/products/hikmicro-thunder-tq50cl-avancerat-thermalsikte-jakt,YES,YES,HIKMICRO Thunder TQ50CL: Avancerat Värmesikte för Jakt,,
product,kowa-skal-digiscoping-samsung-galaxy-s24-plus,kowa-shell-digiscoping-samsung-galaxy-s24-plus,/products/kowa-skal-digiscoping-samsung-galaxy-s24-plus,/products/kowa-shell-digiscoping-samsung-galaxy-s24-plus,YES,YES,Kowa Smartphone digiscoping shell Samsung Galaxy S24 Plus - Kowa Skal,,
product,dji-neo-dronarvaska,dji-neo-dronebag,/products/dji-neo-dronarvaska,/products/dji-neo-dronebag,YES,YES,Högkvalitativ DJI Neo drönarväska för dina äventyr,,
product,kowa-digiscoping-iphone-skal,kowa-digiscoping-iphone-shell,/products/kowa-digiscoping-iphone-skal,/products/kowa-digiscoping-iphone-shell,YES,YES,Kowa Digiscoping iPhone Skal för Naturfotografi,,
product,kowa-digiscoping-skal-iphone-16-pro-max,kowa-digiscoping-shell-iphone-16-pro-max,/products/kowa-digiscoping-skal-iphone-16-pro-max,/products/kowa-digiscoping-shell-iphone-16-pro-max,YES,YES,Kowa Smartphone digiscoping shell Iphone 16 Pro Max - Kowa Digiscoping,,
product,dronarvaska-dji-flip-gra,dronebag-dji-flip-gra,/products/dronarvaska-dji-flip-gra,/products/dronebag-dji-flip-gra,YES,YES,Robust Drönarväska DJI Flip för Optimalt Skydd,,
product,bw-outdoor-case-gopro-skyddsfodral,bw-outdoor-case-gopro-protectionsfodral,/products/bw-outdoor-case-gopro-skyddsfodral,/products/bw-outdoor-case-gopro-protectionsfodral,YES,YES,BW Outdoor Case GoPro: Optimalt Skydd för Din Actionkamera,,
product,insta360-go3-case-skyddande,insta360-go3-case-protective,/products/insta360-go3-case-skyddande,/products/insta360-go3-case-protective,YES,YES,Insta360 GO3 Fodral för Äventyrsfotografer,,
product,insta360-bag-v1-skyddsfodral,insta360-bag-v1-protectionsfodral,/products/insta360-bag-v1-skyddsfodral,/products/insta360-bag-v1-protectionsfodral,YES,YES,Insta360 Väska V1: Optimalt Skydd för Kameran,,
product,insta360-go3s-bag-skyddsfodral,insta360-go3s-bag-protectionsfodral,/products/insta360-go3s-bag-skyddsfodral,/products/insta360-go3s-bag-protectionsfodral,YES,YES,Insta360 GO3S väska vaska - Insta360 GO3S Väska för Säker Förvaring,,
product,insta360-go3-go3s-bag-skyddande-forvaring,insta360-go3-go3s-bag-protective-storage,/products/insta360-go3-go3s-bag-skyddande-forvaring,/products/insta360-go3-go3s-bag-protective-storage,YES,YES,Skyddande Insta360 GO3/GO3S Väska för Actionkameror,,
product,bw-cykelvaska-protection-transport,bw-cykelbag-protection-transport,/products/bw-cykelvaska-protection-transport,/products/bw-cykelbag-protection-transport,YES,YES,BW cykelväska – Optimalt skydd för din cykel,,
product,insta360-x4-x5-bag-skyddsfodral,insta360-x4-x5-bag-protectionsfodral,/products/insta360-x4-x5-bag-skyddsfodral,/products/insta360-x4-x5-bag-protectionsfodral,YES,YES,Insta360 X4/X5 väska - Hållbar Förvaringsväska för Insta360 X4/X5,,
product,kowa-c-881-skyddsfodral,kowa-c-881-protectionsfodral,/products/kowa-c-881-skyddsfodral,/products/kowa-c-881-protectionsfodral,YES,YES,Kowa C-881 skyddsfodral – Optimalt skydd för din tubkikare,,
product,kowa-skyddsfilter-tp,kowa-protectionsfilter-tp,/products/kowa-skyddsfilter-tp,/products/kowa-protectionsfilter-tp,YES,YES,Kowa skyddsfilter TP – Skydda din tubkikare,,
product,2m-usb-c-forlangningskabel,2m-usb-c-forlangningscable,/products/2m-usb-c-forlangningskabel,/products/2m-usb-c-forlangningscable,YES,YES,2m USB-C Förlängningskabel för Flexibel Anslutning,,
product,usb-c-kabel-3m-snabbladdning-data,usb-c-cable-3m-snabbladdning-data,/products/usb-c-kabel-3m-snabbladdning-data,/products/usb-c-cable-3m-snabbladdning-data,YES,YES,USB-C Kabel 3m för Snabbladdning och Data,,
product,usb-c-kabel-6a-xj-040-1m-snabbladdning-dataoverfor,usb-c-cable-6a-xj-040-1m-snabbladdning-dataoverfor,/products/usb-c-kabel-6a-xj-040-1m-snabbladdning-dataoverfor,/products/usb-c-cable-6a-xj-040-1m-snabbladdning-dataoverfor,YES,YES,USB-C kabel 6A XJ-040 1m - USB-C Laddkabel 6A XJ-040 – 1 Meter,,
product,usb-c-laddkabel-6a-1-5m,usb-c-laddcable-6a-1-5m,/products/usb-c-laddkabel-6a-1-5m,/products/usb-c-laddcable-6a-1-5m,YES,YES,USB-C Laddkabel 6A 1.5m för Snabbladdning,,
product,dji-neo-2-bkano-smooth-fly-organisationsvaska,dji-neo-2-bkano-smooth-fly-organisationsbag,/products/dji-neo-2-bkano-smooth-fly-organisationsvaska,/products/dji-neo-2-bkano-smooth-fly-organisationsbag,YES,YES,Organisationsväska för DJI Neo 2 BKano Smooth Fly,,
product,startrc-sugkopps-bilfaste-dual-ben,startrc-sugkopps-bilmount-dual-ben,/products/startrc-sugkopps-bilfaste-dual-ben,/products/startrc-sugkopps-bilmount-dual-ben,YES,YES,STARTRC Dual-leg Suction Cup - STARTRC Sugkopps Bilfäste med Dubbla,,
product,dji-neo-2-host-hard-case-skyddande-forvaring,dji-neo-2-host-hard-case-protective-storage,/products/dji-neo-2-host-hard-case-skyddande-forvaring,/products/dji-neo-2-host-hard-case-protective-storage,YES,YES,DJI Neo 2 Host Hard Case - DJI - Robust Hårdväska för DJI Neo,,
product,startrc-flytskydd-dji-neo-2-propeller-guard,startrc-flytprotection-dji-neo-2-propeller-guard,/products/startrc-flytskydd-dji-neo-2-propeller-guard,/products/startrc-flytprotection-dji-neo-2-propeller-guard,YES,YES,DJI Neo 2 STARTRC Light - STARTRC Flytskydd för DJI Neo 2 Drönare,,
product,selfiepinne-ministativ-s-055,selfie-stick-mini-tripod-s-055,/products/selfiepinne-ministativ-s-055,/products/selfie-stick-mini-tripod-s-055,YES,YES,S-055 Selfiepinne Ministativ för Actionkameror,,
product,osmo-nano-kallsko-faste-360-rotation-justerbart,osmo-nano-kallsko-mount-360-rotation-justerbart,/products/osmo-nano-kallsko-faste-360-rotation-justerbart,/products/osmo-nano-kallsko-mount-360-rotation-justerbart,YES,YES,Osmo Nano Kallsko Fäste med Justerbar Rotation,,
product,magnetfaste-insta360-go-halsklamma,magnetmount-insta360-go-halsklamma,/products/magnetfaste-insta360-go-halsklamma,/products/magnetmount-insta360-go-halsklamma,YES,YES,Magnetfäste Insta360 GO med Halsklämma,,
product,startrc-kollisionsskydd-dji-neo-2-gimbal-lins,startrc-kollisionsprotection-dji-neo-2-gimbal-lins,/products/startrc-kollisionsskydd-dji-neo-2-gimbal-lins,/products/startrc-kollisionsprotection-dji-neo-2-gimbal-lins,YES,YES,STARTRC Kollisionsskydd till DJI Neo 2,,
product,osmo-action-6-skyddsram-forlangd-kamerabur,osmo-action-6-protectionsram-forlangd-kamerabur,/products/osmo-action-6-skyddsram-forlangd-kamerabur,/products/osmo-action-6-protectionsram-forlangd-kamerabur,YES,YES,Osmo Action 6 skyddsram - Skyddsram för DJI Osmo Action 6 – AC60,,
product,osmo-action-6-sugkoppsfaste-360-grader,osmo-action-6-sugkoppsmount-360-grader,/products/osmo-action-6-sugkoppsfaste-360-grader,/products/osmo-action-6-sugkoppsmount-360-grader,YES,YES,Osmo Action 6 Sugkoppsfäste för Bilmontering,,
product,osmo-action-6-kamerabur-metall-skyddande-ram,osmo-action-6-kamerabur-metall-protective-ram,/products/osmo-action-6-kamerabur-metall-skyddande-ram,/products/osmo-action-6-kamerabur-metall-protective-ram,YES,YES,Osmo Action 6 kamer metal - Metallbur för Osmo Action 6 – Flymile,,
product,magnetfaste-osmo-action-6-1-4-adapter,magnetmount-osmo-action-6-1-4-adapter,/products/magnetfaste-osmo-action-6-1-4-adapter,/products/magnetmount-osmo-action-6-1-4-adapter,YES,YES,Magnetiskt Snabbfäste för DJI Osmo Action 6 / Nano,,
product,silikonlinsskydd-dji-osmo-action-6,siliconelens-protector-dji-osmo-action-6,/products/silikonlinsskydd-dji-osmo-action-6,/products/siliconelens-protector-dji-osmo-action-6,YES,YES,Silikonlinsskydd DJI Osmo Action 6 – Maximalt skydd,,
product,stativbricka-ljudkort-mikrofonstativ,stativbricka-audiokort-microphonestativ,/products/stativbricka-ljudkort-mikrofonstativ,/products/stativbricka-audiokort-microphonestativ,YES,YES,Stativbricka Ljudkort - Stativbricka för Ljudkort och Studioutrustning,,
product,puluz-mobilhallare-stativfaste-hot-shoe,puluz-mobilhallare-stativmount-hot-shoe,/products/puluz-mobilhallare-stativfaste-hot-shoe,/products/puluz-mobilhallare-stativmount-hot-shoe,YES,YES,PULUZ Mobilhållare Stativfäste med Hot Shoe,,
product,puluz-metallbur-with-handtag-for-osmo-action-6-adap,puluz-metal-cage-with-handtag-for-osmo-action-6-adap,/products/puluz-metallbur-with-handtag-for-osmo-action-6-adap,/products/puluz-metal-cage-with-handtag-for-osmo-action-6-adap,YES,YES,Osmo Action 6 Adapter - PULUZ Metallbur med Handtag för Osmo Action 6,,
product,insta360-flow-magnetfaste,insta360-flow-magnetmount,/products/insta360-flow-magnetfaste,/products/insta360-flow-magnetmount,YES,YES,Insta360 Flow Magnetfäste för Stabil Filmning,,
product,magnetfaste-dji-osmo-v6,magnetmount-dji-osmo-v6,/products/magnetfaste-dji-osmo-v6,/products/magnetmount-dji-osmo-v6,YES,YES,Magnetfäste DJI Osmo v6 för Snabba Inspelningar,,
product,puluz-videomikrofon-dslr-kondensatormikrofon,puluz-videomicrophone-dslr-kondensatormicrophone,/products/puluz-videomikrofon-dslr-kondensatormikrofon,/products/puluz-videomicrophone-dslr-kondensatormicrophone,YES,YES,PULUZ videomikrofon DSLR - PULUZ Videomikrofon för DSLR och DV-kameror,,
product,insta360-x4-skyddsbur-v1,insta360-x4-protectionsbur-v1,/products/insta360-x4-skyddsbur-v1,/products/insta360-x4-protectionsbur-v1,YES,YES,Insta360 X4 Skyddsbur v1 för Optimalt Kameraskydd,,
product,skyddsram-dji-osmo-pocket-vertikal-horisontell,protectionsram-dji-osmo-pocket-vertikal-horisontell,/products/skyddsram-dji-osmo-pocket-vertikal-horisontell,/products/protectionsram-dji-osmo-pocket-vertikal-horisontell,YES,YES,drönare med gopro fäste väska - Skyddsram för DJI Osmo Pocket,,
product,forvaringsfodral-dji-neo-2-cqt-drone-propellers,storagesfodral-dji-neo-2-cqt-drone-propellers,/products/forvaringsfodral-dji-neo-2-cqt-drone-propellers,/products/storagesfodral-dji-neo-2-cqt-drone-propellers,YES,YES,Förvaringsfodral för DJI Neo 2 CQT Drone Propeller,,
product,dronarlampa-with-led-natflygning,dronelampa-with-led-natflygning,/products/dronarlampa-with-led-natflygning,/products/dronelampa-with-led-natflygning,YES,YES,Drönarlampa med LED för Förbättrad Synlighet,,
product,handtag-dji-osmo-action-6-stabiliseringsfaste,handtag-dji-osmo-action-6-stabilizationsmount,/products/handtag-dji-osmo-action-6-stabiliseringsfaste,/products/handtag-dji-osmo-action-6-stabilizationsmount,YES,YES,Handtag DJI Osmo Action 6 för Stabilare Filminspelning,,
product,magnetiskt-huvudfaste-actionkamera,magnetiskt-huvudmount-actionkamera,/products/magnetiskt-huvudfaste-actionkamera,/products/magnetiskt-huvudmount-actionkamera,YES,YES,"STARTRC Adjustable Head Strap Magnetic Eco-friendly Vlog POV Mount Belt for GoPro, Insta360, DJI Osmo Action and Other Action Cameras, Magnetic Vlog POV Mount Belt",,
product,vinklad-usb-c-kabel-1m,vinklad-usb-c-cable-1m,/products/vinklad-usb-c-kabel-1m,/products/vinklad-usb-c-cable-1m,YES,YES,Vinklad USB-C Kabel 1m – Smidig och Hållbar Anslutning,,
product,usb-c-laddkabel-remax-1m-led,usb-c-laddcable-remax-1m-led,/products/usb-c-laddkabel-remax-1m-led,/products/usb-c-laddcable-remax-1m-led,YES,YES,USB-C Laddkabel REMAX med LED-Indikator,,
product,multikabel-5-i-1-universalladdare,multicable-5-i-1-universalcharger,/products/multikabel-5-i-1-universalladdare,/products/multicable-5-i-1-universalcharger,YES,YES,Multikabel 5-i-1: Universell Laddning och Dataöverföring,,
product,haweel-25w-3a-type-c-usb-c-pd-laddningskabel-2m,haweel-25w-3a-type-c-usb-c-pd-laddningscable-2m,/products/haweel-25w-3a-type-c-usb-c-pd-laddningskabel-2m,/products/haweel-25w-3a-type-c-usb-c-pd-laddningscable-2m,YES,YES,HAWEEL 25W 3A Type-C / USB-C to Type-C / USB-C PD Fast Charging Data C,,
product,huawei-cc790-usb-c-kabel,huawei-cc790-usb-c-cable,/products/huawei-cc790-usb-c-kabel,/products/huawei-cc790-usb-c-cable,YES,YES,Huawei CC790 USB-C Kabel - Original Huawei CC790 USB-C Laddkabel,,
product,armband-laddkabel-24cm,armband-laddcable-24cm,/products/armband-laddkabel-24cm,/products/armband-laddcable-24cm,YES,YES,Armband Laddkabel 24cm för Smidig Laddning,,
product,22cm-usb-c-for-usb-3-0-adapterkabel,22cm-usb-c-for-usb-3-0-adaptercable,/products/22cm-usb-c-for-usb-3-0-adapterkabel,/products/22cm-usb-c-for-usb-3-0-adaptercable,YES,YES,22cm USB-C / Type-C 3.1 Male - 22cm USB-C till USB 3.0 Adapterkabel,,
product,usb-c-for-usb-c-1m-datakabel,usb-c-for-usb-c-1m-datacable,/products/usb-c-for-usb-c-1m-datakabel,/products/usb-c-for-usb-c-1m-datacable,YES,YES,USB-C till USB-C 1m Snabbladdningskabel,,
product,awei-cl-129-4-i-1-universal-laddkabel,awei-cl-129-4-i-1-universal-laddcable,/products/awei-cl-129-4-i-1-universal-laddkabel,/products/awei-cl-129-4-i-1-universal-laddcable,YES,YES,Awei CL-129 4-i-1 Universell Laddkabel,,
product,micro-usb-kabel-1-meter,micro-usb-cable-1-meter,/products/micro-usb-kabel-1-meter,/products/micro-usb-cable-1-meter,YES,YES,Micro USB Kabel 1 Meter för Laddning och Data,,
product,awei-usb-c-laddkabel-2-5a,awei-usb-c-laddcable-2-5a,/products/awei-usb-c-laddkabel-2-5a,/products/awei-usb-c-laddcable-2-5a,YES,YES,Awei USB-C Laddkabel 2.5A i Robust Aluminium,,
product,usb-c-laddkabel-100w-1m,usb-c-laddcable-100w-1m,/products/usb-c-laddkabel-100w-1m,/products/usb-c-laddcable-100w-1m,YES,YES,USB-C Laddkabel 100W 1m för Effektiv Snabbladdning,,
product,haweel-micro-usb-snabbladdningskabel-1m-2-pack,haweel-micro-usb-snabbladdningscable-1m-2-pack,/products/haweel-micro-usb-snabbladdningskabel-1m-2-pack,/products/haweel-micro-usb-snabbladdningscable-1m-2-pack,YES,YES,2 PCS HAWEEL 1m High Speed - HAWEEL Micro USB Snabbladdningskablar,,
product,ivon-ca70-usb-c-laddkabel-2m,ivon-ca70-usb-c-laddcable-2m,/products/ivon-ca70-usb-c-laddkabel-2m,/products/ivon-ca70-usb-c-laddcable-2m,YES,YES,IVON CA70 USB-C Laddkabel för Snabbladdning,,
product,awei-2-i-1-laddkabel,awei-2-i-1-laddcable,/products/awei-2-i-1-laddkabel,/products/awei-2-i-1-laddcable,YES,YES,Awei 2-i-1 Laddkabel 1.2m för Universell Laddning,,
product,awei-3-i-1-laddkabel,awei-3-i-1-laddcable,/products/awei-3-i-1-laddkabel,/products/awei-3-i-1-laddcable,YES,YES,Awei 3-i-1 Laddkabel 1.2m för Mångsidig Laddning,,
product,u-formad-usb-kabel-dual-anslutningar,u-formad-usb-cable-dual-anslutningar,/products/u-formad-usb-kabel-dual-anslutningar,/products/u-formad-usb-cable-dual-anslutningar,YES,YES,U-shaped USB-C / Type-C Male - U-formad USB-C och Micro USB Laddkabel,,
product,usb-c-kabel-2m-snabbladdning-data,usb-c-cable-2m-snabbladdning-data,/products/usb-c-kabel-2m-snabbladdning-data,/products/usb-c-cable-2m-snabbladdning-data,YES,YES,USB-C Kabel 2m för Snabbladdning och Data,,
product,1m-micro-usb-kabel-metall,1m-micro-usb-cable-metall,/products/1m-micro-usb-kabel-metall,/products/1m-micro-usb-cable-metall,YES,YES,1m Micro USB-kabel Metall för Snabbladdning,,
product,u-formad-micro-usb-mobil-spelkabel,u-formad-micro-usb-mobil-spelcable,/products/u-formad-micro-usb-mobil-spelkabel,/products/u-formad-micro-usb-mobil-spelcable,YES,YES,U-type Micro USB Mobile Game - U-formad Micro USB Laddkabel för Mobil,,
product,xiaomi-usb-c-kabel-1m,xiaomi-usb-c-cable-1m,/products/xiaomi-usb-c-kabel-1m,/products/xiaomi-usb-c-cable-1m,YES,YES,Xiaomi USB-C Kabel 1m för Snabbladdning,,
product,20cm-usb-2-0-hogervinklad-kabel,20cm-usb-2-0-hogervinklad-cable,/products/20cm-usb-2-0-hogervinklad-kabel,/products/20cm-usb-2-0-hogervinklad-cable,YES,YES,20cm USB 2.0 Right Turn Elbow - 20cm USB 2.0 Högervinklad,,
product,adc-009-usb-c-type-c-laddkabel,adc-009-usb-c-type-c-laddcable,/products/adc-009-usb-c-type-c-laddkabel,/products/adc-009-usb-c-type-c-laddcable,YES,YES,ADC-009 USB-C / Type-C - ADC-009 USB-C Snabbladdningskabel,,
product,flatad-micro-usb-kabel-3m,flatad-micro-usb-cable-3m,/products/flatad-micro-usb-kabel-3m,/products/flatad-micro-usb-cable-3m,YES,YES,Flätad Micro USB kabel 3m - Flätad Micro USB Laddkabel,,
product,universalladdare-for-laddningsbara-enheter,universalcharger-for-rechargeable-enheter,/products/universalladdare-for-laddningsbara-enheter,/products/universalcharger-for-rechargeable-enheter,YES,YES,Universalladdare för Smarttelefoner och Laddningsbara Enheter,,
product,20cm-usb-2-0-vanstervinklad-kabel,20cm-usb-2-0-vanstervinklad-cable,/products/20cm-usb-2-0-vanstervinklad-kabel,/products/20cm-usb-2-0-vanstervinklad-cable,YES,YES,20cm USB 2.0 Left Turn Elbow - 20cm USB 2.0 Vänstervinklad Datakabel,,
product,wk-mech-6a-usb-c-kabel,wk-mech-6a-usb-c-cable,/products/wk-mech-6a-usb-c-kabel,/products/wk-mech-6a-usb-c-cable,YES,YES,WK Mech 6A USB-C Kabel för Snabbladdning,,
product,24cm-micro-usb-usb-c-laddkabel,24cm-micro-usb-usb-c-laddcable,/products/24cm-micro-usb-usb-c-laddkabel,/products/24cm-micro-usb-usb-c-laddcable,YES,YES,24cm 2A Micro USB + USB-C - Flexibel 24cm Micro USB + USB-C Laddkabel,,
product,20cm-usb-2-0-male-angle-left-kabel,20cm-usb-2-0-male-angle-left-cable,/products/20cm-usb-2-0-male-angle-left-kabel,/products/20cm-usb-2-0-male-angle-left-cable,YES,YES,20cm USB 2.0 Male Angle Left - Vänstervinklad Micro USB-kabel 20cm,,
product,smartphonetillbehor,smartphoneaccessories,/products/smartphonetillbehor,/products/smartphoneaccessories,YES,YES,Smartphonetillbehör för Alla Ledande Märken,,
product,usb-c-for-2-micro-usb-laddkabel-30cm,usb-c-for-2-micro-usb-laddcable-30cm,/products/usb-c-for-2-micro-usb-laddkabel-30cm,/products/usb-c-for-2-micro-usb-laddcable-30cm,YES,YES,USB-C till 2 Micro USB Laddkabel 30cm,,
product,usb-c-laddkabel-vinklad-1m,usb-c-laddcable-vinklad-1m,/products/usb-c-laddkabel-vinklad-1m,/products/usb-c-laddcable-vinklad-1m,YES,YES,USB-C Laddkabel Vinklad 1m för Snabbladdning,,
product,1m-flatad-metallhuvud-usb-c-kabel,1m-flatad-metallhuvud-usb-c-cable,/products/1m-flatad-metallhuvud-usb-c-kabel,/products/1m-flatad-metallhuvud-usb-c-cable,YES,YES,1m Wires Woven Metal Head - 1m Flätad Metallhuvud USB-C,,
product,universella-mobiltillbehor-flera,universella-mobile-accessories-flera,/products/universella-mobiltillbehor-flera,/products/universella-mobile-accessories-flera,YES,YES,Mobiltillbehör flera - Universella Mobiltillbehör för Alla Märken,,
product,dubbelvinklad-usb-c-kabel-1m,dubbelvinklad-usb-c-cable-1m,/products/dubbelvinklad-usb-c-kabel-1m,/products/dubbelvinklad-usb-c-cable-1m,YES,YES,Dubbelvinklad USB-C Kabel 1m med Nylonfläta,,
product,micro-usb-laddkabel-vit-1m-2-4a,micro-usb-laddcable-vit-1m-2-4a,/products/micro-usb-laddkabel-vit-1m-2-4a,/products/micro-usb-laddcable-vit-1m-2-4a,YES,YES,Micro USB laddkabel White - Micro USB Laddkabel 2.4A Vit – 1 Meter,,
product,universell-laddkabel-samsung-htc-sony-lg,universell-laddcable-samsung-htc-sony-lg,/products/universell-laddkabel-samsung-htc-sony-lg,/products/universell-laddcable-samsung-htc-sony-lg,YES,YES,"Universell Laddkabel för Samsung, HTC, Sony, LG",,
product,ivon-ca52-2-4a-usb-type-c-micro-usb-1m-kabel,ivon-ca52-2-4a-usb-type-c-micro-usb-1m-cable,/products/ivon-ca52-2-4a-usb-type-c-micro-usb-1m-kabel,/products/ivon-ca52-2-4a-usb-type-c-micro-usb-1m-cable,YES,YES,"IVON CA52 2.4A USB to Type-C + Micro USB 2 in 1 Charging Sync Data Cable, Length: 1m, Type-C + Micro USB",,
product,usb-c-laddkabel-1m-2a,usb-c-laddcable-1m-2a,/products/usb-c-laddkabel-1m-2a,/products/usb-c-laddcable-1m-2a,YES,YES,1m 2A USB-C / Type-C to USB - 1m 2A USB-C till USB Ladd- och Datakabel,,
product,1m-usb-c-type-c-hane-vinklad-kabel,1m-usb-c-type-c-hane-vinklad-cable,/products/1m-usb-c-type-c-hane-vinklad-kabel,/products/1m-usb-c-type-c-hane-vinklad-cable,YES,YES,1m USB-C / Type-C Male Elbow - Vinklad 1m USB-C till USB 3.0 Datakabel,,
product,micro-usb-kabel-2m-vit,micro-usb-cable-2m-vit,/products/micro-usb-kabel-2m-vit,/products/micro-usb-cable-2m-vit,YES,YES,Micro USB Kabel 2m Vit för Snabbladdning,,
product,usb-c-armbandskabel-xj27,usb-c-armbandscable-xj27,/products/usb-c-armbandskabel-xj27,/products/usb-c-armbandscable-xj27,YES,YES,XJ-27 USB-C Armbandskabel för Enkel Laddning,,
product,haweel-3m-high-speed-micro-usb-kabel,haweel-3m-high-speed-micro-usb-cable,/products/haweel-3m-high-speed-micro-usb-kabel,/products/haweel-3m-high-speed-micro-usb-cable,YES,YES,HAWEEL 3m High Speed Micro USB - HAWEEL 3m Snabbladdningskabel,,
product,haweel-25w-3a-type-c-usb-c-snabbladdningskabel,haweel-25w-3a-type-c-usb-c-snabbladdningscable,/products/haweel-25w-3a-type-c-usb-c-snabbladdningskabel,/products/haweel-25w-3a-type-c-usb-c-snabbladdningscable,YES,YES,HAWEEL 25W 3A Type-C / USB-C - HAWEEL 25W 3A Type-C,,
product,haweel-1m-usb-c-type-c-ladd-datakabel,haweel-1m-usb-c-type-c-ladd-datacable,/products/haweel-1m-usb-c-type-c-ladd-datakabel,/products/haweel-1m-usb-c-type-c-ladd-datacable,YES,YES,HAWEEL 1m USB-C / Type-C Ladd- och Datakabel,,
product,vinklad-laddkabel-1-5m-usb-c-for-lightning,vinklad-laddcable-1-5m-usb-c-for-lightning,/products/vinklad-laddkabel-1-5m-usb-c-for-lightning,/products/vinklad-laddcable-1-5m-usb-c-for-lightning,YES,YES,Vinklad Laddkabel 1.5m med Fjäderförstärkning,,
product,ivon-ca70-usb-c-laddkabel-1m,ivon-ca70-usb-c-laddcable-1m,/products/ivon-ca70-usb-c-laddkabel-1m,/products/ivon-ca70-usb-c-laddcable-1m,YES,YES,IVON CA70 USB-C lad cable - IVON CA70 USB-C Laddkabel,,
product,remax-rc-140a-thor-series-65w-usb-c-laddkabel,remax-rc-140a-thor-series-65w-usb-c-laddcable,/products/remax-rc-140a-thor-series-65w-usb-c-laddkabel,/products/remax-rc-140a-thor-series-65w-usb-c-laddcable,YES,YES,REMAX RC-140a Thor Series 65W USB-C Laddkabel,,
product,vinklad-usb-c-kabel-10,vinklad-usb-c-cable-10,/products/vinklad-usb-c-kabel-10,/products/vinklad-usb-c-cable-10,YES,YES,Vinklad USB-C Kabel 10 v1 med 100W Snabbladdning,,
product,usb-c-kabel-e-mark-100w,usb-c-cable-e-mark-100w,/products/usb-c-kabel-e-mark-100w,/products/usb-c-cable-e-mark-100w,YES,YES,USB-C Kabel E-mark 100W för Effektiv Laddning,,
product,3-i-1-usb-for-double-type-c-laddkabel,3-i-1-usb-for-double-type-c-laddcable,/products/3-i-1-usb-for-double-type-c-laddkabel,/products/3-i-1-usb-for-double-type-c-laddcable,YES,YES,3 in 1 USB till Dual Type-C - 3-i-1 USB Laddkabel för Dubbel Type-C,,
product,ivon-ca73-2-4a-type-c-usb-c-snabbladdningskabel,ivon-ca73-2-4a-type-c-usb-c-snabbladdningscable,/products/ivon-ca73-2-4a-type-c-usb-c-snabbladdningskabel,/products/ivon-ca73-2-4a-type-c-usb-c-snabbladdningscable,YES,YES,IVON CA73 2.4A Type-C / USB-C - IVON CA73 Type-C / USB-C,,
product,ivon-ca70-micro-usb-snabbladdningskabel-1m,ivon-ca70-micro-usb-snabbladdningscable-1m,/products/ivon-ca70-micro-usb-snabbladdningskabel-1m,/products/ivon-ca70-micro-usb-snabbladdningscable-1m,YES,YES,IVON CA70 Micro USB lengt - IVON CA70 Micro USB Snabbladdningskabel 1m,,
product,ivon-ca78-usb-c-snabbladdningskabel,ivon-ca78-usb-c-snabbladdningscable,/products/ivon-ca78-usb-c-snabbladdningskabel,/products/ivon-ca78-usb-c-snabbladdningscable,YES,YES,IVON CA78 2.4A Type-C / USB-C - IVON CA78 USB-C Snabbladdningskabel,,
product,awei-4-i-1-laddkabel-1-2m,awei-4-i-1-laddcable-1-2m,/products/awei-4-i-1-laddkabel-1-2m,/products/awei-4-i-1-laddcable-1-2m,YES,YES,Awei 4-i-1 Laddkabel 1.2m för Mångsidig Användning,,
product,mech-series-6a-120w-3-i-1-laddkabel,mech-series-6a-120w-3-i-1-laddcable,/products/mech-series-6a-120w-3-i-1-laddkabel,/products/mech-series-6a-120w-3-i-1-laddcable,YES,YES,Mech Serie 6A 120W 3 in 1 - Mech Serie 6A 120W 3-i-1 Laddkabel,,
product,xiaomi-usb-c-laddkabel-6a,xiaomi-usb-c-laddcable-6a,/products/xiaomi-usb-c-laddkabel-6a,/products/xiaomi-usb-c-laddcable-6a,YES,YES,Xiaomi USB-C Laddkabel för Snabbladdning,,
product,ivon-micro-usb-laddkabel-ca70-snabbladdning-2-mete,ivon-micro-usb-laddcable-ca70-snabbladdning-2-mete,/products/ivon-micro-usb-laddkabel-ca70-snabbladdning-2-mete,/products/ivon-micro-usb-laddcable-ca70-snabbladdning-2-mete,YES,YES,IVON Micro USB laddkabel - IVON CA70 Micro USB Laddkabel,,
product,usb-c-for-usb-a-adapterkabel-20cm-metallhuvud,usb-c-for-usb-a-adaptercable-20cm-metallhuvud,/products/usb-c-for-usb-a-adapterkabel-20cm-metallhuvud,/products/usb-c-for-usb-a-adaptercable-20cm-metallhuvud,YES,YES,20cm Metal Head USB 3.1 Type-c - 20cm USB-C till USB-A Adapterkabel,,
product,usb-c-adapterkabel-15cm,usb-c-adaptercable-15cm,/products/usb-c-adapterkabel-15cm,/products/usb-c-adaptercable-15cm,YES,YES,Kompakt USB-C adapterkabel för flexibla anslutningar,,
product,usb-c-kabel-10gbps-platt,usb-c-cable-10gbps-platt,/products/usb-c-kabel-10gbps-platt,/products/usb-c-cable-10gbps-platt,YES,YES,USB-C kabel 10Gbps platt - Platt USB-C Kabel 10Gbps för Snabb Data,,
product,ivon-ca87-usb-micro-usb-tpe-laddningskabel-1m,ivon-ca87-usb-micro-usb-tpe-laddningscable-1m,/products/ivon-ca87-usb-micro-usb-tpe-laddningskabel-1m,/products/ivon-ca87-usb-micro-usb-tpe-laddningscable-1m,YES,YES,"IVON CA87 USB to Micro USB TPE Fast Charge Data Cable, Cable Length: 1",,
product,10-i-1-universalladdare-usb-laddkabel,10-i-1-universalcharger-usb-laddcable,/products/10-i-1-universalladdare-usb-laddkabel,/products/10-i-1-universalcharger-usb-laddcable,YES,YES,10-i-1 Universalladdare för Alla Dina Enheter,,
product,usb-c-for-usb-3-0-kabel-10gbps,usb-c-for-usb-3-0-cable-10gbps,/products/usb-c-for-usb-3-0-kabel-10gbps,/products/usb-c-for-usb-3-0-cable-10gbps,YES,YES,USB-C till USB 3.0 Kabel med 10Gbps Hastighet,,
product,3-i-1-laddkabel-66w-usb-c-lightning-micro-usb,3-i-1-laddcable-66w-usb-c-lightning-micro-usb,/products/3-i-1-laddkabel-66w-usb-c-lightning-micro-usb,/products/3-i-1-laddcable-66w-usb-c-lightning-micro-usb,YES,YES,Mångsidig 3-i-1 Laddkabel 66W för Alla Enheter,,
product,usb-c-for-usb-2-0-kabel,usb-c-for-usb-2-0-cable,/products/usb-c-for-usb-2-0-kabel,/products/usb-c-for-usb-2-0-cable,YES,YES,USB-C till USB 2.0 kabel - USB-C till USB 2.0 Omvandlingskabel,,
product,usb-c-for-micro-usb-laddkabel-1m,usb-c-for-micro-usb-laddcable-1m,/products/usb-c-for-micro-usb-laddkabel-1m,/products/usb-c-for-micro-usb-laddcable-1m,YES,YES,USB-C till Micro USB 1m - USB-C till Micro USB Laddkabel 1 Meter,,
product,awei-cl-96-micro-usb-1m-laddkabel,awei-cl-96-micro-usb-1m-laddcable,/products/awei-cl-96-micro-usb-1m-laddkabel,/products/awei-cl-96-micro-usb-1m-laddcable,YES,YES,Awei CL-96 Micro USB 1m Ladd- och Datakabel,,
product,mech-180-usb-c-laddkabel,mech-180-usb-c-laddcable,/products/mech-180-usb-c-laddkabel,/products/mech-180-usb-c-laddcable,YES,YES,Mech 180° USB-C Laddkabel för Snabbladdning,,
product,wk-3-i-1-laddkabel-240w-snabbladdning-dataoverfori,wk-3-i-1-laddcable-240w-snabbladdning-dataoverfori,/products/wk-3-i-1-laddkabel-240w-snabbladdning-dataoverfori,/products/wk-3-i-1-laddcable-240w-snabbladdning-dataoverfori,YES,YES,WK 3-i-1 Laddkabel 240W för Snabbladdning,,
product,awei-micro-usb-laddkabel-1m,awei-micro-usb-laddcable-1m,/products/awei-micro-usb-laddkabel-1m,/products/awei-micro-usb-laddcable-1m,YES,YES,Awei Micro USB Laddkabel – 1 Meter,,
product,usb-c-otg-kabel-with-kortlasare-usb3-1-gen2,usb-c-otg-cable-with-kortlasare-usb3-1-gen2,/products/usb-c-otg-kabel-with-kortlasare-usb3-1-gen2,/products/usb-c-otg-cable-with-kortlasare-usb3-1-gen2,YES,YES,Mångsidig USB-C OTG Kabel med Kortläsare,,
product,usb-c-laddkabel-180-1-8m-snabbladdning,usb-c-laddcable-180-1-8m-snabbladdning,/products/usb-c-laddkabel-180-1-8m-snabbladdning,/products/usb-c-laddcable-180-1-8m-snabbladdning,YES,YES,USB-C laddkabel 180° 1.8m - Vinklad USB-C Laddkabel 1.8m,,
product,u-formad-micro-usb-forlangningskabel-hane-for-hon,u-formad-micro-usb-forlangningscable-hane-for-hon,/products/u-formad-micro-usb-forlangningskabel-hane-for-hon,/products/u-formad-micro-usb-forlangningscable-hane-for-hon,YES,YES,U-shaped Micro USB Male - U-formad Micro USB Förlängningskabel Hane,,
product,micro-usb-laddkabel-2-karnor-20-koppartradar,micro-usb-laddcable-2-karnor-20-koppartradar,/products/micro-usb-laddkabel-2-karnor-20-koppartradar,/products/micro-usb-laddcable-2-karnor-20-koppartradar,YES,YES,2 Cores 20 Copper Wires Micro - Micro USB Laddkabel med 2 Kärnor,,
product,usb-c-for-hdmi-kabel-2m,usb-c-for-hdmi-cable-2m,/products/usb-c-for-hdmi-kabel-2m,/products/usb-c-for-hdmi-cable-2m,YES,YES,USB-C / Type-C 3.1 to HDMI - USB-C till HDMI,,
product,usb-c-for-micro-usb-3-0-datakabel-1m-zssg-9b20mi,usb-c-for-micro-usb-3-0-datacable-1m-zssg-9b20mi,/products/usb-c-for-micro-usb-3-0-datakabel-1m-zssg-9b20mi,/products/usb-c-for-micro-usb-3-0-datacable-1m-zssg-9b20mi,YES,YES,USB-C till Micro U 9b20mi - USB-C till Micro USB 3.0 Datakabel 1 Meter,,
product,mech-120w-usb-c-laddkabel-1-8m,mech-120w-usb-c-laddcable-1-8m,/products/mech-120w-usb-c-laddkabel-1-8m,/products/mech-120w-usb-c-laddcable-1-8m,YES,YES,Mech 120W USB-C la Längd - Mech 120W USB-C Laddkabel 1.8m,,
product,mech-series-6a-120w-usb-laddkabel,mech-series-6a-120w-usb-laddcable,/products/mech-series-6a-120w-usb-laddkabel,/products/mech-series-6a-120w-usb-laddcable,YES,YES,Mech Serie 6A 120W USB Snabbladdningskabel,,
product,usb-c-for-usb-b-kabel-1m,usb-c-for-usb-b-cable-1m,/products/usb-c-for-usb-b-kabel-1m,/products/usb-c-for-usb-b-cable-1m,YES,YES,USB-C till USB B-kabel 1m för Skrivare och Enheter,,
product,usb-c-for-usb-a-1m-datakabel,usb-c-for-usb-a-1m-datacable,/products/usb-c-for-usb-a-1m-datakabel,/products/usb-c-for-usb-a-1m-datacable,YES,YES,USB-C till USB-A 1m Datakabel,,
product,oneplus-snabbladdningskabel-usb-for-type-c,oneplus-snabbladdningscable-usb-for-type-c,/products/oneplus-snabbladdningskabel-usb-for-type-c,/products/oneplus-snabbladdningscable-usb-for-type-c,YES,YES,OnePlus Phone Flash Laddning Snabbladdningskabel,,
product,usb-3-1-type-c-kabel-1m,usb-3-1-type-c-cable-1m,/products/usb-3-1-type-c-kabel-1m,/products/usb-3-1-type-c-cable-1m,YES,YES,USB 3.1 Type-C 1m - USB 3.1 Type-C Kabel 1m för Snabbladdning,,
product,2m-micro-usb-kabel-universal,2m-micro-usb-cable-universal,/products/2m-micro-usb-kabel-universal,/products/2m-micro-usb-cable-universal,YES,YES,2m Micro USB-kabel för Många Enheter,,
product,flatad-usb-c-kabel-20cm,flatad-usb-c-cable-20cm,/products/flatad-usb-c-kabel-20cm,/products/flatad-usb-c-cable-20cm,YES,YES,Flätad USB-C Kabel 20cm för Snabb Laddning,,
product,usb-c-vinklad-kabel-25cm,usb-c-vinklad-cable-25cm,/products/usb-c-vinklad-kabel-25cm,/products/usb-c-vinklad-cable-25cm,YES,YES,USB-C Vinklad Kabel 25cm för Optimal Användning,,
product,awei-micro-usb-5a-kabel,awei-micro-usb-5a-cable,/products/awei-micro-usb-5a-kabel,/products/awei-micro-usb-5a-cable,YES,YES,Awei Micro USB 5A Kabel för Snabbladdning,,
product,usb-c-vinklad-kabel-1-2m,usb-c-vinklad-cable-1-2m,/products/usb-c-vinklad-kabel-1-2m,/products/usb-c-vinklad-cable-1-2m,YES,YES,USB-C Vinklad Kabel 1.2m för Optimal Användning,,
product,lenyes-lc701-2m-micro-usb-kabel-snabbladdning,lenyes-lc701-2m-micro-usb-cable-snabbladdning,/products/lenyes-lc701-2m-micro-usb-kabel-snabbladdning,/products/lenyes-lc701-2m-micro-usb-cable-snabbladdning,YES,YES,Lenyes LC701 2m 2.0A Output - Lenyes LC701 2m Micro USB Laddkabel,,
product,remax-micro-usb-kabel-1m,remax-micro-usb-cable-1m,/products/remax-micro-usb-kabel-1m,/products/remax-micro-usb-cable-1m,YES,YES,REMAX Micro USB-kabel 1m för Snabbladdning,,
product,vinklad-usb-c-laddkabel-1m,vinklad-usb-c-laddcable-1m,/products/vinklad-usb-c-laddkabel-1m,/products/vinklad-usb-c-laddcable-1m,YES,YES,Praktisk Vinklad USB-C Laddkabel för Smidig Användning,,
product,remax-usb-micro-usb-1m-snabbladdningskabel,remax-usb-micro-usb-1m-snabbladdningscable,/products/remax-usb-micro-usb-1m-snabbladdningskabel,/products/remax-usb-micro-usb-1m-snabbladdningscable,YES,YES,REMAX USB Micro-USB 1m Snabbladdningskabel,,
product,micro-usb-laddkabel-android-samsung-htc-sony-huawe,micro-usb-laddcable-android-samsung-htc-sony-huawe,/products/micro-usb-laddkabel-android-samsung-htc-sony-huawe,/products/micro-usb-laddcable-android-samsung-htc-sony-huawe,YES,YES,"Samsung, HTC, Sony, Huawei - Micro USB Laddkabel för Android-enheter",,
product,2m-2a-usb-c-for-usb-c-kabel,2m-2a-usb-c-for-usb-c-cable,/products/2m-2a-usb-c-for-usb-c-kabel,/products/2m-2a-usb-c-for-usb-c-cable,YES,YES,2m 2a usb-c / type-c 3.1 - 2m USB-C till USB-C Ladd- och Datakabel,,
product,infallbar-usb-c-kabel-1m-kopparkarna,infallbar-usb-c-cable-1m-kopparkarna,/products/infallbar-usb-c-kabel-1m-kopparkarna,/products/infallbar-usb-c-cable-1m-kopparkarna,YES,YES,1m 2A 110 Copper Core Wires - Infällbar USB-C Laddkabel,,
product,usb-3-0-for-usb-c-adapterkabel-20cm,usb-3-0-for-usb-c-adaptercable-20cm,/products/usb-3-0-for-usb-c-adapterkabel-20cm,/products/usb-3-0-for-usb-c-adaptercable-20cm,YES,YES,USB 3.0 till USB-C Adapterkabel 20cm,,
product,usb-c-forlangningskabel-50cm,usb-c-forlangningscable-50cm,/products/usb-c-forlangningskabel-50cm,/products/usb-c-forlangningscable-50cm,YES,YES,50cm usb-c / type-c 3.1 - 50cm USB-C 3.1 Förlängningskabel,,
product,usb-c-3-1-forlangningskabel-1m,usb-c-3-1-forlangningscable-1m,/products/usb-c-3-1-forlangningskabel-1m,/products/usb-c-3-1-forlangningscable-1m,YES,YES,1m USB-C / Type-C 3.1 Male - 1m USB-C 3.1 Förlängningskabel,,
product,usb-c-type-c-3-1-hane-hona-adapterkabel-20cm,usb-c-type-c-3-1-hane-hona-adaptercable-20cm,/products/usb-c-type-c-3-1-hane-hona-adapterkabel-20cm,/products/usb-c-type-c-3-1-hane-hona-adaptercable-20cm,YES,YES,20cm USB-C / Type-C 3.1 Male - 20cm USB-C / Type-C 3.1 Adapterkabel,,
product,u-formad-micro-usb-laddkabel-nylonflatad,u-formad-micro-usb-laddcable-nylonflatad,/products/u-formad-micro-usb-laddkabel-nylonflatad,/products/u-formad-micro-usb-laddcable-nylonflatad,YES,YES,U-formad Micro USB Laddkabel i Nylonfläta,,
product,20cm-usb-c-kabel-vinklad,20cm-usb-c-cable-vinklad,/products/20cm-usb-c-kabel-vinklad,/products/20cm-usb-c-cable-vinklad,YES,YES,20cm USB-C Kabel Vinklad för Optimal Användning,,
product,usb-c-hona-for-usb-a-adapterkabel-33cm,usb-c-hona-for-usb-a-adaptercable-33cm,/products/usb-c-hona-for-usb-a-adapterkabel-33cm,/products/usb-c-hona-for-usb-a-adaptercable-33cm,YES,YES,USB-C Hona till USB-A Adapterkabel 33cm,,
product,awei-usb-c-kabel-1m,awei-usb-c-cable-1m,/products/awei-usb-c-kabel-1m,/products/awei-usb-c-cable-1m,YES,YES,Awei USB-C kabel 1m - Pålitlig Laddning och Dataöverföring,,
product,ivon-ca92-usb-for-micro-usb-snabbladdningskabel-1,ivon-ca92-usb-for-micro-usb-snabbladdningscable-1,/products/ivon-ca92-usb-for-micro-usb-snabbladdningskabel-1,/products/ivon-ca92-usb-for-micro-usb-snabbladdningscable-1,YES,YES,"IVON CA92 2.4A Max USB to Micro USB Rubber Fast Charging Data Cable, Length: 1.5m, Micro USB",,
product,micro-usb-kabel-mobil,micro-usb-cable-mobil,/products/micro-usb-kabel-mobil,/products/micro-usb-cable-mobil,YES,YES,Micro USB-kabel Mobil för Snabbladdning,,
product,usb-c-laddkabel-1m-flatad-metall,usb-c-laddcable-1m-flatad-metall,/products/usb-c-laddkabel-1m-flatad-metall,/products/usb-c-laddcable-1m-flatad-metall,YES,YES,1M Woven Style Metal Head 108 - Flätad USB-C Laddkabel,,
product,remax-usb-for-usb-c-1m-snabbladdningskabel,remax-usb-for-usb-c-1m-snabbladdningscable,/products/remax-usb-for-usb-c-1m-snabbladdningskabel,/products/remax-usb-for-usb-c-1m-snabbladdningscable,YES,YES,Remax USB till USB-C 1m Snabbladdningskabel,,
product,otg-y-02-usb-2-0-male-for-micro-usb-kabel,otg-y-02-usb-2-0-male-for-micro-usb-cable,/products/otg-y-02-usb-2-0-male-for-micro-usb-kabel,/products/otg-y-02-usb-2-0-male-for-micro-usb-cable,YES,YES,OTG-Y-02 USB 2.0 Male till Micro - OTG-Y-02 USB till Micro USB,,
product,awei-micro-usb-kabel-1m,awei-micro-usb-cable-1m,/products/awei-micro-usb-kabel-1m,/products/awei-micro-usb-cable-1m,YES,YES,Awei Micro USB kabel 1m – Flätad Aluminiumdesign,,
product,flatad-usb-c-kabel-snabb,flatad-usb-c-cable-snabb,/products/flatad-usb-c-kabel-snabb,/products/flatad-usb-c-cable-snabb,YES,YES,Flätad USB-C kabel snabb - Flätad USB-C Kabel för Snabbladdning,,
product,micro-usb-otg-kabel-strombrytare-1-1m,micro-usb-otg-cable-strombrytare-1-1m,/products/micro-usb-otg-kabel-strombrytare-1-1m,/products/micro-usb-otg-cable-strombrytare-1-1m,YES,YES,Micro USB OTG Kabel med Strömbrytare för Android,,
product,vinklad-usb-3-0-hane-micro-usb-kabel-2-pack,vinklad-usb-3-0-hane-micro-usb-cable-2-pack,/products/vinklad-usb-3-0-hane-micro-usb-kabel-2-pack,/products/vinklad-usb-3-0-hane-micro-usb-cable-2-pack,YES,YES,2 PCS USB 3.0 Right Elbow Male - Vinklad USB 3.0 Hane till Micro USB,,
product,micro-usb-3-0-vinklad-adapter-hankontakt,micro-usb-3-0-vinklad-adapter-hancontact,/products/micro-usb-3-0-vinklad-adapter-hankontakt,/products/micro-usb-3-0-vinklad-adapter-hancontact,YES,YES,2 PCS USB 3.0 Upper Elbow Male - 2-pack USB 3.0 Vinklade Hankontakter,,
product,stickad-usb-for-usb-c-laddkabel-50cm,stickad-usb-for-usb-c-laddcable-50cm,/products/stickad-usb-for-usb-c-laddkabel-50cm,/products/stickad-usb-for-usb-c-laddcable-50cm,YES,YES,"Knit Texture USB to USB-C / Type-C Data Sync Charging Cable, Cable Len",,
product,vinklad-micro-usb-kabel-24cm,vinklad-micro-usb-cable-24cm,/products/vinklad-micro-usb-kabel-24cm,/products/vinklad-micro-usb-cable-24cm,YES,YES,24cm usb elbow to micro - Vinklad Micro USB Laddkabel 24cm för Trånga,,
product,usb-c-datakabel-1m,usb-c-datacable-1m,/products/usb-c-datakabel-1m,/products/usb-c-datacable-1m,YES,YES,USB-C Datakabel 1m för Snabbladdning och Data,,
product,micro-usb-laddkabel-1m,micro-usb-laddcable-1m,/products/micro-usb-laddkabel-1m,/products/micro-usb-laddcable-1m,YES,YES,Micro USB Laddkabel 1m för Snabbladdning,,
product,usb-c-datakabel-1-5m,usb-c-datacable-1-5m,/products/usb-c-datakabel-1-5m,/products/usb-c-datacable-1-5m,YES,YES,USB-C Datakabel 1.5m för Snabbladdning och Data,,
product,honor-ac790-usb-c-laddkabel,honor-ac790-usb-c-laddcable,/products/honor-ac790-usb-c-laddkabel,/products/honor-ac790-usb-c-laddcable,YES,YES,Honor AC790 USB-C kabel - Honor AC790 USB-C Ladd- och Datakabel 6A,,
product,usb-c-datakabel-2m-snabbladdning-usb3-0-male,usb-c-datacable-2m-snabbladdning-usb3-0-male,/products/usb-c-datakabel-2m-snabbladdning-usb3-0-male,/products/usb-c-datacable-2m-snabbladdning-usb3-0-male,YES,YES,6a usb3.0 male till usb-c - USB-C Datakabel 2m med 6A Snabbladdning,,
product,usb-c-kabel-0-5m,usb-c-cable-0-5m,/products/usb-c-kabel-0-5m,/products/usb-c-cable-0-5m,YES,YES,USB-C Kabel 0.5m för Snabbladdning och Data,,
product,usb-c-laddkabel-1-5m,usb-c-laddcable-1-5m,/products/usb-c-laddkabel-1-5m,/products/usb-c-laddcable-1-5m,YES,YES,USB-C Laddkabel 1.5m för Snabbladdning,,
product,remax-marlik-usb-c-snabbladdkabel-1m,remax-marlik-usb-c-snabbladdcable-1m,/products/remax-marlik-usb-c-snabbladdkabel-1m,/products/remax-marlik-usb-c-snabbladdcable-1m,YES,YES,REMAX Marlik USB-C Snabbladdkabel för Effektiv Laddning,,
product,usb-c-kabel-1m-snabbladdning-dataoverforing,usb-c-cable-1m-snabbladdning-dataoverforing,/products/usb-c-kabel-1m-snabbladdning-dataoverforing,/products/usb-c-cable-1m-snabbladdning-dataoverforing,YES,YES,USB-C kabel 1m snabb - USB-C Kabel 1m för Snabbladdning,,
product,remax-pd100w-usb-c-kabel-1m-snabbladdning,remax-pd100w-usb-c-cable-1m-snabbladdning,/products/remax-pd100w-usb-c-kabel-1m-snabbladdning,/products/remax-pd100w-usb-c-cable-1m-snabbladdning,YES,YES,REMAX PD100W USB-C Kabel för Snabbladdning,,
product,remax-pd100w-usb-c-1m-laddkabel,remax-pd100w-usb-c-1m-laddcable,/products/remax-pd100w-usb-c-1m-laddkabel,/products/remax-pd100w-usb-c-1m-laddcable,YES,YES,Remax PD100W USB-C 1m Snabbladdningskabel,,
product,1m-3a-flatad-metall-micro-usb-kabel,1m-3a-flatad-metall-micro-usb-cable,/products/1m-3a-flatad-metall-micro-usb-kabel,/products/1m-3a-flatad-metall-micro-usb-cable,YES,YES,1m 3A Woven Style Metal Head - Hållbar 1m 3A Flätad Metall Micro,,
product,remax-pd100w-usb-c-2m-snabbladdningskabel,remax-pd100w-usb-c-2m-snabbladdningscable,/products/remax-pd100w-usb-c-2m-snabbladdningskabel,/products/remax-pd100w-usb-c-2m-snabbladdningscable,YES,YES,Remax PD100W USB-C 2m Snabbladdningskabel,,
product,usb-dc-laddkabel-2-0mm-svart-65cm,usb-dc-laddcable-2-0mm-svart-65cm,/products/usb-dc-laddkabel-2-0mm-svart-65cm,/products/usb-dc-laddcable-2-0mm-svart-65cm,YES,YES,"USB DC-laddkabel 2.0mm, 65cm Svart",,
product,usb-2-5mm-dc-laddkabel-65cm,usb-2-5mm-dc-laddcable-65cm,/products/usb-2-5mm-dc-laddkabel-65cm,/products/usb-2-5mm-dc-laddcable-65cm,YES,YES,USB 2.5mm DC Laddkabel 65cm,,
product,remax-5a-usb-c-kabel-1m,remax-5a-usb-c-cable-1m,/products/remax-5a-usb-c-kabel-1m,/products/remax-5a-usb-c-cable-1m,YES,YES,REMAX 5A USB-C Kabel 1m för Effektiv Snabbladdning,,
product,micro-usb-kabel-1-5m,micro-usb-cable-1-5m,/products/micro-usb-kabel-1-5m,/products/micro-usb-cable-1-5m,YES,YES,Micro USB Kabel 1.5m för Snabbladdning,,
product,remax-suji-pro-usb-for-usb-c-kabel-1m,remax-suji-pro-usb-for-usb-c-cable-1m,/products/remax-suji-pro-usb-for-usb-c-kabel-1m,/products/remax-suji-pro-usb-for-usb-c-cable-1m,YES,YES,REMAX Suji Pro USB till USB-C Laddkabel,,
product,remax-lesu-pro-usb-c-5a-snabbladdningskabel,remax-lesu-pro-usb-c-5a-snabbladdningscable,/products/remax-lesu-pro-usb-c-5a-snabbladdningskabel,/products/remax-lesu-pro-usb-c-5a-snabbladdningscable,YES,YES,REMAX Lesu Pro USB-C 5A Snabbladdningskabel,,
product,remax-rc-162a-armor-series-3a-usb-c-laddkabel,remax-rc-162a-armor-series-3a-usb-c-laddcable,/products/remax-rc-162a-armor-series-3a-usb-c-laddkabel,/products/remax-rc-162a-armor-series-3a-usb-c-laddcable,YES,YES,REMAX RC-162a Armor Serie 3A USB-C Laddkabel,,
product,usb-c-snabbladdkabel-1-5m,usb-c-snabbladdcable-1-5m,/products/usb-c-snabbladdkabel-1-5m,/products/usb-c-snabbladdcable-1-5m,YES,YES,USB-C Snabbladdkabel 1.5m för Effektiv Laddning,,
product,indragbar-micro-usb-kabel-75cm,indragbar-micro-usb-cable-75cm,/products/indragbar-micro-usb-kabel-75cm,/products/indragbar-micro-usb-cable-75cm,YES,YES,Indragbar Micro USB-kabel för Smidig Användning,,
product,micro-usb-adapterkabel-30cm,micro-usb-adaptercable-30cm,/products/micro-usb-adapterkabel-30cm,/products/micro-usb-adaptercable-30cm,YES,YES,Kort Micro USB-adapterkabel 30 cm,,
product,vinklad-mini-usb-a-for-mini-b-adapterkabel-29cm,vinklad-mini-usb-a-for-mini-b-adaptercable-29cm,/products/vinklad-mini-usb-a-for-mini-b-adapterkabel-29cm,/products/vinklad-mini-usb-a-for-mini-b-adaptercable-29cm,YES,YES,90 Degree Mini USB Male to USB - Vinklad Mini USB A till Mini,,
product,usb-c-laddkabel-samsung-1m-33w-6a,usb-c-laddcable-samsung-1m-33w-6a,/products/usb-c-laddkabel-samsung-1m-33w-6a,/products/usb-c-laddcable-samsung-1m-33w-6a,YES,YES,33W 6A USB-C / Type-C Male - 33W 6A USB-C Laddkabel för Snabbladdning,,
product,usb-for-usb-c-22cm-laddkabel,usb-for-usb-c-22cm-laddcable,/products/usb-for-usb-c-22cm-laddkabel,/products/usb-for-usb-c-22cm-laddcable,YES,YES,Kompakt USB till USB-C 22cm Kabel,,
product,vinklad-micro-usb-kabel-29cm-90-grader,vinklad-micro-usb-cable-29cm-90-grader,/products/vinklad-micro-usb-kabel-29cm-90-grader,/products/vinklad-micro-usb-cable-29cm-90-grader,YES,YES,29cm 90 degree angle - Vinklad Micro USB-kabel med 90 Graders Vinkel,,
product,kort-usb-c-datakabel-14cm,kort-usb-c-datacable-14cm,/products/kort-usb-c-datakabel-14cm,/products/kort-usb-c-datacable-14cm,YES,YES,Kort USB-C Datakabel 14cm för Smidig Användning,,
product,micro-usb-3-0-vinklad-datakabel-26cm,micro-usb-3-0-vinklad-datacable-26cm,/products/micro-usb-3-0-vinklad-datakabel-26cm,/products/micro-usb-3-0-vinklad-datacable-26cm,YES,YES,26cm 90 Degree Right Angle USB - Vinklad USB 3.0 Datakabel 26cm,,
product,usb-c-for-usb-c-14cm-snabbladdningskabel-vit,usb-c-for-usb-c-14cm-snabbladdningscable-vit,/products/usb-c-for-usb-c-14cm-snabbladdningskabel-vit,/products/usb-c-for-usb-c-14cm-snabbladdningscable-vit,YES,YES,USB-C till USB-C 14cm Snabbladdningskabel Vit,,
product,micro-usb-laddkabel-1m-android,micro-usb-laddcable-1m-android,/products/micro-usb-laddkabel-1m-android,/products/micro-usb-laddcable-1m-android,YES,YES,Micro USB Laddkabel 1m för Android-enheter,,
product,2m-micro-usb-data-sync-spiralkabel,2m-micro-usb-data-sync-spiralcable,/products/2m-micro-usb-data-sync-spiralkabel,/products/2m-micro-usb-data-sync-spiralcable,YES,YES,2m micro usb data sync - 2m Micro USB Datakabel med Spiraldesign,,
product,micro-usb-kabel-2m-flata,micro-usb-cable-2m-flata,/products/micro-usb-kabel-2m-flata,/products/micro-usb-cable-2m-flata,YES,YES,Flätad Micro USB Kabel 2m för Laddning och Data,,
product,stickad-usb-c-laddkabel-1m-3a,stickad-usb-c-laddcable-1m-3a,/products/stickad-usb-c-laddkabel-1m-3a,/products/stickad-usb-c-laddcable-1m-3a,YES,YES,Stickad USB-C Laddkabel för Snabbladdning och Data,,
product,u-formad-usb-c-laddkabel-nylon,u-formad-usb-c-laddcable-nylon,/products/u-formad-usb-c-laddkabel-nylon,/products/u-formad-usb-c-laddcable-nylon,YES,YES,u-shaped usb-c / type-c - U-formad USB-C Laddkabel i Nylon 1.2m,,
product,2m-micro-usb-datakabel-flatad,2m-micro-usb-datacable-flatad,/products/2m-micro-usb-datakabel-flatad,/products/2m-micro-usb-datacable-flatad,YES,YES,2m micro USB datakabel - 2m Flätad Micro USB Datakabel för Laddning,,
product,1m-usb-for-usb-c-kabel-nylonflatad,1m-usb-for-usb-c-cable-nylonflatad,/products/1m-usb-for-usb-c-kabel-nylonflatad,/products/1m-usb-for-usb-c-cable-nylonflatad,YES,YES,1m USB till USB-C kabel - Nylonflätad 1m USB till USB-C Laddkabel,,
product,usb-c-laddkabel-flatad-2m,usb-c-laddcable-flatad-2m,/products/usb-c-laddkabel-flatad-2m,/products/usb-c-laddcable-flatad-2m,YES,YES,USB-C Laddkabel Flätad 2m med Robust Design,,
product,flatad-usb-for-usb-c-laddkabel-3m-3a-2a-data,flatad-usb-for-usb-c-laddcable-3m-3a-2a-data,/products/flatad-usb-for-usb-c-laddkabel-3m-3a-2a-data,/products/flatad-usb-for-usb-c-laddcable-3m-3a-2a-data,YES,YES,"Knit Texture USB to USB-C / Type-C Data Sync Charging Cable, Cable Len",,
product,25cm-micro-usb-kabel-natstil-metallhuvud,25cm-micro-usb-cable-natstil-metallhuvud,/products/25cm-micro-usb-kabel-natstil-metallhuvud,/products/25cm-micro-usb-cable-natstil-metallhuvud,YES,YES,25cm Net Style Metal Head - 25cm Micro USB Kabel med Metallhuvud,,
product,1m-flatad-micro-usb-kabel-led,1m-flatad-micro-usb-cable-led,/products/1m-flatad-micro-usb-kabel-led,/products/1m-flatad-micro-usb-cable-led,YES,YES,1m Woven Style Micro USB - Flätad Micro USB Kabel 1m med LED-Indikator,,
product,otg-laddkabel-micro-usb-data-charging,otg-laddcable-micro-usb-data-charging,/products/otg-laddkabel-micro-usb-data-charging,/products/otg-laddcable-micro-usb-data-charging,YES,YES,OTG Laddkabel Micro USB för Android-enheter,,
product,huawei-usb-c-laddkabel-5a,huawei-usb-c-laddcable-5a,/products/huawei-usb-c-laddkabel-5a,/products/huawei-usb-c-laddcable-5a,YES,YES,Original Huawei USB-C Laddkabel 5A,,
product,infallbar-usb-kabel-mini-b-data-laddkabel,infallbar-usb-cable-mini-b-data-laddcable,/products/infallbar-usb-kabel-mini-b-data-laddkabel,/products/infallbar-usb-cable-mini-b-data-laddcable,YES,YES,Infällbar USB Kabel med Mini-B Anslutning,,
product,usb-c-laddkabel-1m-nylon,usb-c-laddcable-1m-nylon,/products/usb-c-laddkabel-1m-nylon,/products/usb-c-laddcable-1m-nylon,YES,YES,USB-C Laddkabel 1m Nylon för Effektiv Laddning,,
product,3m-micro-usb-kabel,3m-micro-usb-cable,/products/3m-micro-usb-kabel,/products/3m-micro-usb-cable,YES,YES,3m Micro USB kabel för Smidig Användning,,
product,20-pack-micro-usb-kabel-1m,20-pack-micro-usb-cable-1m,/products/20-pack-micro-usb-kabel-1m,/products/20-pack-micro-usb-cable-1m,YES,YES,20-pack Micro USB Kabel 1m för Laddning och Data,,
product,usb-c-laddkabel-100w-2m,usb-c-laddcable-100w-2m,/products/usb-c-laddkabel-100w-2m,/products/usb-c-laddcable-100w-2m,YES,YES,Kraftfull USB-C Laddkabel 100W 2m för Snabbladdning,,
product,huawei-usb-c-laddkabel-cc800,huawei-usb-c-laddcable-cc800,/products/huawei-usb-c-laddkabel-cc800,/products/huawei-usb-c-laddcable-cc800,YES,YES,Huawei USB-C Laddkabel CC800 för Snabbladdning,,
product,remax-rc-091a-2-4a-usb-for-usb-c-laddkabel,remax-rc-091a-2-4a-usb-for-usb-c-laddcable,/products/remax-rc-091a-2-4a-usb-for-usb-c-laddkabel,/products/remax-rc-091a-2-4a-usb-for-usb-c-laddcable,YES,YES,REMAX RC-091a 2.4A USB - REMAX RC-091a USB till USB-C Laddkabel 2.4A,,
product,micro-usb-spiralkabel-1m,micro-usb-spiralcable-1m,/products/micro-usb-spiralkabel-1m,/products/micro-usb-spiralcable-1m,YES,YES,Micro USB Spiralkabel 1m för Flexibel Användning,,
product,micro-usb-kabel-3m-nylonflatad,micro-usb-cable-3m-nylonflatad,/products/micro-usb-kabel-3m-nylonflatad,/products/micro-usb-cable-3m-nylonflatad,YES,YES,Micro USB-kabel 3m – Slitstark Nylonflätad Design,,
product,mcdodo-usb-c-for-usb-c-kabel-1-5m,mcdodo-usb-c-for-usb-c-cable-1-5m,/products/mcdodo-usb-c-for-usb-c-kabel-1-5m,/products/mcdodo-usb-c-for-usb-c-cable-1-5m,YES,YES,Mcdodo USB-C till USB-C Snabbladdningskabel 1.5m,,
product,micro-usb-laddkabel-snabbl-xj-011,micro-usb-laddcable-snabbl-xj-011,/products/micro-usb-laddkabel-snabbl-xj-011,/products/micro-usb-laddcable-snabbl-xj-011,YES,YES,Micro USB laddkabe snabbl - Micro USB Laddkabel XJ-011,,
product,mcdodo-usb-c-kabel-2m,mcdodo-usb-c-cable-2m,/products/mcdodo-usb-c-kabel-2m,/products/mcdodo-usb-c-cable-2m,YES,YES,Mcdodo USB-C kabel 2m - Mcdodo USB-C Laddkabel 2 Meter,,
product,micro-usb-kabel-2m-snabbladdning-datakabel-xj-012,micro-usb-cable-2m-snabbladdning-datacable-xj-012,/products/micro-usb-kabel-2m-snabbladdning-datakabel-xj-012,/products/micro-usb-cable-2m-snabbladdning-datacable-xj-012,YES,YES,xj-012 3a usb male - XJ-012 3A USB till Micro USB Snabbladdningskabel,,
product,remax-pd65w-usb-c-1m-snabbladdningskabel,remax-pd65w-usb-c-1m-snabbladdningscable,/products/remax-pd65w-usb-c-1m-snabbladdningskabel,/products/remax-pd65w-usb-c-1m-snabbladdningscable,YES,YES,Remax PD65W USB-C 1m Snabbladdningskabel,,
product,remax-rc-128a-100w-type-c-laddkabel-digital-displa,remax-rc-128a-100w-type-c-laddcable-digital-displa,/products/remax-rc-128a-100w-type-c-laddkabel-digital-displa,/products/remax-rc-128a-100w-type-c-laddcable-digital-displa,YES,YES,REMAX RC-128a 100W Type-C Laddkabel med Digital Display,,
product,mcdodo-ca-6431-flying-fish-usb-c-kabel,mcdodo-ca-6431-flying-fish-usb-c-cable,/products/mcdodo-ca-6431-flying-fish-usb-c-kabel,/products/mcdodo-ca-6431-flying-fish-usb-c-cable,YES,YES,Mcdodo CA-6431 Flying Fish USB-C Laddkabel med LED,,
product,adc-009-usb-for-usb-c-type-c-snabbladdningskabel,adc-009-usb-for-usb-c-type-c-snabbladdningscable,/products/adc-009-usb-for-usb-c-type-c-snabbladdningskabel,/products/adc-009-usb-for-usb-c-type-c-snabbladdningscable,YES,YES,ADC-009 USB till USB-C / Type-C - ADC-009 USB till USB-C,,
product,xj-020-micro-usb-laddkabel-1m,xj-020-micro-usb-laddcable-1m,/products/xj-020-micro-usb-laddkabel-1m,/products/xj-020-micro-usb-laddcable-1m,YES,YES,Micro USB Laddkabel 2A XJ-020 för Snabbladdning,,
product,usb-c-kabel-60w-1m,usb-c-cable-60w-1m,/products/usb-c-kabel-60w-1m,/products/usb-c-cable-60w-1m,YES,YES,60W PD USB-C / Type-C Male - 60W USB-C PD Flätad Laddkabel 1 Meter,,
product,vinklad-usb-c-kabel-30cm,vinklad-usb-c-cable-30cm,/products/vinklad-usb-c-kabel-30cm,/products/vinklad-usb-c-cable-30cm,YES,YES,Vinklad USB-C Kabel 30cm för Smidig Användning,,
product,ivon-ca203-60w-pd-usb-c-snabbladdningskabel,ivon-ca203-60w-pd-usb-c-snabbladdningscable,/products/ivon-ca203-60w-pd-usb-c-snabbladdningskabel,/products/ivon-ca203-60w-pd-usb-c-snabbladdningscable,YES,YES,IVON CA203 60W PD USB-C Snabbladdningskabel,,
product,usb-for-usb-c-adapterkabel-1m,usb-for-usb-c-adaptercable-1m,/products/usb-for-usb-c-adapterkabel-1m,/products/usb-for-usb-c-adaptercable-1m,YES,YES,USB till USB-C Adapterkabel 1 Meter,,
product,usb-c-forlangningskabel-hane-hona-1m,usb-c-forlangningscable-hane-hona-1m,/products/usb-c-forlangningskabel-hane-hona-1m,/products/usb-c-forlangningscable-hane-hona-1m,YES,YES,USB-C förlängnings Längd - USB-C Förlängningskabel Hane till Hona,,
product,remax-usb-kabel-1m-micro-usb,remax-usb-cable-1m-micro-usb,/products/remax-usb-kabel-1m-micro-usb,/products/remax-usb-cable-1m-micro-usb,YES,YES,Remax USB-kabel 1m – Tålig Ladd- och Datakabel,,
product,usb-3-0-for-usb-c-kabel-snabbladdning-dataoverfor,usb-3-0-for-usb-c-cable-snabbladdning-dataoverfor,/products/usb-3-0-for-usb-c-kabel-snabbladdning-dataoverfor,/products/usb-3-0-for-usb-c-cable-snabbladdning-dataoverfor,YES,YES,USB 3.0 till USB-C Kabel för Snabbladdning,,
product,flatad-usb-c-laddkabel-1m-5a,flatad-usb-c-laddcable-1m-5a,/products/flatad-usb-c-laddkabel-1m-5a,/products/flatad-usb-c-laddcable-1m-5a,YES,YES,1m 5A Wires Woven USB-C - Flätad USB-C Laddkabel,,
product,usb-c-forlangningskabel-20cm,usb-c-forlangningscable-20cm,/products/usb-c-forlangningskabel-20cm,/products/usb-c-forlangningscable-20cm,YES,YES,Kort USB-C Förlängningskabel 20cm,,
product,remax-2-4a-platinum-pro-typ-c-laddkabel,remax-2-4a-platinum-pro-typ-c-laddcable,/products/remax-2-4a-platinum-pro-typ-c-laddkabel,/products/remax-2-4a-platinum-pro-typ-c-laddcable,YES,YES,Remax 2.4A Platinum Pro Typ-C Laddkabel,,
product,magnetisk-flatad-laddkabel-snabbladdning-3-i-1,magnetisk-flatad-laddcable-snabbladdning-3-i-1,/products/magnetisk-flatad-laddkabel-snabbladdning-3-i-1,/products/magnetisk-flatad-laddcable-snabbladdning-3-i-1,YES,YES,Magnetisk Flätad Laddkabel med 3-i-1 Snabbladdning,,
product,remax-type-c-laddkabel-lesu-pro,remax-type-c-laddcable-lesu-pro,/products/remax-type-c-laddkabel-lesu-pro,/products/remax-type-c-laddcable-lesu-pro,YES,YES,Remax Type-C Laddkabel Lesu Pro-serien,,
product,usb-2-0-for-usb-c-1m-kabel,usb-2-0-for-usb-c-1m-cable,/products/usb-2-0-for-usb-c-1m-kabel,/products/usb-2-0-for-usb-c-1m-cable,YES,YES,USB 2.0 till USB-C 1m - USB 2.0 till USB-C Ladd- och Datakabel 1m,,
product,usb-c-for-micro-b-kabel-30cm,usb-c-for-micro-b-cable-30cm,/products/usb-c-for-micro-b-kabel-30cm,/products/usb-c-for-micro-b-cable-30cm,YES,YES,Kort USB-C till Micro-B Kabel 30cm,,
product,wk-120w-usb-c-snabbladdningskabel-1-2m,wk-120w-usb-c-snabbladdningscable-1-2m,/products/wk-120w-usb-c-snabbladdningskabel-1-2m,/products/wk-120w-usb-c-snabbladdningscable-1-2m,YES,YES,WK 120W USB-C snabbkabel - WK 120W USB-C Snabbladdningskabel för Hög,,
product,micro-usb-spiralkabel-3a-charging,micro-usb-spiralcable-3a-charging,/products/micro-usb-spiralkabel-3a-charging,/products/micro-usb-spiralcable-3a-charging,YES,YES,3A Micro USB Spring Laddning - 3A Micro USB Spiralkabel,,
product,usb-for-micro-usb-laddkabel-kopparkarna,usb-for-micro-usb-laddcable-kopparkarna,/products/usb-for-micro-usb-laddkabel-kopparkarna,/products/usb-for-micro-usb-laddcable-kopparkarna,YES,YES,USB till Micro USB Snabbladdningskabel,,
product,micro-usb-vinklad-1-2m-laddkabel,micro-usb-vinklad-1-2m-laddcable,/products/micro-usb-vinklad-1-2m-laddkabel,/products/micro-usb-vinklad-1-2m-laddcable,YES,YES,Micro USB vinklad 1.2m - Micro USB Vinklad Laddkabel 1.2m med 2.4A,,
product,wk-usb-c-3a-laddkabel-snabbladdning-data,wk-usb-c-3a-laddcable-snabbladdning-data,/products/wk-usb-c-3a-laddkabel-snabbladdning-data,/products/wk-usb-c-3a-laddcable-snabbladdning-data,YES,YES,WK USB-C 3A laddkabel - WK USB-C 3A Snabbladdningskabel,,
product,usb-c-pd-laddkabel-1m,usb-c-pd-laddcable-1m,/products/usb-c-pd-laddkabel-1m,/products/usb-c-pd-laddcable-1m,YES,YES,USB-C PD Laddkabel 1m för Snabbladdning,,
product,joyroom-s-ac027a14-multi-color-usb-c-kabel,joyroom-s-ac027a14-multi-color-usb-c-cable,/products/joyroom-s-ac027a14-multi-color-usb-c-kabel,/products/joyroom-s-ac027a14-multi-color-usb-c-cable,YES,YES,JOYROOM S-AC027A14 Multi-Color USB-C Laddkabel,,
product,joyroom-s-cc100a14-multi-color-usb-c-laddkabel,joyroom-s-cc100a14-multi-color-usb-c-laddcable,/products/joyroom-s-cc100a14-multi-color-usb-c-laddkabel,/products/joyroom-s-cc100a14-multi-color-usb-c-laddcable,YES,YES,JOYROOM S-CC100A14 Multi-Color USB-C Laddkabel,,
product,usb-laddkabel-multi-1m,usb-laddcable-multi-1m,/products/usb-laddkabel-multi-1m,/products/usb-laddcable-multi-1m,YES,YES,5A Beauty Tattoo USB Charging - 5A USB Laddkabel för Skönhets,,
product,usb-c-snabbladdning-5a-kabel-1-5m,usb-c-snabbladdning-5a-cable-1-5m,/products/usb-c-snabbladdning-5a-kabel-1-5m,/products/usb-c-snabbladdning-5a-cable-1-5m,YES,YES,PD 5A USB-C / Type-C Male - PD 5A USB-C Snabbladdningskabel 1.5m,,
product,usams-micro-usb-2m-laddkabel,usams-micro-usb-2m-laddcable,/products/usams-micro-usb-2m-laddkabel,/products/usams-micro-usb-2m-laddcable,YES,YES,USAMS Micro USB 2m - USAMS Micro USB Laddkabel 2m – US-SJ607,,
product,flatad-usb-laddkabel-1m,flatad-usb-laddcable-1m,/products/flatad-usb-laddkabel-1m,/products/flatad-usb-laddcable-1m,YES,YES,Flätad USB Laddkabel 1m för Optimal Laddning,,
product,xj-62-micro-usb-snabbladdare,xj-62-micro-usb-snabbcharger,/products/xj-62-micro-usb-snabbladdare,/products/xj-62-micro-usb-snabbcharger,YES,YES,Micro USB snabbladdare - XJ-62 Micro USB Snabbladdningskabel,,
product,usb-c-snabbladdningskabel-2m-pd-5a,usb-c-snabbladdningscable-2m-pd-5a,/products/usb-c-snabbladdningskabel-2m-pd-5a,/products/usb-c-snabbladdningscable-2m-pd-5a,YES,YES,USB-C Snabbladdningskabel 2 Meter med PD 5A,,
product,usb-c-for-usb-c-kabel-5a-1-8m,usb-c-for-usb-c-cable-5a-1-8m,/products/usb-c-for-usb-c-kabel-5a-1-8m,/products/usb-c-for-usb-c-cable-5a-1-8m,YES,YES,5A USB-C / Type-C Male - 5A USB-C till USB-C Snabbladdningskabel 1.8m,,
product,xiaomi-usb-c-laddkabel-1m,xiaomi-usb-c-laddcable-1m,/products/xiaomi-usb-c-laddkabel-1m,/products/xiaomi-usb-c-laddcable-1m,YES,YES,Xiaomi USB-C Laddkabel 1m för Snabbladdning,,
product,usb-c-spiralkabel-3m,usb-c-spiralcable-3m,/products/usb-c-spiralkabel-3m,/products/usb-c-spiralcable-3m,YES,YES,USB-C Spiralkabel 3m för Snabbladdning,,
product,indragbar-usb-c-kabel-charging-data,indragbar-usb-c-cable-charging-data,/products/indragbar-usb-c-kabel-charging-data,/products/indragbar-usb-c-cable-charging-data,YES,YES,Indragbar USB-C Kabel för Laddning och Data,,
product,micro-usb-hona-for-usb-c-hane-adapterkabel-90-gra,micro-usb-hona-for-usb-c-hane-adaptercable-90-gra,/products/micro-usb-hona-for-usb-c-hane-adapterkabel-90-gra,/products/micro-usb-hona-for-usb-c-hane-adaptercable-90-gra,YES,YES,High Speed Micro USB Female - Micro USB Hona till USB-C Hane,,
product,wk-flatad-laddkabel-1m,wk-flatad-laddcable-1m,/products/wk-flatad-laddkabel-1m,/products/wk-flatad-laddcable-1m,YES,YES,"WK WDC-97 Kingkong Ruike Series Braided Charging Data Cable, Length: 1m, USB to Type-C, USB to 8 Pin, USB to Micro USB",,
product,usb-c-for-micro-usb-kabeladapter-29cm,usb-c-for-micro-usb-cableadapter-29cm,/products/usb-c-for-micro-usb-kabeladapter-29cm,/products/usb-c-for-micro-usb-cableadapter-29cm,YES,YES,USB-C till Micro USB Kabeladapter 29cm,,
product,vinklad-usb-c-kabel-28awg-high-speed,vinklad-usb-c-cable-28awg-high-speed,/products/vinklad-usb-c-kabel-28awg-high-speed,/products/vinklad-usb-c-cable-28awg-high-speed,YES,YES,28awg high speed usb 2.0 - Vinklad USB-C Kabel 2.0 med 28AWG,,
product,usb-c-kabel-flatad-1m-woven-style,usb-c-cable-flatad-1m-woven-style,/products/usb-c-kabel-flatad-1m-woven-style,/products/usb-c-cable-flatad-1m-woven-style,YES,YES,1m Woven Style USB-C / Type-C - Flätad USB-C Laddkabel 1 Meter,,
product,flatad-usb-c-for-usb-3-0-kabel-3m,flatad-usb-c-for-usb-3-0-cable-3m,/products/flatad-usb-c-for-usb-3-0-kabel-3m,/products/flatad-usb-c-for-usb-3-0-cable-3m,YES,YES,3m woven style 2a usb-c - Flätad USB-C till USB 3.0 Laddkabel 3m,,
product,wk-micro-usb-laddkabel-1m,wk-micro-usb-laddcable-1m,/products/wk-micro-usb-laddkabel-1m,/products/wk-micro-usb-laddcable-1m,YES,YES,WK Micro USB Laddkabel 1m för Snabbladdning och Data,,
product,hoco-x121-nuevo-laddkabel-usb-a-for-micro,hoco-x121-nuevo-laddcable-usb-a-for-micro,/products/hoco-x121-nuevo-laddkabel-usb-a-for-micro,/products/hoco-x121-nuevo-laddcable-usb-a-for-micro,YES,YES,hoco X121 Nuevo Charging USB-A - Hoco X121 Nuevo Laddkabel för Micro,,
product,usb-c-for-usb-a-kabel-1m,usb-c-for-usb-a-cable-1m,/products/usb-c-for-usb-a-kabel-1m,/products/usb-c-for-usb-a-cable-1m,YES,YES,USB-C till USB-A kabel 1m för Effektiv Anslutning,,
product,dji-matrice-4t-gimbalfaste-ovre-undre,dji-matrice-4t-gimbalmount-ovre-undre,/products/dji-matrice-4t-gimbalfaste-ovre-undre,/products/dji-matrice-4t-gimbalmount-ovre-undre,YES,YES,DJI Matrice 4T Gimbal Konsol,,
product,1m-usb-c-kabel,1m-usb-c-cable,/products/1m-usb-c-kabel,/products/1m-usb-c-cable,YES,YES,Pålitlig 1m USB-C Kabel för Dina Enheter,,
product,xj-47-usb-c-snabbladdningskabel-1m,xj-47-usb-c-snabbladdningscable-1m,/products/xj-47-usb-c-snabbladdningskabel-1m,/products/xj-47-usb-c-snabbladdningscable-1m,YES,YES,XJ-47 3A USB-C / Type-C - XJ-47 3A USB-C Snabbladdningskabel 1m,,
product,usb-c-kabel-1m,usb-c-cable-1m,/products/usb-c-kabel-1m,/products/usb-c-cable-1m,YES,YES,USB-C Kabel 1m för Snabbladdning och Data,,
product,6a-usb-c-laddkabel-2m,6a-usb-c-laddcable-2m,/products/6a-usb-c-laddkabel-2m,/products/6a-usb-c-laddcable-2m,YES,YES,6A USB-C Laddkabel 2m för Snabbladdning,,
product,usb-c-spiralkabel-1m-charging-data,usb-c-spiralcable-1m-charging-data,/products/usb-c-spiralkabel-1m-charging-data,/products/usb-c-spiralcable-1m-charging-data,YES,YES,1m USB-C / Type-C Male to USB - 1m USB-C Spiralkabel för Laddning,,
product,usb-c-laddkabel-120w-1m,usb-c-laddcable-120w-1m,/products/usb-c-laddkabel-120w-1m,/products/usb-c-laddcable-120w-1m,YES,YES,USB-C Laddkabel 120W 1m för Snabbladdning,,
product,usb-c-kabel-120w-2m,usb-c-cable-120w-2m,/products/usb-c-kabel-120w-2m,/products/usb-c-cable-120w-2m,YES,YES,USB-C Kabel 120W 2m för Kraftfull Snabbladdning,,
product,usb-c-laddkabel-66w-digital-display,usb-c-laddcable-66w-digital-display,/products/usb-c-laddkabel-66w-digital-display,/products/usb-c-laddcable-66w-digital-display,YES,YES,USB-C Laddkabel 66W med Digital Display,,
product,mutural-li-cc002-1-2m-100w-usb-c-laddkabel,mutural-li-cc002-1-2m-100w-usb-c-laddcable,/products/mutural-li-cc002-1-2m-100w-usb-c-laddkabel,/products/mutural-li-cc002-1-2m-100w-usb-c-laddcable,YES,YES,Mutural Li-CC002 1.2m 100W - Mutural Li-CC002 100W USB-C Laddkabel,,
product,mutural-transparent-usb-c-kabel-100w-1-2m,mutural-transparent-usb-c-cable-100w-1-2m,/products/mutural-transparent-usb-c-kabel-100w-1-2m,/products/mutural-transparent-usb-c-cable-100w-1-2m,YES,YES,Transparent USB-C Kabel 100W 1.2m för Snabbladdning,,
product,usb-c-kabel-66w-digital-display,usb-c-cable-66w-digital-display,/products/usb-c-kabel-66w-digital-display,/products/usb-c-cable-66w-digital-display,YES,YES,USB C Kabel 66W med Digital Display för Snabbladdning,,
product,100w-usb-c-flatad-kabel,100w-usb-c-flatad-cable,/products/100w-usb-c-flatad-kabel,/products/100w-usb-c-flatad-cable,YES,YES,100W USB-C Flätad Kabel för Snabbladdning,,
product,240w-usb-c-laddkabel-1m-usb4,240w-usb-c-laddcable-1m-usb4,/products/240w-usb-c-laddkabel-1m-usb4,/products/240w-usb-c-laddcable-1m-usb4,YES,YES,Kraftfull 240W USB-C Laddkabel 1m med USB4.0,,
product,usb-c-laddkabel-100w-pd-flatad,usb-c-laddcable-100w-pd-flatad,/products/usb-c-laddkabel-100w-pd-flatad,/products/usb-c-laddcable-100w-pd-flatad,YES,YES,"PD 100W Type-C to Type-C Fast Charging Nylon Braided Cable, 0.3 m, 0.5 m, 0.8 m, 1 m, 1.2 m",,
product,remax-8-pins-laddkabel-2-4a-barrett-series-1m,remax-8-pins-laddcable-2-4a-barrett-series-1m,/products/remax-8-pins-laddkabel-2-4a-barrett-series-1m,/products/remax-8-pins-laddcable-2-4a-barrett-series-1m,YES,YES,Remax 8-pins Laddkabel 2.4A i Barrett-serien,,
product,baseus-gan2-100w-vinklad-usb-c-laddkabel,baseus-gan2-100w-vinklad-usb-c-laddcable,/products/baseus-gan2-100w-vinklad-usb-c-laddkabel,/products/baseus-gan2-100w-vinklad-usb-c-laddcable,YES,YES,Baseus GaN2 100W Vinklad USB-C Laddkabel,,
product,remax-utdragbar-8-pin-laddkabel-90cm,remax-utdragbar-8-pin-laddcable-90cm,/products/remax-utdragbar-8-pin-laddkabel-90cm,/products/remax-utdragbar-8-pin-laddcable-90cm,YES,YES,Remax 8-Pin laddkabel - Remax - Utdragbar Remax 8-Pin laddkabel,,
product,vinklad-usb-c-laddkabel-2m-roterbar,vinklad-usb-c-laddcable-2m-roterbar,/products/vinklad-usb-c-laddkabel-2m-roterbar,/products/vinklad-usb-c-laddcable-2m-roterbar,YES,YES,Vinklad USB-C Laddkabel med Roterbar Anslutning,,
product,usb-c-kabel-100w-pd,usb-c-cable-100w-pd,/products/usb-c-kabel-100w-pd,/products/usb-c-cable-100w-pd,YES,YES,USB-C Kabel 100W PD för Effektiv Snabbladdning,,
product,vinklad-usb-c-kabel-60w-snabbladdning,vinklad-usb-c-cable-60w-snabbladdning,/products/vinklad-usb-c-kabel-60w-snabbladdning,/products/vinklad-usb-c-cable-60w-snabbladdning,YES,YES,60w 3a usb-c / type-c - Vinklad USB-C Kabel 60W för Snabbladdning,,
product,usb-c-flata-laddkablar-4-pack,usb-c-flata-laddcables-4-pack,/products/usb-c-flata-laddkablar-4-pack,/products/usb-c-flata-laddcables-4-pack,YES,YES,4 PCS 2.4A USB-C / Type-C - 4-pack Flätade USB-C Laddkablar 2.4A,,
product,usb-c-vinklad-datakabel,usb-c-vinklad-datacable,/products/usb-c-vinklad-datakabel,/products/usb-c-vinklad-datacable,YES,YES,USB-C Vinklad Datakabel för Flexibel Användning,,
product,usb-c-vinklad-pd-kabel-60w,usb-c-vinklad-pd-cable-60w,/products/usb-c-vinklad-pd-kabel-60w,/products/usb-c-vinklad-pd-cable-60w,YES,YES,60W 3A USB-C / Type-C Male - 60W USB-C Vinklad Snabbladdningskabel,,
product,nylon-usb-c-laddkabel-60w-snabbladdning,nylon-usb-c-laddcable-60w-snabbladdning,/products/nylon-usb-c-laddkabel-60w-snabbladdning,/products/nylon-usb-c-laddcable-60w-snabbladdning,YES,YES,PD 60W USB-C / Type-C to USB-C - PD 60W USB-C Laddkabel,,
product,usb-c-4-0-thunderbolt-datakabel,usb-c-4-0-thunderbolt-datacable,/products/usb-c-4-0-thunderbolt-datakabel,/products/usb-c-4-0-thunderbolt-datacable,YES,YES,USB-C 4.0 Thunderbolt Datakabel med 100W Effekt,,
product,usb-c-forlangningskabel-vinklad-100w,usb-c-forlangningscable-vinklad-100w,/products/usb-c-forlangningskabel-vinklad-100w,/products/usb-c-forlangningscable-vinklad-100w,YES,YES,Vinklad USB-C Förlängningskabel med 100W Stöd,,
product,usb-c-4-0-thunderbolt-kabel,usb-c-4-0-thunderbolt-cable,/products/usb-c-4-0-thunderbolt-kabel,/products/usb-c-4-0-thunderbolt-cable,YES,YES,USB-C 4.0 Thunderbolt Kabel med 100W Laddning,,
product,usb-c-pd-laddkabel-1m-flatad,usb-c-pd-laddcable-1m-flatad,/products/usb-c-pd-laddkabel-1m-flatad,/products/usb-c-pd-laddcable-1m-flatad,YES,YES,ADC-004 USB-C PD Laddkabel – Flätad och Hållbar,,
product,remax-rc-198a-chaining-ii-usb-c-laddkabel,remax-rc-198a-chaining-ii-usb-c-laddcable,/products/remax-rc-198a-chaining-ii-usb-c-laddkabel,/products/remax-rc-198a-chaining-ii-usb-c-laddcable,YES,YES,REMAX RC-198a Chaining II USB-C Laddkabel,,
product,remax-rc-195-lesu-series-pd-65w-usb-c-kabel,remax-rc-195-lesu-series-pd-65w-usb-c-cable,/products/remax-rc-195-lesu-series-pd-65w-usb-c-kabel,/products/remax-rc-195-lesu-series-pd-65w-usb-c-cable,YES,YES,REMAX RC-195 Lesu Serie PD 65W USB-C Kabel,,
product,usb-c-laddkabel-6a-cable,usb-c-laddcable-6a-cable,/products/usb-c-laddkabel-6a-cable,/products/usb-c-laddcable-6a-cable,YES,YES,"ADC-005 6A USB to USB-C / Type-C Weave Fast Charging Data Cable, 1m, 2m",,
product,usb-c-laddkabel-6a,usb-c-laddcable-6a,/products/usb-c-laddkabel-6a,/products/usb-c-laddcable-6a,YES,YES,"ADC-005 6A USB to USB-C / Type-C Weave Fast Charging Data Cable, 0.5m, 3m",,
product,usb-c-vinklad-laddkabel,usb-c-vinklad-laddcable,/products/usb-c-vinklad-laddkabel,/products/usb-c-vinklad-laddcable,YES,YES,USB-C Vinklad Laddkabel för Snabbladdning,,
product,pd-100w-usb-c-kabel,pd-100w-usb-c-cable,/products/pd-100w-usb-c-kabel,/products/pd-100w-usb-c-cable,YES,YES,PD 100W USB-C / Type-C - PD 100W USB-C Laddkabel för Snabbladdning,,
product,vr-link-kabel-oculus-3m-usb-3-2-gen1-type-c,vr-link-cable-oculus-3m-usb-3-2-gen1-type-c,/products/vr-link-kabel-oculus-3m-usb-3-2-gen1-type-c,/products/vr-link-cable-oculus-3m-usb-3-2-gen1-type-c,YES,YES,VR Link Kabel Oculus 3m för Quest 1 & 2,,
product,thunderbolt-4-usb-c-kabel-100w-pd,thunderbolt-4-usb-c-cable-100w-pd,/products/thunderbolt-4-usb-c-kabel-100w-pd,/products/thunderbolt-4-usb-c-cable-100w-pd,YES,YES,Thunderbolt 4 USB-C Kabel med 100W PD,,
product,usb-for-usb-c-koppar-laddkabel,usb-for-usb-c-koppar-laddcable,/products/usb-for-usb-c-koppar-laddkabel,/products/usb-for-usb-c-koppar-laddcable,YES,YES,USB till USB-C Kopparkabel för Snabbladdning,,
product,oculus-quest-vr-link-5m-usb-c-lankabel,oculus-quest-vr-link-5m-usb-c-lancable,/products/oculus-quest-vr-link-5m-usb-c-lankabel,/products/oculus-quest-vr-link-5m-usb-c-lancable,YES,YES,Oculus Quest VR Link 5m – Vinklad USB-C Länkabel,,
product,awei-cl-125t-type-c-usb-c-snabbladdningskabel-1m,awei-cl-125t-type-c-usb-c-snabbladdningscable-1m,/products/awei-cl-125t-type-c-usb-c-snabbladdningskabel-1m,/products/awei-cl-125t-type-c-usb-c-snabbladdningscable-1m,YES,YES,awei CL-125T Type-C / USB-C - Awei CL-125T USB-C Snabbladdningskabel,,
product,usb-for-usb-c-kabel-1m,usb-for-usb-c-cable-1m,/products/usb-for-usb-c-kabel-1m,/products/usb-for-usb-c-cable-1m,YES,YES,USB till USB-C Kabel 1m för Snabbladdning,,
product,awei-usb-c-kabel-1m-5a,awei-usb-c-cable-1m-5a,/products/awei-usb-c-kabel-1m-5a,/products/awei-usb-c-cable-1m-5a,YES,YES,Awei USB-C Kabel: Snabb Laddning för Din Enhet,,
product,usb-c-spiralkabel-3a,usb-c-spiralcable-3a,/products/usb-c-spiralkabel-3a,/products/usb-c-spiralcable-3a,YES,YES,3A Type-C / USB-C Spring - Flexibel 3A USB-C Spiralkabel för Laddning,,
product,thunderbolt-3-usb-c-kabel,thunderbolt-3-usb-c-cable,/products/thunderbolt-3-usb-c-kabel,/products/thunderbolt-3-usb-c-cable,YES,YES,Thunderbolt 3 USB-C Kabel för Snabb Data & Laddning,,
product,joyroom-s-uc027a12-usb-a-for-usb-c-laddkabel,joyroom-s-uc027a12-usb-a-for-usb-c-laddcable,/products/joyroom-s-uc027a12-usb-a-for-usb-c-laddkabel,/products/joyroom-s-uc027a12-usb-a-for-usb-c-laddcable,YES,YES,JOYROOM S-UC027A12 USB-A till USB-C Laddkabel,,
product,usb-c-kabel-pd240w-snabbladdning-data,usb-c-cable-pd240w-snabbladdning-data,/products/usb-c-kabel-pd240w-snabbladdning-data,/products/usb-c-cable-pd240w-snabbladdning-data,YES,YES,PD240W USB-C / Type-C - PD240W USB-C Kabel för Snabbladdning,,
product,usb-c-for-lightning-laddkabel-vinklad,usb-c-for-lightning-laddcable-vinklad,/products/usb-c-for-lightning-laddkabel-vinklad,/products/usb-c-for-lightning-laddcable-vinklad,YES,YES,3A USB-C/Type-C to 8 Pin - 3A USB-C till Lightning Laddkabel,,
product,usb4-kabel-pd240w-40gbps-snabbladdning-data,usb4-cable-pd240w-40gbps-snabbladdning-data,/products/usb4-kabel-pd240w-40gbps-snabbladdning-data,/products/usb4-cable-pd240w-40gbps-snabbladdning-data,YES,YES,PD240W 40Gbps USB4 Fast - USB4 Kabel PD240W 40Gbps för Snabbladdning,,
product,usb-c-vinklad-snabbladdningskabel-3a,usb-c-vinklad-snabbladdningscable-3a,/products/usb-c-vinklad-snabbladdningskabel-3a,/products/usb-c-vinklad-snabbladdningscable-3a,YES,YES,Vinklad 3A USB-C/Type-C Snabbladdningskabel,,
product,usb-for-usb-c-fpc-kabel,usb-for-usb-c-fpc-cable,/products/usb-for-usb-c-fpc-kabel,/products/usb-for-usb-c-fpc-cable,YES,YES,Flexibel USB till USB-C FPC Kabel med 100W Stöd,,
product,100w-usb-c-laddkabel,100w-usb-c-laddcable,/products/100w-usb-c-laddkabel,/products/100w-usb-c-laddcable,YES,YES,Kraftfull 100W USB-C Laddkabel för Snabbladdning,,
product,usb-c-for-usb-c-fpc-kabel-100w,usb-c-for-usb-c-fpc-cable-100w,/products/usb-c-for-usb-c-fpc-kabel-100w,/products/usb-c-for-usb-c-fpc-cable-100w,YES,YES,Flexibel USB-C till USB-C FPC Datakabel 100W,,
product,usb-c-kabel-40gbps,usb-c-cable-40gbps,/products/usb-c-kabel-40gbps,/products/usb-c-cable-40gbps,YES,YES,USB-C Kabel 40Gbps för Höghastighetsdata och Laddning,,
product,usb-c-fpc-kabel-100w,usb-c-fpc-cable-100w,/products/usb-c-fpc-kabel-100w,/products/usb-c-fpc-cable-100w,YES,YES,USB-C FPC Kabel 100W för Snabb Data och Laddning,,
product,usb-c-fpc-kabel-100w-male,usb-c-fpc-cable-100w-male,/products/usb-c-fpc-kabel-100w-male,/products/usb-c-fpc-cable-100w-male,YES,YES,USB-C FPC Kabel 100W Male med 40Gbps Dataöverföring,,
product,dual-type-c-interface-snabbladdning-datakabel,dual-type-c-interface-snabbladdning-datacable,/products/dual-type-c-interface-snabbladdning-datakabel,/products/dual-type-c-interface-snabbladdning-datacable,YES,YES,dual type-c interface - Dual Type-C Kabel för Snabbladdning,,
product,oneplus-9-snabbladdningskabel-65w-6a-double-type-c,oneplus-9-snabbladdningscable-65w-6a-double-type-c,/products/oneplus-9-snabbladdningskabel-65w-6a-double-type-c,/products/oneplus-9-snabbladdningscable-65w-6a-double-type-c,YES,YES,OnePlus 9 Fast Charging Cable - OnePlus 9 Snabbladdningskabel 65W,,
product,thunderbolt-4-kabel-100w,thunderbolt-4-cable-100w,/products/thunderbolt-4-kabel-100w,/products/thunderbolt-4-cable-100w,YES,YES,Thunderbolt 4 Kabel 100W för USB-C Enheter,,
product,usams-pd100w-usb-c-laddkabel,usams-pd100w-usb-c-laddcable,/products/usams-pd100w-usb-c-laddkabel,/products/usams-pd100w-usb-c-laddcable,YES,YES,USAMS PD100W USB-C Snabbladdningskabel för Type-C,,
product,usb-c-laddkabel-240w-snabb-pd,usb-c-laddcable-240w-snabb-pd,/products/usb-c-laddkabel-240w-snabb-pd,/products/usb-c-laddcable-240w-snabb-pd,YES,YES,USB-C Laddkabel 240W för Snabbladdning,,
product,a9-100w-usb-c-datakabel-double-vinkel,a9-100w-usb-c-datacable-double-vinkel,/products/a9-100w-usb-c-datakabel-double-vinkel,/products/a9-100w-usb-c-datacable-double-vinkel,YES,YES,A9 100W USB-C/Type-C - A9 100W USB-C Laddkabel med Dubbla Vinklar,,
product,usb-c-silikondatakabel,usb-c-siliconedatacable,/products/usb-c-silikondatakabel,/products/usb-c-siliconedatacable,YES,YES,USB-C Silikondatakabel för Snabbladdning,,
product,usams-usb-for-type-c-3a-laddkabel,usams-usb-for-type-c-3a-laddcable,/products/usams-usb-for-type-c-3a-laddkabel,/products/usams-usb-for-type-c-3a-laddcable,YES,YES,USAMS USB till Type-C 3A Laddkabel för Snabbladdning,,
product,mech-series-120w-usb-c-laddkabel,mech-series-120w-usb-c-laddcable,/products/mech-series-120w-usb-c-laddkabel,/products/mech-series-120w-usb-c-laddcable,YES,YES,Mech Serie 120W USB-C Snabbladdningskabel,,
product,joyroom-s-uc027a10-usb-c-snabbladdningskabel,joyroom-s-uc027a10-usb-c-snabbladdningscable,/products/joyroom-s-uc027a10-usb-c-snabbladdningskabel,/products/joyroom-s-uc027a10-usb-c-snabbladdningscable,YES,YES,JOYROOM S-UC027A10 Snabbladdningskabel USB-C,,
product,joyroom-s-cc100a10-usb-c-snabbladdningskabel-100w,joyroom-s-cc100a10-usb-c-snabbladdningscable-100w,/products/joyroom-s-cc100a10-usb-c-snabbladdningskabel-100w,/products/joyroom-s-cc100a10-usb-c-snabbladdningscable-100w,YES,YES,JOYROOM S-CC100A10 Snabbladdningskabel 100W,,
product,enkay-hat-prince-vinklad-usb-c-laddkabel,enkay-hat-prince-vinklad-usb-c-laddcable,/products/enkay-hat-prince-vinklad-usb-c-laddkabel,/products/enkay-hat-prince-vinklad-usb-c-laddcable,YES,YES,ENKAY Hat-Prince ENK-CB109 5A - ENKAY Hat-Prince Vinklad USB-C,,
product,usb-c-100w-laddkabel,usb-c-100w-laddcable,/products/usb-c-100w-laddkabel,/products/usb-c-100w-laddcable,YES,YES,ENKAY USB-C 100W Laddkabel för Snabbladdning,,
product,enkay-pd100w-5a-usb-c-vinklad-snabbladdningskabel,enkay-pd100w-5a-usb-c-vinklad-snabbladdningscable,/products/enkay-pd100w-5a-usb-c-vinklad-snabbladdningskabel,/products/enkay-pd100w-5a-usb-c-vinklad-snabbladdningscable,YES,YES,ENKAY PD100W 5A USB-C / Type-C - Vinklad ENKAY PD100W 5A USB-C,,
product,enkaj-6a-usb-c-laddkabel-66w,enkaj-6a-usb-c-laddcable-66w,/products/enkaj-6a-usb-c-laddkabel-66w,/products/enkaj-6a-usb-c-laddcable-66w,YES,YES,ENKAY 6A USB-C Laddkabel för Snabbladdning,,
product,enk-usb-c-laddkabel-1m-usb-3-0,enk-usb-c-laddcable-1m-usb-3-0,/products/enk-usb-c-laddkabel-1m-usb-3-0,/products/enk-usb-c-laddcable-1m-usb-3-0,YES,YES,ENKAY USB-C Laddkabel 1m för Snabbladdning,,
product,enkay-enk-cb129-pd-65w-type-c-laddkabel,enkay-enk-cb129-pd-65w-type-c-laddcable,/products/enkay-enk-cb129-pd-65w-type-c-laddkabel,/products/enkay-enk-cb129-pd-65w-type-c-laddcable,YES,YES,ENKAY ENK-CB129 PD 65W Type-C Snabbladdningskabel,,
product,oppo-usb-c-snabbladdare-xj-63-laddkabel,oppo-usb-c-snabbcharger-xj-63-laddcable,/products/oppo-usb-c-snabbladdare-xj-63-laddkabel,/products/oppo-usb-c-snabbcharger-xj-63-laddcable,YES,YES,OPPO USB-C Snabbladdare XJ-63 Laddkabel,,
product,20w-usb-c-reseladdare,20w-usb-c-resecharger,/products/20w-usb-c-reseladdare,/products/20w-usb-c-resecharger,YES,YES,Effektiv 20W USB-C Reseladdare med PD och QC 3.0,,
product,xj-69-usb-c-laddkabel-tpu-1m-3a-charging,xj-69-usb-c-laddcable-tpu-1m-3a-charging,/products/xj-69-usb-c-laddkabel-tpu-1m-3a-charging,/products/xj-69-usb-c-laddcable-tpu-1m-3a-charging,YES,YES,USB-C Laddkabel TPU 1m med 3A Snabbladdning,,
product,usb-c-snabbladdkabel-5a,usb-c-snabbladdcable-5a,/products/usb-c-snabbladdkabel-5a,/products/usb-c-snabbladdcable-5a,YES,YES,USB-C Snabbladdkabel 5A för Effektiv Laddning,,
product,120w-usb-c-snabbladdkabel,120w-usb-c-snabbladdcable,/products/120w-usb-c-snabbladdkabel,/products/120w-usb-c-snabbladdcable,YES,YES,XJ-91 120W USB-C Snabbladdkabel för Högpresterande Enheter,,
product,usb-c-laddkabel-45w-xj-70,usb-c-laddcable-45w-xj-70,/products/usb-c-laddkabel-45w-xj-70,/products/usb-c-laddcable-45w-xj-70,YES,YES,USB-C Laddkabel 45W XJ-70 för Snabbladdning,,
product,usb-c-kabel-5-pack-xj-69-tpu,usb-c-cable-5-pack-xj-69-tpu,/products/usb-c-kabel-5-pack-xj-69-tpu,/products/usb-c-cable-5-pack-xj-69-tpu,YES,YES,USB-C Kabel 5-pack XJ-69 – Hållbara Laddkablar,,
product,usb-c-laddkabel-65w,usb-c-laddcable-65w,/products/usb-c-laddkabel-65w,/products/usb-c-laddcable-65w,YES,YES,Pålitlig USB-C laddkabel 65W för alla dina enheter,,
product,joyroom-sa26-cc3-snabbladdningskabel-usb-c-60w,joyroom-sa26-cc3-snabbladdningscable-usb-c-60w,/products/joyroom-sa26-cc3-snabbladdningskabel-usb-c-60w,/products/joyroom-sa26-cc3-snabbladdningscable-usb-c-60w,YES,YES,JOYROOM SA26-CC3 Flash Charge - JOYROOM SA26-CC3 USB-C,,
product,smart-usb-c-laddkabel-automatisk-avstangning,smart-usb-c-laddcable-automatisk-avstangning,/products/smart-usb-c-laddkabel-automatisk-avstangning,/products/smart-usb-c-laddcable-automatisk-avstangning,YES,YES,Smart USB-C Laddkabel med Automatisk Avstängning,,
product,hoco-x96-hyper-27w-usb-for-usb-c-laddningskabel,hoco-x96-hyper-27w-usb-for-usb-c-laddningscable,/products/hoco-x96-hyper-27w-usb-for-usb-c-laddningskabel,/products/hoco-x96-hyper-27w-usb-for-usb-c-laddningscable,YES,YES,"hoco X96 Hyper 27W USB to USB-C / Type-C Charging Data Cable, 27W USB",,
product,usb-c-laddkabel-60w-1m,usb-c-laddcable-60w-1m,/products/usb-c-laddkabel-60w-1m,/products/usb-c-laddcable-60w-1m,YES,YES,60W USB-C/Type-C - 60W USB-C Laddkabel för Snabbladdning,,
product,xj-98-usb-c-laddkabel-35w,xj-98-usb-c-laddcable-35w,/products/xj-98-usb-c-laddkabel-35w,/products/xj-98-usb-c-laddcable-35w,YES,YES,XJ-98 USB-C Laddkabel 35W för Effektiv Laddning,,
product,1m-usb-c-for-usb-c-flatad-laddkabel,1m-usb-c-for-usb-c-flatad-laddcable,/products/1m-usb-c-for-usb-c-flatad-laddkabel,/products/1m-usb-c-for-usb-c-flatad-laddcable,YES,YES,1m USB-C / Type-C to Type-C - 1m USB-C till USB-C Flätad Laddkabel,,
product,xj-98-35w-usb-c-snabbladdningskabel-2-pack,xj-98-35w-usb-c-snabbladdningscable-2-pack,/products/xj-98-35w-usb-c-snabbladdningskabel-2-pack,/products/xj-98-35w-usb-c-snabbladdningscable-2-pack,YES,YES,XJ-98 2pcs 1m 35W USB-C - XJ-98 35W USB-C Snabbladdningskabel 2-pack,,
product,usb-c-kabel-60w-2-pack-1m-xj-99,usb-c-cable-60w-2-pack-1m-xj-99,/products/usb-c-kabel-60w-2-pack-1m-xj-99,/products/usb-c-cable-60w-2-pack-1m-xj-99,YES,YES,USB-C kabel 60W 2-pack för Snabbladdning,,
product,enkay-roterande-usb-c-kabel,enkay-roterande-usb-c-cable,/products/enkay-roterande-usb-c-kabel,/products/enkay-roterande-usb-c-cable,YES,YES,ENKAY Roterande USB-C Kabel med LED-Indikator,,
product,xj-97-usb-c-laddkabel-60w,xj-97-usb-c-laddcable-60w,/products/xj-97-usb-c-laddkabel-60w,/products/xj-97-usb-c-laddcable-60w,YES,YES,XJ-97 USB-C Laddkabel 60W för Snabbladdning,,
product,joyroom-sa32-cc3-starry-serie-60w-usb-c-laddkabel,joyroom-sa32-cc3-starry-series-60w-usb-c-laddcable,/products/joyroom-sa32-cc3-starry-serie-60w-usb-c-laddkabel,/products/joyroom-sa32-cc3-starry-series-60w-usb-c-laddcable,YES,YES,JOYROOM SA32-CC3 Starry Serie USB-C Laddkabel,,
product,usams-usb-c-laddkabel-100w-led,usams-usb-c-laddcable-100w-led,/products/usams-usb-c-laddkabel-100w-led,/products/usams-usb-c-laddcable-100w-led,YES,YES,USAMS USB-C Laddkabel 100W med LED-Indikator,,
product,wk-raython-6a-usb-c-snabbladdningskabel-1m,wk-raython-6a-usb-c-snabbladdningscable-1m,/products/wk-raython-6a-usb-c-snabbladdningskabel-1m,/products/wk-raython-6a-usb-c-snabbladdningscable-1m,YES,YES,WK Raython 6A USB-C Snabbladdningskabel 1m,,
product,wk-pd65w-type-c-kabel-snabbladdning,wk-pd65w-type-c-cable-snabbladdning,/products/wk-pd65w-type-c-kabel-snabbladdning,/products/wk-pd65w-type-c-cable-snabbladdning,YES,YES,WK PD65W Type-C Kabel för Snabbladdning,,
product,usams-60w-type-c-laddkabel-1-2m,usams-60w-type-c-laddcable-1-2m,/products/usams-60w-type-c-laddkabel-1-2m,/products/usams-60w-type-c-laddcable-1-2m,YES,YES,USAMS 60W Type-C 1.2m - USAMS 60W Type-C Snabbladdningskabel 1.2m,,
product,usb-c-kabel-66w-display,usb-c-cable-66w-display,/products/usb-c-kabel-66w-display,/products/usb-c-cable-66w-display,YES,YES,USB-C kabel 66W display - USB-C Kabel 66W med Digital Display,,
product,wk-silikon-pd65w-usb-c-laddkabel,wk-silicone-pd65w-usb-c-laddcable,/products/wk-silikon-pd65w-usb-c-laddkabel,/products/wk-silicone-pd65w-usb-c-laddcable,YES,YES,WK Silikon PD65W USB-C Snabbladdningskabel,,
product,wk-origin-120w-usb-c-snabbladdningskabel,wk-origin-120w-usb-c-snabbladdningscable,/products/wk-origin-120w-usb-c-snabbladdningskabel,/products/wk-origin-120w-usb-c-snabbladdningscable,YES,YES,WK Origin 120W USB-C Snabbladdningskabel,,
product,baseus-supreme-charger-usb-c-snabbladdningskabel-1,baseus-supreme-charger-usb-c-snabbladdningscable-1,/products/baseus-supreme-charger-usb-c-snabbladdningskabel-1,/products/baseus-supreme-charger-usb-c-snabbladdningscable-1,YES,YES,Baseus Supreme Laddare för Snabbladdning USB-C,,
product,joyroom-s-a53-fluorescerande-usb-c-laddkabel-60w,joyroom-s-a53-fluorescerande-usb-c-laddcable-60w,/products/joyroom-s-a53-fluorescerande-usb-c-laddkabel-60w,/products/joyroom-s-a53-fluorescerande-usb-c-laddcable-60w,YES,YES,JOYROOM S-A53 Fluorescent - JOYROOM S-A53 Fluorescerande USB-C,,
product,usams-sj750-100w-usb-c-snabbladdningskabel,usams-sj750-100w-usb-c-snabbladdningscable,/products/usams-sj750-100w-usb-c-snabbladdningskabel,/products/usams-sj750-100w-usb-c-snabbladdningscable,YES,YES,USAMS SJ750 100W Type-C - USAMS SJ750 100W USB-C Snabbladdningskabel,,
product,awei-usb-c-240w-kabel-2m,awei-usb-c-240w-cable-2m,/products/awei-usb-c-240w-kabel-2m,/products/awei-usb-c-240w-cable-2m,YES,YES,Awei USB-C 240W Kabel 2m för Hög Effekt,,
product,awei-usb-c-100w-kabel,awei-usb-c-100w-cable,/products/awei-usb-c-100w-kabel,/products/awei-usb-c-100w-cable,YES,YES,Awei USB-C 100W Kabel för Effektiv Laddning,,
product,yesido-ca129c-usb-c-1-2m-laddningskabel,yesido-ca129c-usb-c-1-2m-laddningscable,/products/yesido-ca129c-usb-c-1-2m-laddningskabel,/products/yesido-ca129c-usb-c-1-2m-laddningscable,YES,YES,Yesido CA129C USB-C 1.2m Laddningskabel,,
product,yesido-ca181-pd60w-usb-c-snabbladdningskabel,yesido-ca181-pd60w-usb-c-snabbladdningscable,/products/yesido-ca181-pd60w-usb-c-snabbladdningskabel,/products/yesido-ca181-pd60w-usb-c-snabbladdningscable,YES,YES,Yesido CA181 PD60W USB-C Snabbladdningskabel,,
product,240w-usb-c-thunderbolt-5-kabel,240w-usb-c-thunderbolt-5-cable,/products/240w-usb-c-thunderbolt-5-kabel,/products/240w-usb-c-thunderbolt-5-cable,YES,YES,240W USB-C Thunderbolt 5 Höghastighetskabel,,
product,yesido-usb-c-laddkabel-3a-snabbladdning,yesido-usb-c-laddcable-3a-snabbladdning,/products/yesido-usb-c-laddkabel-3a-snabbladdning,/products/yesido-usb-c-laddcable-3a-snabbladdning,YES,YES,"Yesido 3A USB to Type-C Fast Charging Cable, 0.3m, 1.2m, 2m, 3m",,
product,momax-dc36-100w-usb-c-magnetisk-flatad-datakabel-2,momax-dc36-100w-usb-c-magnetisk-flatad-datacable-2,/products/momax-dc36-100w-usb-c-magnetisk-flatad-datakabel-2,/products/momax-dc36-100w-usb-c-magnetisk-flatad-datacable-2,YES,YES,MOMAX DC36 100W USB-C / Type-C - MOMAX DC36 100W USB-C Magnetisk,,
product,usb-c-magnetkabel-100w-1m,usb-c-magnetcable-100w-1m,/products/usb-c-magnetkabel-100w-1m,/products/usb-c-magnetcable-100w-1m,YES,YES,USB-C Magnetkabel 100W 1m för Effektiv Laddning,,
product,momax-magnetisk-usb-c-kabel-66w-1m,momax-magnetisk-usb-c-cable-66w-1m,/products/momax-magnetisk-usb-c-kabel-66w-1m,/products/momax-magnetisk-usb-c-cable-66w-1m,YES,YES,Magnetisk USB-C kabel - MOMAX Magnetisk USB-C Laddkabel 66W,,
product,yesido-ca135c-zinkkabel-usb-c-snabbladdningskabel,yesido-ca135c-zinkcable-usb-c-snabbladdningscable,/products/yesido-ca135c-zinkkabel-usb-c-snabbladdningskabel,/products/yesido-ca135c-zinkcable-usb-c-snabbladdningscable,YES,YES,Yesido CA135C Zinkkabel för Snabbladdning,,
product,momax-magnetisk-usb-c-laddkabel-dc60,momax-magnetisk-usb-c-laddcable-dc60,/products/momax-magnetisk-usb-c-laddkabel-dc60,/products/momax-magnetisk-usb-c-laddcable-dc60,YES,YES,Momax Magnetisk USB-C Snabbladdningskabel 60W,,
product,usams-sj751-240w-type-c-laddkabel-ljus,usams-sj751-240w-type-c-laddcable-ljus,/products/usams-sj751-240w-type-c-laddkabel-ljus,/products/usams-sj751-240w-type-c-laddcable-ljus,YES,YES,USAMS SJ751 240W Type-C Laddkabel med Ljus,,
product,momax-240w-usb-c-magnetisk-laddkabel,momax-240w-usb-c-magnetisk-laddcable,/products/momax-240w-usb-c-magnetisk-laddkabel,/products/momax-240w-usb-c-magnetisk-laddcable,YES,YES,Momax 240W USB-C Kabel för Snabbladdning,,
product,usams-usb-c-kabel-60w-aluminium-1-2m,usams-usb-c-cable-60w-aluminium-1-2m,/products/usams-usb-c-kabel-60w-aluminium-1-2m,/products/usams-usb-c-cable-60w-aluminium-1-2m,YES,YES,USB-C kabel 60W USAMS med Färgglad Belysning,,
product,usb-c-kabel-100w-1-8m,usb-c-cable-100w-1-8m,/products/usb-c-kabel-100w-1-8m,/products/usb-c-cable-100w-1-8m,YES,YES,USB-C Kabel 100W 1.8m för Snabbladdning,,
product,usams-usb-c-for-usb-c-60w-kabel,usams-usb-c-for-usb-c-60w-cable,/products/usams-usb-c-for-usb-c-60w-kabel,/products/usams-usb-c-for-usb-c-60w-cable,YES,YES,USAMS USB-C till USB-C Snabbladdningskabel 60W,,
product,momax-mag-link-magnetisk-60w-usb-c-kabel-dc61-2m,momax-mag-link-magnetisk-60w-usb-c-cable-dc61-2m,/products/momax-mag-link-magnetisk-60w-usb-c-kabel-dc61-2m,/products/momax-mag-link-magnetisk-60w-usb-c-cable-dc61-2m,YES,YES,Momax 60W USB-C - Momax - Momax 60W USB-C Magnetisk Laddkabel 2 Meter,,
product,wk-usb-for-usb-c-1-2m-snabbladdningskabel,wk-usb-for-usb-c-1-2m-snabbladdningscable,/products/wk-usb-for-usb-c-1-2m-snabbladdningskabel,/products/wk-usb-for-usb-c-1-2m-snabbladdningscable,YES,YES,WK USB till USB-C 1.2m Snabbladdningskabel,,
product,wk-wdc-64-pd-65w-usb-c-laddkabel,wk-wdc-64-pd-65w-usb-c-laddcable,/products/wk-wdc-64-pd-65w-usb-c-laddkabel,/products/wk-wdc-64-pd-65w-usb-c-laddcable,YES,YES,PD 65W USB-C Laddkabel WK WDC-64 för Snabbladdning,,
product,wk-wdc-74-65w-usb-c-laddningskabel,wk-wdc-74-65w-usb-c-laddningscable,/products/wk-wdc-74-65w-usb-c-laddningskabel,/products/wk-wdc-74-65w-usb-c-laddningscable,YES,YES,65W USB-C laddningskabel - WK WDC-74 65W USB-C Snabbladdningskabel,,
product,wk-usb-c-silikonkabel-1m,wk-usb-c-siliconecable-1m,/products/wk-usb-c-silikonkabel-1m,/products/wk-usb-c-siliconecable-1m,YES,YES,WK USB-C Silikonkabel 1m för Snabbladdning,,
product,usb-c-for-usb-c-kabel-wdc-silikon-1-2m,usb-c-for-usb-c-cable-wdc-silicone-1-2m,/products/usb-c-for-usb-c-kabel-wdc-silikon-1-2m,/products/usb-c-for-usb-c-cable-wdc-silicone-1-2m,YES,YES,USB-C till USB-C Kabe wdc - USB-C till USB-C Silikon Laddkabel 1.2m,,
product,usb-c-snabbladdningskabel-65w-with-telefonhalsrem-w,usb-c-snabbladdningscable-65w-with-telefonhalsrem-w,/products/usb-c-snabbladdningskabel-65w-with-telefonhalsrem-w,/products/usb-c-snabbladdningscable-65w-with-telefonhalsrem-w,YES,YES,USB-C snabbkabel 65W - USB-C Snabbladdningskabel 65W med Halsrem,,
product,qgeem-usb4-kabel-1m-digital-display,qgeem-usb4-cable-1m-digital-display,/products/qgeem-usb4-kabel-1m-digital-display,/products/qgeem-usb4-cable-1m-digital-display,YES,YES,QGeeM USB4 Kabel 1m med Digital Display,,
product,joyroom-usb-c-66w-display-laddkabel,joyroom-usb-c-66w-display-laddcable,/products/joyroom-usb-c-66w-display-laddkabel,/products/joyroom-usb-c-66w-display-laddcable,YES,YES,JOYROOM USB-C 66W display - JOYROOM USB-C 66W Laddkabel med Digital,,
product,joyroom-usb-c-100w-snabbladdningskabel,joyroom-usb-c-100w-snabbladdningscable,/products/joyroom-usb-c-100w-snabbladdningskabel,/products/joyroom-usb-c-100w-snabbladdningscable,YES,YES,JOYROOM USB-C 100W Snabbladdningskabel med Display,,
product,yesido-ca92-100w-double-usb-c-laddkabel,yesido-ca92-100w-double-usb-c-laddcable,/products/yesido-ca92-100w-double-usb-c-laddkabel,/products/yesido-ca92-100w-double-usb-c-laddcable,YES,YES,Yesido CA92 100W Dubbel USB-C Snabbladdningskabel,,
product,wk-usb-for-usb-c-kabel-66w-pvc,wk-usb-for-usb-c-cable-66w-pvc,/products/wk-usb-for-usb-c-kabel-66w-pvc,/products/wk-usb-for-usb-c-cable-66w-pvc,YES,YES,"WK WDC-67a Kinkong 1m 66W PVC Data Cable, USB to Type-C",,
product,yesido-66w-led-usb-c-laddkabel,yesido-66w-led-usb-c-laddcable,/products/yesido-66w-led-usb-c-laddkabel,/products/yesido-66w-led-usb-c-laddcable,YES,YES,Yesido 66W LED USB-C Snabbladdningskabel,,
product,usb-c-kabel-65w-flatad-kingkong-ruike,usb-c-cable-65w-flatad-kingkong-ruike,/products/usb-c-kabel-65w-flatad-kingkong-ruike,/products/usb-c-cable-65w-flatad-kingkong-ruike,YES,YES,Hållbar USB-C Kabel 65W Flätad för Snabbladdning,,
product,joyroom-usb-c-vinklad-90-grader-laddkabel,joyroom-usb-c-vinklad-90-grader-laddcable,/products/joyroom-usb-c-vinklad-90-grader-laddkabel,/products/joyroom-usb-c-vinklad-90-grader-laddcable,YES,YES,JOYROOM USB-C vinklad 90° - JOYROOM USB-C Vinklad Laddkabel 90°,,
product,yesido-ca198-60w-led-type-c-laddkabel,yesido-ca198-60w-led-type-c-laddcable,/products/yesido-ca198-60w-led-type-c-laddkabel,/products/yesido-ca198-60w-led-type-c-laddcable,YES,YES,Yesido CA198 60W LED Type-C Laddkabel med Ljuseffekt,,
product,remax-usb-c-pd-65w-1-2m-snabbladdningskabel,remax-usb-c-pd-65w-1-2m-snabbladdningscable,/products/remax-usb-c-pd-65w-1-2m-snabbladdningskabel,/products/remax-usb-c-pd-65w-1-2m-snabbladdningscable,YES,YES,Remax USB-C PD 65W 1.2m Snabbladdningskabel,,
product,remax-pd240w-usb-c-1-2m-snabbladdningskabel,remax-pd240w-usb-c-1-2m-snabbladdningscable,/products/remax-pd240w-usb-c-1-2m-snabbladdningskabel,/products/remax-pd240w-usb-c-1-2m-snabbladdningscable,YES,YES,Remax PD240W USB-C 1.2m Flätad Snabbladdningskabel,,
product,remax-pd65w-type-c-1-2m-laddkabel-led,remax-pd65w-type-c-1-2m-laddcable-led,/products/remax-pd65w-type-c-1-2m-laddkabel-led,/products/remax-pd65w-type-c-1-2m-laddcable-led,YES,YES,Remax PD65W Type-C 1.2m - Remax PD65W Type-C Laddkabel med LED-lampa,,
product,zga-cb06-usb-c-kabel-snabbladdning-1m,zga-cb06-usb-c-cable-snabbladdning-1m,/products/zga-cb06-usb-c-kabel-snabbladdning-1m,/products/zga-cb06-usb-c-cable-snabbladdning-1m,YES,YES,ZGA CB06 USB-C kabel - ZGA CB06 USB-C Snabbladdningskabel 60W,,
product,doonjiey-djub519gr-120gbps-type-c-16k-hd-kabel,doonjiey-djub519gr-120gbps-type-c-16k-hd-cable,/products/doonjiey-djub519gr-120gbps-type-c-16k-hd-kabel,/products/doonjiey-djub519gr-120gbps-type-c-16k-hd-cable,YES,YES,DOONJIEY DJUSB519GR 120Gbps - DOONJIEY DJUSB519GR 16K,,
product,wavlink-thunderbolt-4-usb-c-datakabel,wavlink-thunderbolt-4-usb-c-datacable,/products/wavlink-thunderbolt-4-usb-c-datakabel,/products/wavlink-thunderbolt-4-usb-c-datacable,YES,YES,WAVLINK Thunderbolt 4 USB-C Datakabel,,
product,i2c-snabbladdkabel-pps-protokollkonvertering,i2c-snabbladdcable-pps-protokollkonvertering,/products/i2c-snabbladdkabel-pps-protokollkonvertering,/products/i2c-snabbladdcable-pps-protokollkonvertering,YES,YES,I2C Snabbladdkabel PPS med Protokollkonvertering,,
product,joyroom-100w-usb-c-laddkabel-automatisk-avstangnin,joyroom-100w-usb-c-laddcable-automatisk-avstangnin,/products/joyroom-100w-usb-c-laddkabel-automatisk-avstangnin,/products/joyroom-100w-usb-c-laddcable-automatisk-avstangnin,YES,YES,"JOYROOM S-A55 StarFlight Series 100W Type-C to Type-C Auto Power-Off Fast Charging Data Cable, Type-C to Type-C",,
product,joyroom-66w-usb-c-laddkabel,joyroom-66w-usb-c-laddcable,/products/joyroom-66w-usb-c-laddkabel,/products/joyroom-66w-usb-c-laddcable,YES,YES,"JOYROOM S-A55 StarFlight Series 66W USB to Type-C Auto Power-Off Fast Charging Data Cable, USB to Type-C",,
product,usb-c-snabbladdningskabel-digital-display-1-2m,usb-c-snabbladdningscable-digital-display-1-2m,/products/usb-c-snabbladdningskabel-digital-display-1-2m,/products/usb-c-snabbladdningscable-digital-display-1-2m,YES,YES,USB-C Snabbladdningskabel med Digital Display,,
product,wk-240w-usb-c-laddkabel-digital-display,wk-240w-usb-c-laddcable-digital-display,/products/wk-240w-usb-c-laddkabel-digital-display,/products/wk-240w-usb-c-laddcable-digital-display,YES,YES,WK 240W USB-C Laddkabel med Digital Display,,
product,usams-100w-snabbladdkabel-1-4m-datakabel,usams-100w-snabbladdcable-1-4m-datacable,/products/usams-100w-snabbladdkabel-1-4m-datakabel,/products/usams-100w-snabbladdcable-1-4m-datacable,YES,YES,USAMS 100W Snabbladdkabel med USB-C och Massagefunktion,,
product,wk-magnetisk-usb-c-kabel-65w,wk-magnetisk-usb-c-cable-65w,/products/wk-magnetisk-usb-c-kabel-65w,/products/wk-magnetisk-usb-c-cable-65w,YES,YES,WK Magnetisk USB-C Kabel för Snabbladdning 65W,,
product,wk-66w-usb-c-laddkabel-1m,wk-66w-usb-c-laddcable-1m,/products/wk-66w-usb-c-laddkabel-1m,/products/wk-66w-usb-c-laddcable-1m,YES,YES,WK 66W USB-C Laddkabel 1m för Snabbladdning,,
product,joyroom-usb-c-100w-1-2m-laddkabel,joyroom-usb-c-100w-1-2m-laddcable,/products/joyroom-usb-c-100w-1-2m-laddkabel,/products/joyroom-usb-c-100w-1-2m-laddcable,YES,YES,JOYROOM USB-C 100W 1.2m - JOYROOM USB-C 100W Snabbladdningskabel 1.2m,,
product,joyroom-usb-c-kabel-1-2m,joyroom-usb-c-cable-1-2m,/products/joyroom-usb-c-kabel-1-2m,/products/joyroom-usb-c-cable-1-2m,YES,YES,JOYROOM USB-C kabel 1.2m - JOYROOM USB-C Laddkabel 1.2m,,
product,wk-wdc-105-raython-2-digital-laddkabel,wk-wdc-105-raython-2-digital-laddcable,/products/wk-wdc-105-raython-2-digital-laddkabel,/products/wk-wdc-105-raython-2-digital-laddcable,YES,YES,WK WDC-105 Raython 2 Digital Display Laddkabel,,
product,wk-66w-usb-c-datakabel-digital-display,wk-66w-usb-c-datacable-digital-display,/products/wk-66w-usb-c-datakabel-digital-display,/products/wk-66w-usb-c-datacable-digital-display,YES,YES,WK 66W USB-C Datakabel med Digital Display,,
product,67mm-240w-8k-80gbps-type-c-datakabel,67mm-240w-8k-80gbps-type-c-datacable,/products/67mm-240w-8k-80gbps-type-c-datakabel,/products/67mm-240w-8k-80gbps-type-c-datacable,YES,YES,Högpresterande 67mm 240W 8K Datakabel,,
product,enkay-pd100w-usb-c-magnetisk-sjalvrullande-kabel,enkay-pd100w-usb-c-magnetisk-sjalvrullande-cable,/products/enkay-pd100w-usb-c-magnetisk-sjalvrullande-kabel,/products/enkay-pd100w-usb-c-magnetisk-sjalvrullande-cable,YES,YES,ENKAY PD100W Type-C till Type-C - ENKAY PD100W USB-C till USB-C,,
product,externt-ljudkort-mikrofon-3-5mm-gaming,externt-audiokort-microphone-3-5mm-gaming,/products/externt-ljudkort-mikrofon-3-5mm-gaming,/products/externt-audiokort-microphone-3-5mm-gaming,YES,YES,Externt Ljudkort Mikrofon för Gaming,,
product,dji-gold-mount-batteriadapter-hogljus-monitor,dji-gold-mount-batteryadapter-hogljus-monitor,/products/dji-gold-mount-batteriadapter-hogljus-monitor,/products/dji-gold-mount-batteryadapter-hogljus-monitor,YES,YES,DJI Gold-Fäste Batteriadapter för Fjärrmonitor,,
product,enkay-pd60w-usb-c-for-usb-c-kabel,enkay-pd60w-usb-c-for-usb-c-cable,/products/enkay-pd60w-usb-c-for-usb-c-kabel,/products/enkay-pd60w-usb-c-for-usb-c-cable,YES,YES,ENKAY PD60W Type-C to Type-C - ENKAY PD60W USB-C till USB-C Laddkabel,,
product,enkay-pd100w-usb-c-snabbladdningskabel,enkay-pd100w-usb-c-snabbladdningscable,/products/enkay-pd100w-usb-c-snabbladdningskabel,/products/enkay-pd100w-usb-c-snabbladdningscable,YES,YES,ENKAY PD100W USB-C / Type-C - ENKAY PD100W USB-C Snabbladdningskabel,,
product,imak-osmo-skarmskydd-haradat-glas-actionkamera,imak-osmo-skarmprotection-haradat-glas-actionkamera,/products/imak-osmo-skarmskydd-haradat-glas-actionkamera,/products/imak-osmo-skarmprotection-haradat-glas-actionkamera,YES,YES,Imak Osmo Skärmskydd för DJI Actionkameror,,
product,actionkamera-portabel-forvaring,actionkamera-portabel-storage,/products/actionkamera-portabel-forvaring,/products/actionkamera-portabel-storage,YES,YES,Actionkamera Bärbar Storage - Bärbar Förvaringsväska,,
product,type-c-for-dc-stromkabel-antigravity-vision,type-c-for-dc-stromcable-antigravity-vision,/products/type-c-for-dc-stromkabel-antigravity-vision,/products/type-c-for-dc-stromcable-antigravity-vision,YES,YES,Praktisk Type-C till DC strömkabel för Antigravity Vision,,
product,stabil-magnetisk-mobilhalare-1-4-tums-skruvfaste,stabil-magnetisk-mobilhalare-1-4-tums-skruvmount,/products/stabil-magnetisk-mobilhalare-1-4-tums-skruvfaste,/products/stabil-magnetisk-mobilhalare-1-4-tums-skruvmount,YES,YES,Stabil Magnetisk Mobilhållare med 1/4 Tums Skruvfäste,,
product,osmo-action-6-alubur-skyddsram,osmo-action-6-alubur-protectionsram,/products/osmo-action-6-alubur-skyddsram,/products/osmo-action-6-alubur-protectionsram,YES,YES,Robust Osmo Action 6 Alubur i Aluminium,,
product,osmo-action-6-linsskydd-haradat-glas,osmo-action-6-lens-protector-haradat-glas,/products/osmo-action-6-linsskydd-haradat-glas,/products/osmo-action-6-lens-protector-haradat-glas,YES,YES,Osmo Action 6 linsskydd - Premium Linsskydd i Härdat Glas för Osmo,,
product,magnetfaste-dji-osmo-clip,magnetmount-dji-osmo-clip,/products/magnetfaste-dji-osmo-clip,/products/magnetmount-dji-osmo-clip,YES,YES,Magnetfäste DJI Osmo Clip – Snabb Montering för Actionkameran,,
product,selfiepinnen-actionkamera-utdragbar-tripod,selfie-stickn-actionkamera-utdragbar-tripod,/products/selfiepinnen-actionkamera-utdragbar-tripod,/products/selfie-stickn-actionkamera-utdragbar-tripod,YES,YES,Selfiepinnen Actionkamera för Kreativa Äventyr,,
product,dji-osmo-action-batterigrepp,dji-osmo-action-batterygrepp,/products/dji-osmo-action-batterigrepp,/products/dji-osmo-action-batterygrepp,YES,YES,dji osmo grip - DJI Osmo Action Batterigrepp för Stabil Filmning,,
product,dji-ronin-faste-mikrofon-ljus-rs-2-3-4-rsc-2,dji-ronin-mount-microphone-ljus-rs-2-3-4-rsc-2,/products/dji-ronin-faste-mikrofon-ljus-rs-2-3-4-rsc-2,/products/dji-ronin-mount-microphone-ljus-rs-2-3-4-rsc-2,YES,YES,DJI Ronin fäste mikrofon - DJI Ronin Fäste för Mikrofon och Belysning,,
product,pgytech-halsfaste-sportkamera-p-gm-389,pgytech-halsmount-action-camera-p-gm-389,/products/pgytech-halsfaste-sportkamera-p-gm-389,/products/pgytech-halsmount-action-camera-p-gm-389,YES,YES,Halsfäste sportkamera - PGYTECH Halsfäste för Sportkamera P-GM-389,,
product,dji-rs-pro-kabelnav,dji-rs-pro-cablenav,/products/dji-rs-pro-kabelnav,/products/dji-rs-pro-cablenav,YES,YES,DJI RS Pro Kabelnav för Stabiliserad Filmning,,
product,ds813-tradlos-bluetooth-mikrofon-rosa,ds813-wireless-bluetooth-microphone-rosa,/products/ds813-tradlos-bluetooth-mikrofon-rosa,/products/ds813-wireless-bluetooth-microphone-rosa,YES,YES,DS813 Live Trådlös Bluetooth - DS813 Trådlös Bluetooth Mikrofon Rosa,,
product,cykelsadelfaste-universal,cykelsadelmount-universal,/products/cykelsadelfaste-universal,/products/cykelsadelmount-universal,YES,YES,Stabil Montering med Cykelsadelfäste,,
product,professionell-usb-mikrofon-studio,professionell-usb-microphone-studio,/products/professionell-usb-mikrofon-studio,/products/professionell-usb-microphone-studio,YES,YES,Professionell USB Mikrofon Studio för Klart Ljud,,
product,gopro-max2-skyddsbur-aluminium,gopro-max2-protectionsbur-aluminium,/products/gopro-max2-skyddsbur-aluminium,/products/gopro-max2-protectionsbur-aluminium,YES,YES,goprofäste - Skyddsbur i Aluminium för GoPro MAX2,,
product,magnetfaste-dji-mic-3-original-clip-magnet,magnetmount-dji-mic-3-original-clip-magnet,/products/magnetfaste-dji-mic-3-original-clip-magnet,/products/magnetmount-dji-mic-3-original-clip-magnet,YES,YES,"Original Clip Magnet For DJI Mic 3, Clip Magnet",,
product,magnetfaste-actionkamera-halsrem,magnetmount-actionkamera-halsrem,/products/magnetfaste-actionkamera-halsrem,/products/magnetmount-actionkamera-halsrem,YES,YES,Magnetfäste Actionkamera Halsrem – Filma,,
product,insta360-one-x-skyddsram-abs-adapterfaste,insta360-one-x-protectionsram-abs-adaptermount,/products/insta360-one-x-skyddsram-abs-adapterfaste,/products/insta360-one-x-protectionsram-abs-adaptermount,YES,YES,Insta360 ONE X Skyddsram i ABS med Adapterfäste,,
product,dji-neo-2-rcstq-spiralpropellrar-2par,dji-neo-2-rcstq-spiralpropellers-2par,/products/dji-neo-2-rcstq-spiralpropellrar-2par,/products/dji-neo-2-rcstq-spiralpropellers-2par,YES,YES,DJI Neo 2 RCSTQ 2pairs Spiral - DJI Neo 2 RCSTQ Spiralpropellrar,,
product,osmo-action-selfiepinne-magnetisk-tripod,osmo-action-selfie-stick-magnetisk-tripod,/products/osmo-action-selfiepinne-magnetisk-tripod,/products/osmo-action-selfie-stick-magnetisk-tripod,YES,YES,Magnetisk Osmo Action Selfiepinne med Stativfunktion,,
product,insta360-ace-pro-lucka-vertikal-batterilucka,insta360-ace-pro-lucka-vertikal-batterylucka,/products/insta360-ace-pro-lucka-vertikal-batterilucka,/products/insta360-ace-pro-lucka-vertikal-batterylucka,YES,YES,Insta360 Ace Pro Vertikal Batterilucka,,
product,insta360-magnetfaste-snabbkoppling-adapter,insta360-magnetmount-snabbkoppling-adapter,/products/insta360-magnetfaste-snabbkoppling-adapter,/products/insta360-magnetmount-snabbkoppling-adapter,YES,YES,Insta360 Magnetfäste med Snabbkoppling,,
product,insta360-x4-skyddsfodral-metallbur,insta360-x4-protectionsfodral-metal-cage,/products/insta360-x4-skyddsfodral-metallbur,/products/insta360-x4-protectionsfodral-metal-cage,YES,YES,Robust Metallbur för Insta360 X4 Skydd,,
product,universellt-axelremsfaste-actionkamera-360-kulled,universellt-axelremsmount-actionkamera-360-kulled,/products/universellt-axelremsfaste-actionkamera-360-kulled,/products/universellt-axelremsmount-actionkamera-360-kulled,YES,YES,Universellt Axelremsfäste med Roterande Kulled,,
product,ministativ-actionkamera-justerbar,mini-tripod-actionkamera-justerbar,/products/ministativ-actionkamera-justerbar,/products/mini-tripod-actionkamera-justerbar,YES,YES,Stabilisera dina tagningar med ett Ministativ Actionkamera,,
product,dubbelriktat-styresfaste-actionkamera,dubbelriktat-styresmount-actionkamera,/products/dubbelriktat-styresfaste-actionkamera,/products/dubbelriktat-styresmount-actionkamera,YES,YES,styresfäste actionkamera - Dubbelriktat Styresfäste för Actionkamera,,
product,skarmsskydd-dji-rc-2-skydda-your-dji-rc-2,skarmsprotection-dji-rc-2-protectiona-your-dji-rc-2,/products/skarmsskydd-dji-rc-2-skydda-your-dji-rc-2,/products/skarmsprotection-dji-rc-2-protectiona-your-dji-rc-2,YES,YES,Skärmskydd DJI RC 2 dji - Skydda Din DJI RC 2 Med Kvalitativt Skärmsky,,
product,dubbelriktad-snabbfaste-adapter-camera,dubbelriktad-snabbmount-adapter-camera,/products/dubbelriktad-snabbfaste-adapter-camera,/products/dubbelriktad-snabbmount-adapter-camera,YES,YES,Dubbelriktad Snabbfäste för Actionkameror,,
product,protection-dji-osmo-pocket-silikonfodral-neck-strap,protection-dji-osmo-pocket-siliconefodral-neck-strap,/products/protection-dji-osmo-pocket-silikonfodral-neck-strap,/products/protection-dji-osmo-pocket-siliconefodral-neck-strap,YES,YES,Skydd DJI Osmo Pocket - 3-i-1 Silikonskydd för DJI Osmo Pocket,,
product,yelangu-metallbur-dji-osmo-360-skyddsbur,yelangu-metal-cage-dji-osmo-360-protectionsbur,/products/yelangu-metallbur-dji-osmo-360-skyddsbur,/products/yelangu-metal-cage-dji-osmo-360-protectionsbur,YES,YES,gopro fäste stav - YELANGU Skyddsbur i Metall för DJI Osmo 360,,
product,dji-osmo-360-yelangu-metall-skyddsbur,dji-osmo-360-yelangu-metall-protectionsbur,/products/dji-osmo-360-yelangu-metall-skyddsbur,/products/dji-osmo-360-yelangu-metall-protectionsbur,YES,YES,osmo 360 protective - Skyddsbur i Metall för DJI Osmo 360,,
product,kulledsfaste-actionkamera-aluminium-adapter,kulledsmount-actionkamera-aluminium-adapter,/products/kulledsfaste-actionkamera-aluminium-adapter,/products/kulledsmount-actionkamera-aluminium-adapter,YES,YES,kulledsfäste actionkamera - Kulledsfäste i Aluminium för Actionkameror,,
product,bluetooth-fjarrkontroll-actionkamera,bluetooth-remote-control-actionkamera,/products/bluetooth-fjarrkontroll-actionkamera,/products/bluetooth-remote-control-actionkamera,YES,YES,Smidig Bluetooth fjärrkontroll för Actionkameror,,
product,insta360-go-silikonfodral-protection,insta360-go-siliconefodral-protection,/products/insta360-go-silikonfodral-protection,/products/insta360-go-siliconefodral-protection,YES,YES,Insta360 Go Silikonfodral för Maximalt Skydd,,
product,linsskydd-dji-osmo-ac-cap,lens-protector-dji-osmo-ac-cap,/products/linsskydd-dji-osmo-ac-cap,/products/lens-protector-dji-osmo-ac-cap,YES,YES,Skyddande linsskydd DJI Osmo Ac cap för actionkameran,,
product,osmo-action-6-skyddsram,osmo-action-6-protectionsram,/products/osmo-action-6-skyddsram,/products/osmo-action-6-protectionsram,YES,YES,Osmo Action 6 Skyddsram med Mångsidiga Fästen,,
product,osmo-dyk-sakerhetslina-anti-forlust,osmo-dyk-securityslina-anti-forlust,/products/osmo-dyk-sakerhetslina-anti-forlust,/products/osmo-dyk-securityslina-anti-forlust,YES,YES,Osmo Dyk Säkerhetslina för Actionkameror,,
product,startrc-dubbellinsskydd-dji-osmo-360,startrc-dubbellens-protector-dji-osmo-360,/products/startrc-dubbellinsskydd-dji-osmo-360,/products/startrc-dubbellens-protector-dji-osmo-360,YES,YES,Skyddsfodral för DJI Osmo 360 STARTRC Dual-Lens,,
product,tradlos-mikrofon-with-hogtalare-karaoke-fest,wireless-microphone-with-hogtalare-karaoke-fest,/products/tradlos-mikrofon-with-hogtalare-karaoke-fest,/products/wireless-microphone-with-hogtalare-karaoke-fest,YES,YES,Trådlös mikrofon med högtalare för karaoke & fest,,
product,dji-ronin-4d-flexkabel,dji-ronin-4d-flexcable,/products/dji-ronin-4d-flexkabel,/products/dji-ronin-4d-flexcable,YES,YES,DJI Ronin 4D flexkabel - Original Flexkabel för DJI Ronin 4D,,
product,magnetfaste-insta360-ace-snabbkoppling,magnetmount-insta360-ace-snabbkoppling,/products/magnetfaste-insta360-ace-snabbkoppling,/products/magnetmount-insta360-ace-snabbkoppling,YES,YES,magnetfäste insta360 ace - Magnetfäste för Insta360 Ace Actionkamera,,
product,magnetiskt-minifaste-portabelt-bordsfaste,magnetiskt-minimount-portabelt-bordsmount,/products/magnetiskt-minifaste-portabelt-bordsfaste,/products/magnetiskt-minimount-portabelt-bordsmount,YES,YES,"Sunnylife Universal Magnetic Mount Portable Tabletop Base Bracket Angles Adjustable 180 Rotation Holder for Mini Cameras, Universal",,
product,sunnylife-barbart-skyddsfodral-stottatligt-dji-osm,sunnylife-barbart-protectionsfodral-stottatligt-dji-osm,/products/sunnylife-barbart-skyddsfodral-stottatligt-dji-osm,/products/sunnylife-barbart-protectionsfodral-stottatligt-dji-osm,YES,YES,Sunnylife Skyddsfodral till DJI Osmo Action 6 / 5 Pro /4 / 3,,
product,insta360-x4-linsskydd-v1-2,insta360-x4-lens-protector-v1-2,/products/insta360-x4-linsskydd-v1-2,/products/insta360-x4-lens-protector-v1-2,YES,YES,Insta360 X4 Linsskydd v1 för Optimalt Kameraskydd,,
product,gopro-hero-13-magnetfaste-amagisn-snabbkoppling,gopro-hero-13-magnetmount-amagisn-snabbkoppling,/products/gopro-hero-13-magnetfaste-amagisn-snabbkoppling,/products/gopro-hero-13-magnetmount-amagisn-snabbkoppling,YES,YES,GoPro Hero 13 Magnetfäste med Snabbkoppling,,
product,osmo-action-6-silikonskal-with-linsskydd,osmo-action-6-silicone-case-with-lens-protector,/products/osmo-action-6-silikonskal-with-linsskydd,/products/osmo-action-6-silicone-case-with-lens-protector,YES,YES,Osmo Action 6 Silikonskal med Linsskydd,,
product,osmo-nano-skyddslock,osmo-nano-protectionslock,/products/osmo-nano-skyddslock,/products/osmo-nano-protectionslock,YES,YES,Osmo Nano skyddslock - Skydda din Osmo Nano med ett robust skyddslock,,
product,amagisn-magnetiskt-snabbfaste-metall,amagisn-magnetiskt-snabbmount-metall,/products/amagisn-magnetiskt-snabbfaste-metall,/products/amagisn-magnetiskt-snabbmount-metall,YES,YES,aMagisn Metal Magnetic Quick - AMagisn Magnetiskt Snabbfäste i Metall,,
product,amagisn-bluetooth-fjarrkontroll-dji-osmo-action,amagisn-bluetooth-remote-control-dji-osmo-action,/products/amagisn-bluetooth-fjarrkontroll-dji-osmo-action,/products/amagisn-bluetooth-remote-control-dji-osmo-action,YES,YES,AMagisn Bluetooth Fjärrkontroll till DJI,,
product,amagisn-snabbfaste-filter-dji-osmo-action-6-camera,amagisn-snabbmount-filter-dji-osmo-action-6-camera,/products/amagisn-snabbfaste-filter-dji-osmo-action-6-camera,/products/amagisn-snabbmount-filter-dji-osmo-action-6-camera,YES,YES,DJI Osmo Action 6 Camera - AMagisn Snabbfäste Filter för DJI Osmo,,
product,osmo-action-6-snabbfaste-1-4-gangadapter,osmo-action-6-snabbmount-1-4-gangadapter,/products/osmo-action-6-snabbfaste-1-4-gangadapter,/products/osmo-action-6-snabbmount-1-4-gangadapter,YES,YES,Osmo Action 6 Snabbfäste med 1/4 Gängadapter,,
product,yelangu-kamerabur-action-6-metallbur-dji-osmo,yelangu-kamerabur-action-6-metal-cage-dji-osmo,/products/yelangu-kamerabur-action-6-metallbur-dji-osmo,/products/yelangu-kamerabur-action-6-metal-cage-dji-osmo,YES,YES,Kamerabur Action - YELANGU Kamerabur för DJI Osmo Action 6,,
product,silikonfodral-dji-osmo-nano,siliconefodral-dji-osmo-nano,/products/silikonfodral-dji-osmo-nano,/products/siliconefodral-dji-osmo-nano,YES,YES,Skyddande Silikonfodral DJI Osmo med Handle,,
product,insta360-x4-silikonskal-1,insta360-x4-silicone-case-1,/products/insta360-x4-silikonskal-1,/products/insta360-x4-silicone-case-1,YES,YES,Insta360 X4 Silikonskal för Robust Kameraskydd,,
product,tradlos-fjarrkontroll-actionkamera-genera,wireless-remote-control-actionkamera-genera,/products/tradlos-fjarrkontroll-actionkamera-genera,/products/wireless-remote-control-actionkamera-genera,YES,YES,"STARTRC Mini Action Camera Wireless Remote Control, General",,
product,insta360-go-skyddsfodral-silikon,insta360-go-protectionsfodral-silicone,/products/insta360-go-skyddsfodral-silikon,/products/insta360-go-protectionsfodral-silicone,YES,YES,Insta360 Go Skyddsfodral med Expansionsrem,,
product,dji-action-snabbfaste-justerbar-adapter,dji-action-snabbmount-justerbar-adapter,/products/dji-action-snabbfaste-justerbar-adapter,/products/dji-action-snabbmount-justerbar-adapter,YES,YES,Justerbart DJI Action Snabbfäste för Kamera,,
product,silikonskydd-osmo-pocket-expansionsrem,siliconeprotection-osmo-pocket-expansionsrem,/products/silikonskydd-osmo-pocket-expansionsrem,/products/siliconeprotection-osmo-pocket-expansionsrem,YES,YES,Silikonskydd Osmo Pocket - Silikonskydd för DJI Osmo Pocket,,
product,amagisn-selfiepinne-aluminium,amagisn-selfie-stick-aluminium,/products/amagisn-selfiepinne-aluminium,/products/amagisn-selfie-stick-aluminium,YES,YES,AMagisn Selfiepinne: Mångsidig och Långräckviddig,,
product,puluz-kepsfaste-insta360-go-ultra,puluz-kepsmount-insta360-go-ultra,/products/puluz-kepsfaste-insta360-go-ultra,/products/puluz-kepsmount-insta360-go-ultra,YES,YES,PULUZ Kepsfäste till Insta360 GO Ultra,,
product,justerbart-bilfaste-camera-forlangningsstang,justerbart-bilmount-camera-forlangningsstang,/products/justerbart-bilfaste-camera-forlangningsstang,/products/justerbart-bilmount-camera-forlangningsstang,YES,YES,Justerbart Bilfäste Kamera med Förlängningsstång,,
product,puluz-1-22m-utdragbar-osynlig-selfiepinne-with-stat,puluz-1-22m-utdragbar-osynlig-selfie-stick-with-stat,/products/puluz-1-22m-utdragbar-osynlig-selfiepinne-with-stat,/products/puluz-1-22m-utdragbar-osynlig-selfie-stick-with-stat,YES,YES,Insta360 osynlig - PULUZ 1.22m Utdragbar Selfiepinne för Insta360,,
product,puluz-magnetiskt-nackfaste-snabbfaste-pov,puluz-magnetiskt-nackmount-snabbmount-pov,/products/puluz-magnetiskt-nackfaste-snabbfaste-pov,/products/puluz-magnetiskt-nackmount-snabbmount-pov,YES,YES,PULUZ Magnetiskt Nackfäste för Actionkamera,,
product,smallrig-faste-handtag-dji-rs3-mini-gimbal,smallrig-mount-handtag-dji-rs3-mini-gimbal,/products/smallrig-faste-handtag-dji-rs3-mini-gimbal,/products/smallrig-mount-handtag-dji-rs3-mini-gimbal,YES,YES,DJI RS3 mini SmallRig Gimbal - SmallRig Tillbehörspaket för DJI RS3,,
product,smallrig-faste-dji-rs4-rs3-rsc2,smallrig-mount-dji-rs4-rs3-rsc2,/products/smallrig-faste-dji-rs4-rs3-rsc2,/products/smallrig-mount-dji-rs4-rs3-rsc2,YES,YES,DJI RS4 / RS3 / RSC2 SmallRig - SmallRig Tillbehör för DJI RS4 / RS3,,
product,waterproof-skal-dji-osmo-nano,waterproof-shell-dji-osmo-nano,/products/waterproof-skal-dji-osmo-nano,/products/waterproof-shell-dji-osmo-nano,YES,YES,Vattentätt skal DJI Osmo för Osmo Nano,,
product,cykelfaste-actionkamera-styre-universal,cykelmount-actionkamera-styre-universal,/products/cykelfaste-actionkamera-styre-universal,/products/cykelmount-actionkamera-styre-universal,YES,YES,Cykelfäste actionka styre - Universal Cykelfäste för Actionkamera,,
product,cykelfaste-actionkamera-dubbelklamma-styre,cykelmount-actionkamera-dubbelklamma-styre,/products/cykelfaste-actionkamera-dubbelklamma-styre,/products/cykelmount-actionkamera-dubbelklamma-styre,YES,YES,Cykelfäste Actionkamera med Dubbelklämma,,
product,amagisn-tn02-laddbart-magnetfaste,amagisn-tn02-laddbart-magnetmount,/products/amagisn-tn02-laddbart-magnetfaste,/products/amagisn-tn02-laddbart-magnetmount,YES,YES,aMagisn TN02 Rechargeable - AMagisn TN02 Laddbart Magnetiskt,,
product,magnetiskt-snabbfaste-camera-1,magnetiskt-snabbmount-camera-1,/products/magnetiskt-snabbfaste-camera-1,/products/magnetiskt-snabbmount-camera-1,YES,YES,Magnetiskt snabbfäste för Kamera: Flexibelt och Säkert,,
product,actionkamera-cykelfaste,actionkamera-cykelmount,/products/actionkamera-cykelfaste,/products/actionkamera-cykelmount,YES,YES,Säkra ditt äventyr med ett Actionkamera Cykelfäste,,
product,dji-air-3-batterivaska-brandsaker,dji-air-3-batterybag-brandsaker,/products/dji-air-3-batterivaska-brandsaker,/products/dji-air-3-batterybag-brandsaker,YES,YES,"Sunnylife Battery Explosion-proof Safe Bag Protective Li-Po Safe Bag, For DJI Air 3 For 1pc Battery, For DJI Air 3 For 2pcs Batteries, For DJI Air 3 For 3pcs Batteries",,
product,dji-osmo-selfiepinne-120cm-snabblas,dji-osmo-selfie-stick-120cm-snabblas,/products/dji-osmo-selfiepinne-120cm-snabblas,/products/dji-osmo-selfie-stick-120cm-snabblas,YES,YES,DJI Osmo Selfiepinne 120cm med Snabblås,,
product,dji-expansionsbatteri-2000,dji-expansionsbattery-2000,/products/dji-expansionsbatteri-2000,/products/dji-expansionsbattery-2000,YES,YES,Original Expansion Battery 2000 Mounting Kit For DJI Power,,
product,mobilhallare-with-belysning,mobilhallare-with-lighting,/products/mobilhallare-with-belysning,/products/mobilhallare-with-lighting,YES,YES,Stabil Mobilhållare med Inbyggd Belysning,,
product,universal-mobiltillbehor-smartphones,universal-mobile-accessories-smartphones,/products/universal-mobiltillbehor-smartphones,/products/universal-mobile-accessories-smartphones,YES,YES,mobiltillbehör Universell - Universell Mobiltillbehör för Alla,,
product,ministativ-mobil-fjarr,mini-tripod-mobil-fjarr,/products/ministativ-mobil-fjarr,/products/mini-tripod-mobil-fjarr,YES,YES,Ministativ mobil fjärr - Flexibelt Ministativ Mobil med Fjärrkontroll,,
product,dji-rs-4-rs-5-snabbfaste-ovre-snabbplatta,dji-rs-4-rs-5-snabbmount-ovre-snabbplatta,/products/dji-rs-4-rs-5-snabbfaste-ovre-snabbplatta,/products/dji-rs-4-rs-5-snabbmount-ovre-snabbplatta,YES,YES,DJI RS 4 RS 5 snabbfäste - Övre Snabbfäste för DJI RS 4 och RS,,
product,universella-mobiltelefontillbehor,universella-mobiltelefonaccessories,/products/universella-mobiltelefontillbehor,/products/universella-mobiltelefonaccessories,YES,YES,Universella Mobiltelefontillbehör för Smartphones,,
product,dji-rs-bg33-batterigrepp,dji-rs-bg33-batterygrepp,/products/dji-rs-bg33-batterigrepp,/products/dji-rs-bg33-batterygrepp,YES,YES,DJI RS BG33 Batterigrepp för RS 4 Pro och RS 4,,
product,mikrofon-shock-mount,microphone-shock-mount,/products/mikrofon-shock-mount,/products/microphone-shock-mount,YES,YES,Professionellt Mikrofon Shock Fäste för Studio,,
product,mikrofonhallare-c-stand-metall,microphonehallare-c-stand-metall,/products/mikrofonhallare-c-stand-metall,/products/microphonehallare-c-stand-metall,YES,YES,Professionell Mikrofonhållare för C-stand,,
product,25cm-micro-usb-kabel-smartphones,25cm-micro-usb-cable-smartphones,/products/25cm-micro-usb-kabel-smartphones,/products/25cm-micro-usb-cable-smartphones,YES,YES,Kompakt 25cm Micro USB-kabel för Smartphones,,
product,insta360-go-magnetfaste-forsta-person-vy-kepsfaste,insta360-go-magnetmount-forsta-person-vy-kepsmount,/products/insta360-go-magnetfaste-forsta-person-vy-kepsfaste,/products/insta360-go-magnetmount-forsta-person-vy-kepsmount,YES,YES,Insta360 Go Magnetfäste för Första Person Vy,,
product,fjarrkontrollhandtag-dji-rs-2-3-pro,remote-controlhandtag-dji-rs-2-3-pro,/products/fjarrkontrollhandtag-dji-rs-2-3-pro,/products/remote-controlhandtag-dji-rs-2-3-pro,YES,YES,Fjärrkontrollhandtag till DJI RS 2/3 Pro Gimbal,,
product,magnetfaste-osmo-pocket-3-expanderbar-ryggklamma,magnetmount-osmo-pocket-3-expanderbar-ryggklamma,/products/magnetfaste-osmo-pocket-3-expanderbar-ryggklamma,/products/magnetmount-osmo-pocket-3-expanderbar-ryggklamma,YES,YES,Magnetfäste med Ryggklämma till DJI Osmo Pocket 3,,
product,ronin-sc-motorfaste-foljefokus,ronin-sc-motormount-foljefokus,/products/ronin-sc-motorfaste-foljefokus,/products/ronin-sc-motormount-foljefokus,YES,YES,Ronin SC Motorfäste för Följefokus,,
product,v-mount-batteriadapter-dji-videosystem,v-mount-batteryadapter-dji-videosystem,/products/v-mount-batteriadapter-dji-videosystem,/products/v-mount-batteryadapter-dji-videosystem,YES,YES,"Original V-Mount Battery Adapter For  DJI Video Transmitter / Video Receiver, Transmission V-Mount Battery Adapter",,
product,puluz-hjalmfaste-haka-magnetiskt-snabbfaste,puluz-hjalmmount-haka-magnetiskt-snabbmount,/products/puluz-hjalmfaste-haka-magnetiskt-snabbfaste,/products/puluz-hjalmmount-haka-magnetiskt-snabbmount,YES,YES,PULUZ Hjälmfäste Haka med Magnetiskt Snabbfäste,,
product,telesin-magsafe-p3-flexibelt-magnetiskt-mobilfaste,telesin-magsafe-p3-flexibelt-magnetiskt-mobilmount,/products/telesin-magsafe-p3-flexibelt-magnetiskt-mobilfaste,/products/telesin-magsafe-p3-flexibelt-magnetiskt-mobilmount,YES,YES,Telesin MagSafe P3 – Flexibelt Magnetiskt Mobilfäste,,
product,mikrofonstativ-justerbart,microphonestativ-justerbart,/products/mikrofonstativ-justerbart,/products/microphonestativ-justerbart,YES,YES,Mikrofonstativ Justerbart för Professionell Användning,,
product,flymile-kulledsfaste-dji-osmo-pocket,flymile-kulledsmount-dji-osmo-pocket,/products/flymile-kulledsfaste-dji-osmo-pocket,/products/flymile-kulledsmount-dji-osmo-pocket,YES,YES,DJI - Flymile Kulledsfäste med Självhäftande Bas,,
product,flymile-dji-magnetiskt-snabbfaste-kamerahandtag,flymile-dji-magnetiskt-snabbmount-kamerahandtag,/products/flymile-dji-magnetiskt-snabbfaste-kamerahandtag,/products/flymile-dji-magnetiskt-snabbmount-kamerahandtag,YES,YES,Flymile DJI Magnetiskt Kamerahandtag för Actionkamera,,
product,gaming-mikrofon-vinklad,gaming-microphone-vinklad,/products/gaming-mikrofon-vinklad,/products/gaming-microphone-vinklad,YES,YES,Gaming Mikrofon Vinklad med 3.5mm Kontakt,,
product,osmo-action-6-kamerabur-snabbfaste-handtag-flymile,osmo-action-6-kamerabur-snabbmount-handtag-flymile,/products/osmo-action-6-kamerabur-snabbfaste-handtag-flymile,/products/osmo-action-6-kamerabur-snabbmount-handtag-flymile,YES,YES,Osmo Action 6 Kamerabur med Snabbfäste och Handtag,,
product,skyddsfodral-insta360-x4-air-flymile-camera,protectionsfodral-insta360-x4-air-flymile-camera,/products/skyddsfodral-insta360-x4-air-flymile-camera,/products/protectionsfodral-insta360-x4-air-flymile-camera,YES,YES,Skyddsfodral till Insta360 X4 Air,,
product,osmo-action-6-magnetfaste-flymile-snabbfaste,osmo-action-6-magnetmount-flymile-snabbmount,/products/osmo-action-6-magnetfaste-flymile-snabbfaste,/products/osmo-action-6-magnetmount-flymile-snabbmount,YES,YES,Magnetiskt Snabbfäste till Osmo Action 6,,
product,dji-matrice-4d-4td-lktop-snabbladdare-uc363,dji-matrice-4d-4td-lktop-snabbcharger-uc363,/products/dji-matrice-4d-4td-lktop-snabbladdare-uc363,/products/dji-matrice-4d-4td-lktop-snabbcharger-uc363,YES,YES,DJI Matrice 4D / 4TD LKTOP Snabbladdare 300W,,
product,dji-pocket-3-axelvaska,dji-pocket-3-axelbag,/products/dji-pocket-3-axelvaska,/products/dji-pocket-3-axelbag,YES,YES,DJI Pocket 3 Axelväska för Actionkamera,,
product,dji-osmo-360-linsskydd-startrc-pc-protection,dji-osmo-360-lens-protector-startrc-pc-protection,/products/dji-osmo-360-linsskydd-startrc-pc-protection,/products/dji-osmo-360-lens-protector-startrc-pc-protection,YES,YES,DJI Osmo 360 linsskydd - STARTRC Linsskydd för DJI Osmo 360 Kamera,,
product,usb-c-for-micro-usb-adapterkabel-29cm,usb-c-for-micro-usb-adaptercable-29cm,/products/usb-c-for-micro-usb-adapterkabel-29cm,/products/usb-c-for-micro-usb-adaptercable-29cm,YES,YES,USB-C till Micro USB-adapterkabel 29cm,,
product,universal-mobilskydd-smartphones,universal-mobilprotection-smartphones,/products/universal-mobilskydd-smartphones,/products/universal-mobilprotection-smartphones,YES,YES,Universell Mobilskydd för Flera Smartphone-modeller,,
product,headset-mikrofon-vinklad-gaming-ljudkort,headset-microphone-vinklad-gaming-audiokort,/products/headset-mikrofon-vinklad-gaming-ljudkort,/products/headset-microphone-vinklad-gaming-audiokort,YES,YES,Headset Mikrofon Vinklad för Gaming och Kommunikation,,
product,cykelstyre-kamerafaste-actionkamera-universal-hall,cykelstyre-kameramount-actionkamera-universal-hall,/products/cykelstyre-kamerafaste-actionkamera-universal-hall,/products/cykelstyre-kameramount-actionkamera-universal-hall,YES,YES,"Universal Action Camera Bicycle Handlebar Clamp Holder Extension Rod, With Rod & Dual-Leg Crab & Dual-Head Crab Clamp, With 2 x  Dual-Head-Crab Clamp, With Rod & Dual-Head-Crab & Single-Crab Clamp",,
product,spelmikrofon-3-5mm-stereo,spelmicrophone-3-5mm-stereo,/products/spelmikrofon-3-5mm-stereo,/products/spelmicrophone-3-5mm-stereo,YES,YES,Högkvalitativ Spelmikrofon 3.5mm för Optimalt Ljud,,
product,dji-rc-2-solskydd-startrc-fjarrkontroll-protection,dji-rc-2-solprotection-startrc-remote-control-protection,/products/dji-rc-2-solskydd-startrc-fjarrkontroll-protection,/products/dji-rc-2-solprotection-startrc-remote-control-protection,YES,YES,STARTRC Solskydd för DJI RC och RC 2 Fjärrkontroll,,
product,imak-haradat-glasskydd-gopro-max,imak-haradat-glasprotection-gopro-max,/products/imak-haradat-glasskydd-gopro-max,/products/imak-haradat-glasprotection-gopro-max,YES,YES,imak Tempered Glass Film - Imak Härdat Glasskydd för GoPro Max,,
product,zj033mr-03-gaming-ljudkort-mikrofon,zj033mr-03-gaming-audiokort-microphone,/products/zj033mr-03-gaming-ljudkort-mikrofon,/products/zj033mr-03-gaming-audiokort-microphone,YES,YES,ZJ033MR-03 Gaming Ljudkort med Mikrofoningång,,
product,waterproof-sportvaska-stor-kapacitet-simning-gym,waterproof-sportbag-stor-kapacitet-simning-gym,/products/waterproof-sportvaska-stor-kapacitet-simning-gym,/products/waterproof-sportbag-stor-kapacitet-simning-gym,YES,YES,Vattentät Sportväska med Stor Kapacitet,,
product,zj033mr-03-17cm-stereo-3-5mm-vinklad-ljudkabel,zj033mr-03-17cm-stereo-3-5mm-vinklad-audiocable,/products/zj033mr-03-17cm-stereo-3-5mm-vinklad-ljudkabel,/products/zj033mr-03-17cm-stereo-3-5mm-vinklad-audiocable,YES,YES,ZJ033MR-03 17cm Stereo 3.5mm Ljudkabel med Vinklad Kontakt,,
product,forvaringslada-dji-osmo-battery-memory-card,storageslada-dji-osmo-battery-memory-card,/products/forvaringslada-dji-osmo-battery-memory-card,/products/storageslada-dji-osmo-battery-memory-card,YES,YES,Förvaringslåda för DJI Osmo Batteri och Minneskort,,
product,original-gold-mount-batteriadapter-dji,original-gold-mount-batteryadapter-dji,/products/original-gold-mount-batteriadapter-dji,/products/original-gold-mount-batteryadapter-dji,YES,YES,Original Gold-Fäste Battery - Gold-Fäste Batteriadapter för DJI,,
product,dji-sdr-surfplattehallare-original-faste,dji-sdr-surfplattehallare-original-mount,/products/dji-sdr-surfplattehallare-original-faste,/products/dji-sdr-surfplattehallare-original-mount,YES,YES,Original DJI SDR Surfplattehållare för Drönare,,
product,gimbal-kamerakabel-dji-inspire-pro-zenmuse-x5,gimbal-kameracable-dji-inspire-pro-zenmuse-x5,/products/gimbal-kamerakabel-dji-inspire-pro-zenmuse-x5,/products/gimbal-kameracable-dji-inspire-pro-zenmuse-x5,YES,YES,Gimbal Kamerakabel för DJI Inspire Pro Zenmuse X5,,
product,gimbal-flexkabel-dji-inspire-1-zenmuse-x3,gimbal-flexcable-dji-inspire-1-zenmuse-x3,/products/gimbal-flexkabel-dji-inspire-1-zenmuse-x3,/products/gimbal-flexcable-dji-inspire-1-zenmuse-x3,YES,YES,Gimbal Flexkabel för DJI Inspire 1 Zenmuse X3,,
product,dji-zenmuse-x9-m-bajonett-original-objektivfaste,dji-zenmuse-x9-m-bajonett-original-objektivmount,/products/dji-zenmuse-x9-m-bajonett-original-objektivfaste,/products/dji-zenmuse-x9-m-bajonett-original-objektivmount,YES,YES,Original DJI Zenmuse X9 M-bajonett,,
product,dji-rs-3-mini-snabbfaste,dji-rs-3-mini-snabbmount,/products/dji-rs-3-mini-snabbfaste,/products/dji-rs-3-mini-snabbmount,YES,YES,Original DJI RS 3 Mini Snabbfäste,,
product,dji-spark-propellers-vikbara-snabbfaste,dji-spark-propellers-vikbara-snabbmount,/products/dji-spark-propellers-vikbara-snabbfaste,/products/dji-spark-propellers-vikbara-snabbmount,YES,YES,DJI Spark Propellrar – Vikbara Snabbfästen,,
product,dji-pocket-3-kamerahus-original-skal,dji-pocket-3-kamerahus-original-shell,/products/dji-pocket-3-kamerahus-original-skal,/products/dji-pocket-3-kamerahus-original-shell,YES,YES,Original DJI Pocket 3 Kamerahus,,
product,dji-osmo-pocket-3-original-skyddsram-gangfaste,dji-osmo-pocket-3-original-protectionsram-gangmount,/products/dji-osmo-pocket-3-original-skyddsram-gangfaste,/products/dji-osmo-pocket-3-original-protectionsram-gangmount,YES,YES,DJI Osmo Pocket 3 Original - Original Skyddsram med Gängfäste för DJI,,
product,dji-phantom-4-rtk-ovre-skal,dji-phantom-4-rtk-ovre-shell,/products/dji-phantom-4-rtk-ovre-skal,/products/dji-phantom-4-rtk-ovre-shell,YES,YES,DJI Phantom 4 RTK Upper Shell - Övre Skal för DJI Phantom 4 RTK,,
product,skyddsglas-dji-osmo-pocket-3-original-kameralins,protectionsglas-dji-osmo-pocket-3-original-kameralins,/products/skyddsglas-dji-osmo-pocket-3-original-kameralins,/products/protectionsglas-dji-osmo-pocket-3-original-kameralins,YES,YES,Skyddsglas för DJI Osmo Pocket 3 Original Kameralins,,
product,fpc-kontakt-huvudskarm-dji-osmo-action-5-pro,fpc-contact-huvudskarm-dji-osmo-action-5-pro,/products/fpc-kontakt-huvudskarm-dji-osmo-action-5-pro,/products/fpc-contact-huvudskarm-dji-osmo-action-5-pro,YES,YES,1 Pair Main Display FPC - FPC-Kontakt för DJI Osmo,,
product,b049-kulhuvud-stor-surfplatta-faste,b049-kulhuvud-stor-surfplatta-mount,/products/b049-kulhuvud-stor-surfplatta-faste,/products/b049-kulhuvud-stor-surfplatta-mount,YES,YES,B049 Ball Head Large Tablet - B049 Kulhuvud för Stor Surfplatta,,
product,led-ogonvardslampa-skonhet-lasbelysning,led-ogonvardslampa-skonhet-laslighting,/products/led-ogonvardslampa-skonhet-lasbelysning,/products/led-ogonvardslampa-skonhet-laslighting,YES,YES,Live Beauty Fill Light LED Eye - LED Ögonvårdslampa för Skönhet,,
product,v6-1-3m-tradlost-live-sandningsstativ-multifunktio,v6-1-3m-wirelesst-live-sandningsstativ-multifunktio,/products/v6-1-3m-tradlost-live-sandningsstativ-multifunktio,/products/v6-1-3m-wirelesst-live-sandningsstativ-multifunktio,YES,YES,V6 1.3m Wireless Live - V6 1.3m Trådlöst Live Sändningsstativ,,
product,aluminium-legering-dubbelhuvud-kallsko-mobilfaste,aluminium-legering-dubbelhuvud-kallsko-mobilmount,/products/aluminium-legering-dubbelhuvud-kallsko-mobilfaste,/products/aluminium-legering-dubbelhuvud-kallsko-mobilmount,YES,YES,Aluminiumlegering Dual-Head Cold - Aluminium Mobilfäste med Dubbla,,
product,telesin-magnetiskt-mobilfaste-dual-klor,telesin-magnetiskt-mobilmount-dual-klor,/products/telesin-magnetiskt-mobilfaste-dual-klor,/products/telesin-magnetiskt-mobilmount-dual-klor,YES,YES,TELESIN Mobile Phone Magnetic - TELESIN Magnetiskt Mobilfäste,,
product,honor-watch-5-electroplated-tpu-skal-transparent,honor-watch-5-electroplated-tpu-shell-transparent,/products/honor-watch-5-electroplated-tpu-skal-transparent,/products/honor-watch-5-electroplated-tpu-shell-transparent,YES,YES,Transparent TPU-skal för Honor Watch 5 Electroplated,,
product,huawei-mate-30-skal,huawei-mate-30-shell,/products/huawei-mate-30-skal,/products/huawei-mate-30-shell,YES,YES,Huawei Mate 30 skal - Skyddsfodral med Cat Tree design,,
product,ipad-2025-2022-3-lager-skyddsfodral-marinbla-lime,ipad-2025-2022-3-lager-protectionsfodral-marinbla-lime,/products/ipad-2025-2022-3-lager-skyddsfodral-marinbla-lime,/products/ipad-2025-2022-3-lager-protectionsfodral-marinbla-lime,YES,YES,iPad 2025 / 2022 3-Layer - 3-Lagers Skyddsfodral för iPad 2025 / 2022,,
product,lenovo-tab-p11-case-silikon-rod,lenovo-tab-p11-case-silicone-rod,/products/lenovo-tab-p11-case-silikon-rod,/products/lenovo-tab-p11-case-silicone-rod,YES,YES,lenovo tab p11 fodral - Skyddande Silikonfodral för Lenovo Tab P11,,
product,startrc-hook-and-loop-fastener-universal-backpack-clip-mount-backpack-clip,startrc-hook-and-loop-mountser-universal-backpack-clip-mount-backpack-clip,/products/startrc-hook-and-loop-fastener-universal-backpack-clip-mount-backpack-clip,/products/startrc-hook-and-loop-mountser-universal-backpack-clip-mount-backpack-clip,YES,YES,"STARTRC Hook And Loop Fastener Universal Backpack Clip Mount, Backpack Clip",,
product,startrc-hook-and-loop-fastener-selfie-stick-quick-release-mount-hook-and-loop-mount,startrc-hook-and-loop-mountser-selfie-stick-quick-release-mount-hook-and-loop-mount,/products/startrc-hook-and-loop-fastener-selfie-stick-quick-release-mount-hook-and-loop-mount,/products/startrc-hook-and-loop-mountser-selfie-stick-quick-release-mount-hook-and-loop-mount,YES,YES,"STARTRC Hook And Loop Fastener Selfie Stick Quick-Release Mount, Hook And Loop Mount",,
product,silikonfodral-jbl-partybox-mikrofon,siliconefodral-jbl-partybox-microphone,/products/silikonfodral-jbl-partybox-mikrofon,/products/siliconefodral-jbl-partybox-microphone,YES,YES,partybox 710 - Silikonskydd för JBL PartyBox Mikrofon,,
product,magnetiskt-snabbfaste-dji-osmo-action-6-nano-ac603,magnetiskt-snabbmount-dji-osmo-action-6-nano-ac603,/products/magnetiskt-snabbfaste-dji-osmo-action-6-nano-ac603,/products/magnetiskt-snabbmount-dji-osmo-action-6-nano-ac603,YES,YES,Magnetiskt Snabbfäste med Karbinhake för DJI Osmo Action 6 / Nano,,
product,dji-osmo-nano-flymile-metallbur-skyddsram-on015,dji-osmo-nano-flymile-metal-cage-protectionsram-on015,/products/dji-osmo-nano-flymile-metallbur-skyddsram-on015,/products/dji-osmo-nano-flymile-metal-cage-protectionsram-on015,YES,YES,DJI Osmo Nano Flymile Metal,,
product,baseus-cakf000101-cafule-66w-usb-c-datakabel-1m-sv,baseus-cakf000101-cafule-66w-usb-c-datacable-1m-sv,/products/baseus-cakf000101-cafule-66w-usb-c-datakabel-1m-sv,/products/baseus-cakf000101-cafule-66w-usb-c-datacable-1m-sv,YES,YES,Baseus CAKF000101 Cafule 66W USB-C Kabel,,
product,electric-scooter-auxiliary-wheel-bracket-folding-wheel-bracket-for-xiaomi-m365-1s-pro-ninebot-f40-f30-f20-seriesblack,electric-scooter-auxiliary-wheel-bracket-folding-wheel-bracket-for-xiaomi-m365-1s-pro-ninebot-f40-f30-f20-seriessblack,/products/electric-scooter-auxiliary-wheel-bracket-folding-wheel-bracket-for-xiaomi-m365-1s-pro-ninebot-f40-f30-f20-seriesblack,/products/electric-scooter-auxiliary-wheel-bracket-folding-wheel-bracket-for-xiaomi-m365-1s-pro-ninebot-f40-f30-f20-seriessblack,YES,YES,Electric Scooter Auxiliary Wheel Bracket Folding Wheel Bracket For Xiaomi M365 / 1S / Pro / Ninebot / F40 / F30 / F20 Series(Black),,
product,ryggsacksfaste-gopro-optimal-actionkamerahantering,ryggsacksmount-gopro-optimal-actionkamerahantering,/products/ryggsacksfaste-gopro-optimal-actionkamerahantering,/products/ryggsacksmount-gopro-optimal-actionkamerahantering,YES,YES,Ryggsäcksfäste GoPro för Optimal Actionkamerahantering,,
product,gopro-mobilhallare-faste,gopro-mobilhallare-mount,/products/gopro-mobilhallare-faste,/products/gopro-mobilhallare-mount,YES,YES,GoPro Mobilhållare Fäste för Äventyrliga Filmer,,
product,gopro-session-skyddsram-skydda-your-gopro-session-l,gopro-session-protectionsram-protectiona-your-gopro-session-l,/products/gopro-session-skyddsram-skydda-your-gopro-session-l,/products/gopro-session-protectionsram-protectiona-your-gopro-session-l,YES,YES,GoPro Session skyddsram - Skydda din GoPro Session med en lågprofil sk,,
product,handstativ-selfiepinne-215-1050mm-flexibla-fotogra,handstativ-selfie-stick-215-1050mm-flexibla-fotogra,/products/handstativ-selfiepinne-215-1050mm-flexibla-fotogra,/products/handstativ-selfie-stick-215-1050mm-flexibla-fotogra,YES,YES,Handstativ - Selfiepinne 215-1050mm för Flexibla Fotograferingar,,
product,svanhalsstativ-metall-flexibelt-faste,svanhalsstativ-metall-flexibelt-mount,/products/svanhalsstativ-metall-flexibelt-faste,/products/svanhalsstativ-metall-flexibelt-mount,YES,YES,Svanhalsstativ Metall - Flexibelt Svanhalsstativ i Metall,,
product,faste-gopro-for-cykelstyre-and-sadelstolpe-ror-17-37mm,mount-gopro-for-cykelstyre-and-sadelstolpe-ror-17-37mm,/products/faste-gopro-for-cykelstyre-and-sadelstolpe-ror-17-37mm,/products/mount-gopro-for-cykelstyre-and-sadelstolpe-ror-17-37mm,YES,YES,Fäste GoPro till cykelstyre och sadelstolpe - Rör 17-37mm,,
product,practical-minneskortsforvaring-22-kort,practical-memory-cardssstorage-22-kort,/products/practical-minneskortsforvaring-22-kort,/products/practical-memory-cardssstorage-22-kort,YES,YES,Praktisk minneskortsförvaring för 22 kort,,
product,dji-reservbatteri,dji-reservbattery,/products/dji-reservbatteri,/products/dji-reservbattery,YES,YES,DJI Flip Reservbatteri för Optimal Drönarprestanda,,
product,gopro-roterande-faste-360-grader,gopro-roterande-mount-360-grader,/products/gopro-roterande-faste-360-grader,/products/gopro-roterande-mount-360-grader,YES,YES,GoPro Roterande Fäste 360 Grader för Optimal Filmning,,
product,hoverair-cykelfaste-for-saker-dronartransport,hoverair-cykelmount-for-saker-dronetransport,/products/hoverair-cykelfaste-for-saker-dronartransport,/products/hoverair-cykelmount-for-saker-dronetransport,YES,YES,HoverAir cykelfäste för säker - Säker Drönartransport med HoverAir,,
product,hoverair-x1-faste,hoverair-x1-mount,/products/hoverair-x1-faste,/products/hoverair-x1-mount,YES,YES,HoverAir X1 fäste för säker drönarhantering,,
product,boejbart-svanhalsstativ-klamma-snabbfaste-gopro,boejbart-svanhalsstativ-klamma-snabbmount-gopro,/products/boejbart-svanhalsstativ-klamma-snabbfaste-gopro,/products/boejbart-svanhalsstativ-klamma-snabbmount-gopro,YES,YES,Böjbart Svanhalsstativ med Klämma och Snabbfäste till GoPro,,
product,kamerafaste-vapen-picat-weaver,kameramount-vapen-picat-weaver,/products/kamerafaste-vapen-picat-weaver,/products/kameramount-vapen-picat-weaver,YES,YES,Kamerafäste för vapen Picatinny/Weaver – Kamerafäste för vapen - Picat,,
product,mangsiding-forlangningsarm-aluminium-kameror,mangsiding-forlangningsarm-aluminium-cameras,/products/mangsiding-forlangningsarm-aluminium-kameror,/products/mangsiding-forlangningsarm-aluminium-cameras,YES,YES,Mångsidig Förlängningsarm i Aluminium för Kameror,,
product,optimal-sele-axel-faste-camera-fotografer,optimal-sele-axel-mount-camera-fotografer,/products/optimal-sele-axel-faste-camera-fotografer,/products/optimal-sele-axel-mount-camera-fotografer,YES,YES,Optimal Sele för axel med med fäste för kamera för Fotografer - Optima,,
product,mellan-bag-camera-accessories-optimal-forvaring,mellan-bag-camera-accessories-optimal-storage,/products/mellan-bag-camera-accessories-optimal-forvaring,/products/mellan-bag-camera-accessories-optimal-storage,YES,YES,Mellan väska för kamera och tillbehör - Optimal förvaring,,
product,sakra-your-gopro-faste-1-4-skruv-mangsidighet,sakra-your-gopro-mount-1-4-skruv-mangsidighet,/products/sakra-your-gopro-faste-1-4-skruv-mangsidighet,/products/sakra-your-gopro-mount-1-4-skruv-mangsidighet,YES,YES,Säkra ditt GoPro fäste 1/4 skruv med mångsidighet,,
product,handstativ-selfiepinne-175-480mm,handstativ-selfie-stick-175-480mm,/products/handstativ-selfiepinne-175-480mm,/products/handstativ-selfie-stick-175-480mm,YES,YES,Mångsidigt Handstativ - Selfiepinne 175-480mm för Alla Dina Behov,,
product,gopro-adapter-1-4-s-faste-for-camera-tripod,gopro-adapter-1-4-s-mount-for-camera-tripod,/products/gopro-adapter-1-4-s-faste-for-camera-tripod,/products/gopro-adapter-1-4-s-mount-for-camera-tripod,YES,YES,GoPro Adapter 1/4 s Faste för Kamerastativ,,
product,sakerhetsfaste-for-camera-skydda-your-equipment,securitysmount-for-camera-protectiona-your-equipment,/products/sakerhetsfaste-for-camera-skydda-your-equipment,/products/securitysmount-for-camera-protectiona-your-equipment,YES,YES,Säkerhetsfäste för kamera – Skydda din utrustning med trygghet,,
product,snabbfaste-for-gopro-j-hook-saker-videoinspelning,snabbmount-for-gopro-j-hook-saker-videoinspelning,/products/snabbfaste-for-gopro-j-hook-saker-videoinspelning,/products/snabbmount-for-gopro-j-hook-saker-videoinspelning,YES,YES,"Snabbfäste till GoPro - ""J Hook"" för säker videoinspelning",,
product,lasplugg-for-snabbfaste-for-gopro,lasplugg-for-snabbmount-for-gopro,/products/lasplugg-for-snabbfaste-for-gopro,/products/lasplugg-for-snabbmount-for-gopro,YES,YES,Säkerställ dina tagningar med Låsplugg till snabbfäste för GoPro,,
product,stabil-filmning-dolly-gopro-faste,stabil-filmning-dolly-gopro-mount,/products/stabil-filmning-dolly-gopro-faste,/products/stabil-filmning-dolly-gopro-mount,YES,YES,Stabil filmning med Dolly med GoPro-fäste,,
product,handledsrem-snabbfaste-your-actionkamera,handledsrem-snabbmount-your-actionkamera,/products/handledsrem-snabbfaste-your-actionkamera,/products/handledsrem-snabbmount-your-actionkamera,YES,YES,Handledsrem med snabbfäste för din actionkamera,,
product,gopro-kamerafaste-for-kite-surf-drake-fangna-your,gopro-kameramount-for-kite-surf-drake-fangna-your,/products/gopro-kamerafaste-for-kite-surf-drake-fangna-your,/products/gopro-kameramount-for-kite-surf-drake-fangna-your,YES,YES,GoPro kamerafäste för kite/surf/drake – Fånga dina äventyr,,
product,kamerafaste-sugpropp-sugkopp-x3-stabil-montering,kameramount-sugpropp-sugkopp-x3-stabil-montering,/products/kamerafaste-sugpropp-sugkopp-x3-stabil-montering,/products/kameramount-sugpropp-sugkopp-x3-stabil-montering,YES,YES,Kamerafäste sugpropp / sugkopp x 3 för Stabil Montering,,
product,kamerafaste-sugpropp-sugkopp-x-3-360-grader,kameramount-sugpropp-sugkopp-x-3-360-grader,/products/kamerafaste-sugpropp-sugkopp-x-3-360-grader,/products/kameramount-sugpropp-sugkopp-x-3-360-grader,YES,YES,"Kamerafäste sugpropp / sugkopp x 3, 360 grader",,
product,gopro-faste-hjalm-krokt-yta-optimal-vinkel,gopro-mount-hjalm-krokt-yta-optimal-vinkel,/products/gopro-faste-hjalm-krokt-yta-optimal-vinkel,/products/gopro-mount-hjalm-krokt-yta-optimal-vinkel,YES,YES,GoPro-fäste för hjälm - Krökt Yta för Optimal Vinkel,,
product,flytande-handledsrem-snabbfaste-actionkamera-gul,flytande-handledsrem-snabbmount-actionkamera-gul,/products/flytande-handledsrem-snabbfaste-actionkamera-gul,/products/flytande-handledsrem-snabbmount-actionkamera-gul,YES,YES,Flytande Handledsrem med Snabbfäste för Actionkamera,,
product,sakert-gopro-sugproppsfaste-for-action-cameras,sakert-gopro-sugproppsmount-for-action-cameras,/products/sakert-gopro-sugproppsfaste-for-action-cameras,/products/sakert-gopro-sugproppsmount-for-action-cameras,YES,YES,Säkert GoPro Sugproppsfäste för Actionkameror,,
product,sakerhetslina-vajer-camera-metall-inkl-lasskruv,securityslina-vajer-camera-metall-inkl-lasskruv,/products/sakerhetslina-vajer-camera-metall-inkl-lasskruv,/products/securityslina-vajer-camera-metall-inkl-lasskruv,YES,YES,Säkerhetslina/vajer för kamera metall inkl. låsskruv,,
product,selfiepinne-with-tripod,selfie-stick-with-tripod,/products/selfiepinne-with-tripod,/products/selfie-stick-with-tripod,YES,YES,Mångsidig Selfiepinne med Stativ för Mobiltelefoner,,
product,flexibelt-ministativ-mangsidigt-stod,flexibelt-mini-tripod-mangsidigt-stod,/products/flexibelt-ministativ-mangsidigt-stod,/products/flexibelt-mini-tripod-mangsidigt-stod,YES,YES,Flexibelt Ministativ för Mobil och Kamera,,
product,gopro-snabbfaste-spannband-hjalm-optimal-filmvink,gopro-snabbmount-spannband-hjalm-optimal-filmvink,/products/gopro-snabbfaste-spannband-hjalm-optimal-filmvink,/products/gopro-snabbmount-spannband-hjalm-optimal-filmvink,YES,YES,GoPro-snabbfäste med spännband för hjälm för optimala filmvinklar,,
product,stabilisera-your-bilder-with-ett-ministativ-kulled,stabilisera-your-bilder-with-ett-mini-tripod-kulled,/products/stabilisera-your-bilder-with-ett-ministativ-kulled,/products/stabilisera-your-bilder-with-ett-mini-tripod-kulled,YES,YES,Stabilisera dina bilder med ett Ministativ kulled kamera,,
product,gopro-faste-hjalm-roterbart-360-grader,gopro-mount-hjalm-roterbart-360-grader,/products/gopro-faste-hjalm-roterbart-360-grader,/products/gopro-mount-hjalm-roterbart-360-grader,YES,YES,GoPro-fäste för hjälm roterbart 360 grader,,
product,kamerafaste-for-gopro-for-cykelstyre-lang-arm-aluminium-1,kameramount-for-gopro-for-cykelstyre-lang-arm-aluminium-1,/products/kamerafaste-for-gopro-for-cykelstyre-lang-arm-aluminium-1,/products/kameramount-for-gopro-for-cykelstyre-lang-arm-aluminium-1,YES,YES,Kamerafäste för GoPro till Cykelstyre - Lång arm - Aluminium,,
product,handfaste-for-gopro-360-grader-dynamiska-inspelnin,handmount-for-gopro-360-grader-dynamiska-inspelnin,/products/handfaste-for-gopro-360-grader-dynamiska-inspelnin,/products/handmount-for-gopro-360-grader-dynamiska-inspelnin,YES,YES,Handfäste för GoPro 360 grader för Dynamiska Inspelningar,,
product,mangs-digt-gopro-360-klamfaste-avenyr,mangs-digt-gopro-360-klammount-avenyr,/products/mangs-digt-gopro-360-klamfaste-avenyr,/products/mangs-digt-gopro-360-klammount-avenyr,YES,YES,Mångsidigt GoPro 360 klämfäste för dina äventyr,,
product,sakra-your-gopro-hjalmfaste-360-4-for-optimal-act,sakra-your-gopro-hjalmmount-360-4-for-optimal-act,/products/sakra-your-gopro-hjalmfaste-360-4-for-optimal-act,/products/sakra-your-gopro-hjalmmount-360-4-for-optimal-act,YES,YES,Säkra ditt GoPro hjälmfäste 360 4 för optimala action-bilder,,
product,xiaomi-yi-skal-linsskydd,xiaomi-yi-shell-lens-protector,/products/xiaomi-yi-skal-linsskydd,/products/xiaomi-yi-shell-lens-protector,YES,YES,Xiaomi Yi skal linsskydd - Skydda din Xiaomi Yi med ett robust skal oc,,
product,magnetfaste-gopro-flexibel-kamerahantering,magnetmount-gopro-flexibel-kamerahantering,/products/magnetfaste-gopro-flexibel-kamerahantering,/products/magnetmount-gopro-flexibel-kamerahantering,YES,YES,Magnetfäste till GoPro för Flexibel Kamerahantering,,
product,faste-gopro-cykelstyre-sadelstolpe-lankarm,mount-gopro-cykelstyre-sadelstolpe-lankarm,/products/faste-gopro-cykelstyre-sadelstolpe-lankarm,/products/mount-gopro-cykelstyre-sadelstolpe-lankarm,YES,YES,Fäste GoPro till cykelstyre - GoPro Fäste för Cykelstyre,,
product,linsskydd-xiaomi-yi,lens-protector-xiaomi-yi,/products/linsskydd-xiaomi-yi,/products/lens-protector-xiaomi-yi,YES,YES,Linsskydd Xiaomi Yi: Optimalt skydd för din actionkamera,,
product,gopro-snabbfaste-360-all-vinklar,gopro-snabbmount-360-all-vinklar,/products/gopro-snabbfaste-360-all-vinklar,/products/gopro-snabbmount-360-all-vinklar,YES,YES,Mångsidigt GoPro snabbfäste 360 för alla vinklar,,
product,efficient-minneskortsforvaring-sd-kort,efficient-memory-cardssstorage-sd-kort,/products/efficient-minneskortsforvaring-sd-kort,/products/efficient-memory-cardssstorage-sd-kort,YES,YES,Effektiv Minneskortsförvaring för Alla Dina Kort,,
product,komplett-gopro-tillbehorskit-20-i-1-optimal-filmni,komplett-gopro-accessoriesskit-20-i-1-optimal-filmni,/products/komplett-gopro-tillbehorskit-20-i-1-optimal-filmni,/products/komplett-gopro-accessoriesskit-20-i-1-optimal-filmni,YES,YES,Komplett GoPro Tillbehörskit 20-i-1 för Optimal Filmning,,
product,scharmskydd-for-gopro-hero5-6-7-skydda-your-gopro,scharmprotection-for-gopro-hero5-6-7-protectiona-your-gopro,/products/scharmskydd-for-gopro-hero5-6-7-skydda-your-gopro,/products/scharmprotection-for-gopro-hero5-6-7-protectiona-your-gopro,YES,YES,Skärmskydd till GoPro Hero5/6/7 - Skydda din GoPro Hero5/6/7 med ett S,,
product,linsskydd-for-gopro-hero5-6-7-skydda-your-gopro-he,lens-protector-for-gopro-hero5-6-7-protectiona-your-gopro-he,/products/linsskydd-for-gopro-hero5-6-7-skydda-your-gopro-he,/products/lens-protector-for-gopro-hero5-6-7-protectiona-your-gopro-he,YES,YES,Linsskydd till GoPro Hero5/6/7 - Skydda din GoPro Hero5/6/7 med ett Li,,
product,gopro-tillbehorskit-stort-stort-go,gopro-accessoriesskit-stort-stort-go,/products/gopro-tillbehorskit-stort-stort-go,/products/gopro-accessoriesskit-stort-stort-go,YES,YES,GoPro tillbehörskit stort Stort – GoPro tillbehörskit stort - Stort Go,,
product,stor-bag-camera-accessories-optimal-forvaring,stor-bag-camera-accessories-optimal-storage,/products/stor-bag-camera-accessories-optimal-forvaring,/products/stor-bag-camera-accessories-optimal-storage,YES,YES,Stor väska för kamera och tillbehör - Optimal förvaring,,
product,kamerafaste-ror-22-32mm-diameter,kameramount-ror-22-32mm-diameter,/products/kamerafaste-ror-22-32mm-diameter,/products/kameramount-ror-22-32mm-diameter,YES,YES,Kamerafäste för rör - 22-32mm diameter för säker montering,,
product,linsskydd-gopro-hero5-6-7-silikon-svart,lens-protector-gopro-hero5-6-7-silicone-svart,/products/linsskydd-gopro-hero5-6-7-silikon-svart,/products/lens-protector-gopro-hero5-6-7-silicone-svart,YES,YES,Linsskydd till GoPro Hero5/6/7 i Silikon - Svart,,
product,linsskydd-hardat-glas-gopro-hero5-6-7,lens-protector-hardat-glas-gopro-hero5-6-7,/products/linsskydd-hardat-glas-gopro-hero5-6-7,/products/lens-protector-hardat-glas-gopro-hero5-6-7,YES,YES,Linsskydd Härdat Glas - Linsskydd i Härdat Glas för GoPro Hero5/6/7,,
product,gopro-hero5-6-7-skyddsram-aluminium-uv,gopro-hero5-6-7-protectionsram-aluminium-uv,/products/gopro-hero5-6-7-skyddsram-aluminium-uv,/products/gopro-hero5-6-7-protectionsram-aluminium-uv,YES,YES,GoPro Hero5/6/7 skyddsram - Skydda din GoPro: Hero5/6/7 Skyddsram i Al,,
product,kraftig-skyddsram-gopro-hero-5-7,kraftig-protectionsram-gopro-hero-5-7,/products/kraftig-skyddsram-gopro-hero-5-7,/products/kraftig-protectionsram-gopro-hero-5-7,YES,YES,Kraftig GoPro Hero 5-7 - Kraftig Skyddsram till GoPro Hero 5-7,,
product,silikonskal-gopro-hero5-6-7-svart,silicone-case-gopro-hero5-6-7-svart,/products/silikonskal-gopro-hero5-6-7-svart,/products/silicone-case-gopro-hero5-6-7-svart,YES,YES,Silikonskal till GoPro Hero5/6/7 - Svart,,
product,silikonskal-gopro-hero5-6-7-orange,silicone-case-gopro-hero5-6-7-orange,/products/silikonskal-gopro-hero5-6-7-orange,/products/silicone-case-gopro-hero5-6-7-orange,YES,YES,Silikonskal till GoPro Hero5/6/7 - Orange för Optimalt Skydd,,
product,kamerafaste-gopro-cykelstyre-aluminium,kameramount-gopro-cykelstyre-aluminium,/products/kamerafaste-gopro-cykelstyre-aluminium,/products/kameramount-gopro-cykelstyre-aluminium,YES,YES,Kamerafäste för GoPro till Cykelstyre - Aluminium,,
product,handledsfaste-for-gopro-fast-maximal-flexibilitet,handledsmount-for-gopro-fast-maximal-flexibilitet,/products/handledsfaste-for-gopro-fast-maximal-flexibilitet,/products/handledsmount-for-gopro-fast-maximal-flexibilitet,YES,YES,Handledsfäste för GoPro - Fast för maximal flexibilitet,,
product,stabil-mobilhallare-selfiepinne-all-your-aventyr,stabil-mobilhallare-selfie-stick-all-your-aventyr,/products/stabil-mobilhallare-selfiepinne-all-your-aventyr,/products/stabil-mobilhallare-selfie-stick-all-your-aventyr,YES,YES,Stabil Mobilhållare Selfiepinne för Alla Dina Äventyr,,
product,gopro-hero5-6-linsskydd-skydda-your-gopro-hero5-6-m,gopro-hero5-6-lens-protector-protectiona-your-gopro-hero5-6-m,/products/gopro-hero5-6-linsskydd-skydda-your-gopro-hero5-6-m,/products/gopro-hero5-6-lens-protector-protectiona-your-gopro-hero5-6-m,YES,YES,GoPro Hero5/6 linsskydd - Skydda Din GoPro Hero5/6 med Ett Nytt Linssk,,
product,sakert-kamerafaste-sugpropp-action-cameras,sakert-kameramount-sugpropp-action-cameras,/products/sakert-kamerafaste-sugpropp-action-cameras,/products/sakert-kameramount-sugpropp-action-cameras,YES,YES,Säkert Kamerafäste Sugpropp för Actionkameror,,
product,vindskydd-gopro,vindprotection-gopro,/products/vindskydd-gopro,/products/vindprotection-gopro,YES,YES,Vindskydd GoPro för Klart Ljud i Alla Förhållanden,,
product,tripod-flexibelt-ministativ-blackfisk-all-situati,tripod-flexibelt-mini-tripod-blackfisk-all-situati,/products/tripod-flexibelt-ministativ-blackfisk-all-situati,/products/tripod-flexibelt-mini-tripod-blackfisk-all-situati,YES,YES,Tripod flexibelt ministativ - bläckfisk för alla situationer,,
product,hogkvalitativ-batterilucka-gopro-hero5-6,hogkvalitativ-batterylucka-gopro-hero5-6,/products/hogkvalitativ-batterilucka-gopro-hero5-6,/products/hogkvalitativ-batterylucka-gopro-hero5-6,YES,YES,Högkvalitativ Batterilucka GoPro Hero5/6,,
product,dubbelfaste-gopro-seriell-montering,dubbelmount-gopro-seriesll-montering,/products/dubbelfaste-gopro-seriell-montering,/products/dubbelmount-gopro-seriesll-montering,YES,YES,Dubbelfäste GoPro - Seriell - Dubbelfäste för GoPro – Seriell,,
product,hallbar-dji-mavic-pro-bag-for-trygg-forvaring,hallbar-dji-mavic-pro-bag-for-trygg-storage,/products/hallbar-dji-mavic-pro-bag-for-trygg-forvaring,/products/hallbar-dji-mavic-pro-bag-for-trygg-storage,YES,YES,Hållbar DJI Mavic Pro väska för trygg förvaring,,
product,gopro-cykelfaste-hjulnav-montera-your-gopro,gopro-cykelmount-hjulnav-montera-your-gopro,/products/gopro-cykelfaste-hjulnav-montera-your-gopro,/products/gopro-cykelmount-hjulnav-montera-your-gopro,YES,YES,GoPro cykelfäste hjulnav - Montera din GoPro med cykelfäste för hjulna,,
product,linsskydd-skarmskydd-gopro-hero7-silver-white,lens-protector-skarmprotection-gopro-hero7-silver-white,/products/linsskydd-skarmskydd-gopro-hero7-silver-white,/products/lens-protector-skarmprotection-gopro-hero7-silver-white,YES,YES,Linsskydd och skärmskydd till GoPro Hero7 Silver/White,,
product,osmo-pocket-mobilfaste-saker-montering,osmo-pocket-mobilmount-saker-montering,/products/osmo-pocket-mobilfaste-saker-montering,/products/osmo-pocket-mobilmount-saker-montering,YES,YES,Osmo Pocket mobilfäste för säker montering,,
product,gopro-hero-skyddsram-vlog,gopro-hero-protectionsram-vlog,/products/gopro-hero-skyddsram-vlog,/products/gopro-hero-protectionsram-vlog,YES,YES,GoPro Hero skyddsram vlog med smarta tillbehörsfästen,,
product,flexibel-trippel-blixtskoadapter-creative-belysning,flexibel-trippel-blixtskoadapter-creative-lighting,/products/flexibel-trippel-blixtskoadapter-creative-belysning,/products/flexibel-trippel-blixtskoadapter-creative-lighting,YES,YES,Flexibel Trippel Blixtskoadapter för K tiv Belysning,,
product,linsskydd-skarmskydd-dji-osmo-action-maximalt-skyd,lens-protector-skarmprotection-dji-osmo-action-maximalt-skyd,/products/linsskydd-skarmskydd-dji-osmo-action-maximalt-skyd,/products/lens-protector-skarmprotection-dji-osmo-action-maximalt-skyd,YES,YES,Linsskydd Skärmskydd DJI Osmo Action för Maximalt Skydd,,
product,motljusskydd-dji-pocket,motljusprotection-dji-pocket,/products/motljusskydd-dji-pocket,/products/motljusprotection-dji-pocket,YES,YES,Motljusskydd DJI Pocket - Motljusskydd för DJI Pocket – Klara Bilder,,
product,gopro-hero7-white-luc-usb-skyddslucka,gopro-hero7-white-luc-usb-protectionslucka,/products/gopro-hero7-white-luc-usb-skyddslucka,/products/gopro-hero7-white-luc-usb-protectionslucka,YES,YES,Skyddslucka och Ersättning för GoPro Hero7 White luc usb,,
product,gopro-hjalmfaste-haka,gopro-hjalmmount-haka,/products/gopro-hjalmfaste-haka,/products/gopro-hjalmmount-haka,YES,YES,GoPro hjälmfäste haka - GoPro Hjälmfäste för Hakan,,
product,silikonskal-for-gopro-hero8-black-handledsrem-svart,silicone-case-for-gopro-hero8-black-handledsrem-svart,/products/silikonskal-for-gopro-hero8-black-handledsrem-svart,/products/silicone-case-for-gopro-hero8-black-handledsrem-svart,YES,YES,Silikonskal till GoPro Hero8 Black - Handledsrem - Svart,,
product,linsskydd-skarmskydd-gopro-hero8-black-kit,lens-protector-skarmprotection-gopro-hero8-black-kit,/products/linsskydd-skarmskydd-gopro-hero8-black-kit,/products/lens-protector-skarmprotection-gopro-hero8-black-kit,YES,YES,Linsskydd och Skärmskydd till GoPro Hero8 Black - Kit,,
product,waterproof-skal-gopro-hero8,waterproof-shell-gopro-hero8,/products/waterproof-skal-gopro-hero8,/products/waterproof-shell-gopro-hero8,YES,YES,Vattentätt skal GoPro Hero8 – Dyk säkert med din kamera!,,
product,gopro-max-linsskydd-skydda-your-gopro-max,gopro-max-lens-protector-protectiona-your-gopro-max,/products/gopro-max-linsskydd-skydda-your-gopro-max,/products/gopro-max-lens-protector-protectiona-your-gopro-max,YES,YES,GoPro MAX linsskydd - Skydda din GoPro MAX med ett effektivt linsskydd,,
product,microfiberduk-for-elektronikrengoring-optimal-micr,microfiberduk-for-electronicsrengoring-optimal-micr,/products/microfiberduk-for-elektronikrengoring-optimal-micr,/products/microfiberduk-for-electronicsrengoring-optimal-micr,YES,YES,Microfiberduk för Elektronikrengöring Optimal – Microfiberduk för Elek,,
product,skyddsram-gopro-hero8-black,protectionsram-gopro-hero8-black,/products/skyddsram-gopro-hero8-black,/products/protectionsram-gopro-hero8-black,YES,YES,Skyddsram med tillbehörshållare cold shoe till GoPro Hero8 Black,,
product,skyddskapa-for-dji-mavic-miniimbal,protectionskapa-for-dji-mavic-miniimbal,/products/skyddskapa-for-dji-mavic-miniimbal,/products/protectionskapa-for-dji-mavic-miniimbal,YES,YES,Skyddskåpa till DJI Mavic Mini / Mini SE / Mini 2 / Mini 2 SE / Mini 4K - PTZ kamera / gimbal,,
product,motljusskydd-dji-mini-lins-protection,motljusprotection-dji-mini-lins-protection,/products/motljusskydd-dji-mini-lins-protection,/products/motljusprotection-dji-mini-lins-protection,YES,YES,Motljusskydd DJI Mini - Motljusskydd för DJI Mini Drönare,,
product,gopro-hero8-vindskydd,gopro-hero8-vindprotection,/products/gopro-hero8-vindskydd,/products/gopro-hero8-vindprotection,YES,YES,GoPro Hero8 Vindskydd för Kristallklart Ljud,,
product,mavic-2-propellers-orange-optimal-dronarflygning,mavic-2-propellers-orange-optimal-droneflygning,/products/mavic-2-propellers-orange-optimal-dronarflygning,/products/mavic-2-propellers-orange-optimal-droneflygning,YES,YES,Mavic 2 Propellrar Orange för Förbättrad Flygning,,
product,landningsstall-flytande-pontoner-for-dji-mavic-mini-mini-2-mini-2-se-mini-4k-kit,landing-gear-flytande-pontoner-for-dji-mavic-mini-mini-2-mini-2-se-mini-4k-kit,/products/landningsstall-flytande-pontoner-for-dji-mavic-mini-mini-2-mini-2-se-mini-4k-kit,/products/landing-gear-flytande-pontoner-for-dji-mavic-mini-mini-2-mini-2-se-mini-4k-kit,YES,YES,Landningsställ Flytande Pontoner till DJI Mavic Mini / Mini 2 / Mini 2 SE / Mini 4K - Kit,,
product,faste-gopro-for-cykel-motorcykel-and-ror-roterbart-360-grader-ror-25-30mm,mount-gopro-for-cykel-motorcykel-and-ror-roterbart-360-grader-ror-25-30mm,/products/faste-gopro-for-cykel-motorcykel-and-ror-roterbart-360-grader-ror-25-30mm,/products/mount-gopro-for-cykel-motorcykel-and-ror-roterbart-360-grader-ror-25-30mm,YES,YES,Fäste GoPro till cykel / motorcykel och rör - Roterbart 360 grader - Rör 25-30mm,,
product,gopro-mikrofonadapter-pro-3-5mm-for-hero12-11-10,gopro-microphoneadapter-pro-3-5mm-for-hero12-11-10,/products/gopro-mikrofonadapter-pro-3-5mm-for-hero12-11-10,/products/gopro-microphoneadapter-pro-3-5mm-for-hero12-11-10,YES,YES,GoPro Mikrofonadapter Pro 3.5mm till Hero12/11/10/9/8/7/6/5 Black / He,,
product,camera-faste-dji-mavic-2,camera-mount-dji-mavic-2,/products/camera-faste-dji-mavic-2,/products/camera-mount-dji-mavic-2,YES,YES,Fäste för kameral DJI Mavic 2 Pro / Zoom - undersida,,
product,ficklampsfaste-gopro-for-all-aventyr,ficklampsmount-gopro-for-all-aventyr,/products/ficklampsfaste-gopro-for-all-aventyr,/products/ficklampsmount-gopro-for-all-aventyr,YES,YES,Ficklampsfäste GoPro för alla - Ficklampsfäste GoPro för Dina Äventyr,,
product,scharmskydd-dji-smart-controller-rc-pro-fjarrkontr,scharmprotection-dji-smart-controller-rc-pro-fjarrkontr,/products/scharmskydd-dji-smart-controller-rc-pro-fjarrkontr,/products/scharmprotection-dji-smart-controller-rc-pro-fjarrkontr,YES,YES,Skärmskydd för DJI Smart Controller/ RC Pro fjärrkontroll - Skydda din,,
product,dji-mavic-air-2-2s-intelligent-flygbatteri,dji-mavic-air-2-2s-intelligent-flygbattery,/products/dji-mavic-air-2-2s-intelligent-flygbatteri,/products/dji-mavic-air-2-2s-intelligent-flygbattery,YES,YES,DJI Mavic Air 2/2S - Intelligent Flygbatteri,,
product,mobil-solskydd-drones,mobil-solprotection-drones,/products/mobil-solskydd-drones,/products/mobil-solprotection-drones,YES,YES,Mobil solskydd drönare - Mobil Solskydd för Drönare – Förbättrad Sikt,,
product,neck-strap-dji-fjarrkontroll-optimal-kontroll,neck-strap-dji-remote-control-optimal-kontroll,/products/neck-strap-dji-fjarrkontroll-optimal-kontroll,/products/neck-strap-dji-remote-control-optimal-kontroll,YES,YES,Nackrem DJI fjärrkontroll för optimal kontroll,,
product,linsskydd-gopro-max-2-pack,lens-protector-gopro-max-2-pack,/products/linsskydd-gopro-max-2-pack,/products/lens-protector-gopro-max-2-pack,YES,YES,Skydda din GoPro MAX med Linsskydd GoPro MAX - 2-Pack,,
product,skyddskapa-for-dji-mavic-air-2-ptz-camera-gimbal,protectionskapa-for-dji-mavic-air-2-ptz-camera-gimbal,/products/skyddskapa-for-dji-mavic-air-2-ptz-camera-gimbal,/products/protectionskapa-for-dji-mavic-air-2-ptz-camera-gimbal,YES,YES,Skyddskåpa till DJI Mavic Air 2 -  PTZ kamera / gimbal,,
product,effektivt-solskydd-for-dji-smart-controller,effektivt-solprotection-for-dji-smart-controller,/products/effektivt-solskydd-for-dji-smart-controller,/products/effektivt-solprotection-for-dji-smart-controller,YES,YES,Effektivt Solskydd för DJI - Solskydd för DJI Smart Controller,,
product,ulanzi-u-pad-pro-faste-hallare-padda-for-1-4-skruv-aluminium,ulanzi-u-pad-pro-mount-hallare-padda-for-1-4-skruv-aluminium,/products/ulanzi-u-pad-pro-faste-hallare-padda-for-1-4-skruv-aluminium,/products/ulanzi-u-pad-pro-mount-hallare-padda-for-1-4-skruv-aluminium,YES,YES,"Ulanzi U-Pad Pro Fäste - hållare Padda till 1/4"" skruv - Aluminium",,
product,faste-dubbelledad-for-ror-cykel-mc-360-kulled-kraftig-aluminium-kit,mount-dubbelledad-for-ror-cykel-mc-360-kulled-kraftig-aluminium-kit,/products/faste-dubbelledad-for-ror-cykel-mc-360-kulled-kraftig-aluminium-kit,/products/mount-dubbelledad-for-ror-cykel-mc-360-kulled-kraftig-aluminium-kit,YES,YES,"Fäste dubbelledad för rör, cykel, MC - 360 kulled - Kraftig - Aluminium - Kit",,
product,ulanzi-vijim-vl66-led-belysning,ulanzi-vijim-vl66-led-lighting,/products/ulanzi-vijim-vl66-led-belysning,/products/ulanzi-vijim-vl66-led-lighting,YES,YES,Ulanzi VIJIM VL66: Professionell LED-belysning för kreatörer,,
product,linsskydd-and-skarmskydd-for-gopro-hero12-11-mini-10-9-black-kit,lens-protector-and-skarmprotection-for-gopro-hero12-11-mini-10-9-black-kit,/products/linsskydd-and-skarmskydd-for-gopro-hero12-11-mini-10-9-black-kit,/products/lens-protector-and-skarmprotection-for-gopro-hero12-11-mini-10-9-black-kit,YES,YES,Linsskydd och Skärmskydd till GoPro Hero12/11/Mini/10/9 Black - Kit,,
product,ulanzi-u-70-kulledsfaste-flexibelt-stabilt,ulanzi-u-70-kulledsmount-flexibelt-stabilt,/products/ulanzi-u-70-kulledsfaste-flexibelt-stabilt,/products/ulanzi-u-70-kulledsmount-flexibelt-stabilt,YES,YES,Ulanzi U-70 kulledsfäste: Flexibelt och stabilt för dina behov,,
product,telesin-batterilucka-genomforing-usb-gopro-hero13,telesin-batterylucka-genomforing-usb-gopro-hero13,/products/telesin-batterilucka-genomforing-usb-gopro-hero13,/products/telesin-batterylucka-genomforing-usb-gopro-hero13,YES,YES,Telesin Batterilucka med genomföring USB till GoPro Hero13/12/11/10/9,,
product,puluz-skyddsram-vlog-aluminium,puluz-protectionsram-vlog-aluminium,/products/puluz-skyddsram-vlog-aluminium,/products/puluz-protectionsram-vlog-aluminium,YES,YES,Puluz Skyddsram Vlog Aluminium med tillbehörshållare cold shoe och UV-filter till GoPro Hero12/11/10/9 Black,,
product,osmo-pocket-2-faste-1-4-tum-skruvadapter-flexibel,osmo-pocket-2-mount-1-4-tum-skruvadapter-flexibel,/products/osmo-pocket-2-faste-1-4-tum-skruvadapter-flexibel,/products/osmo-pocket-2-mount-1-4-tum-skruvadapter-flexibel,YES,YES,Osmo Pocket 2 Fäste 1/4 Tum Skruvadapter för Flexibel Montering,,
product,skyddsram-tillbehorshallare-cold-shoe-gopro-hero12,protectionsram-accessoriesshallare-cold-shoe-gopro-hero12,/products/skyddsram-tillbehorshallare-cold-shoe-gopro-hero12,/products/protectionsram-accessoriesshallare-cold-shoe-gopro-hero12,YES,YES,Skyddsram med tillbehörshållare Cold Shoe till GoPro Hero12/11/10/9 Bl,,
product,batterilucka-with-genomforing-usb-for-gopro-hero12-11-10-9-black-aluminium,batterylucka-with-genomforing-usb-for-gopro-hero12-11-10-9-black-aluminium,/products/batterilucka-with-genomforing-usb-for-gopro-hero12-11-10-9-black-aluminium,/products/batterylucka-with-genomforing-usb-for-gopro-hero12-11-10-9-black-aluminium,YES,YES,Batterilucka med genomföring USB till GoPro Hero12/11/10/9 Black - Aluminium,,
product,telesin-handstativ-selfiepinne-kolfiber-440-3000mm,telesin-handstativ-selfie-stick-kolfiber-440-3000mm,/products/telesin-handstativ-selfiepinne-kolfiber-440-3000mm,/products/telesin-handstativ-selfie-stick-kolfiber-440-3000mm,YES,YES,Telesin Handstativ - Selfiepinne Kolfiber 440-3000mm - V2.0,,
product,telesin-battery-charger-forvaring-microsd,telesin-battery-charger-storage-microsd,/products/telesin-battery-charger-forvaring-microsd,/products/telesin-battery-charger-storage-microsd,YES,YES,Telesin Batteriladdare för Actionkamerabatterier med Smart Förvaring,,
product,telesin-faste-hjalm-vid-haka-gopro-faste-vikbar,telesin-mount-hjalm-vid-haka-gopro-mount-vikbar,/products/telesin-faste-hjalm-vid-haka-gopro-faste-vikbar,/products/telesin-mount-hjalm-vid-haka-gopro-mount-vikbar,YES,YES,Telesin Fäste för hjälm vid haka - GoPro - Kvalitet & Snabb Leverans,,
product,boya-by-mm1-mikrofonfaste-optimal-ljudkvalitet,boya-by-mm1-microphonemount-optimal-audiokvalitet,/products/boya-by-mm1-mikrofonfaste-optimal-ljudkvalitet,/products/boya-by-mm1-microphonemount-optimal-audiokvalitet,YES,YES,Boya BY-MM1 Mikrofonfäste för Bättre Ljud,,
product,forvaringslada-for-batteries-for-gopro-hero12-11-10-9-8-7-6-5-4-3-black,storageslada-for-batteries-for-gopro-hero12-11-10-9-8-7-6-5-4-3-black,/products/forvaringslada-for-batteries-for-gopro-hero12-11-10-9-8-7-6-5-4-3-black,/products/storageslada-for-batteries-for-gopro-hero12-11-10-9-8-7-6-5-4-3-black,YES,YES,Förvaringslåda för batterier till GoPro Hero12/11/10/9/8/7/6/5/4/3 Black,,
product,ugreen-usb-c-usb-a-card-reader-minneskortlasare-with-dual-usb-anslutningar-5gbps,ugreen-usb-c-usb-a-card-reader-memory-cardslasare-with-dual-usb-anslutningar-5gbps,/products/ugreen-usb-c-usb-a-card-reader-minneskortlasare-with-dual-usb-anslutningar-5gbps,/products/ugreen-usb-c-usb-a-card-reader-memory-cardslasare-with-dual-usb-anslutningar-5gbps,YES,YES,Ugreen USB-C / USB-A Card Reader - Minneskortläsare med dubbla USB-anslutningar - 5Gbps,,
product,telesin-batterilad-forvar-actionkamera,telesin-batterylad-forvar-actionkamera,/products/telesin-batterilad-forvar-actionkamera,/products/telesin-batterylad-forvar-actionkamera,YES,YES,Telesin batterilad forvar för dina actionkamerabatterier,,
product,silikonfodral-with-karbinhake-apple-airtag-svart,siliconefodral-with-karbinhake-apple-airtag-svart,/products/silikonfodral-with-karbinhake-apple-airtag-svart,/products/siliconefodral-with-karbinhake-apple-airtag-svart,YES,YES,Silikonfodral med karbinhake för Apple AirTag - Svart,,
product,silikonfodral-with-karbinhake-apple-airtag-vit,siliconefodral-with-karbinhake-apple-airtag-vit,/products/silikonfodral-with-karbinhake-apple-airtag-vit,/products/siliconefodral-with-karbinhake-apple-airtag-vit,YES,YES,Silikonfodral med karbinhake för Apple AirTag - Vit,,
product,silikonfodral-with-rund-karbinhake-apple-airtag-gra,siliconefodral-with-rund-karbinhake-apple-airtag-gra,/products/silikonfodral-with-rund-karbinhake-apple-airtag-gra,/products/siliconefodral-with-rund-karbinhake-apple-airtag-gra,YES,YES,Silikonfodral med rund karbinhake för Apple AirTag - Grå,,
product,silikonfodral-with-rund-karbinhake-apple-airtag-vit,siliconefodral-with-rund-karbinhake-apple-airtag-vit,/products/silikonfodral-with-rund-karbinhake-apple-airtag-vit,/products/siliconefodral-with-rund-karbinhake-apple-airtag-vit,YES,YES,Silikonfodral med rund karbinhake för Apple AirTag - Vit,,
product,silikonfodral-with-oglor-for-apple-airtag-svart,siliconefodral-with-oglor-for-apple-airtag-svart,/products/silikonfodral-with-oglor-for-apple-airtag-svart,/products/siliconefodral-with-oglor-for-apple-airtag-svart,YES,YES,Silikonfodral med öglor för Apple AirTag - Svart,,
product,vasca-for-kablar-accessories-tech-medium,vasca-for-cables-accessories-tech-medium,/products/vasca-for-kablar-accessories-tech-medium,/products/vasca-for-cables-accessories-tech-medium,YES,YES,"Väska för kablar tillbehör – Väska för kablar, tillbehör, teknik - Med",,
product,hogkvalitativt-mikrofonvindskydd-optimal-ljudkvali,hogkvalitativt-microphonevindprotection-optimal-audiokvali,/products/hogkvalitativt-mikrofonvindskydd-optimal-ljudkvali,/products/hogkvalitativt-microphonevindprotection-optimal-audiokvali,YES,YES,Högkvalitativt Mikrofonvindskydd för Optimal Ljudkvalitet,,
product,flytande-skyddsskal-gopro-hero-black,flytande-protectionsshell-gopro-hero-black,/products/flytande-skyddsskal-gopro-hero-black,/products/flytande-protectionsshell-gopro-hero-black,YES,YES,Flytande skyddsskal till GoPro - Flytande Skyddsskal för GoPro Hero,,
product,silikonfodral-with-tejp-for-apple-airtag-vit,siliconefodral-with-tejp-for-apple-airtag-vit,/products/silikonfodral-with-tejp-for-apple-airtag-vit,/products/siliconefodral-with-tejp-for-apple-airtag-vit,YES,YES,Silikonfodral med Tejp för Apple AirTag - Vit,,
product,silikonfodral-with-tejp-for-apple-airtag-svart,siliconefodral-with-tejp-for-apple-airtag-svart,/products/silikonfodral-with-tejp-for-apple-airtag-svart,/products/siliconefodral-with-tejp-for-apple-airtag-svart,YES,YES,Silikonfodral med Tejp för Apple AirTag - Svart,,
product,mobilfaste-actionkamera-stabil-inspelning,mobilmount-actionkamera-stabil-inspelning,/products/mobilfaste-actionkamera-stabil-inspelning,/products/mobilmount-actionkamera-stabil-inspelning,YES,YES,Mobilfäste Actionkamera för Stabil Inspelning,,
product,matta-for-reparationer-varmetalig-with-magneter-35x25cm-silikon,matta-for-repairer-thermaltalig-with-magneter-35x25cm-silicone,/products/matta-for-reparationer-varmetalig-with-magneter-35x25cm-silikon,/products/matta-for-repairer-thermaltalig-with-magneter-35x25cm-silicone,YES,YES,Matta för reparationer - Värmetålig med magneter 35x25cm - Silikon,,
product,dji-mavic-2-pro-spak-fjarrkontroll,dji-mavic-2-pro-spak-remote-control,/products/dji-mavic-2-pro-spak-fjarrkontroll,/products/dji-mavic-2-pro-spak-remote-control,YES,YES,DJI Mavic 2 Pro Spak för Fjärrkontroll,,
product,ulanzi-i-light-rgb-led-belysning-foto-video,ulanzi-i-light-rgb-led-lighting-foto-video,/products/ulanzi-i-light-rgb-led-belysning-foto-video,/products/ulanzi-i-light-rgb-led-lighting-foto-video,YES,YES,LED-belysning foto video - Ulanzi i-Light RGB LED-belysning för Foto,,
product,ulanzi-l2-cute-light-waterproof-belysning-led-for-foto-video-800mah-internt-battery-1000-lux-kit,ulanzi-l2-cute-light-waterproof-lighting-led-for-foto-video-800mah-internt-battery-1000-lux-kit,/products/ulanzi-l2-cute-light-waterproof-belysning-led-for-foto-video-800mah-internt-battery-1000-lux-kit,/products/ulanzi-l2-cute-light-waterproof-lighting-led-for-foto-video-800mah-internt-battery-1000-lux-kit,YES,YES,Ulanzi L2 Cute Light Vattentät Belysning LED för foto / video - 800mAh internt batteri - 1000 Lux - Kit,,
product,master-airscrew-kit-dronaruppgradering,master-airscrew-kit-droneuppgradering,/products/master-airscrew-kit-dronaruppgradering,/products/master-airscrew-kit-droneuppgradering,YES,YES,Master Airscrew Kit för Drönaruppgradering,,
product,motljusskydd-dji-air-2s-mavic-air-2,motljusprotection-dji-air-2s-mavic-air-2,/products/motljusskydd-dji-air-2s-mavic-air-2,/products/motljusprotection-dji-air-2s-mavic-air-2,YES,YES,Motljusskydd DJI Air 2S - Motljusskydd för DJI Air 2S och Mavic Air 2,,
product,telesin-skal-action-2-protection,telesin-shell-action-2-protection,/products/telesin-skal-action-2-protection,/products/telesin-shell-action-2-protection,YES,YES,Telesin skal Action 2: Optimalt skydd för din actionkamera,,
product,fjarrkontroll-smart-remote-v2-for-gopro-hero13-12-11-mini-10-9-8-black-max-mobil,remote-control-smart-remote-v2-for-gopro-hero13-12-11-mini-10-9-8-black-max-mobil,/products/fjarrkontroll-smart-remote-v2-for-gopro-hero13-12-11-mini-10-9-8-black-max-mobil,/products/remote-control-smart-remote-v2-for-gopro-hero13-12-11-mini-10-9-8-black-max-mobil,YES,YES,Fjärrkontroll Smart Remote V2 till GoPro Hero13/12/11/Mini/10/9/8 Black/MAX & Mobil,,
product,magsafe-faste-iphone-ulanzi-st,magsafe-mount-iphone-ulanzi-st,/products/magsafe-faste-iphone-ulanzi-st,/products/magsafe-mount-iphone-ulanzi-st,YES,YES,Ulanzi Magsafe iPhone Stativfäste för Professionellt Användande,,
product,motljusskydd-dji-mavic-3,motljusprotection-dji-mavic-3,/products/motljusskydd-dji-mavic-3,/products/motljusprotection-dji-mavic-3,YES,YES,Motljusskydd Mavic - Motljusskydd för DJI Mavic 3 Drönare,,
product,nitecore-21700-battery-4-hogkapacitetsbatteri-krav,nitecore-21700-battery-4-hogkapacitetsbattery-krav,/products/nitecore-21700-battery-4-hogkapacitetsbatteri-krav,/products/nitecore-21700-battery-4-hogkapacitetsbattery-krav,YES,YES,Nitecore 21700 batteri 4: Högkapacitetsbatteri för krävande användning,,
product,telesin-faste-sugpropp-dubbelledad-360-kulled-kraf,telesin-mount-sugpropp-dubbelledad-360-kulled-kraf,/products/telesin-faste-sugpropp-dubbelledad-360-kulled-kraf,/products/telesin-mount-sugpropp-dubbelledad-360-kulled-kraf,YES,YES,Telesin Fäste Sugpropp dubbelledad - 360 kulled - Kraftig - Aluminium,,
product,silikonfodral-dji-rc-pro-fjarrkontroll-svart,siliconefodral-dji-rc-pro-remote-control-svart,/products/silikonfodral-dji-rc-pro-fjarrkontroll-svart,/products/siliconefodral-dji-rc-pro-remote-control-svart,YES,YES,Silikonfodral för DJI RC Pro fjärrkontroll - Svart,,
product,faste-hallare-for-camera-accessories-for-dji-mavic-3-series-multi,mount-hallare-for-camera-accessories-for-dji-mavic-3-series-multi,/products/faste-hallare-for-camera-accessories-for-dji-mavic-3-series-multi,/products/mount-hallare-for-camera-accessories-for-dji-mavic-3-series-multi,YES,YES,Fäste / hållare för kamera / tillbehör till DJI Mavic 3 Serien - Multi,,
product,ulanzi-st-29-mobilhallare-flexibelt-faste-your-enhe,ulanzi-st-29-mobilhallare-flexibelt-mount-your-enhe,/products/ulanzi-st-29-mobilhallare-flexibelt-faste-your-enhe,/products/ulanzi-st-29-mobilhallare-flexibelt-mount-your-enhe,YES,YES,Ulanzi ST-29 Mobilhållare: Flexibelt Fäste för Din Enhet,,
product,dji-mini-3-pro-rc-n1-fjarrkontroll,dji-mini-3-pro-rc-n1-remote-control,/products/dji-mini-3-pro-rc-n1-fjarrkontroll,/products/dji-mini-3-pro-rc-n1-remote-control,YES,YES,DJI Mini 3 Pro + DJI RC-N1 - DJI Mini 3 Pro Drönare med RC-N1,,
product,mavic-3-propellers-for-optimal-dronarprestanda,mavic-3-propellers-for-optimal-droneprestanda,/products/mavic-3-propellers-for-optimal-dronarprestanda,/products/mavic-3-propellers-for-optimal-droneprestanda,YES,YES,Mavic 3 Propellrar för Optimal - Mavic 3 Propellrar för Förbättrad,,
product,skarmsskydd-dji-rc-rc2-fjarrkontroll-2-pack-kit,skarmsprotection-dji-rc-rc2-remote-control-2-pack-kit,/products/skarmsskydd-dji-rc-rc2-fjarrkontroll-2-pack-kit,/products/skarmsprotection-dji-rc-rc2-remote-control-2-pack-kit,YES,YES,Skärmskydd för DJI RC / RC 2 Fjärrkontroll - 2-Pack - Kit,,
product,landningsstall-forlangning-medar-dji-mini-3-pro-in,landing-gear-forlangning-medar-dji-mini-3-pro-in,/products/landningsstall-forlangning-medar-dji-mini-3-pro-in,/products/landing-gear-forlangning-medar-dji-mini-3-pro-in,YES,YES,Landningsställ förlängning medar till DJI Mini 3 Pro - Infällbara,,
product,dji-rc-smart-controller-naesta-niva-av-dronarkontr,dji-rc-smart-controller-naesta-niva-av-dronekontr,/products/dji-rc-smart-controller-naesta-niva-av-dronarkontr,/products/dji-rc-smart-controller-naesta-niva-av-dronekontr,YES,YES,DJI RC Smart Controller: Nästa Nivå för Drönarflygning,,
product,motljusskydd-for-dji-mini-3-pro-optimal-bildkvali,motljusprotection-for-dji-mini-3-pro-optimal-bildkvali,/products/motljusskydd-for-dji-mini-3-pro-optimal-bildkvali,/products/motljusprotection-for-dji-mini-3-pro-optimal-bildkvali,YES,YES,Motljusskydd till DJI Mini 3 Pro – Optimal bildkvalitet,,
product,dji-rc-smart-solskydd-optimal-visibilitet,dji-rc-smart-solprotection-optimal-visibilitet,/products/dji-rc-smart-solskydd-optimal-visibilitet,/products/dji-rc-smart-solprotection-optimal-visibilitet,YES,YES,DJI RC Smart Solskydd för Bättre Flygupplevelse,,
product,telesin-batteries-3st-allinbox-forvaring,telesin-batteries-3st-allinbox-storage,/products/telesin-batteries-3st-allinbox-forvaring,/products/telesin-batteries-3st-allinbox-storage,YES,YES,Telesin Batterier och All-in-Box Förvaringslösning,,
product,baseus-bluetooth-5-0-usb-adapter-tradlos-anslutnin,baseus-bluetooth-5-0-usb-adapter-wireless-anslutnin,/products/baseus-bluetooth-5-0-usb-adapter-tradlos-anslutnin,/products/baseus-bluetooth-5-0-usb-adapter-wireless-anslutnin,YES,YES,Baseus Bluetooth 5.0 Trådlös USB-adapter för Dator,,
product,dji-fjarrkontrollspak-aluminium-precision,dji-remote-controlspak-aluminium-precision,/products/dji-fjarrkontrollspak-aluminium-precision,/products/dji-remote-controlspak-aluminium-precision,YES,YES,DJI fjärrkontrollspak - Fjärrkontrollspak i Aluminium för DJI Drönare,,
product,stick-spak-extra-lang-with-360-lasning-for-dji-rc-rc-2-fjarrkontroll-2-pack-aluminium-titan-kit,stick-spak-extra-lang-with-360-lasning-for-dji-rc-rc-2-remote-control-2-pack-aluminium-titan-kit,/products/stick-spak-extra-lang-with-360-lasning-for-dji-rc-rc-2-fjarrkontroll-2-pack-aluminium-titan-kit,/products/stick-spak-extra-lang-with-360-lasning-for-dji-rc-rc-2-remote-control-2-pack-aluminium-titan-kit,YES,YES,Stick / Spak Extra Lång med 360° Låsning till DJI RC / RC 2 Fjärrkontroll - 2-pack Aluminium - Titan - Kit,,
product,baseus-30w-vaggladdare-kompakt,baseus-30w-vaggcharger-kompakt,/products/baseus-30w-vaggladdare-kompakt,/products/baseus-30w-vaggcharger-kompakt,YES,YES,Baseus 30W Väggladdare för Effektiv Snabbladdning,,
product,dji-rc-pro-protection-kontrollskydd,dji-rc-pro-protection-kontrollprotection,/products/dji-rc-pro-protection-kontrollskydd,/products/dji-rc-pro-protection-kontrollprotection,YES,YES,Optimalt DJI RC Pro Skydd för Din Fjärrkontroll,,
product,baseus-particular-digital-display-car-snabbladdare-bil-qc4-pps-65w-2xusb-typ-a-c-with-display-gra,baseus-particular-digital-display-car-snabbcharger-bil-qc4-pps-65w-2xusb-typ-a-c-with-display-gra,/products/baseus-particular-digital-display-car-snabbladdare-bil-qc4-pps-65w-2xusb-typ-a-c-with-display-gra,/products/baseus-particular-digital-display-car-snabbcharger-bil-qc4-pps-65w-2xusb-typ-a-c-with-display-gra,YES,YES,"Baseus Particular Digital Display Car - Snabbladdare Bil QC4+ / PPS 65W - 2xUSB Typ A/C, Med Display - Grå",,
product,nitecore-nu05-v2-kompakt-kraftfull-sakerhetslampa,nitecore-nu05-v2-kompakt-kraftfull-securityslampa,/products/nitecore-nu05-v2-kompakt-kraftfull-sakerhetslampa,/products/nitecore-nu05-v2-kompakt-kraftfull-securityslampa,YES,YES,Nitecore NU05 V2: Kompakt och Kraftfull Säkerhetslampa,,
product,linsskydd-skarmskydd-dji-osmo-action-3-2-pack-kit,lens-protector-skarmprotection-dji-osmo-action-3-2-pack-kit,/products/linsskydd-skarmskydd-dji-osmo-action-3-2-pack-kit,/products/lens-protector-skarmprotection-dji-osmo-action-3-2-pack-kit,YES,YES,Linsskydd och Skärmskydd till DJI Osmo Action 3 - 2-Pack - Kit,,
product,kulledsfaste-1-4-mini-4-flexibel-montering,kulledsmount-1-4-mini-4-flexibel-montering,/products/kulledsfaste-1-4-mini-4-flexibel-montering,/products/kulledsmount-1-4-mini-4-flexibel-montering,YES,YES,"Kulledsfäste 1/4"" Mini 4 för Flexibel Montering",,
product,baseus-gan3-pro-100w-bordsladdare,baseus-gan3-pro-100w-bordscharger,/products/baseus-gan3-pro-100w-bordsladdare,/products/baseus-gan3-pro-100w-bordscharger,YES,YES,Baseus GaN3 Pro 100W Kraftfull Bordsladdare,,
product,gopro-hero7-linsskydd-skydda-your-gopro-hero7-with-e,gopro-hero7-lens-protector-protectiona-your-gopro-hero7-with-e,/products/gopro-hero7-linsskydd-skydda-your-gopro-hero7-with-e,/products/gopro-hero7-lens-protector-protectiona-your-gopro-hero7-with-e,YES,YES,GoPro Hero7 linsskydd - Skydda Din GoPro Hero7 med ett Pålitligt Linss,,
product,ulanzi-go-quick-ii-faste,ulanzi-go-quick-ii-mount,/products/ulanzi-go-quick-ii-faste,/products/ulanzi-go-quick-ii-mount,YES,YES,Ulanzi Go Quick II Fäste för Snabba Kamerabyten,,
product,scharmskydd-for-insta360-x3-hardat-glas-kvalitet,scharmprotection-for-insta360-x3-hardat-glas-kvalitet,/products/scharmskydd-for-insta360-x3-hardat-glas-kvalitet,/products/scharmprotection-for-insta360-x3-hardat-glas-kvalitet,YES,YES,Skärmskydd till Insta360 X3 Härdat Glas  - Kvalitet & Snabb Leverans -,,
product,dji-avata-gimbalskydd-aluminium,dji-avata-gimbalprotection-aluminium,/products/dji-avata-gimbalskydd-aluminium,/products/dji-avata-gimbalprotection-aluminium,YES,YES,DJI Avata Gimbalskydd i Aluminium,,
product,hogkvalitativ-usb-c-skyddsplugg-silikon-your-enhet,hogkvalitativ-usb-c-protectionsplugg-silicone-your-enhet,/products/hogkvalitativ-usb-c-skyddsplugg-silikon-your-enhet,/products/hogkvalitativ-usb-c-protectionsplugg-silicone-your-enhet,YES,YES,Högkvalitativ USB-C skyddsplugg silikon för dina enheter - Högkvalitat,,
product,linsskydd-dji-mini-3-pro-optimalt-protection-drones,lens-protector-dji-mini-3-pro-optimalt-protection-drones,/products/linsskydd-dji-mini-3-pro-optimalt-protection-drones,/products/lens-protector-dji-mini-3-pro-optimalt-protection-drones,YES,YES,Linsskydd DJI Mini 3 Pro – Optimalt Skydd för Din Drönare,,
product,waterproof-skal-osmo-action,waterproof-shell-osmo-action,/products/waterproof-skal-osmo-action,/products/waterproof-shell-osmo-action,YES,YES,Vattentätt skal Osmo Action för alla dina äventyr,,
product,tablet-faste-skruv,tablet-mount-skruv,/products/tablet-faste-skruv,/products/tablet-mount-skruv,YES,YES,Säkert Tablet Fäste Skruv för Dina Behov,,
product,telesin-selfiepinne-powerbank,telesin-selfie-stick-powerbank,/products/telesin-selfiepinne-powerbank,/products/telesin-selfie-stick-powerbank,YES,YES,Telesin Selfiepinne med Integrerad Powerbank,,
product,picatinny-faste-gopro-for-saker-montering,picatinny-mount-gopro-for-saker-montering,/products/picatinny-faste-gopro-for-saker-montering,/products/picatinny-mount-gopro-for-saker-montering,YES,YES,Picatinny fäste GoPro för säker montering,,
product,telesin-magnetisk-neck-strap-with-separat-magnetfaste,telesin-magnetisk-neck-strap-with-separat-magnetmount,/products/telesin-magnetisk-neck-strap-with-separat-magnetfaste,/products/telesin-magnetisk-neck-strap-with-separat-magnetmount,YES,YES,Telesin Magnetisk Nackrem Med Separat Magnetfäste för Actionkamera,,
product,telesin-selfiepinne-tripod-245,telesin-selfie-stick-tripod-245,/products/telesin-selfiepinne-tripod-245,/products/telesin-selfie-stick-tripod-245,YES,YES,Telesin Selfiepinne Tripod 245 – Mångsidig Fotografering,,
product,silikonskal-for-gopro-hero11-black-mini-svart,silicone-case-for-gopro-hero11-black-mini-svart,/products/silikonskal-for-gopro-hero11-black-mini-svart,/products/silicone-case-for-gopro-hero11-black-mini-svart,YES,YES,silikonskal till gopro - Silikonskal för GoPro Hero11 Black Mini,,
product,skyddsram-for-gopro-hero11-black-mini,protectionsram-for-gopro-hero11-black-mini,/products/skyddsram-for-gopro-hero11-black-mini,/products/protectionsram-for-gopro-hero11-black-mini,YES,YES,Skyddsram till GoPro Hero11 Black Mini,,
product,flytande-skal-gopro-security-hero11-mini,flytande-shell-gopro-security-hero11-mini,/products/flytande-skal-gopro-security-hero11-mini,/products/flytande-shell-gopro-security-hero11-mini,YES,YES,Flytande skal GoPro: Säkerhet - Flytande Skal för GoPro Hero11 Mini,,
product,skyddsram-cold-shoe-dji-osmo-action-4,protectionsram-cold-shoe-dji-osmo-action-4,/products/skyddsram-cold-shoe-dji-osmo-action-4,/products/protectionsram-cold-shoe-dji-osmo-action-4,YES,YES,Skyddsram Cold Shoe DJI för Osmo Action 4,,
product,magsafe-faste-dji-gopro-smidig-mobilhallare-action,magsafe-mount-dji-gopro-smidig-mobilhallare-action,/products/magsafe-faste-dji-gopro-smidig-mobilhallare-action,/products/magsafe-mount-dji-gopro-smidig-mobilhallare-action,YES,YES,Magsafe fäste DJI GoPro: Smidig Mobilhållare för Actionkameror,,
product,waterproof-skal-aluminium-tillbehorshallare-cold-s,waterproof-shell-aluminium-accessoriesshallare-cold-s,/products/waterproof-skal-aluminium-tillbehorshallare-cold-s,/products/waterproof-shell-aluminium-accessoriesshallare-cold-s,YES,YES,Vattentätt skal Aluminium med tillbehörshållare cold shoe till GoPro H,,
product,vindskydd-gopro-hero11-mini,vindprotection-gopro-hero11-mini,/products/vindskydd-gopro-hero11-mini,/products/vindprotection-gopro-hero11-mini,YES,YES,Vindskydd för GoPro Hero11 Mini,,
product,nextool-black-knight-edc-multiverktyg,nextool-black-knight-edc-multi-tools,/products/nextool-black-knight-edc-multiverktyg,/products/nextool-black-knight-edc-multi-tools,YES,YES,NexTool Black Knight EDC Multiverktyg,,
product,ulanzi-mt-08-ministativ-flexibel-losning-fotografe,ulanzi-mt-08-mini-tripod-flexibel-losning-fotografe,/products/ulanzi-mt-08-ministativ-flexibel-losning-fotografe,/products/ulanzi-mt-08-mini-tripod-flexibel-losning-fotografe,YES,YES,Ulanzi MT-08 Ministativ: Flexibel Lösning för Fotografering,,
product,nitecore-emr20-myggskydd-skydda-dig-mot-mygg,nitecore-emr20-mosquito-repellent-protectiona-dig-mot-mygg,/products/nitecore-emr20-myggskydd-skydda-dig-mot-mygg,/products/nitecore-emr20-mosquito-repellent-protectiona-dig-mot-mygg,YES,YES,Nitecore EMR20 Myggskydd: Skydda Dig Mot Mygg,,
product,telesin-flexibelt-faste,telesin-flexibelt-mount,/products/telesin-flexibelt-faste,/products/telesin-flexibelt-mount,YES,YES,Telesin flexibelt fäste för maximal flexibilitet,,
product,telesin-selfiepinne-kolfiber-3m-handstativ-v3,telesin-selfie-stick-kolfiber-3m-handstativ-v3,/products/telesin-selfiepinne-kolfiber-3m-handstativ-v3,/products/telesin-selfie-stick-kolfiber-3m-handstativ-v3,YES,YES,Telesin Selfiepinne Kolfiber 3m – Handstativ V3,,
product,cykelringklocka-airtag-okad-cykelsakerhet,cykelringklocka-airtag-okad-cykelsecurity,/products/cykelringklocka-airtag-okad-cykelsakerhet,/products/cykelringklocka-airtag-okad-cykelsecurity,YES,YES,Cykelringklocka AirTag för Ökad Cykelsäkerhet,,
product,mangsidigt-bandverktyg-kit-teknisk-repair,mangsidigt-pliers-kit-teknisk-repair,/products/mangsidigt-bandverktyg-kit-teknisk-repair,/products/mangsidigt-pliers-kit-teknisk-repair,YES,YES,Mångsidigt Bändverktyg Kit för Teknisk Reparation,,
product,ulanzi-vl49-rgb-pro-belysning,ulanzi-vl49-rgb-pro-lighting,/products/ulanzi-vl49-rgb-pro-belysning,/products/ulanzi-vl49-rgb-pro-lighting,YES,YES,"Ulanzi VL49RGB Pro – Kompakt belysning för foto & video med RGB, magnetfäste och full kontroll",,
product,dji-rc-2-fjarrkontroll-4-drone-controller,dji-rc-2-remote-control-4-drone-controller,/products/dji-rc-2-fjarrkontroll-4-drone-controller,/products/dji-rc-2-remote-control-4-drone-controller,YES,YES,DJI RC 2 Fjärrkontroll 4 för Optimerad Drönarflygning,,
product,dji-air-3-bag-skyddande-forvaring,dji-air-3-bag-protective-storage,/products/dji-air-3-bag-skyddande-forvaring,/products/dji-air-3-bag-protective-storage,YES,YES,DJI Air 3 Väska: Säker - DJI Air 3 Väska för Säker Transport,,
product,motljusskydd-dji-mavic-3-pro,motljusprotection-dji-mavic-3-pro,/products/motljusskydd-dji-mavic-3-pro,/products/motljusprotection-dji-mavic-3-pro,YES,YES,Motljusskydd DJI Mavic - Motljusskydd för DJI Mavic 3 Pro Drönare,,
product,insta360-go-3-skyddsram-with-flexibla-fastpunkter,insta360-go-3-protectionsram-with-flexibla-fastpunkter,/products/insta360-go-3-skyddsram-with-flexibla-fastpunkter,/products/insta360-go-3-protectionsram-with-flexibla-fastpunkter,YES,YES,Insta360 GO 3 Skyddsram med Flexibla Fästpunkter,,
product,linsskydd-and-skarmskydd-for-insta360-go-3-2-pack-kit-1,lens-protector-and-skarmprotection-for-insta360-go-3-2-pack-kit-1,/products/linsskydd-and-skarmskydd-for-insta360-go-3-2-pack-kit-1,/products/lens-protector-and-skarmprotection-for-insta360-go-3-2-pack-kit-1,YES,YES,Linsskydd och Skärmskydd till Insta360 GO 3 - 2-Pack - Kit,,
product,lcd-skartrad-mobilreparation,lcd-skartrad-mobilrepair,/products/lcd-skartrad-mobilreparation,/products/lcd-skartrad-mobilrepair,YES,YES,Professionell LCD skärtråd för Skärmreparation,,
product,silikonskal-case-linsskydd-rem-insta360-go-3-kam,silicone-case-case-lens-protector-rem-insta360-go-3-kam,/products/silikonskal-case-linsskydd-rem-insta360-go-3-kam,/products/silicone-case-case-lens-protector-rem-insta360-go-3-kam,YES,YES,Silikonskal / fodral med linsskydd och rem till Insta360 GO 3 kamera -,,
product,nitecore-hjalmfaste-hmb1,nitecore-hjalmmount-hmb1,/products/nitecore-hjalmfaste-hmb1,/products/nitecore-hjalmmount-hmb1,YES,YES,Nitecore Hjälmfäste HMB1 för Taktisk Användning,,
product,nitecore-pannlampsfaste-4-hjalmfaste,nitecore-pannlampsmount-4-hjalmmount,/products/nitecore-pannlampsfaste-4-hjalmfaste,/products/nitecore-pannlampsmount-4-hjalmmount,YES,YES,Nitecore Pannlampsfäste 4 för Säker Montering,,
product,nitecore-pannlampsfaste-4,nitecore-pannlampsmount-4,/products/nitecore-pannlampsfaste-4,/products/nitecore-pannlampsmount-4,YES,YES,Nitecore pannlampsfäste 4: Stabil montering för utrustning,,
product,nitecore-hlb30-headlamp-pannlampsfaste,nitecore-hlb30-headlamp-pannlampsmount,/products/nitecore-hlb30-headlamp-pannlampsfaste,/products/nitecore-hlb30-headlamp-pannlampsmount,YES,YES,Nitecore HLB30 Headlamp Bracket - Pannlampsfäste för Nitecore Mount Base / Adapter,,
product,transportsakring-for-propellers-motorarmar-for-dji-air-3-air-3s,transportsakring-for-propellers-motorarms-for-dji-air-3-air-3s,/products/transportsakring-for-propellers-motorarmar-for-dji-air-3-air-3s,/products/transportsakring-for-propellers-motorarms-for-dji-air-3-air-3s,YES,YES,Transportsäkring för propellrar / motorarmar till DJI Air 3 / Air 3S,,
product,nitecore-pannlampsfaste-for-optimal-anvandning,nitecore-pannlampsmount-for-optimal-anvandning,/products/nitecore-pannlampsfaste-for-optimal-anvandning,/products/nitecore-pannlampsmount-for-optimal-anvandning,YES,YES,Nitecore pannlampsfäste för optimal användning,,
product,stabil-dji-rc-2-cykelhallare-fjarrkontroll-camera,stabil-dji-rc-2-cykelhallare-remote-control-camera,/products/stabil-dji-rc-2-cykelhallare-fjarrkontroll-camera,/products/stabil-dji-rc-2-cykelhallare-remote-control-camera,YES,YES,Stabil DJI RC 2 Cykelhållare för Fjärrkontroll och Kamera,,
product,linsskydd-dji-osmo-action-5-pro-4-3-silikon-svart,lens-protector-dji-osmo-action-5-pro-4-3-silicone-svart,/products/linsskydd-dji-osmo-action-5-pro-4-3-silikon-svart,/products/lens-protector-dji-osmo-action-5-pro-4-3-silicone-svart,YES,YES,Linsskydd till DJI Osmo Action 5 Pro/4/3 i Silikon - Svart - 2-Pack,,
product,skyddande-dji-rc-2-silikonfodral-maximal-security,protective-dji-rc-2-siliconefodral-maximal-security,/products/skyddande-dji-rc-2-silikonfodral-maximal-security,/products/protective-dji-rc-2-siliconefodral-maximal-security,YES,YES,Skyddande DJI RC 2 Silikonfodral för Maximal Säkerhet,,
product,telesin-magnetfaste-flexibel-montering-camera,telesin-magnetmount-flexibel-montering-camera,/products/telesin-magnetfaste-flexibel-montering-camera,/products/telesin-magnetmount-flexibel-montering-camera,YES,YES,Telesin magnetfäste: Flexibel montering för din kamera,,
product,telesin-waterproof-skal-dual-bakdorrar,telesin-waterproof-shell-dual-bakdorrar,/products/telesin-waterproof-skal-dual-bakdorrar,/products/telesin-waterproof-shell-dual-bakdorrar,YES,YES,Telesin Vattentätt Skal med Dubbla Bakdörrar,,
product,telesin-kameravaska-diy,telesin-kamerabag-diy,/products/telesin-kameravaska-diy,/products/telesin-kamerabag-diy,YES,YES,Telesin kameraväska DIY för flexibel utrustningsförvaring,,
product,nitecore-nwl20-your-palitliga-arbetsbelysning,nitecore-nwl20-your-palitliga-arbetslighting,/products/nitecore-nwl20-your-palitliga-arbetsbelysning,/products/nitecore-nwl20-your-palitliga-arbetslighting,YES,YES,Nitecore NWL20: Din Pålitliga Arbetsbelysning,,
product,optimalt-dji-air-3-faste-your-dronarkamera,optimalt-dji-air-3-mount-your-dronekamera,/products/optimalt-dji-air-3-faste-your-dronarkamera,/products/optimalt-dji-air-3-mount-your-dronekamera,YES,YES,Optimalt DJI Air 3 fäste för din drönarkamera,,
product,dammblasare-for-elektronik,dammblasare-for-electronics,/products/dammblasare-for-elektronik,/products/dammblasare-for-electronics,YES,YES,Kraftfull Dammblåsare för Elektronik & Datorer,,
product,nextool-taobar-edc-multiverktyg-allt-i-ett-vardage,nextool-taobar-edc-multi-tools-allt-i-ett-vardage,/products/nextool-taobar-edc-multiverktyg-allt-i-ett-vardage,/products/nextool-taobar-edc-multi-tools-allt-i-ett-vardage,YES,YES,NexTool TaoBar EDC Multiverktyg: Allt-i-ett för Vardagen,,
product,optimal-transportsakring-dji-mini-dronarskydd,optimal-transportsakring-dji-mini-droneprotection,/products/optimal-transportsakring-dji-mini-dronarskydd,/products/optimal-transportsakring-dji-mini-droneprotection,YES,YES,Optimal Transportsäkring DJI Mini för Drönarskydd,,
product,huvudfaste-360-gopro-elastiskt-optimal-filmning,huvudmount-360-gopro-elastiskt-optimal-filmning,/products/huvudfaste-360-gopro-elastiskt-optimal-filmning,/products/huvudmount-360-gopro-elastiskt-optimal-filmning,YES,YES,Huvudfäste 360° till GoPro - Elastiskt för Optimal Filmning,,
product,nextool-edc-multiverktyg-mini-n20096-vardagskompis,nextool-edc-multi-tools-mini-n20096-vardagskompis,/products/nextool-edc-multiverktyg-mini-n20096-vardagskompis,/products/nextool-edc-multi-tools-mini-n20096-vardagskompis,YES,YES,NexTool EDC Multiverktyg Mini N20096: Din Pålitliga Vardagskompis,,
product,linsskydd-skarmskydd-dji-osmo-pocket-3-2-pack,lens-protector-skarmprotection-dji-osmo-pocket-3-2-pack,/products/linsskydd-skarmskydd-dji-osmo-pocket-3-2-pack,/products/lens-protector-skarmprotection-dji-osmo-pocket-3-2-pack,YES,YES,Linsskydd och Skärmskydd till DJI Osmo Pocket 3 - 2-pack - Kit,,
product,green-cell-uppladdningsbara-aaa-hr03-battery-1-2v,green-cell-upprechargeable-aaa-hr03-battery-1-2v,/products/green-cell-uppladdningsbara-aaa-hr03-battery-1-2v,/products/green-cell-upprechargeable-aaa-hr03-battery-1-2v,YES,YES,"Green Cell Uppladdningsbara AAA - HR03 Batteri, 1.2v, 950mAh, NiMh - 4",,
product,dji-osmo-pocket-3-bag-skydda-camera,dji-osmo-pocket-3-bag-protectiona-camera,/products/dji-osmo-pocket-3-bag-skydda-camera,/products/dji-osmo-pocket-3-bag-protectiona-camera,YES,YES,DJI Osmo Pocket 3 väska - Skyddande Väska för DJI Osmo Pocket 3,,
product,ulanzi-l2-rgb-cob-magnetic-light-belysning-led-for-foto-video-800mah-internt-battery-1000-lux-kit,ulanzi-l2-rgb-cob-magnetic-light-lighting-led-for-foto-video-800mah-internt-battery-1000-lux-kit,/products/ulanzi-l2-rgb-cob-magnetic-light-belysning-led-for-foto-video-800mah-internt-battery-1000-lux-kit,/products/ulanzi-l2-rgb-cob-magnetic-light-lighting-led-for-foto-video-800mah-internt-battery-1000-lux-kit,YES,YES,Ulanzi L2 RGB COB Magnetic Light Belysning LED för foto / video - 800mAh internt batteri - 1000 Lux - Kit,,
product,overlevnadsspade-10-i-1-multiverktyg-kit-for-all,overlevnadsspade-10-i-1-multi-tools-kit-for-all,/products/overlevnadsspade-10-i-1-multiverktyg-kit-for-all,/products/overlevnadsspade-10-i-1-multi-tools-kit-for-all,YES,YES,Överlevnadsspade 10 i 1 - Multiverktyg - Kit för Alla Äventyr,,
product,osmo-pocket-3-faste-flexibla-monteringslosningar,osmo-pocket-3-mount-flexibla-monteringslosningar,/products/osmo-pocket-3-faste-flexibla-monteringslosningar,/products/osmo-pocket-3-mount-flexibla-monteringslosningar,YES,YES,Osmo Pocket 3 Fäste för Flexibla Monteringslösningar,,
product,osmo-pocket-3-gopro-faste-flexibel-filmning,osmo-pocket-3-gopro-mount-flexibel-filmning,/products/osmo-pocket-3-gopro-faste-flexibel-filmning,/products/osmo-pocket-3-gopro-mount-flexibel-filmning,YES,YES,Osmo Pocket 3 GoPro-fäste för Flexibel Filmning,,
product,telesin-magnetiskt-snabbfaste-3-pack-kit,telesin-magnetiskt-snabbmount-3-pack-kit,/products/telesin-magnetiskt-snabbfaste-3-pack-kit,/products/telesin-magnetiskt-snabbmount-3-pack-kit,YES,YES,Telesin Magnetiskt snabbfäste 3-pack - Kit för enkel montering,,
product,telesin-magnetfaste-1-4,telesin-magnetmount-1-4,/products/telesin-magnetfaste-1-4,/products/telesin-magnetmount-1-4,YES,YES,"Telesin magnetfäste 1/4"" för stabil montering",,
product,wuben-e7-batteriforlangare,wuben-e7-batteryforlangare,/products/wuben-e7-batteriforlangare,/products/wuben-e7-batteryforlangare,YES,YES,Förläng Livslängden med Wuben - Wuben E7 Batteriförlängare för Ökad,,
product,cykelfaste-flashlight-wuben-at2x-palitligt,cykelmount-flashlight-wuben-at2x-palitligt,/products/cykelfaste-flashlight-wuben-at2x-palitligt,/products/cykelmount-flashlight-wuben-at2x-palitligt,YES,YES,cykelfäste ficklampa - Wuben - Wuben AT2X Cykelfäste för Ficklampa,,
product,telesin-flexibelt-silikonfaste-360-camera,telesin-flexibelt-siliconemount-360-camera,/products/telesin-flexibelt-silikonfaste-360-camera,/products/telesin-flexibelt-siliconemount-360-camera,YES,YES,Telesin Flexibelt Silikonfäste för Kamera,,
product,freewell-dronarfilter-professionell-bildkvalitet,freewell-dronefilter-professionell-bildkvalitet,/products/freewell-dronarfilter-professionell-bildkvalitet,/products/freewell-dronefilter-professionell-bildkvalitet,YES,YES,Freewell Drönarfilter för Optimal Bildkvalitet,,
product,nitecore-slb05-axelvaska,nitecore-slb05-axelbag,/products/nitecore-slb05-axelvaska,/products/nitecore-slb05-axelbag,YES,YES,Nitecore SLB05 axelväska för alla dina behov,,
product,deltaco-tradlos-mikrofon-mobil-dator,deltaco-wireless-microphone-mobil-dator,/products/deltaco-tradlos-mikrofon-mobil-dator,/products/deltaco-wireless-microphone-mobil-dator,YES,YES,Deltaco Trådlös Mikrofon för Mobil och Dator,,
product,dji-mini-4-pro-ovansida-faste-accessories,dji-mini-4-pro-ovansida-mount-accessories,/products/dji-mini-4-pro-ovansida-faste-accessories,/products/dji-mini-4-pro-ovansida-mount-accessories,YES,YES,DJI Mini 4 Pro ovansida 4 - DJI Mini 4 Pro Ovansida,,
product,motljusskydd-dji-mini-3,motljusprotection-dji-mini-3,/products/motljusskydd-dji-mini-3,/products/motljusprotection-dji-mini-3,YES,YES,Motljusskydd DJI Mini v1 - Motljusskydd för DJI Mini 3 Drönarkamera,,
product,flexibel-usb-lampa-optimal-belysning,flexibel-usb-lampa-optimal-lighting,/products/flexibel-usb-lampa-optimal-belysning,/products/flexibel-usb-lampa-optimal-lighting,YES,YES,Flexibel USB-Lampa för Mångsidig Belysning,,
product,solskydd-for-dji-osmo-pocket-3-screen,solprotection-for-dji-osmo-pocket-3-screen,/products/solskydd-for-dji-osmo-pocket-3-screen,/products/solprotection-for-dji-osmo-pocket-3-screen,YES,YES,Solskydd för DJI Osmo Pocket 3 Skärm,,
product,green-cell-uppladdningsbara-aa-r6-battery-1-2v-260,green-cell-upprechargeable-aa-r6-battery-1-2v-260,/products/green-cell-uppladdningsbara-aa-r6-battery-1-2v-260,/products/green-cell-upprechargeable-aa-r6-battery-1-2v-260,YES,YES,"Green Cell Uppladdningsbara AA - R6 Batteri, 1.2v, 2600mAh, NiMh - 4-P",,
product,dji-avata-2-batterivaska-optimalt-protection,dji-avata-2-batterybag-optimalt-protection,/products/dji-avata-2-batterivaska-optimalt-protection,/products/dji-avata-2-batterybag-optimalt-protection,YES,YES,DJI Avata 2 Batteriväska för Säker Förvaring,,
product,magnetiskt-faste-180-dji-osmo-pocket-3,magnetiskt-mount-180-dji-osmo-pocket-3,/products/magnetiskt-faste-180-dji-osmo-pocket-3,/products/magnetiskt-mount-180-dji-osmo-pocket-3,YES,YES,Magnetiskt Fäste 180° till DJI Osmo Pocket 3,,
product,skarmsskydd-insta360-x4-hardat-glas-2-pack,skarmsprotection-insta360-x4-hardat-glas-2-pack,/products/skarmsskydd-insta360-x4-hardat-glas-2-pack,/products/skarmsprotection-insta360-x4-hardat-glas-2-pack,YES,YES,Skärmskydd till Insta360 X4 Härdat Glas - 2-Pack,,
product,dji-mavic-3-laddstation-dronarbatterier,dji-mavic-3-laddstation-dronebatteryer,/products/dji-mavic-3-laddstation-dronarbatterier,/products/dji-mavic-3-laddstation-dronebatteryer,YES,YES,DJI Mavic 3 Laddstation för Effektiv Batterihantering,,
product,maxell-cr2032-lithium-lithiumbatteri,maxell-cr2032-lithium-lithiumbattery,/products/maxell-cr2032-lithium-lithiumbatteri,/products/maxell-cr2032-lithium-lithiumbattery,YES,YES,Maxell CR2032 Lithium Lithiumbatteri – Maxell CR2032 Lithium - Lithium,,
product,insta360-x4-skyddsram-with-integrerat-linsskydd,insta360-x4-protectionsram-with-integrerat-lens-protector,/products/insta360-x4-skyddsram-with-integrerat-linsskydd,/products/insta360-x4-protectionsram-with-integrerat-lens-protector,YES,YES,Insta360 X4 Skyddsram med Integrerat Linsskydd,,
product,practical-dji-avata-2-backpack-hela-utrustningen,practical-dji-avata-2-backpack-hela-equipmenten,/products/practical-dji-avata-2-backpack-hela-utrustningen,/products/practical-dji-avata-2-backpack-hela-equipmenten,YES,YES,Praktisk DJI Avata 2 Ryggsäck för Hela Utrustningen,,
product,gimbalskydd-bumper-bage-for-dji-avata-2-aluminium-svart,gimbalprotection-bumper-bage-for-dji-avata-2-aluminium-svart,/products/gimbalskydd-bumper-bage-for-dji-avata-2-aluminium-svart,/products/gimbalprotection-bumper-bage-for-dji-avata-2-aluminium-svart,YES,YES,Gimbalskydd Bumper / Båge till DJI Avata 2 - Aluminium - Svart,,
product,nitecore-emr05-tac-v2-myggskydd,nitecore-emr05-tac-v2-mosquito-repellent,/products/nitecore-emr05-tac-v2-myggskydd,/products/nitecore-emr05-tac-v2-mosquito-repellent,YES,YES,Nitecore EMR05 TAC V2: Ditt Bästa Val för Myggfritt Utomhusliv,,
product,nitecore-emr06-tac-portabelt-myggskydd-v2-rechargeable,nitecore-emr06-tac-portabelt-mosquito-repellent-v2-rechargeable,/products/nitecore-emr06-tac-portabelt-myggskydd-v2-rechargeable,/products/nitecore-emr06-tac-portabelt-mosquito-repellent-v2-rechargeable,YES,YES,Nitecore EMR06 TAC Portabelt myggskydd V2 - Laddbar 1800mAh,,
product,nitecore-gm02-pro-faste-taktisk-flashlight,nitecore-gm02-pro-mount-taktisk-flashlight,/products/nitecore-gm02-pro-faste-taktisk-flashlight,/products/nitecore-gm02-pro-mount-taktisk-flashlight,YES,YES,Nitecore GM02 Pro: Fäste för Taktisk Ficklampa,,
product,gopro-hero4-reseladdare-double-usb-charger-ahdbt-4,gopro-hero4-resecharger-double-usb-charger-ahdbt-4,/products/gopro-hero4-reseladdare-double-usb-charger-ahdbt-4,/products/gopro-hero4-resecharger-double-usb-charger-ahdbt-4,YES,YES,GoPro HERO4 Reseladdare med Dubbla Laddplatser,,
product,dji-mini-4-pro-hardvaska-waterproof-robust-forvarin,dji-mini-4-pro-hardbag-waterproof-robust-forvarin,/products/dji-mini-4-pro-hardvaska-waterproof-robust-forvarin,/products/dji-mini-4-pro-hardbag-waterproof-robust-forvarin,YES,YES,STARTRC Mini 4 Pro Hårdväska för Drönare,,
product,kamerafaste-1-4-gang-cykelstyre-ror-22-32mm-alumin,kameramount-1-4-gang-cykelstyre-ror-22-32mm-alumin,/products/kamerafaste-1-4-gang-cykelstyre-ror-22-32mm-alumin,/products/kameramount-1-4-gang-cykelstyre-ror-22-32mm-alumin,YES,YES,"Kamerafäste för 1/4"" gänga till Cykelstyre / Rör 22-32mm - Aluminium",,
product,flexibelt-aluminium-kamerafaste-20cm,flexibelt-aluminium-kameramount-20cm,/products/flexibelt-aluminium-kamerafaste-20cm,/products/flexibelt-aluminium-kameramount-20cm,YES,YES,Flexibelt Aluminium Kamerafäste 20cm,,
product,vention-gan-vaggladdare-kraftfull-kompakt,vention-gan-vaggcharger-kraftfull-kompakt,/products/vention-gan-vaggladdare-kraftfull-kompakt,/products/vention-gan-vaggcharger-kraftfull-kompakt,YES,YES,Vention GaN väggladdare: Kraftfull och kompakt laddningslösning,,
product,dji-mini-4k-fly-more-komplett-dronarkit,dji-mini-4k-fly-more-komplett-dronekit,/products/dji-mini-4k-fly-more-komplett-dronarkit,/products/dji-mini-4k-fly-more-komplett-dronekit,YES,YES,DJI Mini 4K Fly More – Professionell Drönarfilmning,,
product,dji-neo-fly-more-combo-komplett-dronarpaket,dji-neo-fly-more-combo-komplett-dronepaket,/products/dji-neo-fly-more-combo-komplett-dronarpaket,/products/dji-neo-fly-more-combo-komplett-dronepaket,YES,YES,DJI Neo - Fly More Combo - DJI Neo Fly More Combo: Din Kompletta,,
product,nitecore-npl25-flashlight-vapenfaste-picatin,nitecore-npl25-flashlight-vapenmount-picatin,/products/nitecore-npl25-flashlight-vapenfaste-picatin,/products/nitecore-npl25-flashlight-vapenmount-picatin,YES,YES,ficklampa vapenfaste - Nitecore NPL25 Ficklampa med Vapenfäste,,
product,dji-neo-flygbatteri,dji-neo-flygbattery,/products/dji-neo-flygbatteri,/products/dji-neo-flygbattery,YES,YES,DJI Neo Flygbatteri - DJI Neo Intelligent Flygbatteri,,
product,hogkvalitativ-aluminium-selfiepinne-perfekta-bilde,hogkvalitativ-aluminium-selfie-stick-perfekta-bilde,/products/hogkvalitativ-aluminium-selfiepinne-perfekta-bilde,/products/hogkvalitativ-aluminium-selfie-stick-perfekta-bilde,YES,YES,Högkvalitativ Aluminium Selfiepinne för Perfekta Bilder,,
product,gopro-hjalmfaste-forlangningsarm-kit,gopro-hjalmmount-forlangningsarm-kit,/products/gopro-hjalmfaste-forlangningsarm-kit,/products/gopro-hjalmmount-forlangningsarm-kit,YES,YES,GoPro Hjälmfäste med Förlängningsarm för Actionkameror,,
product,dji-avata-2-4-blad-optimera-dronarflygning,dji-avata-2-4-blad-optimera-droneflygning,/products/dji-avata-2-4-blad-optimera-dronarflygning,/products/dji-avata-2-4-blad-optimera-droneflygning,YES,YES,DJI Avata 2 4-blad: Optimera - DJI Avata 2 4-Bladiga Propellrar,,
product,silikonskal-osmo-action-skydda-your-osmo-action-5,silicone-case-osmo-action-protectiona-your-osmo-action-5,/products/silikonskal-osmo-action-skydda-your-osmo-action-5,/products/silicone-case-osmo-action-protectiona-your-osmo-action-5,YES,YES,Silikonskal Osmo Action - Skydda din Osmo Action 5 med ett Silikonskal,,
product,linsskydd-skarmskydd-dji-osmo-action-5-pro-2-pack,lens-protector-skarmprotection-dji-osmo-action-5-pro-2-pack,/products/linsskydd-skarmskydd-dji-osmo-action-5-pro-2-pack,/products/lens-protector-skarmprotection-dji-osmo-action-5-pro-2-pack,YES,YES,Linsskydd och Skärmskydd till DJI Osmo Action 5 Pro - 2-Pack - Kit,,
product,linsskydd-gopro-hero13-black-silikon-svart,lens-protector-gopro-hero13-black-silicone-svart,/products/linsskydd-gopro-hero13-black-silikon-svart,/products/lens-protector-gopro-hero13-black-silicone-svart,YES,YES,Linsskydd till GoPro Hero13 Black i Silikon - Svart,,
product,linsskydd-skarmskydd-gopro-hero13-black-kit,lens-protector-skarmprotection-gopro-hero13-black-kit,/products/linsskydd-skarmskydd-gopro-hero13-black-kit,/products/lens-protector-skarmprotection-gopro-hero13-black-kit,YES,YES,Linsskydd och Skärmskydd till GoPro Hero13 Black - Kit,,
product,telesin-battery-charger-forvaring-microsd-trippel-g,telesin-battery-charger-storage-microsd-trippel-g,/products/telesin-battery-charger-forvaring-microsd-trippel-g,/products/telesin-battery-charger-storage-microsd-trippel-g,YES,YES,Telesin Batteriladdare med förvaring för batterier + microSD - Trippel,,
product,nitecore-blowerbaby-gen2-hall-utrustningen-ren,nitecore-blowerbaby-gen2-hall-equipmenten-ren,/products/nitecore-blowerbaby-gen2-hall-utrustningen-ren,/products/nitecore-blowerbaby-gen2-hall-equipmenten-ren,YES,YES,Nitecore BlowerBaby gen2: Håll Utrustningen Ren,,
product,hallare-padda-dji-fjarrkontroll-rc-n3-rc-n2-rc-n1,hallare-padda-dji-remote-control-rc-n3-rc-n2-rc-n1,/products/hallare-padda-dji-fjarrkontroll-rc-n3-rc-n2-rc-n1,/products/hallare-padda-dji-remote-control-rc-n3-rc-n2-rc-n1,YES,YES,"Hållare padda för DJI fjärrkontroll RC-N3, RC-N2, RC-N1- Hopfällbar",,
product,plus-mikrofonkit-boya-by-mm1-forbattra-ljud,plus-microphonekit-boya-by-mm1-forbattra-audio,/products/plus-mikrofonkit-boya-by-mm1-forbattra-ljud,/products/plus-microphonekit-boya-by-mm1-forbattra-audio,YES,YES,Plus mikrofonkit - Boya BY-MM1+ Mikrofonkit: Förbättra Ditt Ljud,,
product,dji-motion-fly-more-combo-fpv-dronarpaket,dji-motion-fly-more-combo-fpv-dronepaket,/products/dji-motion-fly-more-combo-fpv-dronarpaket,/products/dji-motion-fly-more-combo-fpv-dronepaket,YES,YES,DJI Motion Fly More Combo: FPV Drönarpaket,,
product,nextool-mini-sailor-edc-multiverktyg,nextool-mini-sailor-edc-multi-tools,/products/nextool-mini-sailor-edc-multiverktyg,/products/nextool-mini-sailor-edc-multi-tools,YES,YES,NexTool Mini Sailor EDC Multiverktyg,,
product,vindskydd-gopro-hero13-black,vindprotection-gopro-hero13-black,/products/vindskydd-gopro-hero13-black,/products/vindprotection-gopro-hero13-black,YES,YES,Vindskydd GoPro Hero13 - Vindskydd för GoPro Hero13 Black,,
product,telesin-skyddsram-dji,telesin-protectionsram-dji,/products/telesin-skyddsram-dji,/products/telesin-protectionsram-dji,YES,YES,Telesin skyddsram DJI för maximalt skydd,,
product,telesin-skyddsram-with-tillbehorshallare-cold-shoe-for-gopro-hero13-12-11-10-9-black,telesin-protectionsram-with-accessoriesshallare-cold-shoe-for-gopro-hero13-12-11-10-9-black,/products/telesin-skyddsram-with-tillbehorshallare-cold-shoe-for-gopro-hero13-12-11-10-9-black,/products/telesin-protectionsram-with-accessoriesshallare-cold-shoe-for-gopro-hero13-12-11-10-9-black,YES,YES,Telesin Skyddsram med tillbehörshållare cold shoe till GoPro Hero13/12/11/10/9 Black,,
product,hogkvalitativt-verktygskit-mobilreparation,hogkvalitativt-verktygskit-mobilrepair,/products/hogkvalitativt-verktygskit-mobilreparation,/products/hogkvalitativt-verktygskit-mobilrepair,YES,YES,Högkvalitativt Verktygskit för Mobilreparation,,
product,puluz-dubbelgrepp-for-dykning-stabilisering-handtag-hallare-equipment-aluminium,puluz-dubbelgrepp-for-dykning-stabilization-handtag-hallare-equipment-aluminium,/products/puluz-dubbelgrepp-for-dykning-stabilisering-handtag-hallare-equipment-aluminium,/products/puluz-dubbelgrepp-for-dykning-stabilization-handtag-hallare-equipment-aluminium,YES,YES,Puluz dubbelgrepp för dykning / Stabilisering  / Handtag / Hållare utrustning - Aluminium,,
product,nitecore-ha15-uhe-pannlampa-400lm-your-belysningspa,nitecore-ha15-uhe-pannlampa-400lm-your-lightingspa,/products/nitecore-ha15-uhe-pannlampa-400lm-your-belysningspa,/products/nitecore-ha15-uhe-pannlampa-400lm-your-lightingspa,YES,YES,Nitecore HA15 UHE Pannlampa - 400lm: Din Belysningspartner,,
product,gopro-magnetfaste-hero-vikbart-aluminiumfaste,gopro-magnetmount-hero-vikbart-aluminiummount,/products/gopro-magnetfaste-hero-vikbart-aluminiumfaste,/products/gopro-magnetmount-hero-vikbart-aluminiummount,YES,YES,GoPro Magnetfäste Hero i Aluminium,,
product,sunnylife-magnetiskt-ryggsacksfaste-actionkamera,sunnylife-magnetiskt-ryggsacksmount-actionkamera,/products/sunnylife-magnetiskt-ryggsacksfaste-actionkamera,/products/sunnylife-magnetiskt-ryggsacksmount-actionkamera,YES,YES,Sunnylife Magnetic fixed - Sunnylife Magnetiskt Ryggsäcksfäste,,
product,nitecore-emr23-myggskydd,nitecore-emr23-mosquito-repellent,/products/nitecore-emr23-myggskydd,/products/nitecore-emr23-mosquito-repellent,YES,YES,Nitecore EMR23 Myggskydd för Utomhusbruk,,
product,nitecore-nl1411r-battery-uppladdningsbart,nitecore-nl1411r-battery-rechargeablebart,/products/nitecore-nl1411r-battery-uppladdningsbart,/products/nitecore-nl1411r-battery-rechargeablebart,YES,YES,Nitecore NL1411R Uppladdningsbart Li-ion Batteri,,
product,dji-rc-pro-fjarrkontroll,dji-rc-pro-remote-control,/products/dji-rc-pro-fjarrkontroll,/products/dji-rc-pro-remote-control,YES,YES,DJI RC Pro Fjärrkontroll: Optimal Drönarkontroll,,
product,dronarmugg,dronemugg,/products/dronarmugg,/products/dronemugg,YES,YES,Drönarmugg – Perfekt för Varje Tillfälle,,
product,dronarmugg-black,dronemugg-black,/products/dronarmugg-black,/products/dronemugg-black,YES,YES,Drönarmugg Black – Perfekt Gåva för Drönarälskare,,
product,nitecore-emr25-myggskydd-your-losning-mot-mygg,nitecore-emr25-mosquito-repellent-your-losning-mot-mygg,/products/nitecore-emr25-myggskydd-your-losning-mot-mygg,/products/nitecore-emr25-mosquito-repellent-your-losning-mot-mygg,YES,YES,Nitecore EMR25 Myggskydd: Din Lösning Mot Mygg,,
product,gopro-hero13-linsskydd,gopro-hero13-lens-protector,/products/gopro-hero13-linsskydd,/products/gopro-hero13-lens-protector,YES,YES,GoPro HERO13 Linsskydd för Optimalt Skydd,,
product,silikonskal-with-linsskydd-for-insta360-one-rs,silicone-case-with-lens-protector-for-insta360-one-rs,/products/silikonskal-with-linsskydd-for-insta360-one-rs,/products/silicone-case-with-lens-protector-for-insta360-one-rs,YES,YES,Skal Insta360 One RS - Silikonskal med Linsskydd för Insta360 One RS,,
product,insta360-x3-silikonskal,insta360-x3-silicone-case,/products/insta360-x3-silikonskal,/products/insta360-x3-silicone-case,YES,YES,Insta360 X3 silikonskal - Skydda din Insta360 X3 med ett silikonskal,,
product,insta360-fjarrskal-silikon-puluz,insta360-fjarrshell-silicone-puluz,/products/insta360-fjarrskal-silikon-puluz,/products/insta360-fjarrshell-silicone-puluz,YES,YES,Insta360 fjärrskal - Skyddande Silikonfodral för Insta360,,
product,insta360-go3-laddfodral-silikon,insta360-go3-laddfodral-silicone,/products/insta360-go3-laddfodral-silikon,/products/insta360-go3-laddfodral-silicone,YES,YES,Insta360 GO3 Laddfodral i Silikon,,
product,silikonskal-insta360-go-3-with-linsskydd,silicone-case-insta360-go-3-with-lens-protector,/products/silikonskal-insta360-go-3-with-linsskydd,/products/silicone-case-insta360-go-3-with-lens-protector,YES,YES,Silikonskal Insta360 GO 3 med Skyddande Linsskydd,,
product,insta360-go-3-puluz-kamerafodral-skyddskit,insta360-go-3-puluz-kamerafodral-protectionskit,/products/insta360-go-3-puluz-kamerafodral-skyddskit,/products/insta360-go-3-puluz-kamerafodral-protectionskit,YES,YES,Insta360 GO 3 PULUZ Camera - Skyddsfodral för Insta360 GO 3 PULUZ,,
product,vindskydd-skum-insta360-ace-pro-ace-puluz-hog-dens,vindprotection-skum-insta360-ace-pro-ace-puluz-hog-dens,/products/vindskydd-skum-insta360-ace-pro-ace-puluz-hog-dens,/products/vindprotection-skum-insta360-ace-pro-ace-puluz-hog-dens,YES,YES,Insta360 Ace Pro / Ace PULUZ - Vindskydd i Skum för Insta360 Ace,,
product,insta360-x4-silikonskydd-1,insta360-x4-siliconeprotection-1,/products/insta360-x4-silikonskydd-1,/products/insta360-x4-siliconeprotection-1,YES,YES,Insta360 X4 silikonskydd för optimalt kameraskydd,,
product,insta360-ace-pro-2-silico-skyddsfodral,insta360-ace-pro-2-silico-protectionsfodral,/products/insta360-ace-pro-2-silico-skyddsfodral,/products/insta360-ace-pro-2-silico-protectionsfodral,YES,YES,Insta360 Ace Pro 2 silico Skyddsfodral,,
product,insta360-x5-puluz-silikonskydd-with-linsskydd,insta360-x5-puluz-siliconeprotection-with-lens-protector,/products/insta360-x5-puluz-silikonskydd-with-linsskydd,/products/insta360-x5-puluz-siliconeprotection-with-lens-protector,YES,YES,Insta360 X5 PULUZ Silicone - Insta360 X5 PULUZ Silikonskydd,,
product,insta360-go-3-3s-puluz-silikonfodral-mounts,insta360-go-3-3s-puluz-siliconefodral-mounts,/products/insta360-go-3-3s-puluz-silikonfodral-mounts,/products/insta360-go-3-3s-puluz-siliconefodral-mounts,YES,YES,Insta360 GO 3 / GO 3S PULUZ - Insta360 GO 3 / 3S PULUZ Silikonfodral,,
product,insta360-x5-silikonfodral-protection-linslock,insta360-x5-siliconefodral-protection-linslock,/products/insta360-x5-silikonfodral-protection-linslock,/products/insta360-x5-siliconefodral-protection-linslock,YES,YES,Insta360 X5 Silikonfodral med Linslock,,
product,puluz-vindskyddsskum-insta360-x5-x4-x3-6-pack,puluz-vindprotectionsskum-insta360-x5-x4-x3-6-pack,/products/puluz-vindskyddsskum-insta360-x5-x4-x3-6-pack,/products/puluz-vindprotectionsskum-insta360-x5-x4-x3-6-pack,YES,YES,Insta360 X5 / X4 / X3 PULUZ - PULUZ Vindskyddsskum för Insta360,,
product,dji-avata-linsskydd-haradat-glas,dji-avata-lens-protector-haradat-glas,/products/dji-avata-linsskydd-haradat-glas,/products/dji-avata-lens-protector-haradat-glas,YES,YES,DJI Avata Linsskydd i Härdat Glas (2-pack),,
product,insta360-go-3-vindskydd-skum,insta360-go-3-vindprotection-skum,/products/insta360-go-3-vindskydd-skum,/products/insta360-go-3-vindprotection-skum,YES,YES,Insta360 GO 3 vindskydd för optimal ljudinspelning,,
product,insta360-go-3s-puluz-camera-laddbox-silikonskydd,insta360-go-3s-puluz-camera-laddbox-siliconeprotection,/products/insta360-go-3s-puluz-camera-laddbox-silikonskydd,/products/insta360-go-3s-puluz-camera-laddbox-siliconeprotection,YES,YES,Insta360 GO 3S PULUZ Kamera Skyddspaket,,
product,ricoh-theta-linsskydd-pc-skyddslock,ricoh-theta-lens-protector-pc-protectionslock,/products/ricoh-theta-linsskydd-pc-skyddslock,/products/ricoh-theta-lens-protector-pc-protectionslock,YES,YES,PULUZ Lens Guard PC Protective Cover Kits for Ricoh Theta SC2 / S / V,,
product,gopro-hero8-vindskydd-puluz-skumfodral,gopro-hero8-vindprotection-puluz-skumfodral,/products/gopro-hero8-vindskydd-puluz-skumfodral,/products/gopro-hero8-vindprotection-puluz-skumfodral,YES,YES,GoPro Hero8 Vindskydd för Brusfri Filmning,,
product,pgytech-fjarrkontrollskydd-mavic-2,pgytech-remote-controlprotection-mavic-2,/products/pgytech-fjarrkontrollskydd-mavic-2,/products/pgytech-remote-controlprotection-mavic-2,YES,YES,"PGYTECH P-15D-007 Remote Controller with Screen Protector Cover Rocker Holder for DJI Mavic 2, PGYTECH P-15D-007",,
product,cpl-filter-dji-mini-professional-dronarbilder,cpl-filter-dji-mini-professional-dronebilder,/products/cpl-filter-dji-mini-professional-dronarbilder,/products/cpl-filter-dji-mini-professional-dronebilder,YES,YES,CPL Filter för DJI Mini – Optimerad Bildkvalitet,,
product,gopro-hero10-metallbur,gopro-hero10-metal-cage,/products/gopro-hero10-metallbur,/products/gopro-hero10-metal-cage,YES,YES,GoPro HERO10 Metallbur med Dubbla Cold Shoes,,
product,snabbfaste-camera-60mm-aluminium,snabbmount-camera-60mm-aluminium,/products/snabbfaste-camera-60mm-aluminium,/products/snabbmount-camera-60mm-aluminium,YES,YES,FITTEST JZ-60LR Aluminium Snabbfäste med Spak,,
product,mini-3-pro-propellerblad-storage-bag-silikon,mini-3-pro-propellerblad-storage-bag-silicone,/products/mini-3-pro-propellerblad-storage-bag-silikon,/products/mini-3-pro-propellerblad-storage-bag-silicone,YES,YES,Förvaringsväska för Mini 3 Pro Propellerblad,,
product,puluz-justerbart-brostfaste-actionkamera,puluz-justerbart-brostmount-actionkamera,/products/puluz-justerbart-brostfaste-actionkamera,/products/puluz-justerbart-brostmount-actionkamera,YES,YES,PULUZ Adjustable Body Fäste - PULUZ Justerbart Bröstfäste,,
product,rcstq-transparenta-drone-propellers-snabbfaste,rcstq-transparenta-drone-propellers-snabbmount,/products/rcstq-transparenta-drone-propellers-snabbfaste,/products/rcstq-transparenta-drone-propellers-snabbmount,YES,YES,RCSTQ 2 Pairs Clear Color - RCSTQ Transparenta Snabbfästespropellrar,,
product,mini-3-pro-propellers-silikon-storage-bag,mini-3-pro-propellers-silicone-storage-bag,/products/mini-3-pro-propellers-silikon-storage-bag,/products/mini-3-pro-propellers-silicone-storage-bag,YES,YES,Mini 3 Pro Propellrar med Skyddande Silikonväska,,
product,gopro-hero-skyddsfodral-abs-plast,gopro-hero-protectionsfodral-abs-plast,/products/gopro-hero-skyddsfodral-abs-plast,/products/gopro-hero-protectionsfodral-abs-plast,YES,YES,GoPro HERO Skyddsfodral i ABS-plast,,
product,puluz-klamfaste-actionkamera-flexibel,puluz-klammount-actionkamera-flexibel,/products/puluz-klamfaste-actionkamera-flexibel,/products/puluz-klammount-actionkamera-flexibel,YES,YES,PULUZ Klämfäste för Actionkameror,,
product,kolfiberpropellrar-dji-mavic-2-pro-zoom-8743f,kolfiberpropellers-dji-mavic-2-pro-zoom-8743f,/products/kolfiberpropellrar-dji-mavic-2-pro-zoom-8743f,/products/kolfiberpropellers-dji-mavic-2-pro-zoom-8743f,YES,YES,Mavic 2 Kolfiberpropeller 8743F för DJI Pro/Zoom,,
product,dji-air-3-8747f-lagbrus-snabbfaste-propellers,dji-air-3-8747f-lagbrus-snabbmount-propellers,/products/dji-air-3-8747f-lagbrus-snabbfaste-propellers,/products/dji-air-3-8747f-lagbrus-snabbmount-propellers,YES,YES,8747F Low Noise Quick-release - 8747F Lågbrusiga Snabbfäste,,
product,pgytech-solskydd-mavic-mini-camera-gimbal-protection,pgytech-solprotection-mavic-mini-camera-gimbal-protection,/products/pgytech-solskydd-mavic-mini-camera-gimbal-protection,/products/pgytech-solprotection-mavic-mini-camera-gimbal-protection,YES,YES,Solskydd Mavic Mini - PGYTECH Solskydd för DJI Mavic Mini Kamera,,
product,mavic-4-pro-quiet-snabbfaste-propellers,mavic-4-pro-quiet-snabbmount-propellers,/products/mavic-4-pro-quiet-snabbfaste-propellers,/products/mavic-4-pro-quiet-snabbmount-propellers,YES,YES,Tysta Snabbfäste Propellrar för DJI Mavic 4 Pro,,
product,insta360-x3-hd-skarmskydd-mjuk-film,insta360-x3-hd-skarmprotection-mjuk-film,/products/insta360-x3-hd-skarmskydd-mjuk-film,/products/insta360-x3-hd-skarmprotection-mjuk-film,YES,YES,Insta360 X3 HD Screen Soft - Insta360 X3 HD Skärmskydd Mjuk Film,,
product,kameravaska-actionkamera-kolfiber-waterproof,kamerabag-actionkamera-kolfiber-waterproof,/products/kameravaska-actionkamera-kolfiber-waterproof,/products/kamerabag-actionkamera-kolfiber-waterproof,YES,YES,Kolfiber Waterproof - Vattentät Kolfiberväska för Actionkameror,,
product,insta360-one-rs-360-protection-linsskydd,insta360-one-rs-360-protection-lens-protector,/products/insta360-one-rs-360-protection-linsskydd,/products/insta360-one-rs-360-protection-lens-protector,YES,YES,Insta360 One RS 360 Skydd – Förstärkt Linsskydd,,
product,sunnylife-evo-dc356-3-i-1-batteriskyddsvaska,sunnylife-evo-dc356-3-i-1-batteryprotectionsbag,/products/sunnylife-evo-dc356-3-i-1-batteriskyddsvaska,/products/sunnylife-evo-dc356-3-i-1-batteryprotectionsbag,YES,YES,Sunnylife EVO-DC356 3 in 1 - Sunnylife EVO-DC356 3-i-1,,
product,actionkameravaska-eva-stotsaker-waterproof-forvarin,actionkamerabag-eva-stotsaker-waterproof-forvarin,/products/actionkameravaska-eva-stotsaker-waterproof-forvarin,/products/actionkamerabag-eva-stotsaker-waterproof-forvarin,YES,YES,Actionkameraväska EVA för Säker Kameraförvaring,,
product,dronarvaska-dji-mavic-air-stotsaker-waterproof,dronebag-dji-mavic-air-stotsaker-waterproof,/products/dronarvaska-dji-mavic-air-stotsaker-waterproof,/products/dronebag-dji-mavic-air-stotsaker-waterproof,YES,YES,Drönarväska DJI Mavic - Stötsäker och Vattentät Drönarväska för DJI,,
product,hopfallbar-dronarplatta-80cm,hopfallbar-droneplatta-80cm,/products/hopfallbar-dronarplatta-80cm,/products/hopfallbar-droneplatta-80cm,YES,YES,Hopfällbar Drönarplatta 80cm för Optimal Säkerhet,,
product,dji-mavic-air-propellers-snabbfaste-4-pack,dji-mavic-air-propellers-snabbmount-4-pack,/products/dji-mavic-air-propellers-snabbfaste-4-pack,/products/dji-mavic-air-propellers-snabbmount-4-pack,YES,YES,DJI Mavic Air Propellrar med Snabbfäste,,
product,sugkoppsfasten-with-flexibel-gripklamma-for-actionk,sugkoppsmounts-with-flexibel-gripklamma-for-actionk,/products/sugkoppsfasten-with-flexibel-gripklamma-for-actionk,/products/sugkoppsmounts-with-flexibel-gripklamma-for-actionk,YES,YES,Suction Cup Jaws Flex Clamp - Sugkoppsfäste med Flexibel Gripklämma,,
product,6cm-kopplingsstang-fast-motorcykel-faste,6cm-kopplingsstang-fast-motorcykel-mount,/products/6cm-kopplingsstang-fast-motorcykel-faste,/products/6cm-kopplingsstang-fast-motorcykel-mount,YES,YES,6cm Connecting Rod Fixed - Motorcykelfäste med 6cm Kopplingsstång,,
product,sunnylife-universal-vikbar-dronarplatta,sunnylife-universal-vikbar-droneplatta,/products/sunnylife-universal-vikbar-dronarplatta,/products/sunnylife-universal-vikbar-droneplatta,YES,YES,Sunnylife Universell Vikbar - Universell Vikbar Landningsplatta,,
product,gopro-hero8-skarmskydd-haradat-glas,gopro-hero8-skarmprotection-haradat-glas,/products/gopro-hero8-skarmskydd-haradat-glas,/products/gopro-hero8-skarmprotection-haradat-glas,YES,YES,GoPro Hero8 Skärmskydd i Härdat Glas,,
product,sunnylife-air2-q9294-fjarrkontroll-halsrem-dji-mav,sunnylife-air2-q9294-remote-control-halsrem-dji-mav,/products/sunnylife-air2-q9294-fjarrkontroll-halsrem-dji-mav,/products/sunnylife-air2-q9294-remote-control-halsrem-dji-mav,YES,YES,Sunnylife AIR2-Q9294 Remote - Sunnylife Fjärrkontroll Halsrem för DJI,,
product,dji-mini-2-se-gra-stotsaker-hardvaska,dji-mini-2-se-gra-stotsaker-hardbag,/products/dji-mini-2-se-gra-stotsaker-hardvaska,/products/dji-mini-2-se-gra-stotsaker-hardbag,YES,YES,DJI Mini 2 SE Grey Shockproof - Stötsäker Hårdväska för DJI Mini,,
product,sunnylife-air2-q9293-fjarrkontrollsfaste,sunnylife-air2-q9293-remote-controlsmount,/products/sunnylife-air2-q9293-fjarrkontrollsfaste,/products/sunnylife-air2-q9293-remote-controlsmount,YES,YES,Sunnylife AIR2-Q9293 Remote - Sunnylife AIR2-Q9293 Fjärrkontrollsfäste,,
product,osmo-action-3-forvaring-bag,osmo-action-3-storage-bag,/products/osmo-action-3-forvaring-bag,/products/osmo-action-3-storage-bag,YES,YES,Säker Osmo Action 3 Förvaring för Din Kamera,,
product,dji-joystick-motstand-fjarrkontroll-reservdel,dji-joystick-motstand-remote-control-reservdel,/products/dji-joystick-motstand-fjarrkontroll-reservdel,/products/dji-joystick-motstand-remote-control-reservdel,YES,YES,Precision DJI Joystick Motstånd för Drönare,,
product,startrc-1106837-stotsakert-landningsstall-dji-mini,startrc-1106837-stotsakert-landing-gear-dji-mini,/products/startrc-1106837-stotsakert-landningsstall-dji-mini,/products/startrc-1106837-stotsakert-landing-gear-dji-mini,YES,YES,STARTRC 1106837 Shockproof - STARTRC 1106837 Stötsäkert,,
product,sunnylife-mini-motorskydd,sunnylife-mini-motorprotection,/products/sunnylife-mini-motorskydd,/products/sunnylife-mini-motorprotection,YES,YES,Sunnylife Mini Motorskydd för DJI Drönare,,
product,pgytech-osmo-pocket-remfaste,pgytech-osmo-pocket-remmount,/products/pgytech-osmo-pocket-remfaste,/products/pgytech-osmo-pocket-remmount,YES,YES,PGYTECH Osmo Pocket Remfäste för Actionkamera,,
product,effektivt-dji-mini-solskydd-dronarkameran,effektivt-dji-mini-solprotection-dronekameran,/products/effektivt-dji-mini-solskydd-dronarkameran,/products/effektivt-dji-mini-solprotection-dronekameran,YES,YES,Effektivt DJI Marvic Mini Solskydd för Drönarkameran,,
product,sunnylife-motorskydd-dji-mini-2,sunnylife-motorprotection-dji-mini-2,/products/sunnylife-motorskydd-dji-mini-2,/products/sunnylife-motorprotection-dji-mini-2,YES,YES,Sunnylife DJI Mini - Sunnylife Motorskydd i Metall för DJI Mini 2,,
product,dji-mini-2-dronarvaska-waterproof-nylon,dji-mini-2-dronebag-waterproof-nylon,/products/dji-mini-2-dronarvaska-waterproof-nylon,/products/dji-mini-2-dronebag-waterproof-nylon,YES,YES,Skyddande DJI Mini 2 Drönarväska i Vattentät Nylon,,
product,rcgeek-dronarplatta-55cm-hopfallbar-landningsplatt,rcgeek-droneplatta-55cm-hopfallbar-landingsplatt,/products/rcgeek-dronarplatta-55cm-hopfallbar-landningsplatt,/products/rcgeek-droneplatta-55cm-hopfallbar-landingsplatt,YES,YES,RCGEEK Drönarplatta 55cm för Säker Drönarflygning,,
product,telefonfaste-osmo-pocket-mobilhallare,telefonmount-osmo-pocket-mobilhallare,/products/telefonfaste-osmo-pocket-mobilhallare,/products/telefonmount-osmo-pocket-mobilhallare,YES,YES,"PULUZ Smartphone Fixing Clamp 1/4 inch Holder Mount Bracket for DJI OSMO Pocket / Pocket 2, Clamp",,
product,startrc-2-pack-9h-2-5d-skarmskydd-dji-mini-3-pro-r,startrc-2-pack-9h-2-5d-skarmprotection-dji-mini-3-pro-r,/products/startrc-2-pack-9h-2-5d-skarmskydd-dji-mini-3-pro-r,/products/startrc-2-pack-9h-2-5d-skarmprotection-dji-mini-3-pro-r,YES,YES,STARTRC 2 PCS 9H 2.5D Tempered - STARTRC 9H 2.5D Skärmskydd för DJI,,
product,37cm-sugkoppsfaste-friktionsarm,37cm-sugkoppsmount-friktionsarm,/products/37cm-sugkoppsfaste-friktionsarm,/products/37cm-sugkoppsmount-friktionsarm,YES,YES,37cm Single Suction Cup - 37cm Enkel Sugkoppsfäste med Friktionsarm,,
product,sunnylife-a2s-q9350-kameralinsskydd,sunnylife-a2s-q9350-kameralens-protector,/products/sunnylife-a2s-q9350-kameralinsskydd,/products/sunnylife-a2s-q9350-kameralens-protector,YES,YES,Sunnylife A2S-Q9350 Kamera - Sunnylife A2S-Q9350 Solskydd,,
product,startrc-landningsstall-dji-mini-3-pro-foldable-sky,startrc-landing-gear-dji-mini-3-pro-foldable-sky,/products/startrc-landningsstall-dji-mini-3-pro-foldable-sky,/products/startrc-landing-gear-dji-mini-3-pro-foldable-sky,YES,YES,STARTRC landningsställ - STARTRC Fällbart Landningsställ för DJI Mini,,
product,sunnylife-dji-mavic-air-2-kameralinsskydd,sunnylife-dji-mavic-air-2-kameralens-protector,/products/sunnylife-dji-mavic-air-2-kameralinsskydd,/products/sunnylife-dji-mavic-air-2-kameralens-protector,YES,YES,Sunnylife For DJI Mavic Air 2 - Sunnylife Kameralinsskydd för DJI,,
product,startrc-mini-3-pro-protection-fjarrkontroll,startrc-mini-3-pro-protection-remote-control,/products/startrc-mini-3-pro-protection-fjarrkontroll,/products/startrc-mini-3-pro-protection-remote-control,YES,YES,STARTRC Mini 3 Pro skydd - STARTRC Silikonskydd för DJI Mini,,
product,propellerhallare-mini-3-pro-bladskydd,propellerhallare-mini-3-pro-bladprotection,/products/propellerhallare-mini-3-pro-bladskydd,/products/propellerhallare-mini-3-pro-bladprotection,YES,YES,STARTRC Propellerhållare för DJI Mini 3 Pro Bladskydd,,
product,startrc-barvaska-axelrem-drones,startrc-barbag-axelrem-drones,/products/startrc-barvaska-axelrem-drones,/products/startrc-barbag-axelrem-drones,YES,YES,STARTRC Portable Carry Box - STARTRC Bärväska med Axelrem för Drönare,,
product,fjarrkontrollskydd-for-dji-mini-3-pro-mavic-3,remote-controlprotection-for-dji-mini-3-pro-mavic-3,/products/fjarrkontrollskydd-for-dji-mini-3-pro-mavic-3,/products/remote-controlprotection-for-dji-mini-3-pro-mavic-3,YES,YES,Fjärrkontrollskydd For DJI Mini 3 Pro / Mavic 3,,
product,dronarvaska-mavic-air-2-pgytech-waterproof-forvarin,dronebag-mavic-air-2-pgytech-waterproof-forvarin,/products/dronarvaska-mavic-air-2-pgytech-waterproof-forvarin,/products/dronebag-mavic-air-2-pgytech-waterproof-forvarin,YES,YES,Drönarväska Mavic Air - PGYTECH Drönarväska för DJI Mavic Air 2,,
product,startrc-axelvaska-dji-mini-3-rc,startrc-axelbag-dji-mini-3-rc,/products/startrc-axelvaska-dji-mini-3-rc,/products/startrc-axelbag-dji-mini-3-rc,YES,YES,DJI Mini 3 RC Axelväska med Skärmstöd,,
product,dji-mini-2-se-bag-stotsaker-axelremsvaska,dji-mini-2-se-bag-stotsaker-axelremsbag,/products/dji-mini-2-se-bag-stotsaker-axelremsvaska,/products/dji-mini-2-se-bag-stotsaker-axelremsbag,YES,YES,Stötsäker DJI Mini 2 SE Väska med Axelrem,,
product,gp456-stativfaste-action-cameras-mobiler,gp456-stativmount-action-cameras-mobiler,/products/gp456-stativfaste-action-cameras-mobiler,/products/gp456-stativmount-action-cameras-mobiler,YES,YES,GP456 Stativ Konsol - GP456 Stativfäste för Kameror och Mobiler,,
product,dji-mini-2-se-hardvaska-stotsaker-forvaring,dji-mini-2-se-hardbag-stotsaker-storage,/products/dji-mini-2-se-hardvaska-stotsaker-forvaring,/products/dji-mini-2-se-hardbag-stotsaker-storage,YES,YES,DJI Mini 2 SE hårdväska - Stötsäker Hårdväska för DJI Mini 2 SE,,
product,rcstq-universellt-expansionsfaste-for-dji-drones,rcstq-universellt-expansionsmount-for-dji-drones,/products/rcstq-universellt-expansionsfaste-for-dji-drones,/products/rcstq-universellt-expansionsmount-for-dji-drones,YES,YES,RCSTQ Universal Expansion - RCSTQ Universellt Expansionsfäste,,
product,framre-skyddsskal-for-dji-mavic-air-2,framre-protectionsshell-for-dji-mavic-air-2,/products/framre-skyddsskal-for-dji-mavic-air-2,/products/framre-protectionsshell-for-dji-mavic-air-2,YES,YES,Främre Skyddsskal för DJI Mavic Air 2,,
product,dji-mavic-air-2-fjarrkontroll-bag,dji-mavic-air-2-remote-control-bag,/products/dji-mavic-air-2-fjarrkontroll-bag,/products/dji-mavic-air-2-remote-control-bag,YES,YES,dji mavic väska - Fjärrkontroll Väska för DJI Mavic Air 2,,
product,puluz-silikonskydd-gopro-hero12-black,puluz-siliconeprotection-gopro-hero12-black,/products/puluz-silikonskydd-gopro-hero12-black,/products/puluz-siliconeprotection-gopro-hero12-black,YES,YES,PULUZ for GoPro HERO12 Black - PULUZ Silikonskydd för GoPro HERO12,,
product,cqt-fjarrkontrollslina-with-krok,cqt-remote-controlslina-with-krok,/products/cqt-fjarrkontrollslina-with-krok,/products/cqt-remote-controlslina-with-krok,YES,YES,CQT Remote Control Lanyard - CQT Fjärrkontrollslina med Krok,,
product,dronarfallskarm-mavic-air-2-3-security,dronefallskarm-mavic-air-2-3-security,/products/dronarfallskarm-mavic-air-2-3-security,/products/dronefallskarm-mavic-air-2-3-security,YES,YES,"Parachute for DJI Mavic Air 2 / 2S / Mavic 3 Improve Safety, Manti 3, Manti 3 Plus, Manti 3 Replacement Umbrella Cabin, Manti 3 Plus Replacement Umbrella Cabin",,
product,startrc-waterproof-axelvaska-dji-mini-3-pro-rc,startrc-waterproof-axelbag-dji-mini-3-pro-rc,/products/startrc-waterproof-axelvaska-dji-mini-3-pro-rc,/products/startrc-waterproof-axelbag-dji-mini-3-pro-rc,YES,YES,Vattentät DJI Mini 3 Pro RC Väska för Säker Transport,,
product,telesin-t10-80m-bluetooth-fjarrkontroll-gopro,telesin-t10-80m-bluetooth-remote-control-gopro,/products/telesin-t10-80m-bluetooth-fjarrkontroll-gopro,/products/telesin-t10-80m-bluetooth-remote-control-gopro,YES,YES,TELESIN T10 80m Bluetooth Fjärrkontroll för GoPro,,
product,sunnylife-m2-sn9355-blad-propellers-forvaringslada,sunnylife-m2-sn9355-blad-propellers-storageslada,/products/sunnylife-m2-sn9355-blad-propellers-forvaringslada,/products/sunnylife-m2-sn9355-blad-propellers-storageslada,YES,YES,Sunnylife M2-SN9355 Blade - Sunnylife M2-SN9355 Blad & Propeller,,
product,gopro-metallfaste-fallbar-magnetisk-bas,gopro-metallmount-fallbar-magnetisk-bas,/products/gopro-metallfaste-fallbar-magnetisk-bas,/products/gopro-metallmount-fallbar-magnetisk-bas,YES,YES,GoPro Metallfäste med Fällbar Magnetisk Bas,,
product,pgytech-cykelhallare-actionkamera-styrfaste,pgytech-cykelhallare-actionkamera-styrmount,/products/pgytech-cykelhallare-actionkamera-styrfaste,/products/pgytech-cykelhallare-actionkamera-styrmount,YES,YES,Cykelhållare actionkamera - PGYTECH Cykelhållare för Actionkamera,,
product,dji-joystick-verktyg-tidfordrojning-dronartillbeho,dji-joystick-verktyg-tidfordrojning-dronetillbeho,/products/dji-joystick-verktyg-tidfordrojning-dronartillbeho,/products/dji-joystick-verktyg-tidfordrojning-dronetillbeho,YES,YES,DJI joystick verktyg - Precisionsverktyg för DJI Joystick,,
product,startrc-dronarmatta-25cm-hopfallbar-landningsplatt,startrc-drone-mat-25cm-hopfallbar-landingsplatt,/products/startrc-dronarmatta-25cm-hopfallbar-landningsplatt,/products/startrc-drone-mat-25cm-hopfallbar-landingsplatt,YES,YES,STARTRC RC Drone Quadcopter - STARTRC Drönarmatta – Hopfällbar,,
product,selfiepinne-insta360-1-2m,selfie-stick-insta360-1-2m,/products/selfiepinne-insta360-1-2m,/products/selfie-stick-insta360-1-2m,YES,YES,Insta360 Selfiestick 1.2m för Actionkameror,,
product,puluz-sugproppsfaste-bil-actionkamera,puluz-sugproppsmount-bil-actionkamera,/products/puluz-sugproppsfaste-bil-actionkamera,/products/puluz-sugproppsmount-bil-actionkamera,YES,YES,"PULUZ Car Suction Cup Mount with Screw & Tripod Mount Adapter & Storage Bag for GoPro, Insta360, DJI and Other Action Cameras, Sucker Mount",,
product,gopro-hero12-skarmskydd,gopro-hero12-skarmprotection,/products/gopro-hero12-skarmskydd,/products/gopro-hero12-skarmprotection,YES,YES,GoPro HERO12 Skärmskydd i Härdat Glas,,
product,hopfallbar-dronarplatta-56cm,hopfallbar-droneplatta-56cm,/products/hopfallbar-dronarplatta-56cm,/products/hopfallbar-droneplatta-56cm,YES,YES,Hopfällbar Drönarplatta 56cm för Säker Landning,,
product,hojt-landningsstall-dji-mavic-mini,hojt-landing-gear-dji-mavic-mini,/products/hojt-landningsstall-dji-mavic-mini,/products/hojt-landing-gear-dji-mavic-mini,YES,YES,Höjt Landningsställ för DJI Mavic Mini,,
product,micro-usb-datakabel-dji-30cm,micro-usb-datacable-dji-30cm,/products/micro-usb-datakabel-dji-30cm,/products/micro-usb-datacable-dji-30cm,YES,YES,Micro USB Datakabel 30cm till DJI Drönare,,
product,dji-vinklad-micro-usb-drone-kabel,dji-vinklad-micro-usb-drone-cable,/products/dji-vinklad-micro-usb-drone-kabel,/products/dji-vinklad-micro-usb-drone-cable,YES,YES,DJI Vinklad Micro USB Datakabel för Drönare,,
product,dji-rc-pro-fjarrkontroll-with-screen,dji-rc-pro-remote-control-with-screen,/products/dji-rc-pro-fjarrkontroll-with-screen,/products/dji-rc-pro-remote-control-with-screen,YES,YES,DJI RC Pro Fjärrkontroll med Integrerad Skärm,,
product,dji-mini-2-dronarvaska-forvaring,dji-mini-2-dronebag-storage,/products/dji-mini-2-dronarvaska-forvaring,/products/dji-mini-2-dronebag-storage,YES,YES,DJI MINI 2 Drone Storage Bag - Skyddande Förvaringsväska för DJI Mini,,
product,usb-c-datakabel-dji-30cm,usb-c-datacable-dji-30cm,/products/usb-c-datakabel-dji-30cm,/products/usb-c-datacable-dji-30cm,YES,YES,USB-C Datakabel DJI 30cm för Drönare,,
product,silikonskydd-dji-mini-3-pro-dji-rc-screen,siliconeprotection-dji-mini-3-pro-dji-rc-screen,/products/silikonskydd-dji-mini-3-pro-dji-rc-screen,/products/siliconeprotection-dji-mini-3-pro-dji-rc-screen,YES,YES,Skyddande Silikonskal för DJI Mini 3 Pro / DJI RC,,
product,dji-mavic-mini-forhojt-landningsstall-snabbfaste,dji-mavic-mini-forhojt-landing-gear-snabbmount,/products/dji-mavic-mini-forhojt-landningsstall-snabbfaste,/products/dji-mavic-mini-forhojt-landing-gear-snabbmount,YES,YES,DJI MAVIC Mini Heightened - Förhöjt Landningsställ för DJI Mavic Mini,,
product,dji-mavic-air-2-axelvaska-waterproof,dji-mavic-air-2-axelbag-waterproof,/products/dji-mavic-air-2-axelvaska-waterproof,/products/dji-mavic-air-2-axelbag-waterproof,YES,YES,DJI Mavic Air 2 axelväska - Vattentät Axelväska för DJI Mavic Air,,
product,barvaska-dji-mavic-mini-drones,barbag-dji-mavic-mini-drones,/products/barvaska-dji-mavic-mini-drones,/products/barbag-dji-mavic-mini-drones,YES,YES,Skyddande Bärväska för DJI Mavic Mini,,
product,rcstq-silikon-propellerfaste-dji-mavic-mini,rcstq-silicone-propellermount-dji-mavic-mini,/products/rcstq-silikon-propellerfaste-dji-mavic-mini,/products/rcstq-silicone-propellermount-dji-mavic-mini,YES,YES,RCSTQ Silicone Fixed Propeller - RCSTQ Silikon Propellerfäste för DJI,,
product,dji-action-2-huvudfaste-magnetisk-rem,dji-action-2-huvudmount-magnetisk-rem,/products/dji-action-2-huvudfaste-magnetisk-rem,/products/dji-action-2-huvudmount-magnetisk-rem,YES,YES,DJI Action 2 Huvudfäste med Magnetisk Rem,,
product,insta360-one-r-ramfaste-aluminium-skyddsbur,insta360-one-r-rammount-aluminium-protectionsbur,/products/insta360-one-r-ramfaste-aluminium-skyddsbur,/products/insta360-one-r-rammount-aluminium-protectionsbur,YES,YES,Insta360 One R Ramfäste i Aluminium,,
product,dji-fpv-backpack-waterproof-hardskalsvaska,dji-fpv-backpack-waterproof-hardshellsbag,/products/dji-fpv-backpack-waterproof-hardskalsvaska,/products/dji-fpv-backpack-waterproof-hardshellsbag,YES,YES,Vattentät DJI FPV Ryggsäck med Hårdskal,,
product,cykelfaste-dji-drones-fjarrkontrollhallare,cykelmount-dji-drones-remote-controlhallare,/products/cykelfaste-dji-drones-fjarrkontrollhallare,/products/cykelmount-dji-drones-remote-controlhallare,YES,YES,Cykelfäste DJI drönare - Cykelfäste för DJI Drönarfjärrkontroll,,
product,airtag-faste-dji-mini-drones,airtag-mount-dji-mini-drones,/products/airtag-faste-dji-mini-drones,/products/airtag-mount-dji-mini-drones,YES,YES,AirTag Fäste för DJI Mini Drönare,,
product,dji-osmo-pocket-skarmskydd-linsskydd-6-pack,dji-osmo-pocket-skarmprotection-lens-protector-6-pack,/products/dji-osmo-pocket-skarmskydd-linsskydd-6-pack,/products/dji-osmo-pocket-skarmprotection-lens-protector-6-pack,YES,YES,6 PCS Lens Protector + Screen - Komplett Skyddspaket för DJI Osmo,,
product,dji-air-2s-axelvaska-stotsaker-waterproof,dji-air-2s-axelbag-stotsaker-waterproof,/products/dji-air-2s-axelvaska-stotsaker-waterproof,/products/dji-air-2s-axelbag-stotsaker-waterproof,YES,YES,Stötsäker och Vattentät DJI Air 2S Axelväska,,
product,sunnylife-5328s-propellers-forvaringslada-dji-fpv,sunnylife-5328s-propellers-storageslada-dji-fpv,/products/sunnylife-5328s-propellers-forvaringslada-dji-fpv,/products/sunnylife-5328s-propellers-storageslada-dji-fpv,YES,YES,Sunnylife 5328S Propeller - Skyddande Förvaringslåda för DJI FPV,,
product,dronarfaste-cykel-dji,dronemount-cykel-dji,/products/dronarfaste-cykel-dji,/products/dronemount-cykel-dji,YES,YES,drönarfäste cykel - Säkert Drönarfäste för Cykel – Transportera Din DJ,,
product,barbar-axelvaska-dji-air-2s-forvaring-resor,barbar-axelbag-dji-air-2s-storage-resor,/products/barbar-axelvaska-dji-air-2s-forvaring-resor,/products/barbar-axelbag-dji-air-2s-storage-resor,YES,YES,Bärbar Single Shoulder - Bärbar Axelväska för DJI Air 2S Drönare,,
product,rcstq-dronarladdare-30w-dual-portar,rcstq-dronecharger-30w-dual-portar,/products/rcstq-dronarladdare-30w-dual-portar,/products/rcstq-dronecharger-30w-dual-portar,YES,YES,RCSTQ Drone 30W Dual Port - RCSTQ Drönarladdare med 30W Dubbla Portar,,
product,dji-air-3-ljudpropellrar,dji-air-3-audiopropellers,/products/dji-air-3-ljudpropellrar,/products/dji-air-3-audiopropellers,YES,YES,Original DJI Air 3 Ljudpropellrar för Tystare Flygning,,
product,dji-mini-3-pro-faste-expansionsadapter,dji-mini-3-pro-mount-expansionsadapter,/products/dji-mini-3-pro-faste-expansionsadapter,/products/dji-mini-3-pro-mount-expansionsadapter,YES,YES,DJI Mini 3 Pro fäste - Expansionsfäste för DJI Mini 3 Pro,,
product,sunnylife-fjarrkontroll-tabletthallare-dji-drones,sunnylife-remote-control-tabletthallare-dji-drones,/products/sunnylife-fjarrkontroll-tabletthallare-dji-drones,/products/sunnylife-remote-control-tabletthallare-dji-drones,YES,YES,Sunnylife Remote Controller - Sunnylife Fjärrkontroll Tabletthållare,,
product,hjalm-baltesfaste-waterproof-holje-gopro,hjalm-baltesmount-waterproof-holje-gopro,/products/hjalm-baltesfaste-waterproof-holje-gopro,/products/hjalm-baltesmount-waterproof-holje-gopro,YES,YES,Helmet Belt Mount + Waterproof - Hjälm- och Bältesfäste,,
product,dji-mini-3-pro-cykelfaste,dji-mini-3-pro-cykelmount,/products/dji-mini-3-pro-cykelfaste,/products/dji-mini-3-pro-cykelmount,YES,YES,Säkert DJI Mini 3 Pro cykelfäste för din fjärrkontroll,,
product,sunnylife-8747f-propellers-forvaringsfodral,sunnylife-8747f-propellers-storagesfodral,/products/sunnylife-8747f-propellers-forvaringsfodral,/products/sunnylife-8747f-propellers-storagesfodral,YES,YES,"Sunnylife 8747F Propellers Case Storage Mini Travel Case Box, For DJI Air 3",,
product,ruigpro-snabbladdare-dji-osmo-action-usb-c-5v,ruigpro-snabbcharger-dji-osmo-action-usb-c-5v,/products/ruigpro-snabbladdare-dji-osmo-action-usb-c-5v,/products/ruigpro-snabbcharger-dji-osmo-action-usb-c-5v,YES,YES,DJI Osmo Action laddare - RUIGPRO Snabbladdare för DJI Osmo Action,,
product,actionkamera-skyddsfodral-kamouflage-monster,actionkamera-protectionsfodral-kamouflage-monster,/products/actionkamera-skyddsfodral-kamouflage-monster,/products/actionkamera-protectionsfodral-kamouflage-monster,YES,YES,Actionkamera Skyddsfodral med Kamouflage Mönster,,
product,cynova-dronarplatta-50cm,cynova-droneplatta-50cm,/products/cynova-dronarplatta-50cm,/products/cynova-droneplatta-50cm,YES,YES,CYNOVA Drönarplatta 50cm för Säker Landning,,
product,propellerhallare-dji-air-3-protection-stabilisering,propellerhallare-dji-air-3-protection-stabilization,/products/propellerhallare-dji-air-3-protection-stabilisering,/products/propellerhallare-dji-air-3-protection-stabilization,YES,YES,Propellerhållare DJI Air - Säker Propellerhållare för DJI Air 3,,
product,hook-and-loop-fastener-backpack-rec-mounts-clip-cl,hook-and-loop-mountser-backpack-rec-mounts-clip-cl,/products/hook-and-loop-fastener-backpack-rec-mounts-clip-cl,/products/hook-and-loop-mountser-backpack-rec-mounts-clip-cl,YES,YES,Hook and Loop Fastener Backpack Rec-Mounts Clip Clamp Mount with Screw,,
product,dji-air-3-propeller-guard-kollisionsskydd,dji-air-3-propeller-guard-kollisionsprotection,/products/dji-air-3-propeller-guard-kollisionsskydd,/products/dji-air-3-propeller-guard-kollisionsprotection,YES,YES,STARTRC Propellerskydd för DJI Air 3,,
product,jsr-kb-series-dronarlinsfilter-dji-air-3,jsr-kb-series-dronelinsfilter-dji-air-3,/products/jsr-kb-series-dronarlinsfilter-dji-air-3,/products/jsr-kb-series-dronelinsfilter-dji-air-3,YES,YES,"JSR KB Series Drone Lens Filter, For DJI Air 3 MCUV, For DJI Air 3 CPL, For DJI Air 3 ND8, For DJI Air 3 ND16, For DJI Air 3 ND32, For DJI Air 3 ND64, For DJI Air 3 ND256, For DJI Air 3 ND1000, For DJI Air 3 ND8PL, For DJI Air 3 ND16PL...",,
product,silikonskal-dji-air-3-rc2-fjarrkontroll,silicone-case-dji-air-3-rc2-remote-control,/products/silikonskal-dji-air-3-rc2-fjarrkontroll,/products/silicone-case-dji-air-3-rc2-remote-control,YES,YES,Skyddande DJI Air 3 RC2 Fodral i Silikon,,
product,dji-mini-3-pro-skyddsring-propellers,dji-mini-3-pro-protectionsring-propellers,/products/dji-mini-3-pro-skyddsring-propellers,/products/dji-mini-3-pro-protectionsring-propellers,YES,YES,DJI Mini 3 Pro Skyddsring för Propellrar,,
product,startrc-nattljusfaste-for-dji-air-3,startrc-nattljusmount-for-dji-air-3,/products/startrc-nattljusfaste-for-dji-air-3,/products/startrc-nattljusmount-for-dji-air-3,YES,YES,DJI Air 3 nattljusfäste - STARTRC Nattljusfäste för DJI Air 3,,
product,dji-air-3-linsskydd-startrc-gimbal-protection,dji-air-3-lens-protector-startrc-gimbal-protection,/products/dji-air-3-linsskydd-startrc-gimbal-protection,/products/dji-air-3-lens-protector-startrc-gimbal-protection,YES,YES,DJI Air 3 linsskydd - STARTRC Linsskydd och Gimbalskydd för DJI Air 3,,
product,original-rc-2-fjarrkontroll-dji-drones,original-rc-2-remote-control-dji-drones,/products/original-rc-2-fjarrkontroll-dji-drones,/products/original-rc-2-remote-control-dji-drones,YES,YES,Original RC 2 Remote Control - Original RC 2 Fjärrkontroll,,
product,dji-air-3s-axelvaska-startrc,dji-air-3s-axelbag-startrc,/products/dji-air-3s-axelvaska-startrc,/products/dji-air-3s-axelbag-startrc,YES,YES,DJI Air 3S Axelväska för Säker Transport,,
product,dji-air-3-kastmekanism-startrc-dronarleveranssyste,dji-air-3-kastmekanism-startrc-droneleveranssyste,/products/dji-air-3-kastmekanism-startrc-dronarleveranssyste,/products/dji-air-3-kastmekanism-startrc-droneleveranssyste,YES,YES,STARTRC DJI Air 3 Kastmekanism för Drönarleveranser,,
product,waterproof-bag-dji-air-3s-abs-skyddsfodral,waterproof-bag-dji-air-3s-abs-protectionsfodral,/products/waterproof-bag-dji-air-3s-abs-skyddsfodral,/products/waterproof-bag-dji-air-3s-abs-protectionsfodral,YES,YES,vattentät väska DJI Air - Vattentät Väska för DJI Air 3S Drönare i ABS,,
product,kameraskydd-dji-spark-gimbal-linsskydd-solskydd,camera-protection-dji-spark-gimbal-lens-protector-solprotection,/products/kameraskydd-dji-spark-gimbal-linsskydd-solskydd,/products/camera-protection-dji-spark-gimbal-lens-protector-solprotection,YES,YES,Kameraskydd DJI Spark – Skyddshuv för Kamera och Gimbal,,
product,dji-air-3s-linsskydd-haradat-glas,dji-air-3s-lens-protector-haradat-glas,/products/dji-air-3s-linsskydd-haradat-glas,/products/dji-air-3s-lens-protector-haradat-glas,YES,YES,DJI Air 3S linsskydd lens - Optimalt Linsskydd för DJI Air 3S Kamera,,
product,gp193-aluminium-legering-hjalmfaste-selfie-stand,gp193-aluminium-legering-hjalmmount-selfie-stand,/products/gp193-aluminium-legering-hjalmfaste-selfie-stand,/products/gp193-aluminium-legering-hjalmmount-selfie-stand,YES,YES,GP193 Aluminium Legering Helmet - GP193 Aluminium Hjälmfäste,,
product,sunnylife-landningsstall-dji-air-3-forhojt-protection,sunnylife-landing-gear-dji-air-3-forhojt-protection,/products/sunnylife-landningsstall-dji-air-3-forhojt-protection,/products/sunnylife-landing-gear-dji-air-3-forhojt-protection,YES,YES,DJI Air 3 landningsställ - Förhöjt Landningsställ för DJI Air 3,,
product,hd-dronarfilter-stjarn-effekt-6-punkt,hd-dronefilter-stjarn-effekt-6-punkt,/products/hd-dronarfilter-stjarn-effekt-6-punkt,/products/hd-dronefilter-stjarn-effekt-6-punkt,YES,YES,HD Drone Star Effect 6-Point - HD Drönarfilter med Stjärneffekt,,
product,dji-osmo-pocket-hd-linsskydd-skarmfilm,dji-osmo-pocket-hd-lens-protector-skarmfilm,/products/dji-osmo-pocket-hd-linsskydd-skarmfilm,/products/dji-osmo-pocket-hd-lens-protector-skarmfilm,YES,YES,6 PCS HD Lens Protector - 6-pack HD Linsskydd och Skärmskydd för DJI,,
product,sunnylife-vikbart-landningsstall-dji-mini-3-pro,sunnylife-vikbart-landing-gear-dji-mini-3-pro,/products/sunnylife-vikbart-landningsstall-dji-mini-3-pro,/products/sunnylife-vikbart-landing-gear-dji-mini-3-pro,YES,YES,Sunnylife Vikbart Landningsställ till DJI Mini 5 Pro,,
product,sunnylife-skyddande-dronarvaska-dji-mini-3-pro,sunnylife-protective-dronebag-dji-mini-3-pro,/products/sunnylife-skyddande-dronarvaska-dji-mini-3-pro,/products/sunnylife-protective-dronebag-dji-mini-3-pro,YES,YES,Skyddande Drönarväska för Sunnylife Mini 3 Pro,,
product,sunnylife-dron-fjarrkontroll-skyddsklistermarke,sunnylife-dron-remote-control-protectionsklistermarke,/products/sunnylife-dron-fjarrkontroll-skyddsklistermarke,/products/sunnylife-dron-remote-control-protectionsklistermarke,YES,YES,Sunnylife Drone+Remote Control - Skyddsklistermärke för Sunnylife,,
product,rc-n3-fjarrkontroll-dji-drones,rc-n3-remote-control-dji-drones,/products/rc-n3-fjarrkontroll-dji-drones,/products/rc-n3-remote-control-dji-drones,YES,YES,RC-N3 fjärrkontroll DJI - RC-N3 Fjärrkontroll för DJI Drönare,,
product,gopro-hero-7-uv-filter-with-adapter-and-linsskydd,gopro-hero-7-uv-filter-with-adapter-and-lens-protector,/products/gopro-hero-7-uv-filter-with-adapter-and-linsskydd,/products/gopro-hero-7-uv-filter-with-adapter-and-lens-protector,YES,YES,GoPro HERO 7 UV-filter med Adapter och Linsskydd,,
product,dji-air-3s-dronarfilter-jsr-cb,dji-air-3s-dronefilter-jsr-cb,/products/dji-air-3s-dronarfilter-jsr-cb,/products/dji-air-3s-dronefilter-jsr-cb,YES,YES,JSR CB Drönarfilter för DJI Air 3S,,
product,dji-air-3s-linsskydd-gimbal-startrc,dji-air-3s-lens-protector-gimbal-startrc,/products/dji-air-3s-linsskydd-gimbal-startrc,/products/dji-air-3s-lens-protector-gimbal-startrc,YES,YES,DJI Air 3S Linsskydd och Gimbalskydd från STARTRC,,
product,slappsystem-dji-air-3-uppladdningsbart,slappsystem-dji-air-3-rechargeablebart,/products/slappsystem-dji-air-3-uppladdningsbart,/products/slappsystem-dji-air-3-rechargeablebart,YES,YES,Släppsystem för DJI Air 3,,
product,dji-air-3s-rcstq-dronarutkastare,dji-air-3s-rcstq-droneutkastare,/products/dji-air-3s-rcstq-dronarutkastare,/products/dji-air-3s-rcstq-droneutkastare,YES,YES,Avancerat Utkastarsystem för DJI Air 3S RCSTQ Drone Air,,
product,gp278-actionkamera-kroppsfaste-3-i-1-roterande-fas,gp278-actionkamera-kroppsmount-3-i-1-roterande-fas,/products/gp278-actionkamera-kroppsfaste-3-i-1-roterande-fas,/products/gp278-actionkamera-kroppsmount-3-i-1-roterande-fas,YES,YES,GP278 3-i-1 Actionkamera Kroppsfäste med 360° Rotation,,
product,dji-air-3s-brdrc-linsskydd-dammtatt-stotsakert,dji-air-3s-brdrc-lens-protector-dammtatt-stotsakert,/products/dji-air-3s-brdrc-linsskydd-dammtatt-stotsakert,/products/dji-air-3s-brdrc-lens-protector-dammtatt-stotsakert,YES,YES,DJI Air 3S BRDRC Lens - DJI Air 3S BRDRC Linsskydd för Optimalt Skydd,,
product,dji-air-3-dronarvaska-waterproof-stotsaker,dji-air-3-dronebag-waterproof-stotsaker,/products/dji-air-3-dronarvaska-waterproof-stotsaker,/products/dji-air-3-dronebag-waterproof-stotsaker,YES,YES,DJI Air 3 Bärbar Waterproof - Vattentät Förvaringsväska för DJI Air 3,,
product,landningsstallsforlangning-dji-flip-startrc-split,landing-gearsforlangning-dji-flip-startrc-split,/products/landningsstallsforlangning-dji-flip-startrc-split,/products/landing-gearsforlangning-dji-flip-startrc-split,YES,YES,DJI Flip landställsförl - STARTRC Landställsförlängning för DJI Flip,,
product,dji-mini-3-pro-axelvaska-waterproof,dji-mini-3-pro-axelbag-waterproof,/products/dji-mini-3-pro-axelvaska-waterproof,/products/dji-mini-3-pro-axelbag-waterproof,YES,YES,DJI Mini 3 Pro axelväska - Optimalt Skydd,,
product,bkano-storage-bag-axelremsvaska-dji-mini-3-pro,bkano-storage-bag-axelremsbag-dji-mini-3-pro,/products/bkano-storage-bag-axelremsvaska-dji-mini-3-pro,/products/bkano-storage-bag-axelremsbag-dji-mini-3-pro,YES,YES,BKANO Storage Bag Shoulder Bag - BKANO Förvaringsväska Axelremsväska,,
product,barbar-stottalig-kameravaska-actionkamera,barbar-stottalig-kamerabag-actionkamera,/products/barbar-stottalig-kameravaska-actionkamera,/products/barbar-stottalig-kamerabag-actionkamera,YES,YES,Bärbar Shockproof - Bärbar Stöttålig Kameraväska för Actionkameror,,
product,dji-air-3-gimbalskydd-linsskydd,dji-air-3-gimbalprotection-lens-protector,/products/dji-air-3-gimbalskydd-linsskydd,/products/dji-air-3-gimbalprotection-lens-protector,YES,YES,DJI Air 3 Gimbalskydd och Linsskydd,,
product,sunnylife-mm3-g445-linsskydd-for-dji-mini-3-pro,sunnylife-mm3-g445-lens-protector-for-dji-mini-3-pro,/products/sunnylife-mm3-g445-linsskydd-for-dji-mini-3-pro,/products/sunnylife-mm3-g445-lens-protector-for-dji-mini-3-pro,YES,YES,Sunnylife MM3-G445 For DJI - Sunnylife MM3-G445 Linsskydd för DJI,,
product,sunnylife-mm3-gz459-faste-for-dji-mini-3-pro,sunnylife-mm3-gz459-mount-for-dji-mini-3-pro,/products/sunnylife-mm3-gz459-faste-for-dji-mini-3-pro,/products/sunnylife-mm3-gz459-mount-for-dji-mini-3-pro,YES,YES,Sunnylife MM3-GZ459 For DJI - Sunnylife MM3-GZ459 Fäste för DJI Mini,,
product,pgytech-filter-skyddslins-dji-mini-3-pro,pgytech-filter-protectionslins-dji-mini-3-pro,/products/pgytech-filter-skyddslins-dji-mini-3-pro,/products/pgytech-filter-protectionslins-dji-mini-3-pro,YES,YES,PGYTECH Filter Protecting Lens för DJI Mini 3 Pro,,
product,dronarutkastare-for-dji-mini-2-mavic-mini,droneutkastare-for-dji-mini-2-mavic-mini,/products/dronarutkastare-for-dji-mini-2-mavic-mini,/products/droneutkastare-for-dji-mini-2-mavic-mini,YES,YES,Drönarutkastare för DJI Mini 2 och Mavic Mini,,
product,brdrc-dronarfaste-dji-air3-mini-4-pro,brdrc-dronemount-dji-air3-mini-4-pro,/products/brdrc-dronarfaste-dji-air3-mini-4-pro,/products/brdrc-dronemount-dji-air3-mini-4-pro,YES,YES,BRDRC Drönarfäste för DJI Air3 och Mini 4 Pro,,
product,dji-mini-3-pro-backpack-hart-skal-kolfiber,dji-mini-3-pro-backpack-hart-shell-kolfiber,/products/dji-mini-3-pro-backpack-hart-skal-kolfiber,/products/dji-mini-3-pro-backpack-hart-shell-kolfiber,YES,YES,DJI Mini 3 Pro Ryggsäck med Hårt Skal,,
product,hjalmfaste-actionkamera-cykel,hjalmmount-actionkamera-cykel,/products/hjalmfaste-actionkamera-cykel,/products/hjalmmount-actionkamera-cykel,YES,YES,Cykelhjälm Kamerafäste för Actionkameror,,
product,sunnylife-mm3-yk466-rc-skyddshuv-dji-mini-3-pro,sunnylife-mm3-yk466-rc-protectionshuv-dji-mini-3-pro,/products/sunnylife-mm3-yk466-rc-skyddshuv-dji-mini-3-pro,/products/sunnylife-mm3-yk466-rc-protectionshuv-dji-mini-3-pro,YES,YES,Skyddshuv Sunnylife MM3-YK466 RC för DJI Mini 3 Pro,,
product,brdrc-dji-fjarrkontroll-hallare,brdrc-dji-remote-control-hallare,/products/brdrc-dji-fjarrkontroll-hallare,/products/brdrc-dji-remote-control-hallare,YES,YES,BRDRC For DJI Remote Control - BRDRC Hållare för DJI Fjärrkontroll,,
product,fjarrkontrollsskydd-neck-strap-dji-mavic-air-2-3-pro,remote-controlsprotection-neck-strap-dji-mavic-air-2-3-pro,/products/fjarrkontrollsskydd-neck-strap-dji-mavic-air-2-3-pro,/products/remote-controlsprotection-neck-strap-dji-mavic-air-2-3-pro,YES,YES,DJI Mavic Air 2/Mavic 3 Pro - Fjärrkontrollsskydd med Nackrem för DJI,,
product,brdrc-solskydd-dji-rc-n2,brdrc-solprotection-dji-rc-n2,/products/brdrc-solskydd-dji-rc-n2,/products/brdrc-solprotection-dji-rc-n2,YES,YES,BRDRC solskydd DJI RC-N2 - BRDRC Solskydd för DJI RC-N2 Fjärrkontroll,,
product,actionkamera-klamma-faste-360-justerbart,actionkamera-klamma-mount-360-justerbart,/products/actionkamera-klamma-faste-360-justerbart,/products/actionkamera-klamma-mount-360-justerbart,YES,YES,Justerbart Actionkamera Klämma Fäste med 360° Rotation,,
product,dji-mini-3-linsskydd-camera-gimbal-protection,dji-mini-3-lens-protector-camera-gimbal-protection,/products/dji-mini-3-linsskydd-camera-gimbal-protection,/products/dji-mini-3-lens-protector-camera-gimbal-protection,YES,YES,DJI Mini 3 linsskydd - Optimalt Linsskydd för DJI Mini 3 Drönare,,
product,sunnylife-skarmskydd-dji-mini3-pro-mavic3-rc-pro,sunnylife-skarmprotection-dji-mini3-pro-mavic3-rc-pro,/products/sunnylife-skarmskydd-dji-mini3-pro-mavic3-rc-pro,/products/sunnylife-skarmprotection-dji-mini3-pro-mavic3-rc-pro,YES,YES,DJI Mini3 3 Pro / Mavic 3 / RC - Skyddskåpa för DJI,,
product,dji-mini-propellerfaste-brdrc-protection,dji-mini-propellermount-brdrc-protection,/products/dji-mini-propellerfaste-brdrc-protection,/products/dji-mini-propellermount-brdrc-protection,YES,YES,DJI Mini Propellerfäste för Säker Drönartransport,,
product,startrc-dronarlandningsplatta-vikbar,startrc-dronelandingsplatta-vikbar,/products/startrc-dronarlandningsplatta-vikbar,/products/startrc-dronelandingsplatta-vikbar,YES,YES,STARTRC Drönarlandningsplatta för Säker Landning,,
product,sunnylife-mv-zc601-dji-fjarrkontroll-accessories,sunnylife-mv-zc601-dji-remote-control-accessories,/products/sunnylife-mv-zc601-dji-fjarrkontroll-accessories,/products/sunnylife-mv-zc601-dji-remote-control-accessories,YES,YES,Sunnylife MV-ZC601 For DJI Mavic Air / DJI Mavic Mini Remote Control Hood Mirror Range Extender,,
product,pgytech-skyddsbur-dji-tello,pgytech-protectionsbur-dji-tello,/products/pgytech-skyddsbur-dji-tello,/products/pgytech-protectionsbur-dji-tello,YES,YES,"PGYTECH Spherical Protective Cover Cage for DJI TELLO, For DJI TELLO Cage",,
product,sunnylife-fpv-motorskydd-silikon,sunnylife-fpv-motorprotection-silicone,/products/sunnylife-fpv-motorskydd-silikon,/products/sunnylife-fpv-motorprotection-silicone,YES,YES,Sunnylife FPV Motorskydd i Silikon 4-pack,,
product,sunnylife-mm-q9239-dammtatt-motorskydd-dji-mini,sunnylife-mm-q9239-dammtatt-motorprotection-dji-mini,/products/sunnylife-mm-q9239-dammtatt-motorskydd-dji-mini,/products/sunnylife-mm-q9239-dammtatt-motorprotection-dji-mini,YES,YES,Sunnylife MM-Q9239 Dust-proof - Sunnylife MM-Q9239 Dammtätt Motorskydd,,
product,ls4023-waterproof-axelvaska-dji-mini-2-drones,ls4023-waterproof-axelbag-dji-mini-2-drones,/products/ls4023-waterproof-axelvaska-dji-mini-2-drones,/products/ls4023-waterproof-axelbag-dji-mini-2-drones,YES,YES,LS4023 Portable Waterproof - LS4023 Vattentät Axelväska för DJI Mini,,
product,ls-s004-portabel-waterproof-dronarvaska,ls-s004-portabel-waterproof-dronebag,/products/ls-s004-portabel-waterproof-dronarvaska,/products/ls-s004-portabel-waterproof-dronebag,YES,YES,ls-S004 Portable Waterproof - Ls-S004 Portabel Vattentät Drönarväska,,
product,dji-mini-2-axelremsvaska-pu-lager,dji-mini-2-axelremsbag-pu-lager,/products/dji-mini-2-axelremsvaska-pu-lager,/products/dji-mini-2-axelremsbag-pu-lager,YES,YES,DJI Mini 2 Axelremsväska i PU Läder med Avdelare,,
product,dji-mini-se-bag-stotsaker-nylon-forvaring,dji-mini-se-bag-stotsaker-nylon-storage,/products/dji-mini-se-bag-stotsaker-nylon-forvaring,/products/dji-mini-se-bag-stotsaker-nylon-storage,YES,YES,Stötsäker DJI Mini SE Väska i Nylon,,
product,gopro-dubbelladdare-usb-hero-9-12,gopro-dubbelcharger-usb-hero-9-12,/products/gopro-dubbelladdare-usb-hero-9-12,/products/gopro-dubbelcharger-usb-hero-9-12,YES,YES,GoPro Dubbelladdare USB för Hero 9-12,,
product,gopro-hero5-silikonskal-skyddande-kameraholje,gopro-hero5-silicone-case-protective-kameraholje,/products/gopro-hero5-silikonskal-skyddande-kameraholje,/products/gopro-hero5-silicone-case-protective-kameraholje,YES,YES,GoPro HERO5 Silicone Housing - Skyddande Silikonskal för GoPro HERO5,,
product,xiaoyi-4k-dubbelladdare-lcd-usb,xiaoyi-4k-dubbelcharger-lcd-usb,/products/xiaoyi-4k-dubbelladdare-lcd-usb,/products/xiaoyi-4k-dubbelcharger-lcd-usb,YES,YES,Xiaoyi 4K Dubbelladdare med LCD-skärm,,
product,waterproof-skal-gopro-45m-1,waterproof-shell-gopro-45m-1,/products/waterproof-skal-gopro-45m-1,/products/waterproof-shell-gopro-45m-1,YES,YES,GoPro HERO Vattentätt Hölje för Dykning 45m,,
product,insta360-x3-dubbelladdare,insta360-x3-dubbelcharger,/products/insta360-x3-dubbelladdare,/products/insta360-x3-dubbelcharger,YES,YES,Insta360 X3 Dubbelladdare – Snabb Laddning för Actionkameran,,
product,dronarmegafon-tradlos-portabel-hogtalare,dronemegafon-wireless-portabel-hogtalare,/products/dronarmegafon-tradlos-portabel-hogtalare,/products/dronemegafon-wireless-portabel-hogtalare,YES,YES,Drönarmegafon Trådlös Portabel Högtalare,,
product,monitorfaste-dji-ronin,monitormount-dji-ronin,/products/monitorfaste-dji-ronin,/products/monitormount-dji-ronin,YES,YES,monitorfäste DJI Ronin - Justerbart Monitorfäste för DJI Ronin,,
product,skyddsfodral-dji-rc2-mini-4-pro-air-3,protectionsfodral-dji-rc2-mini-4-pro-air-3,/products/skyddsfodral-dji-rc2-mini-4-pro-air-3,/products/protectionsfodral-dji-rc2-mini-4-pro-air-3,YES,YES,DJI Mini 4 Pro / Air 3 - Skyddsfodral i Silikon för DJI,,
product,flexibelt-sugkoppsfaste,flexibelt-sugkoppsmount,/products/flexibelt-sugkoppsfaste,/products/flexibelt-sugkoppsmount,YES,YES,Flexibelt Sugkopps Fäste med Justerbar Arm,,
product,xiaomi-yi-4k-ramfaste-protection,xiaomi-yi-4k-rammount-protection,/products/xiaomi-yi-4k-ramfaste-protection,/products/xiaomi-yi-4k-rammount-protection,YES,YES,Digital Camera Frame Mount - Digitalt Kamera Ramfäste med Skyddshölje,,
product,skarmsskydd-gopro-hero5-tempererat-glas,skarmsprotection-gopro-hero5-tempererat-glas,/products/skarmsskydd-gopro-hero5-tempererat-glas,/products/skarmsprotection-gopro-hero5-tempererat-glas,YES,YES,Högkvalitativt Skärmskydd GoPro Hero5,,
product,gopro-hero5-silikonfodral-ram,gopro-hero5-siliconefodral-ram,/products/gopro-hero5-silikonfodral-ram,/products/gopro-hero5-siliconefodral-ram,YES,YES,GoPro HERO5 Silikonfodral för Optimalt Skydd,,
product,axelvaska-dji-mini-4-pro-rc2-remote,axelbag-dji-mini-4-pro-rc2-remote,/products/axelvaska-dji-mini-4-pro-rc2-remote,/products/axelbag-dji-mini-4-pro-rc2-remote,YES,YES,DJI Mini 4 Pro / RC2 Remote - Axelväska för DJI Mini 4 Pro och RC2,,
product,dji-mini-4-pro-faste-1-4,dji-mini-4-pro-mount-1-4,/products/dji-mini-4-pro-faste-1-4,/products/dji-mini-4-pro-mount-1-4,YES,YES,"DJI Mini 4 Pro fäste 1/4"" för utökad funktionalitet",,
product,bullet-time-faste-time,bullet-time-mount-time,/products/bullet-time-faste-time,/products/bullet-time-mount-time,YES,YES,Bullet Time Fäste för Dynamiska 360-graders Videor,,
product,ryggsacksfaste-camera-360-rotation,ryggsacksmount-camera-360-rotation,/products/ryggsacksfaste-camera-360-rotation,/products/ryggsacksmount-camera-360-rotation,YES,YES,Roterande Ryggsäcksfäste för Actionkameror,,
product,dji-mini-3-landningsstall-hojda-ben,dji-mini-3-landing-gear-hojda-ben,/products/dji-mini-3-landningsstall-hojda-ben,/products/dji-mini-3-landing-gear-hojda-ben,YES,YES,DJI Mini 3 Landningsställ med Höjda Ben,,
product,waterproof-dykhus-45m-undervattensskydd,waterproof-dykhus-45m-undervattensprotection,/products/waterproof-dykhus-45m-undervattensskydd,/products/waterproof-dykhus-45m-undervattensprotection,YES,YES,45m Underwater Waterproof - Vattentätt Dykhus för DJI Osmo,,
product,cykelhjalmsfaste-actionkamera-multi-led,cykelhjalmsmount-actionkamera-multi-led,/products/cykelhjalmsfaste-actionkamera-multi-led,/products/cykelhjalmsmount-actionkamera-multi-led,YES,YES,Cycling Helmet Adhesive - Cykelhjälmsfäste med Multi-Led,,
product,midjefaste-actionkamera-with-adapter,midjemount-actionkamera-with-adapter,/products/midjefaste-actionkamera-with-adapter,/products/midjemount-actionkamera-with-adapter,YES,YES,Midjefäste actionkamera - Midjefäste för Actionkamera med Adapter,,
product,ministativ-dji-osmo-ficklampsfaste-utokningsfaste,mini-tripod-dji-osmo-ficklampsmount-utokningsmount,/products/ministativ-dji-osmo-ficklampsfaste-utokningsfaste,/products/mini-tripod-dji-osmo-ficklampsmount-utokningsmount,YES,YES,Ministativ DJI Osmo - Ministativ med Ficklampsfäste för DJI Osmo,,
product,landningsstall-dji-mini-4-pro-drone-brdrc,landing-gear-dji-mini-4-pro-drone-brdrc,/products/landningsstall-dji-mini-4-pro-drone-brdrc,/products/landing-gear-dji-mini-4-pro-drone-brdrc,YES,YES,DJI Mini 4 Pro Drone BRDRC - Förhöjt Landningsställ för DJI Mini,,
product,dji-mini-4-pro-waterproof-barvaska,dji-mini-4-pro-waterproof-barbag,/products/dji-mini-4-pro-waterproof-barvaska,/products/dji-mini-4-pro-waterproof-barbag,YES,YES,DJI Mini 4 Pro väs carryi - Vattentät Bärväska för DJI Mini,,
product,skyddsfodral-osmo-action-stottataligt-pc-abs,protectionsfodral-osmo-action-stottataligt-pc-abs,/products/skyddsfodral-osmo-action-stottataligt-pc-abs,/products/protectionsfodral-osmo-action-stottataligt-pc-abs,YES,YES,Skyddsfodral Osmo Action - Stöttåligt Skyddsfodral för DJI Osmo,,
product,dji-mini-4-pro-brostvaska,dji-mini-4-pro-brostbag,/products/dji-mini-4-pro-brostvaska,/products/dji-mini-4-pro-brostbag,YES,YES,DJI Mini 4 Pro brostv - DJI Mini 4 Pro Bröstväska för Drönare,,
product,j-faste-ryggsacksklamma-360-rotation-actionkamera,j-mount-ryggsacksklamma-360-rotation-actionkamera,/products/j-faste-ryggsacksklamma-360-rotation-actionkamera,/products/j-mount-ryggsacksklamma-360-rotation-actionkamera,YES,YES,J-fäste Ryggsäcksklämma med 360° Rotation,,
product,gopro-hero7-skyddsfodral-aluminium,gopro-hero7-protectionsfodral-aluminium,/products/gopro-hero7-skyddsfodral-aluminium,/products/gopro-hero7-protectionsfodral-aluminium,YES,YES,GoPro HERO7 Skyddsfodral i CNC-Aluminium,,
product,pgytech-p-gm-117-actionkamera-tripod-selfiepinne,pgytech-p-gm-117-actionkamera-tripod-selfie-stick,/products/pgytech-p-gm-117-actionkamera-tripod-selfiepinne,/products/pgytech-p-gm-117-actionkamera-tripod-selfie-stick,YES,YES,PGYTECH P-GM-117 Actionkamera - PGYTECH P-GM-117 Stativ,,
product,ruigpro-360-graders-ryggsacksfaste-for-action-cameras,ruigpro-360-graders-ryggsacksmount-for-action-cameras,/products/ruigpro-360-graders-ryggsacksfaste-for-action-cameras,/products/ruigpro-360-graders-ryggsacksmount-for-action-cameras,YES,YES,Vridbart Ryggsäcksfäste för Actionkameror 360°,,
product,dji-mini-2-waterproof-dronarvaska,dji-mini-2-waterproof-dronebag,/products/dji-mini-2-waterproof-dronarvaska,/products/dji-mini-2-waterproof-dronebag,YES,YES,DJI Mini 4K vattentät - Vattentät Bärväska för DJI Mini 2 och Tillbehör,,
product,ruigpro-kardborrefaste-backpack,ruigpro-kardborremount-backpack,/products/ruigpro-kardborrefaste-backpack,/products/ruigpro-kardborremount-backpack,YES,YES,RUIGPRO Hook and Loop Fastener - RUIGPRO Kardborrefäste för Ryggsäck,,
product,vikbart-landningsstall-dji-air-3-anti,vikbart-landing-gear-dji-air-3-anti,/products/vikbart-landningsstall-dji-air-3-anti,/products/vikbart-landing-gear-dji-air-3-anti,YES,YES,DJI Air 3 landningss anti - Fällbart Landningsställ för DJI Air,,
product,selfiepinne-360-mobil-camera,selfie-stick-360-mobil-camera,/products/selfiepinne-360-mobil-camera,/products/selfie-stick-360-mobil-camera,YES,YES,Selfiepinne 360 Mobil för Perfekta Vinklar,,
product,gp322-aluminiumfaste,gp322-aluminiummount,/products/gp322-aluminiumfaste,/products/gp322-aluminiummount,YES,YES,GP322 Aluminiumlegering - GP322 Aluminiumfäste för Actionkameror,,
product,pgytech-p-gm-127-hart-skal-skyddsfodral,pgytech-p-gm-127-hart-shell-protectionsfodral,/products/pgytech-p-gm-127-hart-skal-skyddsfodral,/products/pgytech-p-gm-127-hart-shell-protectionsfodral,YES,YES,"PGYTECH P-GM-127 Hard Shell Protective Case for DJI Osmo Action, P-GM-127",,
product,gp446-multifunktionellt-ministativ-actionkamera,gp446-multifunktionellt-mini-tripod-actionkamera,/products/gp446-multifunktionellt-ministativ-actionkamera,/products/gp446-multifunktionellt-mini-tripod-actionkamera,YES,YES,GP446 Multifunctional Mini - GP446 Multifunktionellt Ministativ,,
product,mini-4-pro-landningsstall-hopfallbart,mini-4-pro-landing-gear-hopfallbart,/products/mini-4-pro-landningsstall-hopfallbart,/products/mini-4-pro-landing-gear-hopfallbart,YES,YES,Hopfällbart Mini 4 Pro landningsställ för drönare,,
product,sunnylife-ro-q9152-forlangningsfaste-dji-ronin-s,sunnylife-ro-q9152-forlangningsmount-dji-ronin-s,/products/sunnylife-ro-q9152-forlangningsfaste-dji-ronin-s,/products/sunnylife-ro-q9152-forlangningsmount-dji-ronin-s,YES,YES,Sunnylife RO-Q9152 Extension - Sunnylife RO-Q9152 Förlängningsfäste,,
product,hjalm-baltesfaste-with-ram-gopro,hjalm-baltesmount-with-ram-gopro,/products/hjalm-baltesfaste-with-ram-gopro,/products/hjalm-baltesmount-with-ram-gopro,YES,YES,Helmet Belt Mount + Border - Mångsidigt Hjälm- och Bältesfäste,,
product,dji-osmo-action-3-i-1-lins-skyddsfilm,dji-osmo-action-3-i-1-lins-protectionsfilm,/products/dji-osmo-action-3-i-1-lins-skyddsfilm,/products/dji-osmo-action-3-i-1-lins-protectionsfilm,YES,YES,DJI Osmo Action 3-in-1 Lens - Skyddsfilm för DJI Osmo Action 3-i-1,,
product,hjalm-baltesfaste-mobilklamma-actionkamera,hjalm-baltesmount-mobilklamma-actionkamera,/products/hjalm-baltesfaste-mobilklamma-actionkamera,/products/hjalm-baltesmount-mobilklamma-actionkamera,YES,YES,Helmet Belt Fäste + Phone - Hjälm- och Bältesfäste med Mobilklämma,,
product,vertikalt-skyddsram-for-dji-osmo-action-3,vertikalt-protectionsram-for-dji-osmo-action-3,/products/vertikalt-skyddsram-for-dji-osmo-action-3,/products/vertikalt-protectionsram-for-dji-osmo-action-3,YES,YES,DJI Osmo Action 3 Vertical - Vertikalt Skyddsfäste för DJI Osmo,,
product,mini-4-pro-linsskydd-gimbalskydd,mini-4-pro-lens-protector-gimbalprotection,/products/mini-4-pro-linsskydd-gimbalskydd,/products/mini-4-pro-lens-protector-gimbalprotection,YES,YES,Skyddande Mini 4 Pro Linsskydd och Gimbalskydd,,
product,dji-mavic-4-pro-anti-fall-landningsstall,dji-mavic-4-pro-anti-fall-landing-gear,/products/dji-mavic-4-pro-anti-fall-landningsstall,/products/dji-mavic-4-pro-anti-fall-landing-gear,YES,YES,Mavic 4 Pro Anti-fall Landningsställ för Drönare,,
product,dji-mini-4-pro-brdrc-action-kamerafaste,dji-mini-4-pro-brdrc-action-kameramount,/products/dji-mini-4-pro-brdrc-action-kamerafaste,/products/dji-mini-4-pro-brdrc-action-kameramount,YES,YES,DJI Mini 4 Pro BRDRC Action - Actionkamerafäste för DJI Mini,,
product,dji-mini-4-pro-solskydd-gimbal-blendskydd,dji-mini-4-pro-solprotection-gimbal-blendprotection,/products/dji-mini-4-pro-solskydd-gimbal-blendskydd,/products/dji-mini-4-pro-solprotection-gimbal-blendprotection,YES,YES,DJI Mini 4 Pro Solskydd för Gimbal och Kamera,,
product,gopro-hero8-ramfaste-pc-abs,gopro-hero8-rammount-pc-abs,/products/gopro-hero8-ramfaste-pc-abs,/products/gopro-hero8-rammount-pc-abs,YES,YES,Gopro Hero8 Ramfäste i Robust PC ABS,,
product,silikon-skyddsfodral-with-handledsrem-for-gopro-her,silicone-protectionsfodral-with-handledsrem-for-gopro-her,/products/silikon-skyddsfodral-with-handledsrem-for-gopro-her,/products/silicone-protectionsfodral-with-handledsrem-for-gopro-her,YES,YES,Silicone Protective Case Cover - Silikon Skyddsfodral med Handledsrem,,
product,forvaringsfodral-osmo-action-3,storagesfodral-osmo-action-3,/products/forvaringsfodral-osmo-action-3,/products/storagesfodral-osmo-action-3,YES,YES,Förvaringsfodral Osmo Action 3,,
product,brdrc-axelvaska-dji-mini-4-pro-drones,brdrc-axelbag-dji-mini-4-pro-drones,/products/brdrc-axelvaska-dji-mini-4-pro-drones,/products/brdrc-axelbag-dji-mini-4-pro-drones,YES,YES,DJI Mini 4 Pro BRDRC Shoulder - BRDRC Axelväska för DJI Mini,,
product,pgytech-tillbehorsvaska-osmo,pgytech-accessoriessbag-osmo,/products/pgytech-tillbehorsvaska-osmo,/products/pgytech-accessoriessbag-osmo,YES,YES,Tillbehörsväska Osmo - PGYTECH Tillbehörsväska för DJI Osmo,,
product,brdrc-vikbart-landningsstall-dji-mini-3-pro,brdrc-vikbart-landing-gear-dji-mini-3-pro,/products/brdrc-vikbart-landningsstall-dji-mini-3-pro,/products/brdrc-vikbart-landing-gear-dji-mini-3-pro,YES,YES,DJI Mini 3 / 3 Pro BRDRC - BRDRC Vikbart Landningsställ för DJI Mini,,
product,axelvaska-dji-mini-3-pro,axelbag-dji-mini-3-pro,/products/axelvaska-dji-mini-3-pro,/products/axelbag-dji-mini-3-pro,YES,YES,dji 3 pro - Skyddande Axelväska för DJI Mini 3 Pro,,
product,dji-osmo-action-ram-skyddsram-abs,dji-osmo-action-ram-protectionsram-abs,/products/dji-osmo-action-ram-skyddsram-abs,/products/dji-osmo-action-ram-protectionsram-abs,YES,YES,DJI Osmo Action Ram - Skyddsram för DJI Osmo Action,,
product,skarmsskydd-gopro-hero8-black-lins-lcd,skarmsprotection-gopro-hero8-black-lins-lcd,/products/skarmsskydd-gopro-hero8-black-lins-lcd,/products/skarmsprotection-gopro-hero8-black-lins-lcd,YES,YES,GoPro HERO8 Black Lens + LCD - Skärmskydd för GoPro HERO8 Black Lins,,
product,gopro-hero8-linsskydd-reptatligt-protection,gopro-hero8-lens-protector-reptatligt-protection,/products/gopro-hero8-linsskydd-reptatligt-protection,/products/gopro-hero8-lens-protector-reptatligt-protection,YES,YES,Reptåligt Gopro Hero8 Linsskydd för Optimalt Skydd,,
product,skyddsbur-dji-action-2-abs-ram,protectionsbur-dji-action-2-abs-ram,/products/skyddsbur-dji-action-2-abs-ram,/products/protectionsbur-dji-action-2-abs-ram,YES,YES,Skyddsbur DJI Action - Skyddsbur för DJI Action 2 med Dubbla Fästen,,
product,fjarrkontrollvaska-mini-dji-mini-4-pro,remote-controlbag-mini-dji-mini-4-pro,/products/fjarrkontrollvaska-mini-dji-mini-4-pro,/products/remote-controlbag-mini-dji-mini-4-pro,YES,YES,Fjärrkontrollväska Mini för DJI Mini 4 Pro,,
product,dji-action-2-tripod-bluetooth-fjarrkontroll,dji-action-2-tripod-bluetooth-remote-control,/products/dji-action-2-tripod-bluetooth-fjarrkontroll,/products/dji-action-2-tripod-bluetooth-remote-control,YES,YES,Original DJI Action 2 Stativ med Fjärrkontroll,,
product,gopro-hero8-adapterkit-58mm-filter-waterproof-skal,gopro-hero8-adapterkit-58mm-filter-waterproof-shell,/products/gopro-hero8-adapterkit-58mm-filter-waterproof-skal,/products/gopro-hero8-adapterkit-58mm-filter-waterproof-shell,YES,YES,Komplett Gopro Hero8 Adapterkit med 58mm Filter,,
product,fjarrkontrollrem-dji-mini-3-4-pro-mavic-3,remote-controlrem-dji-mini-3-4-pro-mavic-3,/products/fjarrkontrollrem-dji-mini-3-4-pro-mavic-3,/products/remote-controlrem-dji-mini-3-4-pro-mavic-3,YES,YES,DJI MINI 3/4 PRO/MAVIC 3 - Justerbar Fjärrkontrollrem för DJI Drönare,,
product,telesin-magnetiskt-double-klofaste-dji-osmo-action,telesin-magnetiskt-double-klomount-dji-osmo-action,/products/telesin-magnetiskt-double-klofaste-dji-osmo-action,/products/telesin-magnetiskt-double-klomount-dji-osmo-action,YES,YES,DJI Osmo Action 3 fäste - TELESIN Magnetiskt Dubbel Klofäste för DJI,,
product,fjarrokontrollrem-dji-dronarfjarrokontroll,fjarrokontrollrem-dji-dronefjarrokontroll,/products/fjarrokontrollrem-dji-dronarfjarrokontroll,/products/fjarrokontrollrem-dji-dronefjarrokontroll,YES,YES,DJI drönarfjärrkontroll - Fjärrkontrollrem för DJI Drönare,,
product,linsskydd-glas-protection-insta360-one-r-camera,lens-protector-glas-protection-insta360-one-r-camera,/products/linsskydd-glas-protection-insta360-one-r-camera,/products/lens-protector-glas-protection-insta360-one-r-camera,YES,YES,Lens Guard Protective Glass - Linsskydd i Glas för Insta360 One,,
product,linsskydd-skarmskydd-insta360-one-r-4k-harat-glas,lens-protector-skarmprotection-insta360-one-r-4k-harat-glas,/products/linsskydd-skarmskydd-insta360-one-r-4k-harat-glas,/products/lens-protector-skarmprotection-insta360-one-r-4k-harat-glas,YES,YES,Lens + LCD Display Tempered - Härdat Glas för Insta360 One R 4K Lins,,
product,motorcykelfaste-m10-9cm-kulled-actionkamera,motorcykelmount-m10-9cm-kulled-actionkamera,/products/motorcykelfaste-m10-9cm-kulled-actionkamera,/products/motorcykelmount-m10-9cm-kulled-actionkamera,YES,YES,Motorcykelfäste M10 med Kulled för Actionkameror,,
product,fjarrkontrollskydd-dji-mini-4-pro-air-3s-brdrc,remote-controlprotection-dji-mini-4-pro-air-3s-brdrc,/products/fjarrkontrollskydd-dji-mini-4-pro-air-3s-brdrc,/products/remote-controlprotection-dji-mini-4-pro-air-3s-brdrc,YES,YES,Skyddshuv för DJI MINI 4 PRO/AIR 3S BRDRC RC2,,
product,9cm-kulledsfaste-20mm-actionkamera,9cm-kulledsmount-20mm-actionkamera,/products/9cm-kulledsfaste-20mm-actionkamera,/products/9cm-kulledsmount-20mm-actionkamera,YES,YES,9cm Connecting Rod 20mm Ball - 9cm Kulledsfäste med 20mm Kula,,
product,osmo-action-3-protection-silikonskal-linsskydd,osmo-action-3-protection-silicone-case-lens-protector,/products/osmo-action-3-protection-silikonskal-linsskydd,/products/osmo-action-3-protection-silicone-case-lens-protector,YES,YES,Komplett Osmo Action 3 Skydd i Silikon,,
product,mc-backspegelfaste-kulled-actionkamera,mc-backspegelmount-kulled-actionkamera,/products/mc-backspegelfaste-kulled-actionkamera,/products/mc-backspegelmount-kulled-actionkamera,YES,YES,MC Backspegelfäste Kulled för Actionkameror,,
product,mc-backspegelfaste-25mm-kulled,mc-backspegelmount-25mm-kulled,/products/mc-backspegelfaste-25mm-kulled,/products/mc-backspegelmount-25mm-kulled,YES,YES,MC Backspegelfäste 25mm Kulled för Actionkamera,,
product,mc-backspegel-25mm-kulledsfaste-actionkamera-tillb,mc-backspegel-25mm-kulledsmount-actionkamera-tillb,/products/mc-backspegel-25mm-kulledsfaste-actionkamera-tillb,/products/mc-backspegel-25mm-kulledsmount-actionkamera-tillb,YES,YES,actionkamera fäste tillbehör - Motorcykelfäste med 25mm Kulled,,
product,actionkamera-mc-faste-9cm-kulled-20mm,actionkamera-mc-mount-9cm-kulled-20mm,/products/actionkamera-mc-faste-9cm-kulled-20mm,/products/actionkamera-mc-mount-9cm-kulled-20mm,YES,YES,Hållbart Actionkamera MC-fäste för Optimal Filmning,,
product,osmo-action-3-metallbur-telesin,osmo-action-3-metal-cage-telesin,/products/osmo-action-3-metallbur-telesin,/products/osmo-action-3-metal-cage-telesin,YES,YES,Osmo Action 3 Metallbur för Optimalt Kameraskydd,,
product,mc-faste-m10-kulled-motorcykel,mc-mount-m10-kulled-motorcykel,/products/mc-faste-m10-kulled-motorcykel,/products/mc-mount-m10-kulled-motorcykel,YES,YES,MC Fäste M10 Kulled för Actionkameror,,
product,motorcykelfaste-1-4-tum-skruv-25mm-kulhuvud,motorcykelmount-1-4-tum-skruv-25mm-kulhuvud,/products/motorcykelfaste-1-4-tum-skruv-25mm-kulhuvud,/products/motorcykelmount-1-4-tum-skruv-25mm-kulhuvud,YES,YES,1/4 inch screw 25mm ball - 1/4 Tum Skruv 25mm Kulhuvud,,
product,rechargeable-batterilucka-sports-camera-rechargeable-go,rechargeable-batterylucka-sports-camera-rechargeable-go,/products/rechargeable-batterilucka-sports-camera-rechargeable-go,/products/rechargeable-batterylucka-sports-camera-rechargeable-go,YES,YES,Sports Kamera Rechargeable - Laddbar Batterilucka för GoPro HERO8,,
product,ryggsacksfaste-dji-action-camera,ryggsacksmount-dji-action-camera,/products/ryggsacksfaste-dji-action-camera,/products/ryggsacksmount-dji-action-camera,YES,YES,Ryggsäcksfäste DJI Action - Ryggsäcksfäste för DJI Actionkamera,,
product,dji-action-2-skarmskydd-hartat-glas,dji-action-2-skarmprotection-hartat-glas,/products/dji-action-2-skarmskydd-hartat-glas,/products/dji-action-2-skarmprotection-hartat-glas,YES,YES,DJI Action 2 skärmskydd - Härdat Skärmskydd för DJI Action 2,,
product,mc-backspegel-faste-cnc-aluminium-actionkamera,mc-backspegel-mount-cnc-aluminium-actionkamera,/products/mc-backspegel-faste-cnc-aluminium-actionkamera,/products/mc-backspegel-mount-cnc-aluminium-actionkamera,YES,YES,Motorcycle Rearview Mirror CNC - Motorcykel Backspegel Fäste i CNC,,
product,gopro-hero10-silikonskydd-handledsrem,gopro-hero10-siliconeprotection-handledsrem,/products/gopro-hero10-silikonskydd-handledsrem,/products/gopro-hero10-siliconeprotection-handledsrem,YES,YES,GoPro Hero10 Silikonskydd med Handledsrem,,
product,dji-osmo-action-4-3-startrc-silikonfodral,dji-osmo-action-4-3-startrc-siliconefodral,/products/dji-osmo-action-4-3-startrc-silikonfodral,/products/dji-osmo-action-4-3-startrc-siliconefodral,YES,YES,DJI OSMO Action 4 / 3 STARTRC - Skyddande Silikonfodral för DJI Osmo,,
product,gopro-hero10-linsskydd-mjukt-gummi,gopro-hero10-lens-protector-mjukt-gummi,/products/gopro-hero10-linsskydd-mjukt-gummi,/products/gopro-hero10-lens-protector-mjukt-gummi,YES,YES,GoPro HERO10 Linsskydd i Mjukt Gummi,,
product,ruigpro-360-graders-roterande-axelfaste-actionkame,ruigpro-360-graders-roterande-axelmount-actionkame,/products/ruigpro-360-graders-roterande-axelfaste-actionkame,/products/ruigpro-360-graders-roterande-axelmount-actionkame,YES,YES,Axelfäste actionkamera - RUIGPRO 360° Roterbart Axelfäste,,
product,sunnylife-ad691-magnetiskt-adapterfaste-for-dji-ac,sunnylife-ad691-magnetiskt-adaptermount-for-dji-ac,/products/sunnylife-ad691-magnetiskt-adapterfaste-for-dji-ac,/products/sunnylife-ad691-magnetiskt-adaptermount-for-dji-ac,YES,YES,Sunnylife AD691 Magnetic - Sunnylife AD691 Magnetiskt Adapterfäste,,
product,gopro-hero-9-10-ramfaste-abs-plastfodral,gopro-hero-9-10-rammount-abs-plastfodral,/products/gopro-hero-9-10-ramfaste-abs-plastfodral,/products/gopro-hero-9-10-rammount-abs-plastfodral,YES,YES,GoPro Hero 9/10 Ramfäste för Optimalt Skydd,,
product,sugkoppsfaste-gopro,sugkoppsmount-gopro,/products/sugkoppsfaste-gopro,/products/sugkoppsmount-gopro,YES,YES,GoPro Sugkoppsfäste för Bil och Släta Ytor,,
product,gopro-sugkoppsfaste-bil-actionkamera,gopro-sugkoppsmount-bil-actionkamera,/products/gopro-sugkoppsfaste-bil-actionkamera,/products/gopro-sugkoppsmount-bil-actionkamera,YES,YES,GoPro sugkoppsfäste bil - GoPro Sugkoppsfäste för Bil,,
product,gopro-hero10-skal-stotsakert-skyddsfodral,gopro-hero10-shell-stotsakert-protectionsfodral,/products/gopro-hero10-skal-stotsakert-skyddsfodral,/products/gopro-hero10-shell-stotsakert-protectionsfodral,YES,YES,GoPro HERO10 Skal – Stötsäkert Skyddsfodral,,
product,dji-osmo-360-action-5-pro-magnetfaste,dji-osmo-360-action-5-pro-magnetmount,/products/dji-osmo-360-action-5-pro-magnetfaste,/products/dji-osmo-360-action-5-pro-magnetmount,YES,YES,Magnetiskt Snabbfäste för DJI Osmo 360 / Action 5 Pro,,
product,magnetfaste-dji-osmo-action-4-3-snabbfaste,magnetmount-dji-osmo-action-4-3-snabbmount,/products/magnetfaste-dji-osmo-action-4-3-snabbfaste,/products/magnetmount-dji-osmo-action-4-3-snabbmount,YES,YES,magnetfäste DJI Osmo - Magnetiskt Snabbfäste för DJI Osmo Action 4/3,,
product,dji-action-4-laddbox-amagisn-snabbladdare,dji-action-4-laddbox-amagisn-snabbcharger,/products/dji-action-4-laddbox-amagisn-snabbladdare,/products/dji-action-4-laddbox-amagisn-snabbcharger,YES,YES,DJI Action 4 Laddbox med Snabbladdningsfunktion,,
product,magnetfaste-dji-osmo-actionkamera,magnetmount-dji-osmo-actionkamera,/products/magnetfaste-dji-osmo-actionkamera,/products/magnetmount-dji-osmo-actionkamera,YES,YES,Magnetfäste DJI Osmo för Snabba Inspelningsbyten,,
product,dji-osmo-action-5-pro-skarmskydd,dji-osmo-action-5-pro-skarmprotection,/products/dji-osmo-action-5-pro-skarmskydd,/products/dji-osmo-action-5-pro-skarmprotection,YES,YES,Komplett Skärmskydd för DJI Osmo Action 5 Pro,,
product,gp434-stort-cykel-motorcykelfaste,gp434-stort-cykel-motorcykelmount,/products/gp434-stort-cykel-motorcykelfaste,/products/gp434-stort-cykel-motorcykelmount,YES,YES,GP434 Large Size Bicycle - GP434 Stort Cykel- och Motorcykelfäste,,
product,osmo-action-5-pro-case-skyddande-bag,osmo-action-5-pro-case-protective-bag,/products/osmo-action-5-pro-case-skyddande-bag,/products/osmo-action-5-pro-case-protective-bag,YES,YES,Robust Osmo Action 5 Pro Fodral för Optimalt Skydd,,
product,osmo-action-5-snabbfaste,osmo-action-5-snabbmount,/products/osmo-action-5-snabbfaste,/products/osmo-action-5-snabbmount,YES,YES,Osmo Action 5 snabbfäste - Magnetiskt Snabbfäste för Osmo,,
product,osmo-pocket-forvaring-waterproof-protective-bag,osmo-pocket-storage-waterproof-protective-bag,/products/osmo-pocket-forvaring-waterproof-protective-bag,/products/osmo-pocket-storage-waterproof-protective-bag,YES,YES,Osmo Pocket förvaring - Vattentät Skyddsväska för Osmo Pocket,,
product,snabbfaste-osmo-action,snabbmount-osmo-action,/products/snabbfaste-osmo-action,/products/snabbmount-osmo-action,YES,YES,Snabbfäste Osmo Action för Flexibel Montering,,
product,gopro-hero8-dykfodral-45m-waterproof-skyddsfodral,gopro-hero8-dykfodral-45m-waterproof-protectionsfodral,/products/gopro-hero8-dykfodral-45m-waterproof-skyddsfodral,/products/gopro-hero8-dykfodral-45m-waterproof-protectionsfodral,YES,YES,Gopro Hero8 Dykfodral för Extrema Förhållanden,,
product,pgytech-osmo-pocket-basfaste,pgytech-osmo-pocket-basmount,/products/pgytech-osmo-pocket-basfaste,/products/pgytech-osmo-pocket-basmount,YES,YES,"PGYTECH P-18C-035 Fixed Base Mount Kit for DJI Osmo Pocket, P-18C-035",,
product,ruigpro-mobilfaste-dji-osmo-pocket-fixering,ruigpro-mobilmount-dji-osmo-pocket-fixering,/products/ruigpro-mobilfaste-dji-osmo-pocket-fixering,/products/ruigpro-mobilmount-dji-osmo-pocket-fixering,YES,YES,ruigpro smartphone fixing - RUIGPRO Mobilfäste för DJI Osmo Pocket,,
product,osmo-action-barvaska-dji-osmo-5-pro-4-3-sunnylife,osmo-action-barbag-dji-osmo-5-pro-4-3-sunnylife,/products/osmo-action-barvaska-dji-osmo-5-pro-4-3-sunnylife,/products/osmo-action-barbag-dji-osmo-5-pro-4-3-sunnylife,YES,YES,Osmo Action bärväska - Robust Osmo Action Väska för DJI Osmo,,
product,dji-osmo-action-gps-fjarrkontroll,dji-osmo-action-gps-remote-control,/products/dji-osmo-action-gps-fjarrkontroll,/products/dji-osmo-action-gps-remote-control,YES,YES,GPS Fjärrkontroll för DJI Osmo Action 5 Pro / 4 / 3,,
product,pgytech-osmo-pocket-faste-aluminium-mobilhallare,pgytech-osmo-pocket-mount-aluminium-mobilhallare,/products/pgytech-osmo-pocket-faste-aluminium-mobilhallare,/products/pgytech-osmo-pocket-mount-aluminium-mobilhallare,YES,YES,PGYTECH Osmo Pocket Fäste i Aluminium,,
product,hjalmfaste-actionkamera-robust-hakfaste,hjalmmount-actionkamera-robust-hakmount,/products/hjalmfaste-actionkamera-robust-hakfaste,/products/hjalmmount-actionkamera-robust-hakmount,YES,YES,Hjälmfäste Actionkamera för Stabila Filmer,,
product,dji-osmo-pocket-tripod-mobilhallare-vikbart-faste,dji-osmo-pocket-tripod-mobilhallare-vikbart-mount,/products/dji-osmo-pocket-tripod-mobilhallare-vikbart-faste,/products/dji-osmo-pocket-tripod-mobilhallare-vikbart-mount,YES,YES,DJI Osmo Pocket Stativ med Smartphonefäste,,
product,puluz-dji-osmo-pocket-faste-aluminium-hallare,puluz-dji-osmo-pocket-mount-aluminium-hallare,/products/puluz-dji-osmo-pocket-faste-aluminium-hallare,/products/puluz-dji-osmo-pocket-mount-aluminium-hallare,YES,YES,DJI Osmo Pocket fäste - PULUZ Aluminium Fäste för DJI Osmo Pocket,,
product,original-glas-linsskydd-dji-osmo-action-pro,original-glas-lens-protector-dji-osmo-action-pro,/products/original-glas-linsskydd-dji-osmo-action-pro,/products/original-glas-lens-protector-dji-osmo-action-pro,YES,YES,Glas Linsskydd för DJI Osmo Action pro,,
product,puluz-osmo-pocket-skyddsram-dji-osmo-pocket,puluz-osmo-pocket-protectionsram-dji-osmo-pocket,/products/puluz-osmo-pocket-skyddsram-dji-osmo-pocket,/products/puluz-osmo-pocket-protectionsram-dji-osmo-pocket,YES,YES,PULUZ Osmo Pocket Skyddsram för DJI Osmo Pocket,,
product,dji-osmo-action-5-bag-waterproof-skyddande-forvar,dji-osmo-action-5-bag-waterproof-protective-forvar,/products/dji-osmo-action-5-bag-waterproof-skyddande-forvar,/products/dji-osmo-action-5-bag-waterproof-protective-forvar,YES,YES,DJI Osmo Action 5 Väska för Optimalt Skydd,,
product,insta360-go-2-silikonskyddsfodral,insta360-go-2-siliconeprotectionsfodral,/products/insta360-go-2-silikonskyddsfodral,/products/insta360-go-2-siliconeprotectionsfodral,YES,YES,Silicone Protective Case - Silikonskyddsfodral för Insta360 GO,,
product,silikonskydd-dji-osmo-action-5-pro,siliconeprotection-dji-osmo-action-5-pro,/products/silikonskydd-dji-osmo-action-5-pro,/products/siliconeprotection-dji-osmo-action-5-pro,YES,YES,Skydda din DJI Osmo Action 5 Pro med Silikonskydd DJI Osmo,,
product,osmo-action-magnetfaste-vikbart-snabbfaste,osmo-action-magnetmount-vikbart-snabbmount,/products/osmo-action-magnetfaste-vikbart-snabbfaste,/products/osmo-action-magnetmount-vikbart-snabbmount,YES,YES,Osmo Action Magnetfäste med Snabbkoppling,,
product,startrc-gps-bluetooth-fjarrkontroll-insta360,startrc-gps-bluetooth-remote-control-insta360,/products/startrc-gps-bluetooth-fjarrkontroll-insta360,/products/startrc-gps-bluetooth-remote-control-insta360,YES,YES,Insta360 GPS - STARTRC GPS Fjärrkontroll för Insta360 Actionkameror,,
product,gopro-hero-eva-case-skyddande-forvaring,gopro-hero-eva-case-protective-storage,/products/gopro-hero-eva-case-skyddande-forvaring,/products/gopro-hero-eva-case-protective-storage,YES,YES,Kompakt GoPro Hero EVA-fodral för Säker Förvaring,,
product,linsskydd-glas-insta360-one-x2,lens-protector-glas-insta360-one-x2,/products/linsskydd-glas-insta360-one-x2,/products/lens-protector-glas-insta360-one-x2,YES,YES,"Lens Guard Protective Glass Cover for Insta360 One X2, For Insta360 On",,
product,hjalmfaste-with-j-krok-actionkamera,hjalmmount-with-j-krok-actionkamera,/products/hjalmfaste-with-j-krok-actionkamera,/products/hjalmmount-with-j-krok-actionkamera,YES,YES,Helmet Mount with J-Hook - Hjälmfäste med J-krok för Actionkameror,,
product,osmo-action-silikonskydd-dji-actionkamera,osmo-action-siliconeprotection-dji-actionkamera,/products/osmo-action-silikonskydd-dji-actionkamera,/products/osmo-action-siliconeprotection-dji-actionkamera,YES,YES,Osmo Action Silikonskydd för DJI Actionkameror,,
product,skarmskydd-dji-pocket-film,skarmprotection-dji-pocket-film,/products/skarmskydd-dji-pocket-film,/products/skarmprotection-dji-pocket-film,YES,YES,skärmskydd DJI Pocke film - Skärmskydd DJI Pocket Film för Optimal Kam,,
product,dji-osmo-action-5-charger-forvaring,dji-osmo-action-5-charger-storage,/products/dji-osmo-action-5-charger-forvaring,/products/dji-osmo-action-5-charger-storage,YES,YES,Effektiv DJI Osmo Action 5 Laddare med Förvaring,,
product,magnetfaste-dji-os-shaped-osmo-action,magnetmount-dji-os-shaped-osmo-action,/products/magnetfaste-dji-os-shaped-osmo-action,/products/magnetmount-dji-os-shaped-osmo-action,YES,YES,Innovativt Magnetfäste DJI Os Shaped för Osmo Action,,
product,huvudfaste-actionkamera-justerbart,huvudmount-actionkamera-justerbart,/products/huvudfaste-actionkamera-justerbart,/products/huvudmount-actionkamera-justerbart,YES,YES,Huvudfäste Actionkamera för Stabil Filmning,,
product,halsfaste-camera-barbar-nackhallare,halsmount-camera-barbar-nackhallare,/products/halsfaste-camera-barbar-nackhallare,/products/halsmount-camera-barbar-nackhallare,YES,YES,Halsfäste Kamera för Handsfree Filmning och Fotografering,,
product,osmo-pocket-3-faste-metall-l-format,osmo-pocket-3-mount-metall-l-format,/products/osmo-pocket-3-faste-metall-l-format,/products/osmo-pocket-3-mount-metall-l-format,YES,YES,Osmo Pocket 3 fäste - L-format Metallfäste för Osmo Pocket 3,,
product,magnetiskt-snabbfaste-osmo-action-3-4-5-pro,magnetiskt-snabbmount-osmo-action-3-4-5-pro,/products/magnetiskt-snabbfaste-osmo-action-3-4-5-pro,/products/magnetiskt-snabbmount-osmo-action-3-4-5-pro,YES,YES,Magnetiskt Snabbfäste för Osmo Action 3 / 4 / 5 Pro,,
product,insta360-one-r-4k-skyddsfodral-with-ram,insta360-one-r-4k-protectionsfodral-with-ram,/products/insta360-one-r-4k-skyddsfodral-with-ram,/products/insta360-one-r-4k-protectionsfodral-with-ram,YES,YES,Insta360 One R 4K med Frame - Stöttåligt Silikonskydd för Insta360,,
product,osmo-action-metallbur-dji-action-5-4-3,osmo-action-metal-cage-dji-action-5-4-3,/products/osmo-action-metallbur-dji-action-5-4-3,/products/osmo-action-metal-cage-dji-action-5-4-3,YES,YES,"Osmo Action Metallbur för DJI Action 5, 4 och 3",,
product,insta360-one-r-skyddsfodral-silikon-ram,insta360-one-r-protectionsfodral-silicone-ram,/products/insta360-one-r-skyddsfodral-silikon-ram,/products/insta360-one-r-protectionsfodral-silicone-ram,YES,YES,Insta360 One skydd - Optimalt Insta360 One R Skydd med Silikonfodral,,
product,dji-osmo-action-4-3-hepail-magnetiskt-snabbfaste,dji-osmo-action-4-3-hepail-magnetiskt-snabbmount,/products/dji-osmo-action-4-3-hepail-magnetiskt-snabbfaste,/products/dji-osmo-action-4-3-hepail-magnetiskt-snabbmount,YES,YES,Osmo Action magnetfäste - Magnetiskt Snabbfäste för DJI Osmo,,
product,sunnylife-mobilfaste-osmo-pocket-v1,sunnylife-mobilmount-osmo-pocket-v1,/products/sunnylife-mobilfaste-osmo-pocket-v1,/products/sunnylife-mobilmount-osmo-pocket-v1,YES,YES,Mobilhållare för Osmo Pocket v1 med Förvaringsfodral,,
product,insta360-one-r-panoramakamera-skyddsfodral-silikon,insta360-one-r-panoramakamera-protectionsfodral-silicone,/products/insta360-one-r-panoramakamera-skyddsfodral-silikon,/products/insta360-one-r-panoramakamera-protectionsfodral-silicone,YES,YES,Insta360 One R skydd - Stötsäkert Silikonskydd för Insta360 One,,
product,insta360-one-r-ramfaste-skyddsbur-faste,insta360-one-r-rammount-protectionsbur-mount,/products/insta360-one-r-ramfaste-skyddsbur-faste,/products/insta360-one-r-rammount-protectionsbur-mount,YES,YES,Insta360 One R Ramfäste med Cold Shoe,,
product,dji-action-silikonskal-stotsakert-protection-linsskydd,dji-action-silicone-case-stotsakert-protection-lens-protector,/products/dji-action-silikonskal-stotsakert-protection-linsskydd,/products/dji-action-silicone-case-stotsakert-protection-lens-protector,YES,YES,DJI Action silikonskal - Stötsäkert Silikonskal för DJI Actionkamera,,
product,sunnylife-silikonfodral-osmo-pocket,sunnylife-siliconefodral-osmo-pocket,/products/sunnylife-silikonfodral-osmo-pocket,/products/sunnylife-siliconefodral-osmo-pocket,YES,YES,Sunnylife Silikonfodral för Osmo Pocket 3,,
product,skyddsbur-metall-djl-action-4-3-hepail-c-ac4,protectionsbur-metall-djl-action-4-3-hepail-c-ac4,/products/skyddsbur-metall-djl-action-4-3-hepail-c-ac4,/products/protectionsbur-metall-djl-action-4-3-hepail-c-ac4,YES,YES,Skyddsbur i Metall för DJL Action 4 / 3 HEPAIL C-AC4,,
product,double-sugkoppsfaste,double-sugkoppsmount,/products/double-sugkoppsfaste,/products/double-sugkoppsmount,YES,YES,Robust Dubbel Sugkoppsfäste för Stabil Montering,,
product,brdrc-solskydd-osmo-pocket-3-lattvikt,brdrc-solprotection-osmo-pocket-3-lattvikt,/products/brdrc-solskydd-osmo-pocket-3-lattvikt,/products/brdrc-solprotection-osmo-pocket-3-lattvikt,YES,YES,"For DJI Osmo Pocket 3 BRDRC Sunshade Hood Light Weight Screen Shade, Sunshade Hood",,
product,sugkoppsfaste-tripod-with-tripod-adapter-sakerhetsl,sugkoppsmount-tripod-with-tripod-adapter-securitysl,/products/sugkoppsfaste-tripod-with-tripod-adapter-sakerhetsl,/products/sugkoppsmount-tripod-with-tripod-adapter-securitysl,YES,YES,Säkert Sugkoppsfäste Stativ med Stativ Adapter,,
product,sugproppsfaste-camera-stativadapter-sakerhetslina,sugproppsmount-camera-stativadapter-securityslina,/products/sugproppsfaste-camera-stativadapter-sakerhetslina,/products/sugproppsmount-camera-stativadapter-securityslina,YES,YES,Sugproppsfäste kamera - Sugproppsfäste för Kamera med Stativadapter,,
product,osmo-action-l-faste-flexibel-montering,osmo-action-l-mount-flexibel-montering,/products/osmo-action-l-faste-flexibel-montering,/products/osmo-action-l-mount-flexibel-montering,YES,YES,Osmo Action L-fäste: Flexibel - Flexibelt L-fäste för Osmo,,
product,dji-bag-action-5-pro-forvaring,dji-bag-action-5-pro-storage,/products/dji-bag-action-5-pro-forvaring,/products/dji-bag-action-5-pro-storage,YES,YES,dji väska action 5 pro - Förvaringsväska för DJI,,
product,gopro-hero5-professionell-linsskydd,gopro-hero5-professionell-lens-protector,/products/gopro-hero5-professionell-linsskydd,/products/gopro-hero5-professionell-lens-protector,YES,YES,Reptåligt Linsskydd för GoPro HERO5 Proffesional,,
product,osmo-pocket-3-gimbal-skyddsfodral-sunnylife,osmo-pocket-3-gimbal-protectionsfodral-sunnylife,/products/osmo-pocket-3-gimbal-skyddsfodral-sunnylife,/products/osmo-pocket-3-gimbal-protectionsfodral-sunnylife,YES,YES,Osmo Pocket sunnyl - Integrerat Skyddsfodral för Osmo Pocket,,
product,osmo-pocket-3-metallbur,osmo-pocket-3-metal-cage,/products/osmo-pocket-3-metallbur,/products/osmo-pocket-3-metal-cage,YES,YES,Osmo Pocket 3 metallbur - PULUZ Metallbur för DJI Osmo Pocket 3,,
product,halsfaste-mobilkamera-handsfree-hallare,halsmount-mobilkamera-handsfree-hallare,/products/halsfaste-mobilkamera-handsfree-hallare,/products/halsmount-mobilkamera-handsfree-hallare,YES,YES,Halsfäste Mobilkamera för Handsfree Användning,,
product,dji-action-5-pro-action-4-magnetisk-led-belysning,dji-action-5-pro-action-4-magnetisk-led-lighting,/products/dji-action-5-pro-action-4-magnetisk-led-belysning,/products/dji-action-5-pro-action-4-magnetisk-led-lighting,YES,YES,Magnetisk LED-Belysning för DJI Action 5 Pro/ Action 4,,
product,halsfaste-mobil-camera,halsmount-mobil-camera,/products/halsfaste-mobil-camera,/products/halsmount-mobil-camera,YES,YES,Handsfree Halsfäste Mobil Kamera för Flexibel Filmning,,
product,dji-action-kameravaska,dji-action-kamerabag,/products/dji-action-kameravaska,/products/dji-action-kamerabag,YES,YES,väska actionkamera action - Skyddande Väska för DJI Actionkamera,,
product,actionkamera-styrfaste-360-rotation-cykel-mc,actionkamera-styrmount-360-rotation-cykel-mc,/products/actionkamera-styrfaste-360-rotation-cykel-mc,/products/actionkamera-styrmount-360-rotation-cykel-mc,YES,YES,Justerbart Actionkamera Styrfäste med 360° Rotation,,
product,cykelfaste-mobil-camera-360-grader,cykelmount-mobil-camera-360-grader,/products/cykelfaste-mobil-camera-360-grader,/products/cykelmount-mobil-camera-360-grader,YES,YES,Cykelfäste Mobil Kamera med 360° Rotation,,
product,osmo-pocket-3-waterproof-forvaringsbox-brdrc,osmo-pocket-3-waterproof-storagesbox-brdrc,/products/osmo-pocket-3-waterproof-forvaringsbox-brdrc,/products/osmo-pocket-3-waterproof-storagesbox-brdrc,YES,YES,"For DJI OSMO POCKET 3 BRDRC Waterproof Storage Box Protective Shell  With Lanyard, BRDRC",,
product,actionkamera-styre-faste-forlangd-version,actionkamera-styre-mount-forlangd-version,/products/actionkamera-styre-faste-forlangd-version,/products/actionkamera-styre-mount-forlangd-version,YES,YES,Justerbart Actionkamera Styre Fäste med 360° Rotation,,
product,actionkamera-mc-faste-360-rotation-justerbart,actionkamera-mc-mount-360-rotation-justerbart,/products/actionkamera-mc-faste-360-rotation-justerbart,/products/actionkamera-mc-mount-360-rotation-justerbart,YES,YES,Actionkamera MC-fäste med Telefonklämma,,
product,flymile-actionkameravaska-pu-mini,flymile-actionkamerabag-pu-mini,/products/flymile-actionkameravaska-pu-mini,/products/flymile-actionkamerabag-pu-mini,YES,YES,Flymile Actionkameraväska – Kompakt Skydd,,
product,osmo-pocket-3-skyddsbur-puluz-metallfaste,osmo-pocket-3-protectionsbur-puluz-metallmount,/products/osmo-pocket-3-skyddsbur-puluz-metallfaste,/products/osmo-pocket-3-protectionsbur-puluz-metallmount,YES,YES,Osmo Pocket 3 skyddsbur - PULUZ Metall Skyddsbur för DJI Osmo Pocket 3,,
product,osmo-action-skyddsbur-flymile-metallbur,osmo-action-protectionsbur-flymile-metal-cage,/products/osmo-action-skyddsbur-flymile-metallbur,/products/osmo-action-protectionsbur-flymile-metal-cage,YES,YES,Metallbur för DJI Osmo Action 5 Pro/4/3,,
product,osmo-pocket-3-handrem-skyddsram,osmo-pocket-3-handrem-protectionsram,/products/osmo-pocket-3-handrem-skyddsram,/products/osmo-pocket-3-handrem-protectionsram,YES,YES,Osmo Pocket 3 Handrem med Fäste,,
product,linsskydd-for-insta360-one-rs-twin-edition,lens-protector-for-insta360-one-rs-twin-edition,/products/linsskydd-for-insta360-one-rs-twin-edition,/products/lens-protector-for-insta360-one-rs-twin-edition,YES,YES,Lens Guard for Insta360 One RS - Linsskydd för Insta360 One RS Twin,,
product,insta360-one-rs-skyddsram,insta360-one-rs-protectionsram,/products/insta360-one-rs-skyddsram,/products/insta360-one-rs-protectionsram,YES,YES,Plastic Frame Case - Skyddsram för Insta360 One RS – 4K & Twin Edition,,
product,dji-osmo-360-startrc-metallbur-with-cold-shoe,dji-osmo-360-startrc-metal-cage-with-cold-shoe,/products/dji-osmo-360-startrc-metallbur-with-cold-shoe,/products/dji-osmo-360-startrc-metal-cage-with-cold-shoe,YES,YES,DJI Osmo 360 STARTRC Metal - Metallbur för DJI Osmo 360 STARTRC,,
product,startrc-minifodral-dji-osmo-360-forvaring,startrc-minifodral-dji-osmo-360-storage,/products/startrc-minifodral-dji-osmo-360-forvaring,/products/startrc-minifodral-dji-osmo-360-storage,YES,YES,DJI Osmo 360 förvaring - STARTRC Minifodral för DJI Osmo 360,,
product,dji-osmo-360-puluz-linsskydd,dji-osmo-360-puluz-lens-protector,/products/dji-osmo-360-puluz-linsskydd,/products/dji-osmo-360-puluz-lens-protector,YES,YES,DJI Osmo 360 PULUZ Lens Guard - PULUZ Linsskydd för DJI Osmo,,
product,dji-osmo-360-action-kamerafaste,dji-osmo-360-action-kameramount,/products/dji-osmo-360-action-kamerafaste,/products/dji-osmo-360-action-kameramount,YES,YES,DJI Osmo 360 Action Camera - Fäste för DJI Osmo 360 Action Kamera,,
product,dji-pocket-3-fyllnadsljus-magnetisk-belysning,dji-pocket-3-fyllnadsljus-magnetisk-lighting,/products/dji-pocket-3-fyllnadsljus-magnetisk-belysning,/products/dji-pocket-3-fyllnadsljus-magnetisk-lighting,YES,YES,DJI Pocket 3 Fyllnadsljus med Magnetisk Hållare,,
product,insta360-one-x2-selfie-stick-cold-shoe-faste,insta360-one-x2-selfie-stick-cold-shoe-mount,/products/insta360-one-x2-selfie-stick-cold-shoe-faste,/products/insta360-one-x2-selfie-stick-cold-shoe-mount,YES,YES,Cold Shoe Fäste för Insta360 ONE X2 Selfiepinne,,
product,dji-osmo-360-cynova-magnetiskt-snabbfaste,dji-osmo-360-cynova-magnetiskt-snabbmount,/products/dji-osmo-360-cynova-magnetiskt-snabbfaste,/products/dji-osmo-360-cynova-magnetiskt-snabbmount,YES,YES,DJI Osmo 360 CYNOVA Magnetic - Magnetiskt Snabbfäste för DJI Osmo 360,,
product,dji-osmo-360-cynova-silikonskydd,dji-osmo-360-cynova-siliconeprotection,/products/dji-osmo-360-cynova-silikonskydd,/products/dji-osmo-360-cynova-siliconeprotection,YES,YES,DJI Osmo 360 CYNOVA Silicone - Skyddsfodral i Silikon för DJI Osmo 360,,
product,skarmsskydd-dji-osmo-360-cynova-haradat,skarmsprotection-dji-osmo-360-cynova-haradat,/products/skarmsskydd-dji-osmo-360-cynova-haradat,/products/skarmsprotection-dji-osmo-360-cynova-haradat,YES,YES,DJI Osmo 360 CYNOVA Tempered - Skärmskydd för DJI Osmo 360 CYNOVA,,
product,insta360-x3-one-x2-kameravaska,insta360-x3-one-x2-kamerabag,/products/insta360-x3-one-x2-kameravaska,/products/insta360-x3-one-x2-kamerabag,YES,YES,Insta360 X3 / ONE X2 Kamera - Skyddande Väska för Insta360 X3 / ONE,,
product,puluz-batterigrepp-osmo-pocket-3-2800mah,puluz-batterygrepp-osmo-pocket-3-2800mah,/products/puluz-batterigrepp-osmo-pocket-3-2800mah,/products/puluz-batterygrepp-osmo-pocket-3-2800mah,YES,YES,PULUZ batterigrepp Osmo - PULUZ Batterigrepp för DJI Osmo Pocket 3,,
product,hjalmfaste-mobil-vridbart-actionkamera-telefon,hjalmmount-mobil-vridbart-actionkamera-telefon,/products/hjalmfaste-mobil-vridbart-actionkamera-telefon,/products/hjalmmount-mobil-vridbart-actionkamera-telefon,YES,YES,Hjälmfäste mobil vridbart - Vridbart Hjälmfäste för Mobil,,
product,dji-osmo-360-flymile-dual-cold-cage-metallbur,dji-osmo-360-flymile-dual-cold-cage-metal-cage,/products/dji-osmo-360-flymile-dual-cold-cage-metallbur,/products/dji-osmo-360-flymile-dual-cold-cage-metal-cage,YES,YES,DJI Osmo 360 Flymile Dual Cold Bur i Metall,,
product,ruigpro-hjalmfaste-mobilkamera-kit,ruigpro-hjalmmount-mobilkamera-kit,/products/ruigpro-hjalmfaste-mobilkamera-kit,/products/ruigpro-hjalmmount-mobilkamera-kit,YES,YES,Hjälmfäste mobilkamera - RUIGPRO Hjälmfäste för Mobilkamera,,
product,dji-pocket-3-telefonfaste,dji-pocket-3-telefonmount,/products/dji-pocket-3-telefonfaste,/products/dji-pocket-3-telefonmount,YES,YES,DJI Pocket 3 telefonfäste - Säkra din DJI Pocket 3 med ett stabilt tel,,
product,insta360-x2-lavalier-mikrofon,insta360-x2-lavalier-microphone,/products/insta360-x2-lavalier-mikrofon,/products/insta360-x2-lavalier-microphone,YES,YES,Insta360 X2 lavalier Mikrofon för Klart Ljud,,
product,insta360-one-r-lavalier-clip-mikrofon,insta360-one-r-lavalier-clip-microphone,/products/insta360-one-r-lavalier-clip-mikrofon,/products/insta360-one-r-lavalier-clip-microphone,YES,YES,Insta360 ONE R Lavalier Clip – Förbättra Ljudet,,
product,silikonstativ-dji-osmo-bilfaste,siliconestativ-dji-osmo-bilmount,/products/silikonstativ-dji-osmo-bilfaste,/products/siliconestativ-dji-osmo-bilmount,YES,YES,Silikonstativ DJI Osmo för Stabilisering,,
product,dji-pocket-3-sugkopp-faste,dji-pocket-3-sugkopp-mount,/products/dji-pocket-3-sugkopp-faste,/products/dji-pocket-3-sugkopp-mount,YES,YES,Stabilt Sugkoppsfäste för DJI Pocket 3,,
product,osmo-pocket-3-magnetiskt-faste,osmo-pocket-3-magnetiskt-mount,/products/osmo-pocket-3-magnetiskt-faste,/products/osmo-pocket-3-magnetiskt-mount,YES,YES,Magnetiskt Fäste för Osmo Pocket 3,,
product,dji-osmo-ministativ-for-osmo-pocket-3,dji-osmo-mini-tripod-for-osmo-pocket-3,/products/dji-osmo-ministativ-for-osmo-pocket-3,/products/dji-osmo-mini-tripod-for-osmo-pocket-3,YES,YES,Original DJI Osmo Ministativ för Osmo Pocket 3,,
product,halsfaste-camera-pov-handsfree-filmning,halsmount-camera-pov-handsfree-filmning,/products/halsfaste-camera-pov-handsfree-filmning,/products/halsmount-camera-pov-handsfree-filmning,YES,YES,Halsfäste Kamera POV för Handsfree Filmning,,
product,osmo-pocket-skyddsfodral-sunnylife,osmo-pocket-protectionsfodral-sunnylife,/products/osmo-pocket-skyddsfodral-sunnylife,/products/osmo-pocket-protectionsfodral-sunnylife,YES,YES,Osmo Pocket skydds - Skyddsfodral för DJI Osmo Pocket 3,,
product,dji-osmo-pocket-3-silikonskal-protection,dji-osmo-pocket-3-silicone-case-protection,/products/dji-osmo-pocket-3-silikonskal-protection,/products/dji-osmo-pocket-3-silicone-case-protection,YES,YES,Osmo Pocket siliko - Osmo Pocket 3 Silikonskal för Helkroppsskydd,,
product,osmo-pocket-3-skyddsram-magnetfaste,osmo-pocket-3-protectionsram-magnetmount,/products/osmo-pocket-3-skyddsram-magnetfaste,/products/osmo-pocket-3-protectionsram-magnetmount,YES,YES,Osmo Pocket 3 Skyddsram med Magnetisk Bas,,
product,vindskydd-gopro-session-skumskydd-bullerreducering,vindprotection-gopro-session-skumprotection-bullerreducering,/products/vindskydd-gopro-session-skumskydd-bullerreducering,/products/vindprotection-gopro-session-skumprotection-bullerreducering,YES,YES,Sponge Foam Wind Noise - Vindskydd i Skum för GoPro HERO Session,,
product,dji-osmo-pocket-3-brdrc-linsskydd-kameraskydd,dji-osmo-pocket-3-brdrc-lens-protector-camera-protection,/products/dji-osmo-pocket-3-brdrc-linsskydd-kameraskydd,/products/dji-osmo-pocket-3-brdrc-lens-protector-camera-protection,YES,YES,DJI OSMO Pocket 3 BRDRC Lens - Skyddspaket för DJI Osmo Pocket 3 BRDRC,,
product,hjalmfaste-bundle-set-action-cameras,hjalmmount-bundle-set-action-cameras,/products/hjalmfaste-bundle-set-action-cameras,/products/hjalmmount-bundle-set-action-cameras,YES,YES,Helmet Front Mount Bundle Set - Komplett Hjälmfäste Bundle Set,,
product,skyddsfodral-dji-osmo-pocket-3-startrc,protectionsfodral-dji-osmo-pocket-3-startrc,/products/skyddsfodral-dji-osmo-pocket-3-startrc,/products/protectionsfodral-dji-osmo-pocket-3-startrc,YES,YES,STARTRC Pocket 3 Skyddsfodral för Osmo,,
product,skumvindskydd-gopro-hero-7-6-5,skumvindprotection-gopro-hero-7-6-5,/products/skumvindskydd-gopro-hero-7-6-5,/products/skumvindprotection-gopro-hero-7-6-5,YES,YES,Foam Windshield Housing Case - Skumvindskydd för GoPro HERO7 Black,,
product,osmo-pocket-3-magnetfaste,osmo-pocket-3-magnetmount,/products/osmo-pocket-3-magnetfaste,/products/osmo-pocket-3-magnetmount,YES,YES,Praktiskt Osmo Pocket 3 magnetfäste för flexibel användning,,
product,skarmskydd-dji-pocket-3,skarmprotection-dji-pocket-3,/products/skarmskydd-dji-pocket-3,/products/skarmprotection-dji-pocket-3,YES,YES,Skärmskydd DJI Pocket 3: Härdat Glas med Antireflex,,
product,magic-arm-mobilfaste-sugkopp,magic-arm-mobilmount-sugkopp,/products/magic-arm-mobilfaste-sugkopp,/products/magic-arm-mobilmount-sugkopp,YES,YES,Magic Arm Mobilfäste med Sugkopp,,
product,sugkoppsafaste-telefon-arm-magic-arm,sugkoppsamount-telefon-arm-magic-arm,/products/sugkoppsafaste-telefon-arm-magic-arm,/products/sugkoppsamount-telefon-arm-magic-arm,YES,YES,Sugkoppsfäste telefon arm - Flexibelt Sugkoppsfäste för Telefon,,
product,skarmsskydd-dji-poc-protec-osmo-pocket-3,skarmsprotection-dji-poc-protec-osmo-pocket-3,/products/skarmsskydd-dji-poc-protec-osmo-pocket-3,/products/skarmsprotection-dji-poc-protec-osmo-pocket-3,YES,YES,Skärmskydd DJI Poc Protec för Osmo Pocket 3,,
product,solskydd-osmo-pocket-3-brdrc-skarmskydd,solprotection-osmo-pocket-3-brdrc-skarmprotection,/products/solskydd-osmo-pocket-3-brdrc-skarmskydd,/products/solprotection-osmo-pocket-3-brdrc-skarmprotection,YES,YES,Solskydd Osmo Pocket - Effektivt Solskydd för DJI Osmo Pocket 3 Kamera,,
product,cqt-dronarreparationssats-dji-mavic3-mini-a,cqt-dronerepairssats-dji-mavic3-mini-a,/products/cqt-dronarreparationssats-dji-mavic3-mini-a,/products/cqt-dronerepairssats-dji-mavic3-mini-a,YES,YES,drönare dji mavic3 - CQT Drönarreparationssats för DJI Mavic3 och Mini,,
product,dubbelt-sugkoppsfaste-mobil,dubbelt-sugkoppsmount-mobil,/products/dubbelt-sugkoppsfaste-mobil,/products/dubbelt-sugkoppsmount-mobil,YES,YES,dual-leg suction cu mobil - Dubbelt Sugkoppsfäste för Mobil och Kamera,,
product,brdrc-smartphone-teleprompter-skrivbordsfaste,brdrc-smartphone-teleprompter-skrivbordsmount,/products/brdrc-smartphone-teleprompter-skrivbordsfaste,/products/brdrc-smartphone-teleprompter-skrivbordsmount,YES,YES,BRDRC Smartphone Teleprompter med Skrivbordsfäste,,
product,magic-arm-kamerahallare-sugkoppsfaste,magic-arm-kamerahallare-sugkoppsmount,/products/magic-arm-kamerahallare-sugkoppsfaste,/products/magic-arm-kamerahallare-sugkoppsmount,YES,YES,Magic Arm Kamerahållare med Sugkoppsfäste,,
product,skruvmejselsats-dji-mavic-mini-se-36-delar,screwdriversats-dji-mavic-mini-se-36-delar,/products/skruvmejselsats-dji-mavic-mini-se-36-delar,/products/screwdriversats-dji-mavic-mini-se-36-delar,YES,YES,dji mavic mini se - Precisionsskruvmejselsats 36-i-1 för DJI Drönare,,
product,brdrc-quick-assembly-kallskofaste-osmo-pocket-3,brdrc-quick-assembly-kallskomount-osmo-pocket-3,/products/brdrc-quick-assembly-kallskofaste-osmo-pocket-3,/products/brdrc-quick-assembly-kallskomount-osmo-pocket-3,YES,YES,BRDRC Quick Assembly Fäste för DJI Osmo Pocket 3,,
product,gopro-hero8-skarmskydd-linsskydd,gopro-hero8-skarmprotection-lens-protector,/products/gopro-hero8-skarmskydd-linsskydd,/products/gopro-hero8-skarmprotection-lens-protector,YES,YES,GoPro Hero8 Skärmskydd och Linsskydd,,
product,osmo-pocket-3-vikbart-magnetfaste,osmo-pocket-3-vikbart-magnetmount,/products/osmo-pocket-3-vikbart-magnetfaste,/products/osmo-pocket-3-vikbart-magnetmount,YES,YES,Osmo Pocket 3 vikbart - PULUZ Vikbart Magnetfäste för Osmo Pocket 3,,
product,xiaomi-yi-armfaste-xm28-360-vridbart-handledsfaste,xiaomi-yi-armmount-xm28-360-vridbart-handledsmount,/products/xiaomi-yi-armfaste-xm28-360-vridbart-handledsfaste,/products/xiaomi-yi-armmount-xm28-360-vridbart-handledsmount,YES,YES,Xiaomi Yi Armfäste XM28 med 360° Rotation,,
product,puluz-actionkamera-kroppsfaste-handled-arm-benrem,puluz-actionkamera-kroppsmount-handled-arm-benrem,/products/puluz-actionkamera-kroppsfaste-handled-arm-benrem,/products/puluz-actionkamera-kroppsmount-handled-arm-benrem,YES,YES,PULUZ Actionkamera Kroppsfäste med 360° Rotation,,
product,pocket-3-ryggsacksklamma-magnetiskt-faste,pocket-3-ryggsacksklamma-magnetiskt-mount,/products/pocket-3-ryggsacksklamma-magnetiskt-faste,/products/pocket-3-ryggsacksklamma-magnetiskt-mount,YES,YES,Stabil Pocket 3 Ryggsäcksklämma med Magnetfäste,,
product,handfaste-actionkamera-360-rotation,handmount-actionkamera-360-rotation,/products/handfaste-actionkamera-360-rotation,/products/handmount-actionkamera-360-rotation,YES,YES,360 Degree Rotation Glove - Handfäste för Actionkamera med 360,,
product,amagisn-skyddsfodral-osmo-pocket-3,amagisn-protectionsfodral-osmo-pocket-3,/products/amagisn-skyddsfodral-osmo-pocket-3,/products/amagisn-protectionsfodral-osmo-pocket-3,YES,YES,aMagisn Osmo Pocket - AMagisn Skyddsfodral för DJI Osmo Pocket 3,,
product,startrc-magnetfaste-actionkamera-pov-vy,startrc-magnetmount-actionkamera-pov-vy,/products/startrc-magnetfaste-actionkamera-pov-vy,/products/startrc-magnetmount-actionkamera-pov-vy,YES,YES,STARTRC Action Camera Magnetic - STARTRC Magnetfäste för Actionkamera,,
product,magnetfaste-dji-osmo-pocket-3-startrc,magnetmount-dji-osmo-pocket-3-startrc,/products/magnetfaste-dji-osmo-pocket-3-startrc,/products/magnetmount-dji-osmo-pocket-3-startrc,YES,YES,Vikbart Magnetfäste för DJI Osmo Pocket 3 STARTRC,,
product,puluz-magnetisk-brostsele-snabbfaste,puluz-magnetisk-brostsele-snabbmount,/products/puluz-magnetisk-brostsele-snabbfaste,/products/puluz-magnetisk-brostsele-snabbmount,YES,YES,PULUZ Magnetisk Bröstsele för Actionkameror,,
product,dji-osmo-pocket-3-adapter-expansionsfaste,dji-osmo-pocket-3-adapter-expansionsmount,/products/dji-osmo-pocket-3-adapter-expansionsfaste,/products/dji-osmo-pocket-3-adapter-expansionsmount,YES,YES,Mångsidig DJI Osmo Pocket 3 Adapter för Kameratillbehör,,
product,osmo-pocket-3-forvaring-skyddsfodral,osmo-pocket-3-storage-protectionsfodral,/products/osmo-pocket-3-forvaring-skyddsfodral,/products/osmo-pocket-3-storage-protectionsfodral,YES,YES,Osmo Pocket 3 förvaring - Förvaringsväska för DJI Osmo Pocket 3,,
product,skarmskydd-xiaomi-4k-linsskydd,skarmprotection-xiaomi-4k-lens-protector,/products/skarmskydd-xiaomi-4k-linsskydd,/products/skarmprotection-xiaomi-4k-lens-protector,YES,YES,Skärmskydd Xiaomi 4K med Linsskydd,,
product,puluz-magnetisk-huvudrem-snabbfaste,puluz-magnetisk-huvudrem-snabbmount,/products/puluz-magnetisk-huvudrem-snabbfaste,/products/puluz-magnetisk-huvudrem-snabbmount,YES,YES,PULUZ Magnetisk Huvudrem för Actionkameror,,
product,universal-selfiepinne-with-adapter-aluminium,universal-selfie-stick-with-adapter-aluminium,/products/universal-selfiepinne-with-adapter-aluminium,/products/universal-selfie-stick-with-adapter-aluminium,YES,YES,Selfiepinne aluminium - Utdragbar Selfiepinne i Aluminium,,
product,osmo-pocket-3-lins-protec-solskydd,osmo-pocket-3-lins-protec-solprotection,/products/osmo-pocket-3-lins-protec-solskydd,/products/osmo-pocket-3-lins-protec-solprotection,YES,YES,"For DJI OSMO Pocket 3 BRDRC Sunshade Lens Protective Cover Hood, For DJI OSMO Pocket 3",,
product,sunnylife-op-x9208-type-c-kabel-dji-osmo-pocket,sunnylife-op-x9208-type-c-cable-dji-osmo-pocket,/products/sunnylife-op-x9208-type-c-kabel-dji-osmo-pocket,/products/sunnylife-op-x9208-type-c-cable-dji-osmo-pocket,YES,YES,Sunnylife OP-X9208 Type-C Kabel för DJI Osmo Pocket,,
product,dji-pocket-3-bkano-hart-skal,dji-pocket-3-bkano-hart-shell,/products/dji-pocket-3-bkano-hart-skal,/products/dji-pocket-3-bkano-hart-shell,YES,YES,DJI Pocket 3 BKANO Hard Shell - Robust Hårt Skal för DJI Pocket,,
product,osmo-pocket-3-axelvaska,osmo-pocket-3-axelbag,/products/osmo-pocket-3-axelvaska,/products/osmo-pocket-3-axelbag,YES,YES,Osmo Pocket 3 Axelväska för Säker Förvaring,,
product,osmo-pocket-3-amazear-skyddsfodral-allt-i-ett,osmo-pocket-3-amazear-protectionsfodral-allt-i-ett,/products/osmo-pocket-3-amazear-skyddsfodral-allt-i-ett,/products/osmo-pocket-3-amazear-protectionsfodral-allt-i-ett,YES,YES,Osmo Pocket all - Amazear Skyddsfodral för Osmo Pocket 3,,
product,ruigpro-mc-styre-action-faste,ruigpro-mc-styre-action-mount,/products/ruigpro-mc-styre-action-faste,/products/ruigpro-mc-styre-action-mount,YES,YES,RUIGPRO MC-styre action - RUIGPRO MC-Styre Fäste för Mobil,,
product,batteriskydd-dji-air-2-4,batteryprotection-dji-air-2-4,/products/batteriskydd-dji-air-2-4,/products/batteryprotection-dji-air-2-4,YES,YES,Batteriskydd DJI Air 2  - Optimalt Batteriskydd för DJI Air 2,,
product,puluz-flexibelt-ministativ-kulled-mobil-camera,puluz-flexibelt-mini-tripod-kulled-mobil-camera,/products/puluz-flexibelt-ministativ-kulled-mobil-camera,/products/puluz-flexibelt-mini-tripod-kulled-mobil-camera,YES,YES,Flexibelt Ministativ från PULUZ med Kulled,,
product,dji-mavic-2-mini-flottor-landningsstall,dji-mavic-2-mini-flottor-landing-gear,/products/dji-mavic-2-mini-flottor-landningsstall,/products/dji-mavic-2-mini-flottor-landing-gear,YES,YES,DJI Mavic 2 Mini Flottör för Säker Vatten Landning,,
product,jsr-nd64-dronarfilter-dji-mavic-2-pro,jsr-nd64-dronefilter-dji-mavic-2-pro,/products/jsr-nd64-dronarfilter-dji-mavic-2-pro,/products/jsr-nd64-dronefilter-dji-mavic-2-pro,YES,YES,JSR ND64 Drönarfilter för DJI Mavic 2 Pro,,
product,flymile-utdragbart-ministativ-1-4-tum,flymile-utdragbart-mini-tripod-1-4-tum,/products/flymile-utdragbart-ministativ-1-4-tum,/products/flymile-utdragbart-mini-tripod-1-4-tum,YES,YES,Flymile Extendable Mini Tripod - Flymile Utdragbart Ministativ,,
product,ruigpro-mc-styre-faste-aluminium,ruigpro-mc-styre-mount-aluminium,/products/ruigpro-mc-styre-faste-aluminium,/products/ruigpro-mc-styre-mount-aluminium,YES,YES,RUIGPRO MC-styre Fäste för Actionkameror,,
product,jsr-nd16-dronarfilter-dji-mavic-2-pro,jsr-nd16-dronefilter-dji-mavic-2-pro,/products/jsr-nd16-dronarfilter-dji-mavic-2-pro,/products/jsr-nd16-dronefilter-dji-mavic-2-pro,YES,YES,JSR ND16 Lins Filter till DJI MAVIC 2 Pro,,
product,puluz-6-i-1-skyddssats-osmo-pocket-3,puluz-6-i-1-protectionssats-osmo-pocket-3,/products/puluz-6-i-1-skyddssats-osmo-pocket-3,/products/puluz-6-i-1-protectionssats-osmo-pocket-3,YES,YES,Osmo Pocket handl - PULUZ 6-i-1 Skyddssats för Osmo Pocket 3 Kamera,,
product,jsr-dronarfilter-gradient-gnd16-lens-dji-mavic-2-p,jsr-dronefilter-gradient-gnd16-lens-dji-mavic-2-p,/products/jsr-dronarfilter-gradient-gnd16-lens-dji-mavic-2-p,/products/jsr-dronefilter-gradient-gnd16-lens-dji-mavic-2-p,YES,YES,JSR Drönarfilter Gradient GND16,,
product,dji-bag-handheld-osmo-pocket-3-forvaring,dji-bag-handheld-osmo-pocket-3-storage,/products/dji-bag-handheld-osmo-pocket-3-forvaring,/products/dji-bag-handheld-osmo-pocket-3-storage,YES,YES,Skyddande DJI Väska Handheld för Osmo Pocket 3,,
product,jsr-gnd-filter-mavic-dronarfilter,jsr-gnd-filter-mavic-dronefilter,/products/jsr-gnd-filter-mavic-dronarfilter,/products/jsr-gnd-filter-mavic-dronefilter,YES,YES,JSR GND Filter – Gradientfilter till DJI Mavic 2 Pro,,
product,puluz-motorcykelfaste-aluminium-actionkamera,puluz-motorcykelmount-aluminium-actionkamera,/products/puluz-motorcykelfaste-aluminium-actionkamera,/products/puluz-motorcykelmount-aluminium-actionkamera,YES,YES,PULUZ Motorcykelfäste för Actionkameror,,
product,jsr-dronarfilter-nd4-nd8-nd16-dji-mavic-2-pro,jsr-dronefilter-nd4-nd8-nd16-dji-mavic-2-pro,/products/jsr-dronarfilter-nd4-nd8-nd16-dji-mavic-2-pro,/products/jsr-dronefilter-nd4-nd8-nd16-dji-mavic-2-pro,YES,YES,JSR Drönarfilter ND4+ND8+ND16 3 i 1,,
product,puluz-kulledsfaste-actionkamera-aluminium,puluz-kulledsmount-actionkamera-aluminium,/products/puluz-kulledsfaste-actionkamera-aluminium,/products/puluz-kulledsmount-actionkamera-aluminium,YES,YES,Kulledsfäste actionkamera - PULUZ Kulledsfäste för Actionkamera,,
product,mc-faste-actionkamera-metall,mc-mount-actionkamera-metall,/products/mc-faste-actionkamera-metall,/products/mc-mount-actionkamera-metall,YES,YES,MC-fäste actionkamera - MC-fäste för Actionkamera i Metall,,
product,puluz-cykelstyre-faste-actionkamera-forlangt-faste,puluz-cykelstyre-mount-actionkamera-forlangt-mount,/products/puluz-cykelstyre-faste-actionkamera-forlangt-faste,/products/puluz-cykelstyre-mount-actionkamera-forlangt-mount,YES,YES,PULUZ Cykelstyre Fäste för Actionkameror,,
product,sunnylife-magnetfaste-1-4-adapter-kallsko-osmo-poc,sunnylife-magnetmount-1-4-adapter-kallsko-osmo-poc,/products/sunnylife-magnetfaste-1-4-adapter-kallsko-osmo-poc,/products/sunnylife-magnetmount-1-4-adapter-kallsko-osmo-poc,YES,YES,Osmo Pocket 3 fäste - Sunnylife Magnetfäste med Kallsko för Osmo,,
product,puluz-gopro-max-skyddsbur-aluminiumlegering,puluz-gopro-max-protectionsbur-aluminiumlegering,/products/puluz-gopro-max-skyddsbur-aluminiumlegering,/products/puluz-gopro-max-protectionsbur-aluminiumlegering,YES,YES,PULUZ GoPro Max Skyddsbur i Aluminiumlegering,,
product,gopro-max-silikonskal-dual-linsskydd,gopro-max-silicone-case-dual-lens-protector,/products/gopro-max-silikonskal-dual-linsskydd,/products/gopro-max-silicone-case-dual-lens-protector,YES,YES,GoPro Max silikonskal - Komplett Skyddspaket för GoPro Max,,
product,gopro-fusion-skyddsbur-aluminium,gopro-fusion-protectionsbur-aluminium,/products/gopro-fusion-skyddsbur-aluminium,/products/gopro-fusion-protectionsbur-aluminium,YES,YES,GoPro Fusion Skyddsbur i Aluminium,,
product,linsskydd-gopro-max,lens-protector-gopro-max,/products/linsskydd-gopro-max,/products/lens-protector-gopro-max,YES,YES,linsskydd GoPro Max - Skydda din GoPro Max med ett effektivt linsskydd,,
product,flytskum-actionkamera-sjalvhaftande-faste,flytskum-actionkamera-sjalvhaftande-mount,/products/flytskum-actionkamera-sjalvhaftande-faste,/products/flytskum-actionkamera-sjalvhaftande-mount,YES,YES,Flytskum actionkamera - Flytskum för Actionkamera med Självhäftande,,
product,gopro-hero13-skyddsbur-aluminium-uv-lins,gopro-hero13-protectionsbur-aluminium-uv-lins,/products/gopro-hero13-skyddsbur-aluminium-uv-lins,/products/gopro-hero13-protectionsbur-aluminium-uv-lins,YES,YES,GoPro HERO13 Skyddsbur i Aluminium med UV-lins,,
product,gopro-hero9-13-skyddsfodral-aluminium-uv-lins,gopro-hero9-13-protectionsfodral-aluminium-uv-lins,/products/gopro-hero9-13-skyddsfodral-aluminium-uv-lins,/products/gopro-hero9-13-protectionsfodral-aluminium-uv-lins,YES,YES,GoPro Hero13 Tillbehör - Skyddsfodral för GoPro Hero9-13 i Aluminium,,
product,puluz-gopro-linsskydd-hero12-svart,puluz-gopro-lens-protector-hero12-svart,/products/puluz-gopro-linsskydd-hero12-svart,/products/puluz-gopro-lens-protector-hero12-svart,YES,YES,PULUZ GoPro linsskydd - PULUZ Linsskydd för GoPro HERO12 Svart,,
product,gopro-batterilucka-metall-puluz,gopro-batterylucka-metall-puluz,/products/gopro-batterilucka-metall-puluz,/products/gopro-batterylucka-metall-puluz,YES,YES,"PULUZ Metal Battery Side Interface Cover for GoPro HERO13 Black /12 Black /11 Black /10 Black /9 Black, Metal Plastic Side Cover",,
product,puluz-skarmskydd-osmo-pocket-2-hartat-glas,puluz-skarmprotection-osmo-pocket-2-hartat-glas,/products/puluz-skarmskydd-osmo-pocket-2-hartat-glas,/products/puluz-skarmprotection-osmo-pocket-2-hartat-glas,YES,YES,Skärmskydd Osmo Pocket 2 – Härdat Glas,,
product,gopro-hero12-vindskydd,gopro-hero12-vindprotection,/products/gopro-hero12-vindskydd,/products/gopro-hero12-vindprotection,YES,YES,GoPro HERO12 Vindskydd för Bättre Ljudkvalitet,,
product,gopro-hero12-silikonskydd-case-with-rem-and-linss,gopro-hero12-siliconeprotection-case-with-rem-and-linss,/products/gopro-hero12-silikonskydd-case-with-rem-and-linss,/products/gopro-hero12-siliconeprotection-case-with-rem-and-linss,YES,YES,GoPro HERO12 Silikonskydd med Handledsrem och Linsskydd,,
product,puluz-gopro-batterilucka-black-hero-9-13,puluz-gopro-batterylucka-black-hero-9-13,/products/puluz-gopro-batterilucka-black-hero-9-13,/products/puluz-gopro-batterylucka-black-hero-9-13,YES,YES,Gopro batterilucka Black - PULUZ Batterilucka för GoPro Hero 9-13,,
product,puluz-osmo-pocket-2-silikonskal-skyddsset,puluz-osmo-pocket-2-silicone-case-protectionsset,/products/puluz-osmo-pocket-2-silikonskal-skyddsset,/products/puluz-osmo-pocket-2-silicone-case-protectionsset,YES,YES,PULUZ Osmo Pocket 2 Silikonskal – 2-i-1 Skydd,,
product,puluz-linsskydd-insta360-one-x2,puluz-lens-protector-insta360-one-x2,/products/puluz-linsskydd-insta360-one-x2,/products/puluz-lens-protector-insta360-one-x2,YES,YES,Insta360 One X2 linsskydd - PULUZ Linsskydd för Insta360 One X2,,
product,puluz-cykelstolsfaste-aluminium-actionkamera,puluz-cykelstolsmount-aluminium-actionkamera,/products/puluz-cykelstolsfaste-aluminium-actionkamera,/products/puluz-cykelstolsmount-aluminium-actionkamera,YES,YES,Cykelstolsfäste i Aluminium för Actionkameror,,
product,sunnylife-barvaska-dji-osmo-pocket-3-forvaring,sunnylife-barbag-dji-osmo-pocket-3-storage,/products/sunnylife-barvaska-dji-osmo-pocket-3-forvaring,/products/sunnylife-barbag-dji-osmo-pocket-3-storage,YES,YES,Sunnylife Carrying Handbag - Sunnylife Bärväska för DJI Osmo Pocket 3,,
product,pgytech-fjarrkontrollvaska-mavic-2,pgytech-remote-controlbag-mavic-2,/products/pgytech-fjarrkontrollvaska-mavic-2,/products/pgytech-remote-controlbag-mavic-2,YES,YES,"PGYTECH P-15D-005 Remote Control with Screen Portable Accessory Bag for DJI Mavic 2, P-15D-005",,
product,puluz-cnc-stativfaste-adapter-actionkamera,puluz-cnc-stativmount-adapter-actionkamera,/products/puluz-cnc-stativfaste-adapter-actionkamera,/products/puluz-cnc-stativmount-adapter-actionkamera,YES,YES,PULUZ CNC Stativfäste för Actionkameror,,
product,puluz-universalklamma-action-cameras-aluminiumfaste,puluz-universalklamma-action-cameras-aluminiummount,/products/puluz-universalklamma-action-cameras-aluminiumfaste,/products/puluz-universalklamma-action-cameras-aluminiummount,YES,YES,PULUZ Universalklämma för Actionkameror,,
product,pgytech-m-bhg-pgy-fjarrkontroll-spakskydd,pgytech-m-bhg-pgy-remote-control-spakprotection,/products/pgytech-m-bhg-pgy-fjarrkontroll-spakskydd,/products/pgytech-m-bhg-pgy-remote-control-spakprotection,YES,YES,PGYTECH M-BHG-PGY Remote - PGYTECH Fjärrkontroll Spakskydd för Drönare,,
product,dji-pocket-3-vloggfaste-magnetiskt,dji-pocket-3-vloggmount-magnetiskt,/products/dji-pocket-3-vloggfaste-magnetiskt,/products/dji-pocket-3-vloggmount-magnetiskt,YES,YES,DJI Pocket 3 Vloggfäste med Magnetisk Montering,,
product,puluz-kulledsfaste-1-4-aluminium-adapter-actionkam,puluz-kulledsmount-1-4-aluminium-adapter-actionkam,/products/puluz-kulledsfaste-1-4-aluminium-adapter-actionkam,/products/puluz-kulledsmount-1-4-aluminium-adapter-actionkam,YES,YES,"PULUZ Kulledsfäste 1/4"" för Actionkameror",,
product,pgytech-dji-ronin-s-hardvaska-stotsaker-waterproof,pgytech-dji-ronin-s-hardbag-stotsaker-waterproof,/products/pgytech-dji-ronin-s-hardvaska-stotsaker-waterproof,/products/pgytech-dji-ronin-s-hardbag-stotsaker-waterproof,YES,YES,PGYTECH Hårdväska för DJI Ronin-S,,
product,cykelstyre-faste-aluminium-360-rotation-actionkame,cykelstyre-mount-aluminium-360-rotation-actionkame,/products/cykelstyre-faste-aluminium-360-rotation-actionkame,/products/cykelstyre-mount-aluminium-360-rotation-actionkame,YES,YES,Aluminium Cykelstyre Fäste för Actionkameror,,
product,puluz-gopro-vikbart-stativfaste-adapter,puluz-gopro-vikbart-stativmount-adapter,/products/puluz-gopro-vikbart-stativfaste-adapter,/products/puluz-gopro-vikbart-stativmount-adapter,YES,YES,PULUZ GoPro Vikbart Stativfäste för Actionkameror,,
product,puluz-halsfaste-actionkamera-smartphone,puluz-halsmount-actionkamera-smartphone,/products/puluz-halsfaste-actionkamera-smartphone,/products/puluz-halsmount-actionkamera-smartphone,YES,YES,Halsfäste actionkamera - PULUZ Justerbart Halsfäste,,
product,puluz-bilsugpropp-faste,puluz-bilsugpropp-mount,/products/puluz-bilsugpropp-faste,/products/puluz-bilsugpropp-mount,YES,YES,PULUZ Bilsugpropp Fäste för Kamera och Mobil,,
product,mc-spegelfaste-camera-puluz-motorcykelhallare,mc-spegelmount-camera-puluz-motorcykelhallare,/products/mc-spegelfaste-camera-puluz-motorcykelhallare,/products/mc-spegelmount-camera-puluz-motorcykelhallare,YES,YES,MC Spegelfäste för Actionkamera,,
product,puluz-u-bult-styrefaste-actionkamera,puluz-u-bult-styremount-actionkamera,/products/puluz-u-bult-styrefaste-actionkamera,/products/puluz-u-bult-styremount-actionkamera,YES,YES,PULUZ U-bult Styrefäste för Actionkameror,,
product,puluz-backspegel-faste-for-action-cameras,puluz-backspegel-mount-for-action-cameras,/products/puluz-backspegel-faste-for-action-cameras,/products/puluz-backspegel-mount-for-action-cameras,YES,YES,PULUZ Backspegel Fäste för Actionkameror,,
product,puluz-motorcykel-o-klamma-snabbfaste,puluz-motorcykel-o-klamma-snabbmount,/products/puluz-motorcykel-o-klamma-snabbfaste,/products/puluz-motorcykel-o-klamma-snabbmount,YES,YES,PULUZ Motorcycle O-Clip Quick - PULUZ O-Klämma Snabbfäste,,
product,sugkoppsfaste-xiaomi-yi-sportkamera,sugkoppsmount-xiaomi-yi-action-camera,/products/sugkoppsfaste-xiaomi-yi-sportkamera,/products/sugkoppsmount-xiaomi-yi-action-camera,YES,YES,Sugkoppsfäste Xiaomi Yi - Kraftfullt Sugkoppsfäste för Xiaomi,,
product,puluz-krabblasfaste-mc-styre,puluz-krabblasmount-mc-styre,/products/puluz-krabblasfaste-mc-styre,/products/puluz-krabblasmount-mc-styre,YES,YES,Krabblåsfäste MC styre - PULUZ Krabblåsfäste för MC-Styre,,
product,huvudfaste-actionkamera,huvudmount-actionkamera,/products/huvudfaste-actionkamera,/products/huvudmount-actionkamera,YES,YES,Huvudfäste actionkamera - Huvudfäste för Actionkamera med Justerbart,,
product,hr335-utomhus-mobiltelefon-fastningsfaste-set,hr335-utomhus-mobiltelefon-fastningsmount-set,/products/hr335-utomhus-mobiltelefon-fastningsfaste-set,/products/hr335-utomhus-mobiltelefon-fastningsmount-set,YES,YES,HR335 Outdoor Mobile Phone - HR335 Mobilhållare för Utomhusbruk,,
product,ryggsacksklamma-360-faste,ryggsacksklamma-360-mount,/products/ryggsacksklamma-360-faste,/products/ryggsacksklamma-360-mount,YES,YES,360 Degree Rotation Backpack - Ryggsäcksfäste med 360 Graders Rotation,,
product,bordsklamma-actionkamera-fast-faste,bordsklamma-actionkamera-fast-mount,/products/bordsklamma-actionkamera-fast-faste,/products/bordsklamma-actionkamera-fast-mount,YES,YES,Bordsklämma actionkamera - Bordsklämma för Actionkamera,,
product,styrstolpe-stangfaste-cykel-motorcykel-action-cameras,styrstolpe-stangmount-cykel-motorcykel-action-cameras,/products/styrstolpe-stangfaste-cykel-motorcykel-action-cameras,/products/styrstolpe-stangmount-cykel-motorcykel-action-cameras,YES,YES,Handlebar Seatpost Big Pole - Stångfäste för Cykel och Motorcykel,,
product,sugkoppsfaste-tripod,sugkoppsmount-tripod,/products/sugkoppsfaste-tripod,/products/sugkoppsmount-tripod,YES,YES,Mångsidigt Sugkoppsfäste för Actionkameror,,
product,cykelaxelfaste-actionkamera,cykelaxelmount-actionkamera,/products/cykelaxelfaste-actionkamera,/products/cykelaxelmount-actionkamera,YES,YES,Cykelaxelfäste för Actionkamera,,
product,sakerhetsrem-handledsrem-drones,securitysrem-handledsrem-drones,/products/sakerhetsrem-handledsrem-drones,/products/securitysrem-handledsrem-drones,YES,YES,Safety Hand Strap Hanging - Säker Handledsrem för Drönarkontroller,,
product,vikbart-hjalmfaste-actionkamera-mobil,vikbart-hjalmmount-actionkamera-mobil,/products/vikbart-hjalmfaste-actionkamera-mobil,/products/vikbart-hjalmmount-actionkamera-mobil,YES,YES,actionkamera foldable - Vikbart Hjälmfäste för Actionkamera,,
product,puluz-bojbart-actionkamera-hjalmfaste-motorcykel,puluz-bojbart-actionkamera-hjalmmount-motorcykel,/products/puluz-bojbart-actionkamera-hjalmfaste-motorcykel,/products/puluz-bojbart-actionkamera-hjalmmount-motorcykel,YES,YES,PULUZ Bending Action Camera - PULUZ Böjbart Hjälmfäste,,
product,fpv-tddch-cqt-batterihallare-charging,fpv-tddch-cqt-batteryhallare-charging,/products/fpv-tddch-cqt-batterihallare-charging,/products/fpv-tddch-cqt-batteryhallare-charging,YES,YES,FPV-TDDCH-CQT Battery Charging - FPV-TDDCH-CQT Batterihållare,,
product,skarmsskydd-dji-fpv-goggles-v2,skarmsprotection-dji-fpv-goggles-v2,/products/skarmsskydd-dji-fpv-goggles-v2,/products/skarmsprotection-dji-fpv-goggles-v2,YES,YES,DJI FPV Goggles V2 skydd - Splittersäkert Skärmskydd för DJI FPV,,
product,mc-styre-kamerafaste-dubbelklamma,mc-styre-kameramount-dubbelklamma,/products/mc-styre-kamerafaste-dubbelklamma,/products/mc-styre-kameramount-dubbelklamma,YES,YES,Motorcycle Dual-headsCrab - Motorcykel Styre Kamerafäste med Dubbla,,
product,motorcykel-styrfaste-krabbklam-faste,motorcykel-styrmount-krabbklam-mount,/products/motorcykel-styrfaste-krabbklam-faste,/products/motorcykel-styrmount-krabbklam-mount,YES,YES,Motorcykel Styrfäste med Krabbklämma,,
product,telesin-flexibelt-faste-blackfiskstativ,telesin-flexibelt-mount-blackfiskstativ,/products/telesin-flexibelt-faste-blackfiskstativ,/products/telesin-flexibelt-mount-blackfiskstativ,YES,YES,TELESIN Flexible Fäste Konsol - TELESIN,,
product,puluz-klamfaste-mc-styre-actionkamera,puluz-klammount-mc-styre-actionkamera,/products/puluz-klamfaste-mc-styre-actionkamera,/products/puluz-klammount-mc-styre-actionkamera,YES,YES,PULUZ klämfäste MC-styre - PULUZ Klämfäste för MC-Styre,,
product,telesin-sugkoppsfaste-actionkamera-tripod,telesin-sugkoppsmount-actionkamera-tripod,/products/telesin-sugkoppsfaste-actionkamera-tripod,/products/telesin-sugkoppsmount-actionkamera-tripod,YES,YES,TELESIN Suction Cup Action - TELESIN Sugkoppsfäste för Actionkamera,,
product,puluz-magnetfaste-actionkamera-basadapter,puluz-magnetmount-actionkamera-basadapter,/products/puluz-magnetfaste-actionkamera-basadapter,/products/puluz-magnetmount-actionkamera-basadapter,YES,YES,Magnetfäste actionka Bas - PULUZ Magnetfäste för Actionkamera,,
product,actionkamerafaste-1-4-tum-metall,actionkameramount-1-4-tum-metall,/products/actionkamerafaste-1-4-tum-metall,/products/actionkameramount-1-4-tum-metall,YES,YES,Justerbart Actionkamerafäste 1/4 Tum i Metall,,
product,puluz-actionkamera-snabbfaste-magnetfaste,puluz-actionkamera-snabbmount-magnetmount,/products/puluz-actionkamera-snabbfaste-magnetfaste,/products/puluz-actionkamera-snabbmount-magnetmount,YES,YES,PULUZ Actionkamera Snabbfäste med Magnetfäste,,
product,nackfaste-gopro-pov-actionkamera,nackmount-gopro-pov-actionkamera,/products/nackfaste-gopro-pov-actionkamera,/products/nackmount-gopro-pov-actionkamera,YES,YES,Nackfäste GoPro POV för Handsfree Filmning,,
product,snabbfaste-tripod-actionkamera-aluminium,snabbmount-tripod-actionkamera-aluminium,/products/snabbfaste-tripod-actionkamera-aluminium,/products/snabbmount-tripod-actionkamera-aluminium,YES,YES,Aluminium Snabbfäste Stativ för Actionkameror,,
product,sunnylife-ist-q9439-faste-insta360-go,sunnylife-ist-q9439-mount-insta360-go,/products/sunnylife-ist-q9439-faste-insta360-go,/products/sunnylife-ist-q9439-mount-insta360-go,YES,YES,Mångsidigt Insta360 GO Fäste med Klämma,,
product,mobilfaste-1-4-skruv-multifunktionellt,mobilmount-1-4-skruv-multifunktionellt,/products/mobilfaste-1-4-skruv-multifunktionellt,/products/mobilmount-1-4-skruv-multifunktionellt,YES,YES,Mångsidigt Mobilfäste 1/4 Skruv för Filmning,,
product,360-vridbart-magiskt-armfaste,360-vridbart-magiskt-armmount,/products/360-vridbart-magiskt-armfaste,/products/360-vridbart-magiskt-armmount,YES,YES,360 Pivot Magic Arm Mount - Mångsidigt 360 Vridbart Magiskt Armfäste,,
product,hjalmfaste-actionkamera-aluminiumlegering,hjalmmount-actionkamera-aluminiumlegering,/products/hjalmfaste-actionkamera-aluminiumlegering,/products/hjalmmount-actionkamera-aluminiumlegering,YES,YES,fäste gopro - Hjälmfäste i Aluminium för Actionkameror,,
product,gopro-hjalmfaste-adapter,gopro-hjalmmount-adapter,/products/gopro-hjalmfaste-adapter,/products/gopro-hjalmmount-adapter,YES,YES,GoPro hjälmfäste adapter för hjälmar – Säker montering,,
product,actionkamera-nackfaste,actionkamera-nackmount,/products/actionkamera-nackfaste,/products/actionkamera-nackmount,YES,YES,Action Camera Neck-hanging - Actionkamera Nackfäste för Handsfree,,
product,dji-om4-adapter-faste-dual-cold-shoe,dji-om4-adapter-mount-dual-cold-shoe,/products/dji-om4-adapter-faste-dual-cold-shoe,/products/dji-om4-adapter-mount-dual-cold-shoe,YES,YES,DJI OM4 Adapter Fäste för Gimbal Tillbehör,,
product,magnetfaste-actionkamera-sjalvhaftande,magnetmount-actionkamera-sjalvhaftande,/products/magnetfaste-actionkamera-sjalvhaftande,/products/magnetmount-actionkamera-sjalvhaftande,YES,YES,Magnetfäste Actionk paste - Magnetfäste för Actionkamera,,
product,startrc-dronarlampa-natt-sokljus,startrc-dronelampa-natt-sokljus,/products/startrc-dronarlampa-natt-sokljus,/products/startrc-dronelampa-natt-sokljus,YES,YES,STARTRC Drönarlampa för Säkrare Nattflygning,,
product,sugkoppsfaste-for-fordon,sugkoppsmount-for-fordon,/products/sugkoppsfaste-for-fordon,/products/sugkoppsmount-for-fordon,YES,YES,Car General Purpose Vehicle - Universellt Sugkoppsfäste för Fordon,,
product,avlastande-backpack-dji-mavic-3-dslr-kameror,avlastande-backpack-dji-mavic-3-dslr-cameras,/products/avlastande-backpack-dji-mavic-3-dslr-kameror,/products/avlastande-backpack-dji-mavic-3-dslr-cameras,YES,YES,DJI Mavic 3 ryggsäck - Avlastande Ryggsäck för DJI Mavic,,
product,magnetfaste-actionkamera-with-snodd,magnetmount-actionkamera-with-snodd,/products/magnetfaste-actionkamera-with-snodd,/products/magnetmount-actionkamera-with-snodd,YES,YES,Magnetfäste actionk snodd - Magnetfäste för Actionkamera,,
product,telesin-magnetiskt-actionkamera-snabbfaste,telesin-magnetiskt-actionkamera-snabbmount,/products/telesin-magnetiskt-actionkamera-snabbfaste,/products/telesin-magnetiskt-actionkamera-snabbmount,YES,YES,TELESIN magnetiskt fäste - TELESIN Magnetiskt Snabbfäste,,
product,actionkamera-natfaste-gopro-dji-telesin-te-fm-001,actionkamera-natmount-gopro-dji-telesin-te-fm-001,/products/actionkamera-natfaste-gopro-dji-telesin-te-fm-001,/products/actionkamera-natmount-gopro-dji-telesin-te-fm-001,YES,YES,TELESIN Nätfäste för Gopro11 / 10 / 9 / Action 3,,
product,tuyu-hjalmfaste-hak-black,tuyu-hjalmmount-hak-black,/products/tuyu-hjalmfaste-hak-black,/products/tuyu-hjalmmount-hak-black,YES,YES,TUYU hjälmfäste hak Black - TUYU Hjälmfäste Hak för Actionkamera,,
product,magnetiskt-nackfaste-for-gopro11-9-action,magnetiskt-nackmount-for-gopro11-9-action,/products/magnetiskt-nackfaste-for-gopro11-9-action,/products/magnetiskt-nackmount-for-gopro11-9-action,YES,YES,Magnetiskt Nackfäste för GoPro11 / 9 / Action 3,,
product,jsr-nd8pl-dronarfilter-dji-mavic-3,jsr-nd8pl-dronefilter-dji-mavic-3,/products/jsr-nd8pl-dronarfilter-dji-mavic-3,/products/jsr-nd8pl-dronefilter-dji-mavic-3,YES,YES,JSR ND8PL Drönarfilter till DJI Mavic 3,,
product,jsr-nd32pl-dronarfilter-for-dji-mavic-3,jsr-nd32pl-dronefilter-for-dji-mavic-3,/products/jsr-nd32pl-dronarfilter-for-dji-mavic-3,/products/jsr-nd32pl-dronefilter-for-dji-mavic-3,YES,YES,JSR ND32PL Drönarfilter till DJI Mavic 3,,
product,nackfaste-actionkamera-justerbart,nackmount-actionkamera-justerbart,/products/nackfaste-actionkamera-justerbart,/products/nackmount-actionkamera-justerbart,YES,YES,Nackfäste Actionkamera för Flexibel Filmning,,
product,telesin-360-ryggsacksklamma-actionkamera-faste,telesin-360-ryggsacksklamma-actionkamera-mount,/products/telesin-360-ryggsacksklamma-actionkamera-faste,/products/telesin-360-ryggsacksklamma-actionkamera-mount,YES,YES,TELESIN 360 Ryggsäcksklämma för Actionkamera,,
product,puluz-styrfaste-mobiltelefon,puluz-styrmount-mobiltelefon,/products/puluz-styrfaste-mobiltelefon,/products/puluz-styrmount-mobiltelefon,YES,YES,PULUZ Handlebar Arm Mount - PULUZ Styrfäste för Mobiltelefon,,
product,jsr-dronarfilter-variabelt-vnd-6-9-stop-dji-mavic,jsr-dronefilter-variabelt-vnd-6-9-stop-dji-mavic,/products/jsr-dronarfilter-variabelt-vnd-6-9-stop-dji-mavic,/products/jsr-dronefilter-variabelt-vnd-6-9-stop-dji-mavic,YES,YES,JSR Drönarfilter Variabelt VND 6-9 Stop,,
product,jsr-dronarfilter-variabelt-vnd-2-5,jsr-dronefilter-variabelt-vnd-2-5,/products/jsr-dronarfilter-variabelt-vnd-2-5,/products/jsr-dronefilter-variabelt-vnd-2-5,YES,YES,JSR Variabelt VND 2-5 Drönarfilter,,
product,puluz-flexibelt-blackfiskstativ-with-fjarrkontroll,puluz-flexibelt-blackfiskstativ-with-remote-control,/products/puluz-flexibelt-blackfiskstativ-with-fjarrkontroll,/products/puluz-flexibelt-blackfiskstativ-with-remote-control,YES,YES,Flexibelt Bläckfiskstativ med Fjärrkontroll,,
product,puluz-bil-sugkoppsfastes-arm-with-adapter,puluz-bil-sugkoppsmounts-arm-with-adapter,/products/puluz-bil-sugkoppsfastes-arm-with-adapter,/products/puluz-bil-sugkoppsmounts-arm-with-adapter,YES,YES,PULUZ Car Suction Cup Arm - PULUZ Bil Sugkoppsfäste,,
product,sunnylife-dc339-4-st-silikon-anti-lossningsplugg-d,sunnylife-dc339-4-st-silicone-anti-lossningsplugg-d,/products/sunnylife-dc339-4-st-silikon-anti-lossningsplugg-d,/products/sunnylife-dc339-4-st-silicone-anti-lossningsplugg-d,YES,YES,Sunnylife DC339 4 PCS Silicone - Sunnylife DC339 Silikonpluggar,,
product,puluz-motorcykel-krabbklammer-klamma-arm-faste,puluz-motorcykel-krabbklammer-klamma-arm-mount,/products/puluz-motorcykel-krabbklammer-klamma-arm-faste,/products/puluz-motorcykel-krabbklammer-klamma-arm-mount,YES,YES,PULUZ Motorcycle Crab Pliers - PULUZ Krabbklämma för Motorcykel,,
product,telesin-bilsugkopp-faste-actionkamera,telesin-bilsugkopp-mount-actionkamera,/products/telesin-bilsugkopp-faste-actionkamera,/products/telesin-bilsugkopp-mount-actionkamera,YES,YES,TELESIN Bilsugkopp Fäste för Actionkamera,,
product,ruigpro-lazy-neck-bracket-pov-halsfaste,ruigpro-lazy-neck-bracket-pov-halsmount,/products/ruigpro-lazy-neck-bracket-pov-halsfaste,/products/ruigpro-lazy-neck-bracket-pov-halsmount,YES,YES,"RUIGPRO Lazy Neck Bracket POV View Mount, Standard with Strap, With J-Hook Buckle, With Phone Clamp & Adapter",,
product,skarmskydd-dji-osmo-action-3-3-i-1-lins,skarmprotection-dji-osmo-action-3-3-i-1-lins,/products/skarmskydd-dji-osmo-action-3-3-i-1-lins,/products/skarmprotection-dji-osmo-action-3-3-i-1-lins,YES,YES,DJI Osmo Action 3 3-in-1 Lens - DJI Osmo Action 3 3-i-1 Linsskydd,,
product,puluz-halsfaste-gopro-mobil-pov-faste,puluz-halsmount-gopro-mobil-pov-mount,/products/puluz-halsfaste-gopro-mobil-pov-faste,/products/puluz-halsmount-gopro-mobil-pov-mount,YES,YES,Halsfäste GoPro mobil - PULUZ Halsfäste för GoPro och Mobiltelefon,,
product,puluz-bil-sugkoppsfaste-arm,puluz-bil-sugkoppsmount-arm,/products/puluz-bil-sugkoppsfaste-arm,/products/puluz-bil-sugkoppsmount-arm,YES,YES,PULUZ Car Suction Cup Arm - PULUZ Bil Sugkoppsfäste med Arm,,
product,startrc-osmo-action-3-barvaska,startrc-osmo-action-3-barbag,/products/startrc-osmo-action-3-barvaska,/products/startrc-osmo-action-3-barbag,YES,YES,Osmo Action 3 bärväska - STARTRC Bärväska för DJI Osmo Action 3 Kamera,,
product,puluz-backspegel-faste-motorcykel,puluz-backspegel-mount-motorcykel,/products/puluz-backspegel-faste-motorcykel,/products/puluz-backspegel-mount-motorcykel,YES,YES,"PULUZ Motorcycle Rearview Small Clamp Magic Arm Rod Mount, Small Clamp",,
product,telesin-ryggsacksfaste-actionkamera,telesin-ryggsacksmount-actionkamera,/products/telesin-ryggsacksfaste-actionkamera,/products/telesin-ryggsacksmount-actionkamera,YES,YES,"TELESIN Backpack Shoulder Strap Bracket Mount for GoPro Hero / Insta360 /  SJCAM / DJI Action Accessories, Only Strap Mount, Set A, Set B",,
product,puluz-motorcykel-kamerafaste-kulledsfaste,puluz-motorcykel-kameramount-kulledsmount,/products/puluz-motorcykel-kamerafaste-kulledsfaste,/products/puluz-motorcykel-kameramount-kulledsmount,YES,YES,PULUZ Kamerafäste för Motorcykel,,
product,ruigpro-krabbklamma-actionkamerafaste,ruigpro-krabbklamma-actionkameramount,/products/ruigpro-krabbklamma-actionkamerafaste,/products/ruigpro-krabbklamma-actionkameramount,YES,YES,"RUIGPRO Crab Clamp Action Camera Bracket, 1/4 Ball Head Mount, 1/4 Ball Head Mount with Rod, 3-claw Ball Head Mount, 3-claw Ball Head Mount with Rod, Dual-Head Crab, Dual-Head Crab with Selfie Stick, 1/4 Ball Head Dual-Head Crab with Selfie Stick...",,
product,mc-backspegelfaste-arm-puluz-magisk-klam-montering,mc-backspegelmount-arm-puluz-magisk-klam-montering,/products/mc-backspegelfaste-arm-puluz-magisk-klam-montering,/products/mc-backspegelmount-arm-puluz-magisk-klam-montering,YES,YES,"PULUZ Motorcycle Rearview Large Clamp Magic Arm Rod Mount, Large Clamp",,
product,dji-osmo-mobile-6-resevaska,dji-osmo-mobile-6-resebag,/products/dji-osmo-mobile-6-resevaska,/products/dji-osmo-mobile-6-resebag,YES,YES,Skyddande Reseväska för DJI Osmo Mobile 6,,
product,cykelklamma-sportkamera-universal-faste,cykelklamma-action-camera-universal-mount,/products/cykelklamma-sportkamera-universal-faste,/products/cykelklamma-action-camera-universal-mount,YES,YES,Cykelklämma sportkamera - Universal Cykelklämma för Sportkamera,,
product,puluz-motorcykelhjalm-hakfaste-actionkamera,puluz-motorcykelhjalm-hakmount-actionkamera,/products/puluz-motorcykelhjalm-hakfaste-actionkamera,/products/puluz-motorcykelhjalm-hakmount-actionkamera,YES,YES,PULUZ Motorcycle Helmet Chin - PULUZ Motorcykelhjälm Hakfäste,,
product,skarmskydd-dji-mavic-3-rc,skarmprotection-dji-mavic-3-rc,/products/skarmskydd-dji-mavic-3-rc,/products/skarmprotection-dji-mavic-3-rc,YES,YES,Skärmskydd DJI Mavic 3 RC - Härdat Skärmskydd för DJI Mavic,,
product,jmary-sr-56-faste-krabbklamma-kamerastang,jmary-sr-56-mount-krabbklamma-kamerastang,/products/jmary-sr-56-faste-krabbklamma-kamerastang,/products/jmary-sr-56-mount-krabbklamma-kamerastang,YES,YES,JMARY SR-56 Fäste: Mångsidig Krabbklämma i Aluminium,,
product,skyddsfodral-dji-mini-3-pro-fjarrkontroll,protectionsfodral-dji-mini-3-pro-remote-control,/products/skyddsfodral-dji-mini-3-pro-fjarrkontroll,/products/protectionsfodral-dji-mini-3-pro-remote-control,YES,YES,DJI Mini 3 Pro Remote Control - Explosionssäkert Skärmskydd för DJI,,
product,dji-rc-pro-explosionssakert-skarmskydd,dji-rc-pro-explosionssakert-skarmprotection,/products/dji-rc-pro-explosionssakert-skarmskydd,/products/dji-rc-pro-explosionssakert-skarmprotection,YES,YES,DJI RC Pro Explosion-proof - Explosionssäkert Skärmskydd för DJI,,
product,puluz-aluminium-snabbfaste-nvg-hjalmfaste,puluz-aluminium-snabbmount-nvg-hjalmmount,/products/puluz-aluminium-snabbfaste-nvg-hjalmfaste,/products/puluz-aluminium-snabbmount-nvg-hjalmmount,YES,YES,"PULUZ Aluminum Quick Release Bracket NVG Helmet Mount for GoPro and Other Action Cameras, NVG Helmet Mount",,
product,skarmskydd-dji-rs3-rs3-pro-explosionssakert-glas,skarmprotection-dji-rs3-rs3-pro-explosionssakert-glas,/products/skarmskydd-dji-rs3-rs3-pro-explosionssakert-glas,/products/skarmprotection-dji-rs3-rs3-pro-explosionssakert-glas,YES,YES,Explosionssäkert Skärmskydd för DJI RS3 / RS3 Pro,,
product,dji-rc-skarmskydd-hardat-glas,dji-rc-skarmprotection-hardat-glas,/products/dji-rc-skarmskydd-hardat-glas,/products/dji-rc-skarmprotection-hardat-glas,YES,YES,DJI RC Skärmskydd i Härdat Glas,,
product,mc-hjalmfaste-hakklamma-actionkamera,mc-hjalmmount-hakklamma-actionkamera,/products/mc-hjalmfaste-hakklamma-actionkamera,/products/mc-hjalmmount-hakklamma-actionkamera,YES,YES,Motorcycle Helmet Chin Klämma - MC Hjälmfäste för Actionkamera,,
product,linsskydd-mavic-air-haradat-glas,lens-protector-mavic-air-haradat-glas,/products/linsskydd-mavic-air-haradat-glas,/products/lens-protector-mavic-air-haradat-glas,YES,YES,Linsskydd Mavic Air i Härdat Glas,,
product,skarmskydd-dji-mavic-air-2s-explosion,skarmprotection-dji-mavic-air-2s-explosion,/products/skarmskydd-dji-mavic-air-2s-explosion,/products/skarmprotection-dji-mavic-air-2s-explosion,YES,YES,Skärmskydd i Härdat Glas för DJI Mavic Air 2S,,
product,dji-mavic-2-fjarrkontroll-skarmskydd-explosionssak,dji-mavic-2-remote-control-skarmprotection-explosionssak,/products/dji-mavic-2-fjarrkontroll-skarmskydd-explosionssak,/products/dji-mavic-2-remote-control-skarmprotection-explosionssak,YES,YES,för DJI Mavic 2 Remote Control - Explosionssäkert Skärmskydd för DJI,,
product,dji-t40-skarmskydd,dji-t40-skarmprotection,/products/dji-t40-skarmskydd,/products/dji-t40-skarmprotection,YES,YES,Skydda din DJI T40 fjärrkontroll med ett DJI T40 skärmskydd,,
product,double-sugkoppsfaste-selfiepinne,double-sugkoppsmount-selfie-stick,/products/double-sugkoppsfaste-selfiepinne,/products/double-sugkoppsmount-selfie-stick,YES,YES,dual-leg suction cup - Dubbelt Sugkoppsfäste med Selfiepinnar,,
product,puluz-hopfallbart-magnetfaste-gopro-hero,puluz-hopfallbart-magnetmount-gopro-hero,/products/puluz-hopfallbart-magnetfaste-gopro-hero,/products/puluz-hopfallbart-magnetmount-gopro-hero,YES,YES,magnetfäste GoPro - Hopfällbart Magnetfäste för GoPro HERO-serien,,
product,mavic-mini-linsskydd-haradat-glas,mavic-mini-lens-protector-haradat-glas,/products/mavic-mini-linsskydd-haradat-glas,/products/mavic-mini-lens-protector-haradat-glas,YES,YES,Mavic Mini Linsskydd i Härdat Glas,,
product,dji-datakabel-8-pin,dji-datacable-8-pin,/products/dji-datakabel-8-pin,/products/dji-datacable-8-pin,YES,YES,Vinklad DJI Datakabel 8-Pin 30cm för Drönare,,
product,insta360-go-3-sunnylife-magnetiskt-halsfaste,insta360-go-3-sunnylife-magnetiskt-halsmount,/products/insta360-go-3-sunnylife-magnetiskt-halsfaste,/products/insta360-go-3-sunnylife-magnetiskt-halsmount,YES,YES,Insta360 GO 3 Sunnylife Magnetiskt Halsfäste,,
product,gopro-magnetfaste-snabbkoppling-foldable,gopro-magnetmount-snabbkoppling-foldable,/products/gopro-magnetfaste-snabbkoppling-foldable,/products/gopro-magnetmount-snabbkoppling-foldable,YES,YES,GoPro Magnetfäste för Snabb Montering,,
product,insta360-x3-yelangu-lw-one-x3-metallbur,insta360-x3-yelangu-lw-one-x3-metal-cage,/products/insta360-x3-yelangu-lw-one-x3-metallbur,/products/insta360-x3-yelangu-lw-one-x3-metal-cage,YES,YES,Metallbur för Insta360 X3 YELANGU LW-ONE X3,,
product,camera-tripod-faste-klamma-for-action-cameras-puluz,camera-tripod-mount-klamma-for-action-cameras-puluz,/products/camera-tripod-faste-klamma-for-action-cameras-puluz,/products/camera-tripod-mount-klamma-for-action-cameras-puluz,YES,YES,Kamerastativ fäste clamp - Flexibelt Kamerastativ Fäste Klämma,,
product,keps-with-kamerafaste-for-actionkamera,keps-with-kameramount-for-actionkamera,/products/keps-with-kamerafaste-for-actionkamera,/products/keps-with-kameramount-for-actionkamera,YES,YES,Keps med Kamerafäste för Actionkameror,,
product,puluz-horisontellt-snabbfaste-actionkamera,puluz-horisontellt-snabbmount-actionkamera,/products/puluz-horisontellt-snabbfaste-actionkamera,/products/puluz-horisontellt-snabbmount-actionkamera,YES,YES,snabbfäste actionk snabbf - PULUZ Horisontellt Snabbfäste,,
product,puluz-justerbart-hjalmfaste-actionkamera,puluz-justerbart-hjalmmount-actionkamera,/products/puluz-justerbart-hjalmfaste-actionkamera,/products/puluz-justerbart-hjalmmount-actionkamera,YES,YES,PULUZ Adjustable Helmet Strap - PULUZ Justerbart Hjälmfäste,,
product,actionkamera-hakfaste-hjalm-telesin-gopro-insta360,actionkamera-hakmount-hjalm-telesin-gopro-insta360,/products/actionkamera-hakfaste-hjalm-telesin-gopro-insta360,/products/actionkamera-hakmount-hjalm-telesin-gopro-insta360,YES,YES,TELESIN Sports Kamera Hakfäste för Motorcykelhjälm,,
product,neck-strap-actionkamera-silikon-metall,neck-strap-actionkamera-silicone-metall,/products/neck-strap-actionkamera-silikon-metall,/products/neck-strap-actionkamera-silicone-metall,YES,YES,Nackrem Actionkamera – Flexibel och Stabil Montering,,
product,amagisn-ryggsacksfaste-actionkamera,amagisn-ryggsacksmount-actionkamera,/products/amagisn-ryggsacksfaste-actionkamera,/products/amagisn-ryggsacksmount-actionkamera,YES,YES,amagisn Selfiepinne - AMagisn Ryggsäcksfäste för Actionkamera,,
product,actionkamera-cykelfaste-universellt-styresfaste,actionkamera-cykelmount-universellt-styresmount,/products/actionkamera-cykelfaste-universellt-styresfaste,/products/actionkamera-cykelmount-universellt-styresmount,YES,YES,"Universal Action Camera Bicycle Handlebar Clamp, S 15.5cm, M 20cm, L 24cm",,
product,puluz-kameravaska-stor-waterproof,puluz-kamerabag-stor-waterproof,/products/puluz-kameravaska-stor-waterproof,/products/puluz-kamerabag-stor-waterproof,YES,YES,PULUZ Kameraväska Stor för Actionkameror,,
product,startrc-snap-mag-gopro-magnetiskt-snabbfaste,startrc-snap-mag-gopro-magnetiskt-snabbmount,/products/startrc-snap-mag-gopro-magnetiskt-snabbfaste,/products/startrc-snap-mag-gopro-magnetiskt-snabbmount,YES,YES,"STARTRC VCR Snap-Mag Magnetic Quick Release Base Mount For GoPro, Snap-Mag Magnetic Base",,
product,puluz-transparent-gopro-hero4-batteribox,puluz-transparent-gopro-hero4-batterybox,/products/puluz-transparent-gopro-hero4-batteribox,/products/puluz-transparent-gopro-hero4-batterybox,YES,YES,PULUZ Transparent GoPro HERO4 Batteribox,,
product,startrc-gopro-snabbfaste-magnetisk-adapter,startrc-gopro-snabbmount-magnetisk-adapter,/products/startrc-gopro-snabbfaste-magnetisk-adapter,/products/startrc-gopro-snabbmount-magnetisk-adapter,YES,YES,STARTRC GoPro snabbfäste - STARTRC Magnetiskt Snabbfäste för GoPro,,
product,halsfaste-mobilkamera-handsfree,halsmount-mobilkamera-handsfree,/products/halsfaste-mobilkamera-handsfree,/products/halsmount-mobilkamera-handsfree,YES,YES,Halsfäste mobilkamera - Handsfree Halsfäste för Mobilkamera,,
product,magnetiskt-mobilfaste-hals-brost,magnetiskt-mobilmount-hals-brost,/products/magnetiskt-mobilfaste-hals-brost,/products/magnetiskt-mobilmount-hals-brost,YES,YES,Justerbart Magnetiskt Mobilfäste för Hals och Bröst,,
product,dji-osmo-pocket-3-skyddsram-accessories,dji-osmo-pocket-3-protectionsram-accessories,/products/dji-osmo-pocket-3-skyddsram-accessories,/products/dji-osmo-pocket-3-protectionsram-accessories,YES,YES,dji ryggsäck - Skyddsram och Tillbehör för DJI Osmo Pocket 3,,
product,magnetfaste-actionkame-v6,magnetmount-actionkame-v6,/products/magnetfaste-actionkame-v6,/products/magnetmount-actionkame-v6,YES,YES,Magnetfäste Actionkame V6: Flexibelt Kameratillbehör,,
product,puluz-klamfaste-actionkamera-360-backpack-mossa,puluz-klammount-actionkamera-360-backpack-mossa,/products/puluz-klamfaste-actionkamera-360-backpack-mossa,/products/puluz-klammount-actionkamera-360-backpack-mossa,YES,YES,Klämfäste Actionkamera - PULUZ Klämfäste för Actionkamera med 360°,,
product,puluz-vindruta-actionkamera-faste,puluz-vindruta-actionkamera-mount,/products/puluz-vindruta-actionkamera-faste,/products/puluz-vindruta-actionkamera-mount,YES,YES,PULUZ Vindruta Fäste för Actionkamera,,
product,telesin-snabbfaste-rem-tlq,telesin-snabbmount-rem-tlq,/products/telesin-snabbfaste-rem-tlq,/products/telesin-snabbmount-rem-tlq,YES,YES,Telesin Snabbfäste Rem TLQ-005 för Actionkameror,,
product,universal-hjalmfaste-sportkamera,universal-hjalmmount-action-camera,/products/universal-hjalmfaste-sportkamera,/products/universal-hjalmmount-action-camera,YES,YES,Hjälmfäste sportkamera - Universal Hjälmfäste för Sportkamera,,
product,dji-mini-2-se-djurvaska,dji-mini-2-se-djurbag,/products/dji-mini-2-se-djurvaska,/products/dji-mini-2-se-djurbag,YES,YES,DJI Mini 2 SE Djurväska med Unikt Tema,,
product,dji-rc-solskydd-fjarrkontroll,dji-rc-solprotection-remote-control,/products/dji-rc-solskydd-fjarrkontroll,/products/dji-rc-solprotection-remote-control,YES,YES,DJI RC Solskydd för Fjärrkontroll – Optimal Sikt,,
product,universal-hjalmfaste-gopro-sportkamera,universal-hjalmmount-gopro-action-camera,/products/universal-hjalmfaste-gopro-sportkamera,/products/universal-hjalmmount-gopro-action-camera,YES,YES,Hjälmfäste GoPro - Universal Hjälmfäste för Sportkameror,,
product,insta360-sugkoppsfaste-bil-x-x2-x3-x4,insta360-sugkoppsmount-bil-x-x2-x3-x4,/products/insta360-sugkoppsfaste-bil-x-x2-x3-x4,/products/insta360-sugkoppsmount-bil-x-x2-x3-x4,YES,YES,Sugkoppsfäste för Insta 360 ONE X / X2 / X3 / X4,,
product,magnetiskt-snabbfaste-hjalm-camera,magnetiskt-snabbmount-hjalm-camera,/products/magnetiskt-snabbfaste-hjalm-camera,/products/magnetiskt-snabbmount-hjalm-camera,YES,YES,Magnetic Snabbfäste för Hjälm - Magnetiskt Snabbfäste för Hjälm,,
product,startrc-dronarlandningsplatta-65cm-vikbar,startrc-dronelandingsplatta-65cm-vikbar,/products/startrc-dronarlandningsplatta-65cm-vikbar,/products/startrc-dronelandingsplatta-65cm-vikbar,YES,YES,STARTRC 65cm Portable Foldable - STARTRC 65cm Vikbar,,
product,puluz-magnetiskt-halsfaste-pov-view-with-telefonkla,puluz-magnetiskt-halsmount-pov-view-with-telefonkla,/products/puluz-magnetiskt-halsfaste-pov-view-with-telefonkla,/products/puluz-magnetiskt-halsmount-pov-view-with-telefonkla,YES,YES,PULUZ Magnetiskt Halsfäste för POV-filmning,,
product,jsr-dronarfilter-3-i-1-cpl-nd8-nd16-dji-mavic-air,jsr-dronefilter-3-i-1-cpl-nd8-nd16-dji-mavic-air,/products/jsr-dronarfilter-3-i-1-cpl-nd8-nd16-dji-mavic-air,/products/jsr-dronefilter-3-i-1-cpl-nd8-nd16-dji-mavic-air,YES,YES,JSR Drönarfilter 3-i-1 Set CPL och ND för Mavic Air,,
product,mc-selfiepinne-150cm-dual-klamfasten,mc-selfie-stick-150cm-dual-klammounts,/products/mc-selfiepinne-150cm-dual-klamfasten,/products/mc-selfie-stick-150cm-dual-klammounts,YES,YES,MC Selfiepinne 150cm med Dubbla Klämfästen,,
product,puluz-motorcykel-faste-dual-huvuden,puluz-motorcykel-mount-dual-huvuden,/products/puluz-motorcykel-faste-dual-huvuden,/products/puluz-motorcykel-mount-dual-huvuden,YES,YES,PULUZ Motorcycle Dual-heads - PULUZ Motorcykel Fäste med Dubbla,,
product,skyddande-bag-dji-osmo-mobile-waterproof,protective-bag-dji-osmo-mobile-waterproof,/products/skyddande-bag-dji-osmo-mobile-waterproof,/products/protective-bag-dji-osmo-mobile-waterproof,YES,YES,Skyddande Väska för DJI Osmo Mobile Gimbal,,
product,dji-osmo-mobile-4-bag-stotsaker-forvaring-svart,dji-osmo-mobile-4-bag-stotsaker-storage-svart,/products/dji-osmo-mobile-4-bag-stotsaker-forvaring-svart,/products/dji-osmo-mobile-4-bag-stotsaker-storage-svart,YES,YES,DJI Osmo Mobile 4 Väska för Säker Förvaring,,
product,xiletu-sportkamera-mobil-snabbfaste-motorcykel-cyk,xiletu-action-camera-mobil-snabbmount-motorcykel-cyk,/products/xiletu-sportkamera-mobil-snabbfaste-motorcykel-cyk,/products/xiletu-action-camera-mobil-snabbmount-motorcykel-cyk,YES,YES,XILETU Sports Kamera Mobile - XILETU Snabbfäste för Sportkamera,,
product,cynova-c-fm-002-65cm-universal-dronarlandningsmatt,cynova-c-fm-002-65cm-universal-dronelandingsmatt,/products/cynova-c-fm-002-65cm-universal-dronarlandningsmatt,/products/cynova-c-fm-002-65cm-universal-dronelandingsmatt,YES,YES,CYNOVA C-FM-002 65cm Universal Drönarlandningsmatta,,
product,dji-tello-skyddsfodral,dji-tello-protectionsfodral,/products/dji-tello-skyddsfodral,/products/dji-tello-protectionsfodral,YES,YES,DJI Tello skyddsfodral - Heltäckande Skyddsfodral för DJI Tello,,
product,telesin-selfiepinne-tripod-1-5m-360-rotation,telesin-selfie-stick-tripod-1-5m-360-rotation,/products/telesin-selfiepinne-tripod-1-5m-360-rotation,/products/telesin-selfie-stick-tripod-1-5m-360-rotation,YES,YES,Selfiepinne Stativ 1.5m med 360° Rotationsfäste,,
product,tuyu-hjalmfaste-haka-mc-sportkamera,tuyu-hjalmmount-haka-mc-action-camera,/products/tuyu-hjalmfaste-haka-mc-sportkamera,/products/tuyu-hjalmmount-haka-mc-action-camera,YES,YES,TUYU Hjälmfäste Haka för MC Sportkamera,,
product,actionkamera-klamma-3-klo-sjalvhaftande-faste,actionkamera-klamma-3-klo-sjalvhaftande-mount,/products/actionkamera-klamma-3-klo-sjalvhaftande-faste,/products/actionkamera-klamma-3-klo-sjalvhaftande-mount,YES,YES,Actionkamera klämma 3-klo - Flexibel Actionkamera Klämma,,
product,telesin-selfie-stick-mini-tripod-snabbfaste,telesin-selfie-stick-mini-tripod-snabbmount,/products/telesin-selfie-stick-mini-tripod-snabbfaste,/products/telesin-selfie-stick-mini-tripod-snabbmount,YES,YES,TELESIN Selfiepinne med Mini Stativ och Snabbfäste,,
product,sunnylife-halsfaste-handsfree-filmning,sunnylife-halsmount-handsfree-filmning,/products/sunnylife-halsfaste-handsfree-filmning,/products/sunnylife-halsmount-handsfree-filmning,YES,YES,Sunnylife Halsfäste för Handsfree Video ZJ847,,
product,gopro-vertikalfaste-hero-9-12,gopro-vertikalmount-hero-9-12,/products/gopro-vertikalfaste-hero-9-12,/products/gopro-vertikalmount-hero-9-12,YES,YES,GoPro Vertikalfäste för HERO9 till HERO12,,
product,gopro-hero13-adapter-magnetfaste-snabbkoppling,gopro-hero13-adapter-magnetmount-snabbkoppling,/products/gopro-hero13-adapter-magnetfaste-snabbkoppling,/products/gopro-hero13-adapter-magnetmount-snabbkoppling,YES,YES,GoPro HERO13 Adapter med Magnetisk Snabbkoppling,,
product,pgytech-mavic-2-bag-portabel-forvaring,pgytech-mavic-2-bag-portabel-storage,/products/pgytech-mavic-2-bag-portabel-forvaring,/products/pgytech-mavic-2-bag-portabel-storage,YES,YES,PGYTECH Mavic 2 Väska – Kompakt Drönarförvaring,,
product,telesin-flexibelt-actionkamera-faste-silikon-juste,telesin-flexibelt-actionkamera-mount-silicone-juste,/products/telesin-flexibelt-actionkamera-faste-silikon-juste,/products/telesin-flexibelt-actionkamera-mount-silicone-juste,YES,YES,Flexibelt Actionkamera Fäste i Silikon,,
product,bilfaste-sugpropp-1-4,bilmount-sugpropp-1-4,/products/bilfaste-sugpropp-1-4,/products/bilmount-sugpropp-1-4,YES,YES,"Stabil Montering med Bilfäste Sugpropp 1/4""",,
product,mavic-2-landningsstall-led-stotdampning,mavic-2-landing-gear-led-stotdampning,/products/mavic-2-landningsstall-led-stotdampning,/products/mavic-2-landing-gear-led-stotdampning,YES,YES,Mavic 2 Landningsställ för Nattflygning,,
product,universal-vertikalt-kamerafaste-centreringsarm-act,universal-vertikalt-kameramount-centreringsarm-act,/products/universal-vertikalt-kamerafaste-centreringsarm-act,/products/universal-vertikalt-kameramount-centreringsarm-act,YES,YES,Universell Vertical Shooting - Universell Vertikalt,,
product,pgytech-dji-mavic-2-axelvaska-waterproof,pgytech-dji-mavic-2-axelbag-waterproof,/products/pgytech-dji-mavic-2-axelvaska-waterproof,/products/pgytech-dji-mavic-2-axelbag-waterproof,YES,YES,PGYTECH DJI Mavic 2 Axelväska för Drönarförvaring,,
product,pgytech-p-ha-035-spakskydd-dji-mavic-2,pgytech-p-ha-035-spakprotection-dji-mavic-2,/products/pgytech-p-ha-035-spakskydd-dji-mavic-2,/products/pgytech-p-ha-035-spakprotection-dji-mavic-2,YES,YES,PGYTECH P-HA-035 Rocker - PGYTECH P-HA-035 Spakskydd för DJI Mavic 2,,
product,sugkoppsfaste-1-4-tum-bil-accessories,sugkoppsmount-1-4-tum-bil-accessories,/products/sugkoppsfaste-1-4-tum-bil-accessories,/products/sugkoppsmount-1-4-tum-bil-accessories,YES,YES,sugkoppsfäste bil tillbehör - Mångsidigt Sugkoppsfäste 1/4 Tum,,
product,pgytech-p-ha-033-waterproof-forvaringslada,pgytech-p-ha-033-waterproof-storageslada,/products/pgytech-p-ha-033-waterproof-forvaringslada,/products/pgytech-p-ha-033-waterproof-storageslada,YES,YES,PGYTECH P-HA-033 Waterproof - PGYTECH P-HA-033 Vattentät Låda för DJI,,
product,bilsugkopp-for-camera-klampfaste,bilsugkopp-for-camera-klampmount,/products/bilsugkopp-for-camera-klampfaste,/products/bilsugkopp-for-camera-klampmount,YES,YES,Stabil Bilsugkopp för Kamera med Klämfäste,,
product,magnetfaste-action-phones-aluminium-kulled,magnetmount-action-phones-aluminium-kulled,/products/magnetfaste-action-phones-aluminium-kulled,/products/magnetmount-action-phones-aluminium-kulled,YES,YES,magnetfäste action phones - Magnetiskt Kulledsfäste för Actionkamera,,
product,forvaringslada-osmo-pgytech-p-18c-020,storageslada-osmo-pgytech-p-18c-020,/products/forvaringslada-osmo-pgytech-p-18c-020,/products/storageslada-osmo-pgytech-p-18c-020,YES,YES,Förvaringslåda Osmo - Förvaringslåda för DJI Osmo – PGYTECH P-18C-020,,
product,puluz-mini-magnetiskt-snabbfaste,puluz-mini-magnetiskt-snabbmount,/products/puluz-mini-magnetiskt-snabbfaste,/products/puluz-mini-magnetiskt-snabbmount,YES,YES,PULUZ Mini Magnetic Quick - PULUZ Mini Magnetiskt Snabbfäste,,
product,puluz-selfiepinne-with-tripod-1-3m-mobil-vlogg,puluz-selfie-stick-with-tripod-1-3m-mobil-vlogg,/products/puluz-selfiepinne-with-tripod-1-3m-mobil-vlogg,/products/puluz-selfie-stick-with-tripod-1-3m-mobil-vlogg,YES,YES,PULUZ Selfiepinne med Stativ för Mobil,,
product,pgytech-uv-filter-inspire-2-x4s-objektivskydd,pgytech-uv-filter-inspire-2-x4s-objektivprotection,/products/pgytech-uv-filter-inspire-2-x4s-objektivskydd,/products/pgytech-uv-filter-inspire-2-x4s-objektivprotection,YES,YES,UV filter Inspire - PGYTECH UV Filter för DJI Inspire 2 och X4S,,
product,metall-snabbfaste-bas-for-action-cameras,metall-snabbmount-bas-for-action-cameras,/products/metall-snabbfaste-bas-for-action-cameras,/products/metall-snabbmount-bas-for-action-cameras,YES,YES,Metal Snabbfäste Bas - Metall - Metal Snabbfäste Bas för Actionkameror,,
product,pgytech-landningsstall-mavic-air-2-led-lampa,pgytech-landing-gear-mavic-air-2-led-lampa,/products/pgytech-landningsstall-mavic-air-2-led-lampa,/products/pgytech-landing-gear-mavic-air-2-led-lampa,YES,YES,Landningsställ Mavic Air 2 med Integrerad LED-belysning,,
product,puluz-vindruteklamma-mc-kamerafaste,puluz-vindruteklamma-mc-kameramount,/products/puluz-vindruteklamma-mc-kamerafaste,/products/puluz-vindruteklamma-mc-kameramount,YES,YES,PULUZ Vindruteklämma MC för Actionkameror,,
product,puluz-magnetiskt-faste-gopro-hero13-black,puluz-magnetiskt-mount-gopro-hero13-black,/products/puluz-magnetiskt-faste-gopro-hero13-black,/products/puluz-magnetiskt-mount-gopro-hero13-black,YES,YES,PULUZ Magnetiskt Fäste för GoPro Hero 13,,
product,puluz-magnetiskt-snabbfaste-gopro-hero13,puluz-magnetiskt-snabbmount-gopro-hero13,/products/puluz-magnetiskt-snabbfaste-gopro-hero13,/products/puluz-magnetiskt-snabbmount-gopro-hero13,YES,YES,PULUZ GoPro Hero13 Fäste - PULUZ Magnetiskt Snabbfäste för GoPro,,
product,puluz-klaamfaste-actionkamera-telefon-flexibel,puluz-klaammount-actionkamera-telefon-flexibel,/products/puluz-klaamfaste-actionkamera-telefon-flexibel,/products/puluz-klaammount-actionkamera-telefon-flexibel,YES,YES,PULUZ Action Sports Cameras - PULUZ Flexibelt Klämfäste,,
product,startrc-sugkopps-faste-camera,startrc-sugkopps-mount-camera,/products/startrc-sugkopps-faste-camera,/products/startrc-sugkopps-mount-camera,YES,YES,STARTRC Sugkopps Fäste för Kamera,,
product,sunnylife-evo-dc354-3-i-1-batterivaska,sunnylife-evo-dc354-3-i-1-batterybag,/products/sunnylife-evo-dc354-3-i-1-batterivaska,/products/sunnylife-evo-dc354-3-i-1-batterybag,YES,YES,Sunnylife EVO-DC354 3 in 1 - Sunnylife EVO-DC354 3-i-1 Batteriväska,,
product,spakskydd-mavic-mini-pgytech-p-12a-024,spakprotection-mavic-mini-pgytech-p-12a-024,/products/spakskydd-mavic-mini-pgytech-p-12a-024,/products/spakprotection-mavic-mini-pgytech-p-12a-024,YES,YES,Spakskydd Mavic Mini - Spakskydd för DJI Mavic Mini – PGYTECH,,
product,startrc-magnetiskt-universellt-expansionsfaste,startrc-magnetiskt-universellt-expansionsmount,/products/startrc-magnetiskt-universellt-expansionsfaste,/products/startrc-magnetiskt-universellt-expansionsmount,YES,YES,STARTRC Magnetic Universell - STARTRC Magnetiskt Universalfäste,,
product,sunnylife-batteriklamma-kabelhantering-dji-fpv-gog,sunnylife-batteryklamma-cablehantering-dji-fpv-gog,/products/sunnylife-batteriklamma-kabelhantering-dji-fpv-gog,/products/sunnylife-batteryklamma-cablehantering-dji-fpv-gog,YES,YES,Sunnylife Battery Clip Holder - Sunnylife Batteriklämma,,
product,dji-fpv-fjarrkontroll,dji-fpv-remote-control,/products/dji-fpv-fjarrkontroll,/products/dji-fpv-remote-control,YES,YES,Original 2.4 / 5.8GHZ Remote - DJI FPV Fjärrkontroll med Dubbla,,
product,sunnylife-m3-sn348-propellers-forvaringslada,sunnylife-m3-sn348-propellers-storageslada,/products/sunnylife-m3-sn348-propellers-forvaringslada,/products/sunnylife-m3-sn348-propellers-storageslada,YES,YES,Förvaringslåda för Sunnylife M3-SN348 Propeller,,
product,magnetiskt-snabbfaste-gopro-hero13-black-startrc,magnetiskt-snabbmount-gopro-hero13-black-startrc,/products/magnetiskt-snabbfaste-gopro-hero13-black-startrc,/products/magnetiskt-snabbmount-gopro-hero13-black-startrc,YES,YES,Magnetiskt Snabbfäste för GoPro HERO13 Black STARTRC,,
product,startrc-sugkoppsfaste-bil-camera-vibrationsdampand,startrc-sugkoppsmount-bil-camera-vibrationsdampand,/products/startrc-sugkoppsfaste-bil-camera-vibrationsdampand,/products/startrc-sugkoppsmount-bil-camera-vibrationsdampand,YES,YES,Sugkoppsfäste bil kamera - STARTRC Sugkoppsfäste för Bil,,
product,magnetfaste-actionk-mount,magnetmount-actionk-mount,/products/magnetfaste-actionk-mount,/products/magnetmount-actionk-mount,YES,YES,Magnetfäste Actionk Mount för Stabil Kameramontering,,
product,pgytech-halsfaste-sportkamera-vinklad-filmning,pgytech-halsmount-action-camera-vinklad-filmning,/products/pgytech-halsfaste-sportkamera-vinklad-filmning,/products/pgytech-halsmount-action-camera-vinklad-filmning,YES,YES,Halsfäste sportkamera - PGYTECH Halsfäste för Sportkamera – Vinklad,,
product,magnetiskt-halsfaste-mobil-anti-shake,magnetiskt-halsmount-mobil-anti-shake,/products/magnetiskt-halsfaste-mobil-anti-shake,/products/magnetiskt-halsmount-mobil-anti-shake,YES,YES,Magnetiskt Halsfäste för Mobiltelefon,,
product,puluz-horisontellt-snabbfaste,puluz-horisontellt-snabbmount,/products/puluz-horisontellt-snabbfaste,/products/puluz-horisontellt-snabbmount,YES,YES,PULUZ snabbfäste - PULUZ Horisontellt Snabbfäste för Actionkameror,,
product,puluz-j-krokfaste-actionkamera-vertikalt-ytfaste,puluz-j-krokmount-actionkamera-vertikalt-ytmount,/products/puluz-j-krokfaste-actionkamera-vertikalt-ytfaste,/products/puluz-j-krokmount-actionkamera-vertikalt-ytmount,YES,YES,J-krokfäste actionkamera - PULUZ Vertikalt J-krokfäste,,
product,magnetisk-nackhallare-skakfri-faste,magnetisk-nackhallare-skakfri-mount,/products/magnetisk-nackhallare-skakfri-faste,/products/magnetisk-nackhallare-skakfri-mount,YES,YES,Magnetic Neck Mount Anti-shake - Magnetisk Nackhållare med Skakfri,,
product,jmary-ms-90-klampfaste-action-cameras,jmary-ms-90-klampmount-action-cameras,/products/jmary-ms-90-klampfaste-action-cameras,/products/jmary-ms-90-klampmount-action-cameras,YES,YES,JMARY MS-90 For Action Cameras - JMARY MS-90 Klämfäste,,
product,sunnylife-stretchable-ryggsacksfaste-magnetiskt-ro,sunnylife-stretchable-ryggsacksmount-magnetiskt-ro,/products/sunnylife-stretchable-ryggsacksfaste-magnetiskt-ro,/products/sunnylife-stretchable-ryggsacksmount-magnetiskt-ro,YES,YES,Sunnylife Stretchable Backpack - Sunnylife Roterbart Ryggsäcksfäste,,
product,jmary-mg-01-halsfaste-mobil-actionkamera,jmary-mg-01-halsmount-mobil-actionkamera,/products/jmary-mg-01-halsfaste-mobil-actionkamera,/products/jmary-mg-01-halsmount-mobil-actionkamera,YES,YES,JMARY MG-01 For Phone Action - JMARY MG-01 Halsfäste för Mobil,,
product,jmary-mg-02-halsfaste-actionkamera-mobil,jmary-mg-02-halsmount-actionkamera-mobil,/products/jmary-mg-02-halsfaste-actionkamera-mobil,/products/jmary-mg-02-halsmount-actionkamera-mobil,YES,YES,JMARY MG-02 For Action Camera - JMARY MG-02 Magnetiskt Halsfäste,,
product,puluz-skyddsbur-cnc-aluminium-gopro-session,puluz-protectionsbur-cnc-aluminium-gopro-session,/products/puluz-skyddsbur-cnc-aluminium-gopro-session,/products/puluz-protectionsbur-cnc-aluminium-gopro-session,YES,YES,PULUZ Skyddsbur i CNC Aluminium för GoPro Session,,
product,flexibel-arm-sjalvhftande-faste-1-4,flexibel-arm-sjalvhftande-mount-1-4,/products/flexibel-arm-sjalvhftande-faste-1-4,/products/flexibel-arm-sjalvhftande-mount-1-4,YES,YES,"Flexibelt Självhäftande Fäste 1/4"" för Kameror",,
product,gopro-session-bur-aluminium-protection-faste,gopro-session-bur-aluminium-protection-mount,/products/gopro-session-bur-aluminium-protection-faste,/products/gopro-session-bur-aluminium-protection-mount,YES,YES,Robust GoPro Session Bur i Aluminiumlegering,,
product,kameraklamma-cykel-actionkamerafaste,kameraklamma-cykel-actionkameramount,/products/kameraklamma-cykel-actionkamerafaste,/products/kameraklamma-cykel-actionkameramount,YES,YES,Robust Kameraklämma Cykel för Actionkameror,,
product,adapter-actionkamera-stativfaste,adapter-actionkamera-stativmount,/products/adapter-actionkamera-stativfaste,/products/adapter-actionkamera-stativmount,YES,YES,Adapter actionkamera - Mångsidig Adapter för Actionkamera,,
product,puluz-roterande-handskfaste-actionkamera,puluz-roterande-handskmount-actionkamera,/products/puluz-roterande-handskfaste-actionkamera,/products/puluz-roterande-handskmount-actionkamera,YES,YES,Handskfäste actionkamera - PULUZ Roterande Handskfäste,,
product,actionkamera-bilfaste-aluminium-sugkopp,actionkamera-bilmount-aluminium-sugkopp,/products/actionkamera-bilfaste-aluminium-sugkopp,/products/actionkamera-bilmount-aluminium-sugkopp,YES,YES,Pålitligt Actionkamera Bilfäste för Fordon,,
product,hjalmfaste-actionkamera-360-roterbart-hakfaste,hjalmmount-actionkamera-360-roterbart-hakmount,/products/hjalmfaste-actionkamera-360-roterbart-hakfaste,/products/hjalmmount-actionkamera-360-roterbart-hakmount,YES,YES,Hjälmfäste actionkamera - 360° Roterbart Hjälmfäste för Actionkamera,,
product,metall-klamfaste-cykelkamera,metall-klammount-cykelkamera,/products/metall-klamfaste-cykelkamera,/products/metall-klammount-cykelkamera,YES,YES,Klämfäste cykelkamera - Metall Klämfäste för Cykelkamera,,
product,puluz-waterproof-kameravaska-actionkamera,puluz-waterproof-kamerabag-actionkamera,/products/puluz-waterproof-kameravaska-actionkamera,/products/puluz-waterproof-kamerabag-actionkamera,YES,YES,PULUZ Vattentät Kameraväska för Actionkameror,,
product,puluz-smyckepase-white-stor-forvaring,puluz-smyckepase-white-stor-storage,/products/puluz-smyckepase-white-stor-forvaring,/products/puluz-smyckepase-white-stor-storage,YES,YES,PULUZ Smyckespåse White – Förvaring och Presentation,,
product,amagisn-magnetiskt-snabbfaste,amagisn-magnetiskt-snabbmount,/products/amagisn-magnetiskt-snabbfaste,/products/amagisn-magnetiskt-snabbmount,YES,YES,aMagisn Magnetic Snabbfäste - AMagisn Magnetiskt Snabbfäste,,
product,actionkamera-kepsfaste-j-krok-puluz,actionkamera-kepsmount-j-krok-puluz,/products/actionkamera-kepsfaste-j-krok-puluz,/products/actionkamera-kepsmount-j-krok-puluz,YES,YES,Actionkamera Kepsfäste för Handsfree Filmning,,
product,gopro-7-skyddsbur-aluminium-uv-filter,gopro-7-protectionsbur-aluminium-uv-filter,/products/gopro-7-skyddsbur-aluminium-uv-filter,/products/gopro-7-protectionsbur-aluminium-uv-filter,YES,YES,Robust GoPro 7 Skyddsbur i Aluminium,,
product,puluz-gopro-hero-skyddsbur-aluminium,puluz-gopro-hero-protectionsbur-aluminium,/products/puluz-gopro-hero-skyddsbur-aluminium,/products/puluz-gopro-hero-protectionsbur-aluminium,YES,YES,PULUZ GoPro HERO Skyddsbur i Aluminium,,
product,puluz-forvaringslada-gopro-session-with-karbinhake,puluz-storageslada-gopro-session-with-karbinhake,/products/puluz-forvaringslada-gopro-session-with-karbinhake,/products/puluz-storageslada-gopro-session-with-karbinhake,YES,YES,Förvaringslåda GoPro - Kompakt Förvaringslåda för GoPro Session,,
product,kulfaste-actionkamera-aluminium-puluz,kulmount-actionkamera-aluminium-puluz,/products/kulfaste-actionkamera-aluminium-puluz,/products/kulmount-actionkamera-aluminium-puluz,YES,YES,Kulfäste actionkamera - Kulfäste i Aluminium för Actionkamera,,
product,puluz-osmo-pocket-faste-v1-with-adapter,puluz-osmo-pocket-mount-v1-with-adapter,/products/puluz-osmo-pocket-faste-v1-with-adapter,/products/puluz-osmo-pocket-mount-v1-with-adapter,YES,YES,Osmo Pocket fäste v1 - PULUZ Expansionsfäste för Osmo Pocket,,
product,batteriforvaring-gopro-hardplast-ahdbt-901,batterystorage-gopro-hardplast-ahdbt-901,/products/batteriforvaring-gopro-hardplast-ahdbt-901,/products/batterystorage-gopro-hardplast-ahdbt-901,YES,YES,Batteriförvaring GoPro - Hårdplast Batteriförvaring för GoPro och DJI,,
product,gopro-hero8-skyddsbur-aluminium-uv-filter,gopro-hero8-protectionsbur-aluminium-uv-filter,/products/gopro-hero8-skyddsbur-aluminium-uv-filter,/products/gopro-hero8-protectionsbur-aluminium-uv-filter,YES,YES,GoPro HERO8 Skyddsbur i CNC-Aluminium,,
product,puluz-osmo-pocket-silikonskydd-diamant-textur,puluz-osmo-pocket-siliconeprotection-diamant-textur,/products/puluz-osmo-pocket-silikonskydd-diamant-textur,/products/puluz-osmo-pocket-siliconeprotection-diamant-textur,YES,YES,"PULUZ  2 in 1 Diamond Texture Silicone Cover Case Set for DJI OSMO Pocket, For DJI OSMO Pocket",,
product,puluz-osmo-pocket-skarmskydd-harat-glas,puluz-osmo-pocket-skarmprotection-harat-glas,/products/puluz-osmo-pocket-skarmskydd-harat-glas,/products/puluz-osmo-pocket-skarmprotection-harat-glas,YES,YES,"PULUZ 9H 2.5D HD Tempered Glass Lens Protector + Screen Film for DJI OSMO Pocket Gimbal, For DJI OSMO Pocket",,
product,skarmskydd-dji-osmo-action-lins-displayfilm-9h,skarmprotection-dji-osmo-action-lins-displayfilm-9h,/products/skarmskydd-dji-osmo-action-lins-displayfilm-9h,/products/skarmprotection-dji-osmo-action-lins-displayfilm-9h,YES,YES,Skärmskydd DJI Osmo - Skärmskydd för DJI Osmo Action,,
product,puluz-gopro-vindskydd-skumskydd-hero-7-6-5,puluz-gopro-vindprotection-skumprotection-hero-7-6-5,/products/puluz-gopro-vindskydd-skumskydd-hero-7-6-5,/products/puluz-gopro-vindprotection-skumprotection-hero-7-6-5,YES,YES,"PULUZ GoPro vindskydd - PULUZ Vindskydd för GoPro Hero 5, 6, 7",,
product,puluz-silikonskal-gopro-hero10-fjarrskal,puluz-silicone-case-gopro-hero10-fjarrshell,/products/puluz-silikonskal-gopro-hero10-fjarrskal,/products/puluz-silicone-case-gopro-hero10-fjarrshell,YES,YES,GoPro HERO10 fjärrskal - PULUZ Silikonskal för GoPro HERO10,,
product,insta360-one-x2-bur-skyddsfodral-kallsko-faste,insta360-one-x2-bur-protectionsfodral-kallsko-mount,/products/insta360-one-x2-bur-skyddsfodral-kallsko-faste,/products/insta360-one-x2-bur-protectionsfodral-kallsko-mount,YES,YES,Insta360 ONE X2 bur - Skyddande Bur för Insta360 ONE X2 Kamera,,
product,dji-action-2-silikonskal,dji-action-2-silicone-case,/products/dji-action-2-silikonskal,/products/dji-action-2-silicone-case,YES,YES,Skyddande DJI Action 2 Silikonskal från PULUZ,,
product,puluz-hjalmfaste-action-camera,puluz-hjalmmount-action-camera,/products/puluz-hjalmfaste-action-camera,/products/puluz-hjalmmount-action-camera,YES,YES,PULUZ hjälmfäste action - PULUZ Hjälmfäste för Actionkameror,,
product,puluz-gopro-laddram-cold-shoe-faste,puluz-gopro-laddram-cold-shoe-mount,/products/puluz-gopro-laddram-cold-shoe-faste,/products/puluz-gopro-laddram-cold-shoe-mount,YES,YES,"PULUZ Chargeable PA Frame Mount Cage with Cold Shoe Base Slot for GoPro HERO13 Black /12 Black /11 Black /11 Black Mini /10 Black /9 Black, Chargeable PA Frame Mount",,
product,silikonskydd-linsskydd-ricoh-theta-sc2-svart,siliconeprotection-lens-protector-ricoh-theta-sc2-svart,/products/silikonskydd-linsskydd-ricoh-theta-sc2-svart,/products/siliconeprotection-lens-protector-ricoh-theta-sc2-svart,YES,YES,Silikonskal med Linsskydd för Ricoh Theta SC2,,
product,insta360-one-x2-linsskydd-puluz-uppgraderat-skydds,insta360-one-x2-lens-protector-puluz-uppgraderat-protections,/products/insta360-one-x2-linsskydd-puluz-uppgraderat-skydds,/products/insta360-one-x2-lens-protector-puluz-uppgraderat-protections,YES,YES,Insta360 One X2 linsskydd - PULUZ Uppgraderat Linsskydd för Insta360,,
product,insta360-linsskydd-pc-protection,insta360-lens-protector-pc-protection,/products/insta360-linsskydd-pc-protection,/products/insta360-lens-protector-pc-protection,YES,YES,"Insta360 Linsskydd i PC för One R, RS och Sphere",,
product,puluz-ramfaste-gopro-hero12-bur,puluz-rammount-gopro-hero12-bur,/products/puluz-ramfaste-gopro-hero12-bur,/products/puluz-rammount-gopro-hero12-bur,YES,YES,"PULUZ Frame Expansion PA Cage with Side Interface Cover for GoPro HERO12 Black /11 Black /10 Black /9 Black, PA Cage with Side Cover",,
product,ricoh-theta-sc2-skyddsram-puluz,ricoh-theta-sc2-protectionsram-puluz,/products/ricoh-theta-sc2-skyddsram-puluz,/products/ricoh-theta-sc2-protectionsram-puluz,YES,YES,Ricoh Theta SC2 Skyddsram i PC/ABS-plast,,
product,puluz-skyddsram-for-insta360-one-rs,puluz-protectionsram-for-insta360-one-rs,/products/puluz-skyddsram-for-insta360-one-rs,/products/puluz-protectionsram-for-insta360-one-rs,YES,YES,PULUZ Insta360 One RS - PULUZ Skyddsram för Insta360 One RS,,
product,puluz-skyddsram-insta360-one-x2-adapterfaste,puluz-protectionsram-insta360-one-x2-adaptermount,/products/puluz-skyddsram-insta360-one-x2-adapterfaste,/products/puluz-protectionsram-insta360-one-x2-adaptermount,YES,YES,PULUZ skyddsram Insta360 - PULUZ Skyddsram för Insta360 ONE X2,,
product,puluz-skyddsram-linsskydd-insta360-one-rs-360,puluz-protectionsram-lens-protector-insta360-one-rs-360,/products/puluz-skyddsram-linsskydd-insta360-one-rs-360,/products/puluz-protectionsram-lens-protector-insta360-one-rs-360,YES,YES,Insta360 RS 360 fodral - PULUZ Skyddsram och Linsskydd för Insta360,,
product,puluz-insta360-one-rs-linsskydd-pc-protection,puluz-insta360-one-rs-lens-protector-pc-protection,/products/puluz-insta360-one-rs-linsskydd-pc-protection,/products/puluz-insta360-one-rs-lens-protector-pc-protection,YES,YES,Insta360 One RS lin guard - Insta360 One RS Linsskydd för 1-tums 360,,
product,puluz-skyddsbur-insta360-one-rs,puluz-protectionsbur-insta360-one-rs,/products/puluz-skyddsbur-insta360-one-rs,/products/puluz-protectionsbur-insta360-one-rs,YES,YES,Insta360 ONE RS bur - PULUZ Skyddsbur för Insta360 ONE RS,,
product,puluz-linsskydd-insta360-x3,puluz-lens-protector-insta360-x3,/products/puluz-linsskydd-insta360-x3,/products/puluz-lens-protector-insta360-x3,YES,YES,PULUZ linsskydd Insta360 - PULUZ linsskydd för din Insta360 X3 kamera,,
product,insta360-x3-puluz-metallbur-skyddande,insta360-x3-puluz-metal-cage-protective,/products/insta360-x3-puluz-metallbur-skyddande,/products/insta360-x3-puluz-metal-cage-protective,YES,YES,Insta360 X3 PULUZ Metallbur för Optimalt Skydd,,
product,insta360-x3-puluz-silikonskydd-lins-camera,insta360-x3-puluz-siliconeprotection-lins-camera,/products/insta360-x3-puluz-silikonskydd-lins-camera,/products/insta360-x3-puluz-siliconeprotection-lins-camera,YES,YES,Insta360 X3 PULUZ Silicone - Insta360 X3 PULUZ Silikonskydd,,
product,dji-osmo-action-3-puluz-3-i-1-skarmskydd,dji-osmo-action-3-puluz-3-i-1-skarmprotection,/products/dji-osmo-action-3-puluz-3-i-1-skarmskydd,/products/dji-osmo-action-3-puluz-3-i-1-skarmprotection,YES,YES,DJI Osmo Action 3 PULUZ - PULUZ 3-i-1 Skärmskydd för DJI Osmo Action 3,,
product,insta360-x3-linsskydd-v6,insta360-x3-lens-protector-v6,/products/insta360-x3-linsskydd-v6,/products/insta360-x3-lens-protector-v6,YES,YES,Insta360 X3 linsskydd v6 - Skydda din Insta360 X3 med ett robust linss,,
product,puluz-selfiepinne-110cm-metall-monopod,puluz-selfie-stick-110cm-metall-monopod,/products/puluz-selfiepinne-110cm-metall-monopod,/products/puluz-selfie-stick-110cm-metall-monopod,YES,YES,"PULUZ 110cm Metal Selfie Stick Monopod with Invisible Adapter Base & Screw for Insta360 One RS / X2 / X3 / X4 / DJI Osmo 360, 110cm Monopod",,
product,insta360-x3-puluz-bojda-hd-skarmskydd-2-pack,insta360-x3-puluz-bojda-hd-skarmprotection-2-pack,/products/insta360-x3-puluz-bojda-hd-skarmskydd-2-pack,/products/insta360-x3-puluz-bojda-hd-skarmprotection-2-pack,YES,YES,Insta360 X3 PULUZ 2pcs Curved - PULUZ Böjda HD Skärmskydd,,
product,puluz-mc-styre-kamerafaste,puluz-mc-styre-kameramount,/products/puluz-mc-styre-kamerafaste,/products/puluz-mc-styre-kameramount,YES,YES,PULUZ MC-styre Kamerafäste för Äventyr,,
product,skarmskydd-dji-rc-3,skarmprotection-dji-rc-3,/products/skarmskydd-dji-rc-3,/products/skarmprotection-dji-rc-3,YES,YES,skärmskydd DJI RC 2 - Skydda din DJI RC 2 med ett högkvalitativt skärm,,
product,insta360-x3-linsskydd-silikon,insta360-x3-lens-protector-silicone,/products/insta360-x3-linsskydd-silikon,/products/insta360-x3-lens-protector-silicone,YES,YES,Skydda din kamera med Insta360 X3 linsskydd,,
product,dji-rc-pro-skarmskydd-hartat-glas,dji-rc-pro-skarmprotection-hartat-glas,/products/dji-rc-pro-skarmskydd-hartat-glas,/products/dji-rc-pro-skarmprotection-hartat-glas,YES,YES,Högkvalitativt DJI RC Pro skärmskydd,,
product,silikonskydd-dji-rc-with-neck-strap,siliconeprotection-dji-rc-with-neck-strap,/products/silikonskydd-dji-rc-with-neck-strap,/products/siliconeprotection-dji-rc-with-neck-strap,YES,YES,Skydda din handkontroll med silikonskydd DJI RC,,
product,puluz-silikonskydd-avata-2-goggles,puluz-siliconeprotection-avata-2-goggles,/products/puluz-silikonskydd-avata-2-goggles,/products/puluz-siliconeprotection-avata-2-goggles,YES,YES,silikonskydd Avata - PULUZ Silikonskydd för DJI Avata 2 Goggles,,
product,puluz-linsskydd-gopro-hero-11-mini-black-2-pack,puluz-lens-protector-gopro-hero-11-mini-black-2-pack,/products/puluz-linsskydd-gopro-hero-11-mini-black-2-pack,/products/puluz-lens-protector-gopro-hero-11-mini-black-2-pack,YES,YES,PULUZ Linsskydd för GoPro Hero 11 Mini Black,,
product,puluz-silikonskal-gopro-hero-11-mini,puluz-silicone-case-gopro-hero-11-mini,/products/puluz-silikonskal-gopro-hero-11-mini,/products/puluz-silicone-case-gopro-hero-11-mini,YES,YES,PULUZ Silikonskydd för GoPro Hero 11 Mini,,
product,gopro-hero11-mini-ram-pc-plast-faste,gopro-hero11-mini-ram-pc-plast-mount,/products/gopro-hero11-mini-ram-pc-plast-faste,/products/gopro-hero11-mini-ram-pc-plast-mount,YES,YES,GoPro Hero11 Mini Ram för Optimalt Skydd,,
product,micro-usb-for-usb-c-30cm-datakabel,micro-usb-for-usb-c-30cm-datacable,/products/micro-usb-for-usb-c-30cm-datakabel,/products/micro-usb-for-usb-c-30cm-datacable,YES,YES,Kompakt Micro USB till USB-C 30cm Datakabel,,
product,dji-micro-usb-lightning-kabel-30cm,dji-micro-usb-lightning-cable-30cm,/products/dji-micro-usb-lightning-kabel-30cm,/products/dji-micro-usb-lightning-cable-30cm,YES,YES,DJI Micro USB Lightning Kabel för Fjärrkontroll,,
product,puluz-handledsrem-gopro-nylonfaste-kardborre,puluz-handledsrem-gopro-nylonmount-kardborre,/products/puluz-handledsrem-gopro-nylonfaste-kardborre,/products/puluz-handledsrem-gopro-nylonmount-kardborre,YES,YES,PULUZ handledsrem GoPro - PULUZ Handledsrem för GoPro,,
product,puluz-justerbart-handledsfaste-for-action-cameras,puluz-justerbart-handledsmount-for-action-cameras,/products/puluz-justerbart-handledsfaste-for-action-cameras,/products/puluz-justerbart-handledsmount-for-action-cameras,YES,YES,PULUZ Adjustable Wrist Strap - PULUZ Justerbart Handledsfäste,,
product,silikon-linsskydd-gopro-hero-4-xiaomi-yi,silicone-lens-protector-gopro-hero-4-xiaomi-yi,/products/silikon-linsskydd-gopro-hero-4-xiaomi-yi,/products/silicone-lens-protector-gopro-hero-4-xiaomi-yi,YES,YES,Gopro Hero 4 linsskydd - Silikon Linsskydd för GoPro Hero,,
product,gopro-hero-3-4-ramfaste-skyddande-kamerahus,gopro-hero-3-4-rammount-protective-kamerahus,/products/gopro-hero-3-4-ramfaste-skyddande-kamerahus,/products/gopro-hero-3-4-rammount-protective-kamerahus,YES,YES,GoPro Hero 3/4 Ramfäste med Monteringsdetaljer,,
product,cykelfaste-xiaomi-yi-xm33-cykelstyre,cykelmount-xiaomi-yi-xm33-cykelstyre,/products/cykelfaste-xiaomi-yi-xm33-cykelstyre,/products/cykelmount-xiaomi-yi-xm33-cykelstyre,YES,YES,Säkert Xiaomi Yi Cykelfäste för Cykelstyre,,
product,mini-sugkoppsafaste-xiaomi-yi-actionkamera,mini-sugkoppsamount-xiaomi-yi-actionkamera,/products/mini-sugkoppsafaste-xiaomi-yi-actionkamera,/products/mini-sugkoppsamount-xiaomi-yi-actionkamera,YES,YES,Mini Suction Cup Holder - Mini Sugkoppsfäste,,
product,xiaomi-yi-cykelfaste-actionkamera,xiaomi-yi-cykelmount-actionkamera,/products/xiaomi-yi-cykelfaste-actionkamera,/products/xiaomi-yi-cykelmount-actionkamera,YES,YES,Xiaomi Yi Cykelfäste för Actionkamera,,
product,stotsaker-waterproof-kameravaska-actionkamera,stotsaker-waterproof-kamerabag-actionkamera,/products/stotsaker-waterproof-kameravaska-actionkamera,/products/stotsaker-waterproof-kamerabag-actionkamera,YES,YES,Stötsäker actionkamera - Stötsäker Vattentät Kameraväska,,
product,gopro-hero-4-apertured-backdoor-hard-skyddsfodral,gopro-hero-4-apertured-backdoor-hard-protectionsfodral,/products/gopro-hero-4-apertured-backdoor-hard-skyddsfodral,/products/gopro-hero-4-apertured-backdoor-hard-protectionsfodral,YES,YES,Apertured Backdoor Hard - Hårt Skyddsfodral med Öppning för GoPro,,
product,sjcam-sj7000-standard-frame-mount-skyddsram,sjcam-sj7000-standard-frame-mount-protectionsram,/products/sjcam-sj7000-standard-frame-mount-skyddsram,/products/sjcam-sj7000-standard-frame-mount-protectionsram,YES,YES,Skyddsram med Standard Frame Mount för SJCAM SJ7000,,
product,actionkamera-faste-st-06,actionkamera-mount-st-06,/products/actionkamera-faste-st-06,/products/actionkamera-mount-st-06,YES,YES,Actionkamera fäste ST-06 för Stabil Ytmontering,,
product,stotsaker-actionkamera-forvaring,stotsaker-actionkamera-storage,/products/stotsaker-actionkamera-forvaring,/products/stotsaker-actionkamera-storage,YES,YES,Stötsäker Actionkamera Förvaring för GoPro och Insta360,,
product,sjcam-sj5000-standard-frame-mount-skyddande-skal,sjcam-sj5000-standard-frame-mount-protective-shell,/products/sjcam-sj5000-standard-frame-mount-skyddande-skal,/products/sjcam-sj5000-standard-frame-mount-protective-shell,YES,YES,Standard Frame Fäste för SJCAM SJ5000 – Skyddande Skal,,
product,sj4000-skyddsram-faste-monteringskit,sj4000-protectionsram-mount-monteringskit,/products/sj4000-skyddsram-faste-monteringskit,/products/sj4000-protectionsram-mount-monteringskit,YES,YES,SJ4000 Skyddsram Fäste för Actionkamera,,
product,cykelfaste-motorcykel-hallare-camera,cykelmount-motorcykel-hallare-camera,/products/cykelfaste-motorcykel-hallare-camera,/products/cykelmount-motorcykel-hallare-camera,YES,YES,Bicycle Motorcycle Hållare - Robust Cykel- och Motorcykelhållare,,
product,kameravaska-xiaomi-yi-sjcam,kamerabag-xiaomi-yi-sjcam,/products/kameravaska-xiaomi-yi-sjcam,/products/kamerabag-xiaomi-yi-sjcam,YES,YES,Bärbar Kamera Bag för Xiaomi - Kameraväska för Xiaomi Yi och SJCAM,,
product,ryggsacksfaste-clip,ryggsacksmount-clip,/products/ryggsacksfaste-clip,/products/ryggsacksmount-clip,YES,YES,Actionkamera ryggfäste - 360° Ryggfäste för Actionkameror,,
product,gopro-session-linsskydd,gopro-session-lens-protector,/products/gopro-session-linsskydd,/products/gopro-session-lens-protector,YES,YES,GoPro Session Linsskydd för Optimalt Kameraskydd,,
product,uv-filter-sjcam-sj6000-sportkamera,uv-filter-sjcam-sj6000-action-camera,/products/uv-filter-sjcam-sj6000-sportkamera,/products/uv-filter-sjcam-sj6000-action-camera,YES,YES,UV-filter SJCAM SJ6000 - UV-filter för SJCAM SJ6000 Sportkamera,,
product,skarmskydd-gopro-hero4-silver-protection-lcd-lins,skarmprotection-gopro-hero4-silver-protection-lcd-lins,/products/skarmskydd-gopro-hero4-silver-protection-lcd-lins,/products/skarmprotection-gopro-hero4-silver-protection-lcd-lins,YES,YES,GoPro HERO4 Silver Skydd för Skärm och Lins,,
product,sj4000-linsskydd-kamerahus-skyddsset,sj4000-lens-protector-kamerahus-protectionsset,/products/sj4000-linsskydd-kamerahus-skyddsset,/products/sj4000-lens-protector-kamerahus-protectionsset,YES,YES,SJ4000 Linsskydd och Kamerahus Skyddsset,,
product,kompakt-faste-actionkamera-litet-hallare-gopro,kompakt-mount-actionkamera-litet-hallare-gopro,/products/kompakt-faste-actionkamera-litet-hallare-gopro,/products/kompakt-mount-actionkamera-litet-hallare-gopro,YES,YES,Actionkamera litet - Liten Hållare för Actionkamera – Kompakt Fäste,,
product,cnc-aluminium-skyddsbur-gopro-hero-session,cnc-aluminium-protectionsbur-gopro-hero-session,/products/cnc-aluminium-skyddsbur-gopro-hero-session,/products/cnc-aluminium-protectionsbur-gopro-hero-session,YES,YES,Housing Shell CNC Aluminum Alloy Protective Cage with Insurance Back C,,
product,gopro-360-roterbart-justerbart-faste,gopro-360-roterbart-justerbart-mount,/products/gopro-360-roterbart-justerbart-faste,/products/gopro-360-roterbart-justerbart-mount,YES,YES,360 Degree Rotate Adjustable - GoPro Fäste: 360 Roterbart,,
product,gopro-sakerhetslina-rostfritt-stal,gopro-securityslina-rostfritt-stal,/products/gopro-sakerhetslina-rostfritt-stal,/products/gopro-securityslina-rostfritt-stal,YES,YES,GoPro Säkerhetslina i Rostfritt Stål,,
product,cpl-filter-sportkamera-52mm,cpl-filter-action-camera-52mm,/products/cpl-filter-sportkamera-52mm,/products/cpl-filter-action-camera-52mm,YES,YES,CPL Filter Sportkamera 52mm Polarisationsfilter,,
product,micro-hdmi-kabel-xiaomi-xiaoyi-1-5m,micro-hdmi-cable-xiaomi-xiaoyi-1-5m,/products/micro-hdmi-kabel-xiaomi-xiaoyi-1-5m,/products/micro-hdmi-cable-xiaomi-xiaoyi-1-5m,YES,YES,Micro HDMI kabel Xiaomi - Micro HDMI Kabel för Xiaomi Xiaoyi – 1.5m,,
product,actionkameravaska-32x22cm-stotsaker-waterproof,actionkamerabag-32x22cm-stotsaker-waterproof,/products/actionkameravaska-32x22cm-stotsaker-waterproof,/products/actionkamerabag-32x22cm-stotsaker-waterproof,YES,YES,Actionkameraväska 32x22cm för Säker Förvaring,,
product,liten-kameravaska-16cm-stotsaker-waterproof,liten-kamerabag-16cm-stotsaker-waterproof,/products/liten-kameravaska-16cm-stotsaker-waterproof,/products/liten-kamerabag-16cm-stotsaker-waterproof,YES,YES,Liten Kameraväska 16cm för Actionkameror,,
product,dji-phantom-backpack-multipurpose-barvaska,dji-phantom-backpack-multipurpose-barbag,/products/dji-phantom-backpack-multipurpose-barvaska,/products/dji-phantom-backpack-multipurpose-barbag,YES,YES,DJI Phantom Ryggsäck – Multipurpose Bärväska,,
product,hd-reflexfritt-lcd-skarmskydd-for-sjcam-sportkamer,hd-reflexfritt-lcd-skarmprotection-for-sjcam-sportkamer,/products/hd-reflexfritt-lcd-skarmskydd-for-sjcam-sportkamer,/products/hd-reflexfritt-lcd-skarmprotection-for-sjcam-sportkamer,YES,YES,HD Anti-glare LCD Screen - HD Reflexfritt LCD Skärmskydd för SJCAM,,
product,gopro-fjarrkontrollkabel-charging-kontroll,gopro-remote-controlcable-charging-kontroll,/products/gopro-fjarrkontrollkabel-charging-kontroll,/products/gopro-remote-controlcable-charging-kontroll,YES,YES,GoPro Fjärrkontrollkabel för Hero-serien,,
product,skarmsskydd-gopro-hero9,skarmsprotection-gopro-hero9,/products/skarmsskydd-gopro-hero9,/products/skarmsprotection-gopro-hero9,YES,YES,skärmskydd GoPro Hero9 - Skydda din GoPro Hero9 med ett skärmskydd,,
product,insta360-x3-skarmskydd,insta360-x3-skarmprotection,/products/insta360-x3-skarmskydd,/products/insta360-x3-skarmprotection,YES,YES,"For Insta360 X3 STARTRC 2pcs Transparent HD Curved Protective Film, For Insta360 X3",,
product,dji-osmo-snabbfaste-actionkamera,dji-osmo-snabbmount-actionkamera,/products/dji-osmo-snabbfaste-actionkamera,/products/dji-osmo-snabbmount-actionkamera,YES,YES,DJI Osmo Snabbfäste för Actionkameror,,
product,gopro-dubbelfaste-skruvadapter,gopro-dubbelmount-skruvadapter,/products/gopro-dubbelfaste-skruvadapter,/products/gopro-dubbelmount-skruvadapter,YES,YES,Mångsidigt GoPro Dubbelfäste med Skruvadapter,,
product,osmo-action-3-faste-sjalvhaftande-monteringssats,osmo-action-3-mount-sjalvhaftande-monteringssats,/products/osmo-action-3-faste-sjalvhaftande-monteringssats,/products/osmo-action-3-mount-sjalvhaftande-monteringssats,YES,YES,Osmo Action 3 fäste - Självhäftande Monteringssats,,
product,dji-rs-mobilfaste-telefonhallare,dji-rs-mobilmount-telefonhallare,/products/dji-rs-mobilfaste-telefonhallare,/products/dji-rs-mobilmount-telefonhallare,YES,YES,DJI RS Mobilfäste: Stabil Telefonhållare för Gimbals,,
product,begagnad-dji-fpv-90w-charger-fjarrkontroll-goggles,begagnad-dji-fpv-90w-charger-remote-control-goggles,/products/begagnad-dji-fpv-90w-charger-fjarrkontroll-goggles,/products/begagnad-dji-fpv-90w-charger-remote-control-goggles,YES,YES,"Second-hand 90W Charger For DJI FPV Remote Control Goggles Battery Charging, Second-hand 90W Charger",,
product,surfingfaste-dji-osmo-svart,surfingmount-dji-osmo-svart,/products/surfingfaste-dji-osmo-svart,/products/surfingmount-dji-osmo-svart,YES,YES,Surfingfäste DJI Osmo - Svart Surfingfäste för DJI Osmo Actionkamera,,
product,dji-tello-snabbpropellrar,dji-tello-snabbpropellers,/products/dji-tello-snabbpropellrar,/products/dji-tello-snabbpropellers,YES,YES,Original DJI Tello Snabbpropellrar för Optimal Flygning,,
product,rc-n1-fjarrkontroll-for-dji-drones,rc-n1-remote-control-for-dji-drones,/products/rc-n1-fjarrkontroll-for-dji-drones,/products/rc-n1-remote-control-for-dji-drones,YES,YES,RC-N1 Remote Control for DJI - RC-N1 Fjärrkontroll för DJI Drönare,,
product,storage-bag-for-insta360-one-r-sportkamera,storage-bag-for-insta360-one-r-action-camera,/products/storage-bag-for-insta360-one-r-sportkamera,/products/storage-bag-for-insta360-one-r-action-camera,YES,YES,insta360 one r bateria - Förvaringsväska för Insta360 ONE,,
product,dji-osmo-action-styrfaste,dji-osmo-action-styrmount,/products/dji-osmo-action-styrfaste,/products/dji-osmo-action-styrmount,YES,YES,DJI Osmo Action Styrfäste för Cykelstyre,,
product,original-dji-osmo-action-3-linsskydd,original-dji-osmo-action-3-lens-protector,/products/original-dji-osmo-action-3-linsskydd,/products/original-dji-osmo-action-3-lens-protector,YES,YES,DJI Osmo Action cover - Original Linsskydd för DJI Osmo,,
product,insta360-one-x-case-skyddsfodral,insta360-one-x-case-protectionsfodral,/products/insta360-one-x-case-skyddsfodral,/products/insta360-one-x-case-protectionsfodral,YES,YES,Insta360 One X Fodral – Robust Kameraväska,,
product,htrc-rc-batterisakerhetsvaska,htrc-rc-batterysecuritysbag,/products/htrc-rc-batterisakerhetsvaska,/products/htrc-rc-batterysecuritysbag,YES,YES,HTRC RC Batterisäkerhetsväska för Säker Förvaring,,
product,multifunktionell-batterilada-dji-osmo-action-3,multifunktionell-batterylada-dji-osmo-action-3,/products/multifunktionell-batterilada-dji-osmo-action-3,/products/multifunktionell-batterylada-dji-osmo-action-3,YES,YES,DJI Osmo Action v1 - Original Multifunktionell Batterilåda för DJI,,
product,dji-fjarrkontroll-screen,dji-remote-control-screen,/products/dji-fjarrkontroll-screen,/products/dji-remote-control-screen,YES,YES,DJI fjärrkontroll skärm - Original DJI Fjärrkontroll med Integrerad,,
product,sugkoppsfaste-actionkamera-360-dubbelledad,sugkoppsmount-actionkamera-360-dubbelledad,/products/sugkoppsfaste-actionkamera-360-dubbelledad,/products/sugkoppsmount-actionkamera-360-dubbelledad,YES,YES,Sugkoppsfäste actionkamera - Dubbelledat Sugkoppsfäste,,
product,osmo-action-3-kulled-magnetiskt-faste,osmo-action-3-kulled-magnetiskt-mount,/products/osmo-action-3-kulled-magnetiskt-faste,/products/osmo-action-3-kulled-magnetiskt-mount,YES,YES,Osmo Action 3 kulled - Magnetisk Kulled för Osmo Action 3,,
product,fjarrkontroll-mobilhallare-dji-drones,remote-control-mobilhallare-dji-drones,/products/fjarrkontroll-mobilhallare-dji-drones,/products/remote-control-mobilhallare-dji-drones,YES,YES,Remote Control Extension Phone - Fjärrkontroll Mobilhållare för DJI,,
product,sunnylife-zj669-fjarrkontrollsfaste-dji-air-3-rc-2,sunnylife-zj669-remote-controlsmount-dji-air-3-rc-2,/products/sunnylife-zj669-fjarrkontrollsfaste-dji-air-3-rc-2,/products/sunnylife-zj669-remote-controlsmount-dji-air-3-rc-2,YES,YES,Sunnylife ZJ669 Remote Control - Sunnylife ZJ669 Fjärrkontrollsfäste,,
product,linsskydd-dji-osmo-action-3-4,lens-protector-dji-osmo-action-3-4,/products/linsskydd-dji-osmo-action-3-4,/products/lens-protector-dji-osmo-action-3-4,YES,YES,Reptåligt Linsskydd för DJI Osmo Action 3 / 4,,
product,dji-rc-2-silikonskal-stotsakert-case,dji-rc-2-silicone-case-stotsakert-case,/products/dji-rc-2-silikonskal-stotsakert-case,/products/dji-rc-2-silicone-case-stotsakert-case,YES,YES,Stötsäkert DJI RC 2 Silikonskal med Solskydd,,
product,sunnylife-landningsstall-lg664-dji-air-3,sunnylife-landing-gear-lg664-dji-air-3,/products/sunnylife-landningsstall-lg664-dji-air-3,/products/sunnylife-landing-gear-lg664-dji-air-3,YES,YES,Sunnylife Landningsställ LG664 för DJI Air 3,,
product,sunnylife-silikonfodral-insta360-go-3,sunnylife-siliconefodral-insta360-go-3,/products/sunnylife-silikonfodral-insta360-go-3,/products/sunnylife-siliconefodral-insta360-go-3,YES,YES,Sunnylife Insta360 GO - Sunnylife Silikonfodral för Insta360 GO,,
product,dammskydd-dji-mini-3-pro-laddport,dammprotection-dji-mini-3-pro-laddport,/products/dammskydd-dji-mini-3-pro-laddport,/products/dammprotection-dji-mini-3-pro-laddport,YES,YES,Battery Laddning Port - Dammskydd för Laddport till DJI Mini 3 Pro,,
product,sunnylife-fjarrkontroll-skyddsfodral-dji-rc2,sunnylife-remote-control-protectionsfodral-dji-rc2,/products/sunnylife-fjarrkontroll-skyddsfodral-dji-rc2,/products/sunnylife-remote-control-protectionsfodral-dji-rc2,YES,YES,Sunnylife Remote Control - Sunnylife Fjärrkontroll Skyddsfodral,,
product,linsskydd-gimbal-protection-dji-mini-3-pro,lens-protector-gimbal-protection-dji-mini-3-pro,/products/linsskydd-gimbal-protection-dji-mini-3-pro,/products/lens-protector-gimbal-protection-dji-mini-3-pro,YES,YES,Linsskydd och Gimbal Skydd för DJI Mini 3 Pro,,
product,airdrop-system-dronarkastare-dji-mavic-2,airdrop-system-dronekastare-dji-mavic-2,/products/airdrop-system-dronarkastare-dji-mavic-2,/products/airdrop-system-dronekastare-dji-mavic-2,YES,YES,Airdrop System Drönarkastare för DJI Mavic 2,,
product,dji-mavic-3-classic-skyddsfilm-sensor-membran,dji-mavic-3-classic-protectionsfilm-sensor-membran,/products/dji-mavic-3-classic-skyddsfilm-sensor-membran,/products/dji-mavic-3-classic-protectionsfilm-sensor-membran,YES,YES,Skyddsfilm för Sensor till DJI Mavic 3 Classic,,
product,insta360-one-x3-a516-panoramakamera-skyddsram,insta360-one-x3-a516-panoramakamera-protectionsram,/products/insta360-one-x3-a516-panoramakamera-skyddsram,/products/insta360-one-x3-a516-panoramakamera-protectionsram,YES,YES,Insta360 One X3 A516 Panoramic - Skyddsram för Insta360 One X3 A516,,
product,begagnad-fjarrkontroll-with-screen,begagnad-remote-control-with-screen,/products/begagnad-fjarrkontroll-with-screen,/products/begagnad-remote-control-with-screen,YES,YES,Second-Hand With Screen Remote - Begagnad Fjärrkontroll med Skärm,,
product,rcstq-expansionsfaste-led-screen-drones,rcstq-expansionsmount-led-screen-drones,/products/rcstq-expansionsfaste-led-screen-drones,/products/rcstq-expansionsmount-led-screen-drones,YES,YES,RCSTQ Expansion Buckle LED - RCSTQ Expansionsfäste med LED-Skärm,,
product,dji-fjarrkontrollskydd-silikon-stotsakert,dji-remote-controlprotection-silicone-stotsakert,/products/dji-fjarrkontrollskydd-silikon-stotsakert,/products/dji-remote-controlprotection-silicone-stotsakert,YES,YES,Stötsäkert DJI Fjärrkontrollskydd i Silikon,,
product,puluz-dji-fjarrkontrollskal-with-halsrem,puluz-dji-remote-controlshell-with-halsrem,/products/puluz-dji-fjarrkontrollskal-with-halsrem,/products/puluz-dji-remote-controlshell-with-halsrem,YES,YES,PULUZ DJI Fjärrkontrollskal med Halsrem,,
product,dji-fpv-kontrollfodral-puluz-silikon,dji-fpv-kontrollfodral-puluz-silicone,/products/dji-fpv-kontrollfodral-puluz-silikon,/products/dji-fpv-kontrollfodral-puluz-silicone,YES,YES,Skyddande DJI FPV Kontrollfodral i Silikon,,
product,dronarfaste-for-dji-mavic-3-mavic-2,dronemount-for-dji-mavic-3-mavic-2,/products/dronarfaste-for-dji-mavic-3-mavic-2,/products/dronemount-for-dji-mavic-3-mavic-2,YES,YES,Drönarfäste för DJI Mavic 3 / Mavic 2,,
product,skyddsfodral-dji-fpv-goggles-v1-v2,protectionsfodral-dji-fpv-goggles-v1-v2,/products/skyddsfodral-dji-fpv-goggles-v1-v2,/products/protectionsfodral-dji-fpv-goggles-v1-v2,YES,YES,Skyddsfodral för DJI FPV Goggles V1 V2,,
product,puluz-justerbart-halsfaste-gopro-actionkamera,puluz-justerbart-halsmount-gopro-actionkamera,/products/puluz-justerbart-halsfaste-gopro-actionkamera,/products/puluz-justerbart-halsmount-gopro-actionkamera,YES,YES,Halsfäste GoPro - PULUZ Justerbart Halsfäste för GoPro,,
product,dji-explosionssaker-batteripase-for-drones,dji-explosionssaker-batterypase-for-drones,/products/dji-explosionssaker-batteripase-for-drones,/products/dji-explosionssaker-batterypase-for-drones,YES,YES,DJI FPV/Avata/Mini3 Pro RCSTQ - Explosionssäker Batteripåse för DJI,,
product,dji-pocket-2-expansionsfaste-adapter,dji-pocket-2-expansionsmount-adapter,/products/dji-pocket-2-expansionsfaste-adapter,/products/dji-pocket-2-expansionsmount-adapter,YES,YES,DJI Pocket 2 fäste - Expansionsfäste för DJI Pocket 2 – RCSTQ,,
product,justerbar-dronarrem-dji-mavic-2,justerbar-dronerem-dji-mavic-2,/products/justerbar-dronarrem-dji-mavic-2,/products/justerbar-dronerem-dji-mavic-2,YES,YES,RCGEEK för DJI Mavic 2 - Justerbar Drönarrem för DJI Mavic,,
product,dji-avata-goggles-2-faste-aluminiumlegering,dji-avata-goggles-2-mount-aluminiumlegering,/products/dji-avata-goggles-2-faste-aluminiumlegering,/products/dji-avata-goggles-2-mount-aluminiumlegering,YES,YES,Fäste för DJI Avata Goggles 2 i Aluminiumlegering,,
product,silikonskal-insta360-x3,silicone-case-insta360-x3,/products/silikonskal-insta360-x3,/products/silicone-case-insta360-x3,YES,YES,Insta360 X3 Silicone - Silikonskal för Insta360 X3 Actionkamera,,
product,dji-mavic-air-2-neck-strap-fjarrkontroll,dji-mavic-air-2-neck-strap-remote-control,/products/dji-mavic-air-2-neck-strap-fjarrkontroll,/products/dji-mavic-air-2-neck-strap-remote-control,YES,YES,DJI Mavic Air 2 Nackrem med Snabbfäste,,
product,insta360-x3-linsskydd,insta360-x3-lens-protector,/products/insta360-x3-linsskydd,/products/insta360-x3-lens-protector,YES,YES,Skydda din kamera med Insta360 X3 linsskydd,,
product,storage-bag-dji-mini-3-pro-rcstq-fjarrkontroll,storage-bag-dji-mini-3-pro-rcstq-remote-control,/products/storage-bag-dji-mini-3-pro-rcstq-fjarrkontroll,/products/storage-bag-dji-mini-3-pro-rcstq-remote-control,YES,YES,DJI Mini 3 Pro RCSTQ Remote - Skyddande Förvaringsväska för DJI Mini,,
product,dji-fjarrkontroll-rem-halsrem-drone-controller,dji-remote-control-rem-halsrem-drone-controller,/products/dji-fjarrkontroll-rem-halsrem-drone-controller,/products/dji-remote-control-rem-halsrem-drone-controller,YES,YES,DJI fjärrkontroll rem - Halsrem för DJI Fjärrkontroll,,
product,sunnylife-storage-bag-handvaska-dji-mavic-3,sunnylife-storage-bag-handbag-dji-mavic-3,/products/sunnylife-storage-bag-handvaska-dji-mavic-3,/products/sunnylife-storage-bag-handbag-dji-mavic-3,YES,YES,Sunnylife Förvaringsväska Handbag - Sunnylife Förvaringsväska för DJI,,
product,sunnylife-m3p-bhm578-hd-skarmskydd-dji-mavic-3-pro,sunnylife-m3p-bhm578-hd-skarmprotection-dji-mavic-3-pro,/products/sunnylife-m3p-bhm578-hd-skarmskydd-dji-mavic-3-pro,/products/sunnylife-m3p-bhm578-hd-skarmprotection-dji-mavic-3-pro,YES,YES,Sunnylife M3P-BHM578 2 Sets HD - Sunnylife M3P-BHM578 HD Skärmskydd,,
product,puluz-kamerastativadapter-metallfaste,puluz-kamerastativadapter-metallmount,/products/puluz-kamerastativadapter-metallfaste,/products/puluz-kamerastativadapter-metallmount,YES,YES,PULUZ Kamerastativadapter för Mångsidig Montering,,
product,original-dronarglasogon-smart-battery-dji-fpv,original-droneglasogon-smart-battery-dji-fpv,/products/original-dronarglasogon-smart-battery-dji-fpv,/products/original-droneglasogon-smart-battery-dji-fpv,YES,YES,Original Drone Flying Glasses för DJI FPV Drönare,,
product,sunnylife-dron-kropp-fjarrkontroll-dekalset,sunnylife-dron-kropp-remote-control-dekalset,/products/sunnylife-dron-kropp-fjarrkontroll-dekalset,/products/sunnylife-dron-kropp-remote-control-dekalset,YES,YES,Sunnylife Drone Body Remote - Sunnylife Dekalset för Drönarkropp,,
product,dji-rc-plus-protection-sunnylife-yk570-fjarrkontroll,dji-rc-plus-protection-sunnylife-yk570-remote-control,/products/dji-rc-plus-protection-sunnylife-yk570-fjarrkontroll,/products/dji-rc-plus-protection-sunnylife-yk570-remote-control,YES,YES,Robust DJI RC Plus Skydd med Solskydd,,
product,sunnylife-at-dc503-dji-avata-batterilas,sunnylife-at-dc503-dji-avata-batterylas,/products/sunnylife-at-dc503-dji-avata-batterilas,/products/sunnylife-at-dc503-dji-avata-batterylas,YES,YES,Sunnylife AT-DC503 för DJI - Sunnylife AT-DC503 Batterispänne för DJI,,
product,kameravaska-gopro-hero-protection,kamerabag-gopro-hero-protection,/products/kameravaska-gopro-hero-protection,/products/kamerabag-gopro-hero-protection,YES,YES,gopro 9 kamera - Kameraväska för Gopro 9 och Gopro 10,,
product,sunnylife-gz580-faste-for-mavic-3-pro,sunnylife-gz580-mount-for-mavic-3-pro,/products/sunnylife-gz580-faste-for-mavic-3-pro,/products/sunnylife-gz580-mount-for-mavic-3-pro,YES,YES,Sunnylife GZ580 For Mavic 3 - Sunnylife GZ580 Fäste för Mavic,,
product,dji-mavic-3-dronarkastare-startrc-kastsystem,dji-mavic-3-dronekastare-startrc-kastsystem,/products/dji-mavic-3-dronarkastare-startrc-kastsystem,/products/dji-mavic-3-dronekastare-startrc-kastsystem,YES,YES,DJI Mavic 3 Drönarkastare med STARTRC Kastsystem,,
product,tradlos-ljudoverforing-oled-dji,wireless-audiooverforing-oled-dji,/products/tradlos-ljudoverforing-oled-dji,/products/wireless-audiooverforing-oled-dji,YES,YES,"Original Wireless Transmission With OLED Touch Screen For DJI Mic, Model:1 Transmitters 1 Receiver, 2 Transmitters 1 Receiver, 1 Transmitters 1 Receiver",,
product,sunnylife-ty-q9354-airtag-faste-for-dji-drones,sunnylife-ty-q9354-airtag-mount-for-dji-drones,/products/sunnylife-ty-q9354-airtag-faste-for-dji-drones,/products/sunnylife-ty-q9354-airtag-mount-for-dji-drones,YES,YES,Sunnylife TY-Q9354 AirTag Fäste för DJI,,
product,vinklad-arm-actionkamera-universal-faste-gopro-dji,vinklad-arm-actionkamera-universal-mount-gopro-dji,/products/vinklad-arm-actionkamera-universal-faste-gopro-dji,/products/vinklad-arm-actionkamera-universal-mount-gopro-dji,YES,YES,Sports Kamera Accessories - Mångsidiga Actionkamera,,
product,bg30-batterigrepp-dji-rs-3-pro-rs-2,bg30-batterygrepp-dji-rs-3-pro-rs-2,/products/bg30-batterigrepp-dji-rs-3-pro-rs-2,/products/bg30-batterygrepp-dji-rs-3-pro-rs-2,YES,YES,Batterigrepp DJI RS 3 Pro - BG30 Batterigrepp för DJI RS 3 Pro och RS,,
product,dji-rc-n1-datakabel-fjarrkontroll-telefon,dji-rc-n1-datacable-remote-control-telefon,/products/dji-rc-n1-datakabel-fjarrkontroll-telefon,/products/dji-rc-n1-datacable-remote-control-telefon,YES,YES,DJI RC-N1 Datakabel för Fjärrkontrollanslutning,,
product,dji-mavic-2-rcstq-rcgeek-expansionsfaste,dji-mavic-2-rcstq-rcgeek-expansionsmount,/products/dji-mavic-2-rcstq-rcgeek-expansionsfaste,/products/dji-mavic-2-rcstq-rcgeek-expansionsmount,YES,YES,RCSTQ RCGEEK för DJI Mavic 2 - RCSTQ RCGEEK Multifunktionellt,,
product,sunnylife-fv-dc261-batteriskydd-explosionssaker-va,sunnylife-fv-dc261-batteryprotection-explosionssaker-va,/products/sunnylife-fv-dc261-batteriskydd-explosionssaker-va,/products/sunnylife-fv-dc261-batteryprotection-explosionssaker-va,YES,YES,Sunnylife FV-DC261 Battery - Sunnylife FV-DC261 Batteriskydd för DJI,,
product,sunnylife-fv-q9307-dji-fpv-skyddsfodral,sunnylife-fv-q9307-dji-fpv-protectionsfodral,/products/sunnylife-fv-q9307-dji-fpv-skyddsfodral,/products/sunnylife-fv-q9307-dji-fpv-protectionsfodral,YES,YES,Sunnylife FV-Q9307 For DJI FPV - Skyddsfodral Sunnylife FV-Q9307,,
product,sunnylife-sportkamera-filter-insta360-go-2,sunnylife-action-camera-filter-insta360-go-2,/products/sunnylife-sportkamera-filter-insta360-go-2,/products/sunnylife-action-camera-filter-insta360-go-2,YES,YES,Sunnylife Sports Camera Filter - Sunnylife Filter för Insta360 GO,,
product,sunnylife-ty-x9304-kabelset-dji-dronarkabel,sunnylife-ty-x9304-cableset-dji-dronecable,/products/sunnylife-ty-x9304-kabelset-dji-dronarkabel,/products/sunnylife-ty-x9304-cableset-dji-dronecable,YES,YES,Sunnylife TY-X9304 Suitable - Sunnylife TY-X9304 Kabelset för DJI,,
product,snorkelmask-helansikte-dual-tuber-silikon,snorkelmask-helansikte-dual-tuber-silicone,/products/snorkelmask-helansikte-dual-tuber-silikon,/products/snorkelmask-helansikte-dual-tuber-silicone,YES,YES,Snorkelmask Helansikte med Dubbla Tuber,,
product,insta360-one-x2-metallbur-vertikalt-camera-tripod,insta360-one-x2-metal-cage-vertikalt-camera-tripod,/products/insta360-one-x2-metallbur-vertikalt-camera-tripod,/products/insta360-one-x2-metal-cage-vertikalt-camera-tripod,YES,YES,insta360 one x2 prisjakt - Vertikal Kamerabur i Metall för Insta360,,
product,sunnylife-ist-q9335-kamerarem-silikon,sunnylife-ist-q9335-kamerarem-silicone,/products/sunnylife-ist-q9335-kamerarem-silikon,/products/sunnylife-ist-q9335-kamerarem-silicone,YES,YES,Sunnylife IST-Q9335 Kamera - Sunnylife IST-Q9335 Kamerarem i Silikon,,
product,cykelhjalm-faste-actionkamera-multi-led-arm,cykelhjalm-mount-actionkamera-multi-led-arm,/products/cykelhjalm-faste-actionkamera-multi-led-arm,/products/cykelhjalm-mount-actionkamera-multi-led-arm,YES,YES,Cykelhjälm Fäste för Actionkamera med Multi-Led Arm,,
product,dronarplatta-dji-mavic-dubbelsidig,droneplatta-dji-mavic-dubbelsidig,/products/dronarplatta-dji-mavic-dubbelsidig,/products/droneplatta-dji-mavic-dubbelsidig,YES,YES,Drönarplatta för DJI Mavic - Drönarplatta Dubbelsidig för DJI Mavic,,
product,fjarrkontrollsfaste-surfplatta-dji-drones,remote-controlsmount-surfplatta-dji-drones,/products/fjarrkontrollsfaste-surfplatta-dji-drones,/products/remote-controlsmount-surfplatta-dji-drones,YES,YES,Fjärrkontrollsfäste för Surfplatta till DJI,,
product,dji-drones-datakabel-aluminium,dji-drones-datacable-aluminium,/products/dji-drones-datakabel-aluminium,/products/dji-drones-datacable-aluminium,YES,YES,DJI Drönare Datakabel med Aluminiumhölje,,
product,dronarfaste-surfplatta,dronemount-surfplatta,/products/dronarfaste-surfplatta,/products/dronemount-surfplatta,YES,YES,Drönarfäste Surfplatta: Stabil Hållare för Fjärrkontrollen,,
product,dji-osmo-5-gimbalvaska-forvaring,dji-osmo-5-gimbalbag-storage,/products/dji-osmo-5-gimbalvaska-forvaring,/products/dji-osmo-5-gimbalbag-storage,YES,YES,Förvaringsväska för DJI Osmo 5 Gimbal,,
product,dronardekaler-haj-3-pack,dronedekaler-haj-3-pack,/products/dronardekaler-haj-3-pack,/products/dronedekaler-haj-3-pack,YES,YES,Drönardekaler Haj 3-pack för Personlig Stil,,
product,sunnylife-explosionssaker-batterivaska-dji-mini-3,sunnylife-explosionssaker-batterybag-dji-mini-3,/products/sunnylife-explosionssaker-batterivaska-dji-mini-3,/products/sunnylife-explosionssaker-batterybag-dji-mini-3,YES,YES,DJI Mini 3 Pro v1 - Explosionssäker Batteriväska för DJI Mini 3 Pro,,
product,brdrc-dronarverktyg-4-i-1-repair-demontering,brdrc-droneverktyg-4-i-1-repair-demontering,/products/brdrc-dronarverktyg-4-i-1-repair-demontering,/products/brdrc-droneverktyg-4-i-1-repair-demontering,YES,YES,BRDRC drönarverktyg - BRDRC 4-i-1 Drönarverktyg för Reparation,,
product,sunnylife-lg380-hojningsstativ-follbart-droppskydd,sunnylife-lg380-hojningsstativ-follbart-droppprotection,/products/sunnylife-lg380-hojningsstativ-follbart-droppskydd,/products/sunnylife-lg380-hojningsstativ-follbart-droppprotection,YES,YES,Sunnylife LG380 Heightening - Sunnylife LG380 Höjningsstativ för DJI,,
product,usb-dronarladdkabel-3-7v-350mah,usb-droneladdcable-3-7v-350mah,/products/usb-dronarladdkabel-3-7v-350mah,/products/usb-droneladdcable-3-7v-350mah,YES,YES,USB Drönarladdkabel för 3.7V 350mAh,,
product,sunnylife-skyddsfodral-dji-rc-fjarrkontroll-siliko,sunnylife-protectionsfodral-dji-rc-remote-control-siliko,/products/sunnylife-skyddsfodral-dji-rc-fjarrkontroll-siliko,/products/sunnylife-protectionsfodral-dji-rc-remote-control-siliko,YES,YES,Sunnylife For DJI RC Remote - Skyddande Silikonfodral för DJI,,
product,sunnylife-mini-3-pro-band-dji-rc-fjarrkontroll,sunnylife-mini-3-pro-band-dji-rc-remote-control,/products/sunnylife-mini-3-pro-band-dji-rc-fjarrkontroll,/products/sunnylife-mini-3-pro-band-dji-rc-remote-control,YES,YES,Sunnylife Mini 3 Pro Band för DJI RC Fjärrkontroll,,
product,sunnylife-mm3-ghm387-9h-2-5d-hartat-skarmskydd-min,sunnylife-mm3-ghm387-9h-2-5d-hartat-skarmprotection-min,/products/sunnylife-mm3-ghm387-9h-2-5d-hartat-skarmskydd-min,/products/sunnylife-mm3-ghm387-9h-2-5d-hartat-skarmprotection-min,YES,YES,Sunnylife MM3-GHM387 9H 2.5D - Härdat Skärmskydd för Mini3,,
product,dji-mavic-2-gimbalfaste-nedre-stod-drones,dji-mavic-2-gimbalmount-nedre-stod-drones,/products/dji-mavic-2-gimbalfaste-nedre-stod-drones,/products/dji-mavic-2-gimbalmount-nedre-stod-drones,YES,YES,DJI Mavic 2 gimbalfäste - Nedre Gimbalfäste för DJI Mavic 2 Pro/Zoom,,
product,batteriskydd-dji-mini-3-4,batteryprotection-dji-mini-3-4,/products/batteriskydd-dji-mini-3-4,/products/batteryprotection-dji-mini-3-4,YES,YES,DJI Mini 3 batteriskydd - 3-pack Silikonfodral,,
product,dji-avata-skyddsfilm-sensor-lins-glasogon-protection,dji-avata-protectionsfilm-sensor-lins-glasogon-protection,/products/dji-avata-skyddsfilm-sensor-lins-glasogon-protection,/products/dji-avata-protectionsfilm-sensor-lins-glasogon-protection,YES,YES,DJI Avata skyddsfilm - Skyddsfilm för DJI Avata Drönare och Glasögon,,
product,gimbal-motortillbehor-phantom-4-spare-parts,gimbal-motoraccessories-phantom-4-spare-parts,/products/gimbal-motortillbehor-phantom-4-spare-parts,/products/gimbal-motoraccessories-phantom-4-spare-parts,YES,YES,Gimbal Motor Accessories - Gimbal Motortillbehör för DJI Phantom,,
product,dji-avata-batteriskydd-explosionssaker-forvaringsv,dji-avata-batteryprotection-explosionssaker-storagesv,/products/dji-avata-batteriskydd-explosionssaker-forvaringsv,/products/dji-avata-batteryprotection-explosionssaker-storagesv,YES,YES,Explosionssäkert DJI Avata Batteriskydd,,
product,sunnylife-at-bhm476-hd-skyddsfilm-dji-goggles-2,sunnylife-at-bhm476-hd-protectionsfilm-dji-goggles-2,/products/sunnylife-at-bhm476-hd-skyddsfilm-dji-goggles-2,/products/sunnylife-at-bhm476-hd-protectionsfilm-dji-goggles-2,YES,YES,Skyddsfilm Sunnylife AT-BHM476 HD för DJI Goggles 2,,
product,jsr-dronarfilter-linsfilter-dji-avata,jsr-dronefilter-linsfilter-dji-avata,/products/jsr-dronarfilter-linsfilter-dji-avata,/products/jsr-dronefilter-linsfilter-dji-avata,YES,YES,JSR Drönarfilter till DJI Avata – Optimerad,,
product,dji-mini-4-pro-charging-hub-tvavagsladdare,dji-mini-4-pro-charging-hub-tvavagscharger,/products/dji-mini-4-pro-charging-hub-tvavagsladdare,/products/dji-mini-4-pro-charging-hub-tvavagscharger,YES,YES,DJI Mini 4 Pro Laddhubb för Effektiv Batteriladdning,,
product,jsr-mini-3-pro-filter-dronarfilter,jsr-mini-3-pro-filter-dronefilter,/products/jsr-mini-3-pro-filter-dronarfilter,/products/jsr-mini-3-pro-filter-dronefilter,YES,YES,JSR Mini 3 Pro Filter för Optimal Drönarfotografering,,
product,dji-fpv-dronarvaska-waterproof-axelvas,dji-fpv-dronebag-waterproof-axelvas,/products/dji-fpv-dronarvaska-waterproof-axelvas,/products/dji-fpv-dronebag-waterproof-axelvas,YES,YES,Robust DJI FPV Drönarväska för Säker Transport,,
product,sunnylife-avata-gimbal-linsskydd-aluminium,sunnylife-avata-gimbal-lens-protector-aluminium,/products/sunnylife-avata-gimbal-linsskydd-aluminium,/products/sunnylife-avata-gimbal-lens-protector-aluminium,YES,YES,Sunnylife Avata Gimbal Skydd i Aluminium,,
product,dji-avata-dronarvaska-stotsaker-waterproof,dji-avata-dronebag-stotsaker-waterproof,/products/dji-avata-dronarvaska-stotsaker-waterproof,/products/dji-avata-dronebag-stotsaker-waterproof,YES,YES,Stötsäker och Vattentät Väska för DJI Avata Drone,,
product,dji-avata-batterilas-protection,dji-avata-batterylas-protection,/products/dji-avata-batterilas-protection,/products/dji-avata-batterylas-protection,YES,YES,Säkert DJI Avata Batterilås för Din Drönare,,
product,dji-avata-dronarvaska-hardskal-waterproof,dji-avata-dronebag-hardshell-waterproof,/products/dji-avata-dronarvaska-hardskal-waterproof,/products/dji-avata-dronebag-hardshell-waterproof,YES,YES,väska till drönare tillbehör - Hårdskalsväska för DJI Avata Drönare,,
product,expansionsfaste-dji-fpv,expansionsmount-dji-fpv,/products/expansionsfaste-dji-fpv,/products/expansionsmount-dji-fpv,YES,YES,Expansionsfäste DJI FPV - Expansionsfäste för DJI FPV Drönare,,
product,dji-avata-expansionsfaste,dji-avata-expansionsmount,/products/dji-avata-expansionsfaste,/products/dji-avata-expansionsmount,YES,YES,dji avata batteri - DJI Avata Övre Expansionsfäste för Tillbehör,,
product,dji-avata-cqt-2-i-1-batterispanne,dji-avata-cqt-2-i-1-batteryspanne,/products/dji-avata-cqt-2-i-1-batterispanne,/products/dji-avata-cqt-2-i-1-batteryspanne,YES,YES,DJI Avata CQT 2 In 1 Battery - DJI Avata CQT 2-i-1 Batterispänne,,
product,batterifaste-cqt-913318-forstarkning,batterymount-cqt-913318-forstarkning,/products/batterifaste-cqt-913318-forstarkning,/products/batterymount-cqt-913318-forstarkning,YES,YES,CQT Batterifäste 913318 för Drönare,,
product,dji-avata-cqt-913407-batterikontaktskydd,dji-avata-cqt-913407-batterycontactprotection,/products/dji-avata-cqt-913407-batterikontaktskydd,/products/dji-avata-cqt-913407-batterycontactprotection,YES,YES,DJI Avata CQT 913407 - Batterikontaktskydd för DJI Avata CQT,,
product,dji-avata-batteril-913491,dji-avata-batteryl-913491,/products/dji-avata-batteril-913491,/products/dji-avata-batteryl-913491,YES,YES,DJI Avata batteril 913491 - Säkerställ din DJI Avata med Batteril 9134,,
product,skyddskit-for-dji-mavic-3-huvudkamera,protectionskit-for-dji-mavic-3-huvudkamera,/products/skyddskit-for-dji-mavic-3-huvudkamera,/products/protectionskit-for-dji-mavic-3-huvudkamera,YES,YES,DJI Mavic 3 Kameraskydd – Komplett Skyddskit,,
product,dji-rc-silikonskydd-fjarrkontroll,dji-rc-siliconeprotection-remote-control,/products/dji-rc-silikonskydd-fjarrkontroll,/products/dji-rc-siliconeprotection-remote-control,YES,YES,DJI RC silikonskydd - Skydda Din DJI RC Fjärrkontroll med Silikonskydd,,
product,drones-tillbehorspaket-intelligent-battery-laddni,drones-accessoriesspaket-intelligent-battery-laddni,/products/drones-tillbehorspaket-intelligent-battery-laddni,/products/drones-accessoriesspaket-intelligent-battery-laddni,YES,YES,Komplett Drönare Tillbehörspaket med Intelligent Laddning,,
product,sunnylife-ist-tz485-skyddsfilm-dji-insta360-x3,sunnylife-ist-tz485-protectionsfilm-dji-insta360-x3,/products/sunnylife-ist-tz485-skyddsfilm-dji-insta360-x3,/products/sunnylife-ist-tz485-protectionsfilm-dji-insta360-x3,YES,YES,Sunnylife IST-TZ485 For DJI - Sunnylife IST-TZ485 Skyddsfilm,,
product,insta360-one-x2-sunnylife-silikonskal,insta360-one-x2-sunnylife-silicone-case,/products/insta360-one-x2-sunnylife-silikonskal,/products/insta360-one-x2-sunnylife-silicone-case,YES,YES,insta360 one x2 elgiganten - Skyddande Silikonskal för Insta360 One X2,,
product,sunnylife-zg547-solskydd-mavic-3-rc-pro-mini3-pro,sunnylife-zg547-solprotection-mavic-3-rc-pro-mini3-pro,/products/sunnylife-zg547-solskydd-mavic-3-rc-pro-mini3-pro,/products/sunnylife-zg547-solprotection-mavic-3-rc-pro-mini3-pro,YES,YES,"Mavic 3 solskydd - Solskydd för Mavic 3, RC Pro och Mini 3 Pro",,
product,faste-dji-mavic-pro-dronarfjarrkontroll,mount-dji-mavic-pro-droneremote-control,/products/faste-dji-mavic-pro-dronarfjarrkontroll,/products/mount-dji-mavic-pro-droneremote-control,YES,YES,DJI Mavic Pro Drone Remote - Fäste för DJI Mavic,,
product,insta360-x3-one-x2-ulanzi-cold-shoe-faste,insta360-x3-one-x2-ulanzi-cold-shoe-mount,/products/insta360-x3-one-x2-ulanzi-cold-shoe-faste,/products/insta360-x3-one-x2-ulanzi-cold-shoe-mount,YES,YES,Insta360 X3 / One X2 Ulanzi - Ulanzi Cold Shoe Fäste för Insta360 X3,,
product,waterproof-bag-33x24cm-stotsaker-forvaring,waterproof-bag-33x24cm-stotsaker-storage,/products/waterproof-bag-33x24cm-stotsaker-forvaring,/products/waterproof-bag-33x24cm-stotsaker-storage,YES,YES,Vattentät Väska 33x24cm för Stötsäker Förvaring,,
product,ruigpro-stotsaker-bag-waterproof-forvaring,ruigpro-stotsaker-bag-waterproof-storage,/products/ruigpro-stotsaker-bag-waterproof-forvaring,/products/ruigpro-stotsaker-bag-waterproof-storage,YES,YES,RUIGPRO stötsäker väska - RUIGPRO Stötsäker Vattentät Förvaringslåda,,
product,diy-kameravaska-medium,diy-kamerabag-medium,/products/diy-kameravaska-medium,/products/diy-kamerabag-medium,YES,YES,diy portable handbag - Anpassningsbar DIY Kameraväska Medium,,
product,mavic-air-2-axelvaska,mavic-air-2-axelbag,/products/mavic-air-2-axelvaska,/products/mavic-air-2-axelbag,YES,YES,Mavic Air 2 Axelväska för Säker Drönartransport,,
product,fimi-x8-mini-axelvaska-stotsaker-waterproof,fimi-x8-mini-axelbag-stotsaker-waterproof,/products/fimi-x8-mini-axelvaska-stotsaker-waterproof,/products/fimi-x8-mini-axelbag-stotsaker-waterproof,YES,YES,FIMI X8 Mini Axelväska för Drönare – Säker Transport,,
product,dji-mini-2-axelvaska,dji-mini-2-axelbag,/products/dji-mini-2-axelvaska,/products/dji-mini-2-axelbag,YES,YES,DJI Mini 2 Axelväska för Drönare och Tillbehör,,
product,startrc-1109143-50cm-barbar-dronarplatta,startrc-1109143-50cm-barbar-droneplatta,/products/startrc-1109143-50cm-barbar-dronarplatta,/products/startrc-1109143-50cm-barbar-droneplatta,YES,YES,STARTRC 1109143 50cm Portable - STARTRC 1109143 50cm Vikbar,,
product,fimi-x8-mini-bag-axelremsvaska-stotsaker,fimi-x8-mini-bag-axelremsbag-stotsaker,/products/fimi-x8-mini-bag-axelremsvaska-stotsaker,/products/fimi-x8-mini-bag-axelremsbag-stotsaker,YES,YES,FIMI X8 Mini väska - Skyddande Axelremsväska för FIMI X8 Mini Drönare,,
product,sunnylife-m3-b325-dronarforvaringsvaska-with-karbin,sunnylife-m3-b325-dronestoragesbag-with-karbin,/products/sunnylife-m3-b325-dronarforvaringsvaska-with-karbin,/products/sunnylife-m3-b325-dronestoragesbag-with-karbin,YES,YES,Sunnylife M3-B325 Drone - Sunnylife M3-B325 Drönarväska med Karbinhake,,
product,dji-mini-se-axelvaska-stotsaker,dji-mini-se-axelbag-stotsaker,/products/dji-mini-se-axelvaska-stotsaker,/products/dji-mini-se-axelbag-stotsaker,YES,YES,DJI Mini SE Axelväska med Stötskydd,,
product,propellerhallare-mavic-3-silikon,propellerhallare-mavic-3-silicone,/products/propellerhallare-mavic-3-silikon,/products/propellerhallare-mavic-3-silicone,YES,YES,Propellerhållare Mavic 3 i Silikon,,
product,dji-avata-hardvaska-stotsakert-dronarfodral,dji-avata-hardbag-stotsakert-dronefodral,/products/dji-avata-hardvaska-stotsakert-dronarfodral,/products/dji-avata-hardbag-stotsakert-dronefodral,YES,YES,DJI Avata Hårdväska – Optimalt Skydd för Drönare,,
product,dji-avata-dronarvaska-hard,dji-avata-dronebag-hard,/products/dji-avata-dronarvaska-hard,/products/dji-avata-dronebag-hard,YES,YES,DJI Avata drönarväska - Hård Drönarväska för DJI Avata,,
product,insta360-x3-metallbur-skyddsram,insta360-x3-metal-cage-protectionsram,/products/insta360-x3-metallbur-skyddsram,/products/insta360-x3-metal-cage-protectionsram,YES,YES,Insta360 X3 Metallbur för Optimalt Kameraskydd,,
product,dji-n1-silikonskydd-kontrollenhet,dji-n1-siliconeprotection-kontrollenhet,/products/dji-n1-silikonskydd-kontrollenhet,/products/dji-n1-siliconeprotection-kontrollenhet,YES,YES,DJI N1 Silikonskydd för Kontrollenhet,,
product,skarmskydd-gopro-hero10-haradat-glas,skarmprotection-gopro-hero10-haradat-glas,/products/skarmskydd-gopro-hero10-haradat-glas,/products/skarmprotection-gopro-hero10-haradat-glas,YES,YES,GoPro HERO10 Skärmskydd i Härdat Glas,,
product,sunnylife-tjp11-80cm-hexagonal-dronarplatta,sunnylife-tjp11-80cm-hexagonal-droneplatta,/products/sunnylife-tjp11-80cm-hexagonal-dronarplatta,/products/sunnylife-tjp11-80cm-hexagonal-droneplatta,YES,YES,Sunnylife TJP11 80cm Hexagonal Drönarplatta,,
product,sunnylife-landningsstall-dji-mavic-3-pro,sunnylife-landing-gear-dji-mavic-3-pro,/products/sunnylife-landningsstall-dji-mavic-3-pro,/products/sunnylife-landing-gear-dji-mavic-3-pro,YES,YES,dji stativ - Sunnylife - Sunnylife Landningsställ för DJI Mavic 3 Pro,,
product,insta360-go-3-puluz-2-i-1-skarmskydd-linsskydd,insta360-go-3-puluz-2-i-1-skarmprotection-lens-protector,/products/insta360-go-3-puluz-2-i-1-skarmskydd-linsskydd,/products/insta360-go-3-puluz-2-i-1-skarmprotection-lens-protector,YES,YES,Insta360 GO 3 PULUZ 2 in 1 - Insta360 GO 3 PULUZ 2-i-1 Skyddskit,,
product,insta360-go-3-skyddsbur,insta360-go-3-protectionsbur,/products/insta360-go-3-skyddsbur,/products/insta360-go-3-protectionsbur,YES,YES,Insta360 Go 3 Skyddsbur för Optimalt Skydd,,
product,sunnylife-dronarplatta-110cm-vikbar,sunnylife-droneplatta-110cm-vikbar,/products/sunnylife-dronarplatta-110cm-vikbar,/products/sunnylife-droneplatta-110cm-vikbar,YES,YES,Sunnylife Drönarplatta 110cm för Säker Landning,,
product,insta360-go-3-kamerabatteri-skyddsfodral,insta360-go-3-kamerabattery-protectionsfodral,/products/insta360-go-3-kamerabatteri-skyddsfodral,/products/insta360-go-3-kamerabattery-protectionsfodral,YES,YES,Insta360 GO 3 Kamera Battery - Skyddsfodral för Insta360 GO,,
product,insta360-go-3-silikonskal,insta360-go-3-silicone-case,/products/insta360-go-3-silikonskal,/products/insta360-go-3-silicone-case,YES,YES,Insta360 GO 3 Silikonskal – Skydd och Stil,,
product,insta360-go-3-mini-kroppsvaska-karbinhake,insta360-go-3-mini-kroppsbag-karbinhake,/products/insta360-go-3-mini-kroppsvaska-karbinhake,/products/insta360-go-3-mini-kroppsbag-karbinhake,YES,YES,Insta360 GO 3 Mini Body Bag - Insta360 GO 3 Mini Kroppsväska,,
product,startrc-waterproof-dronarvaska-dji-air-3,startrc-waterproof-dronebag-dji-air-3,/products/startrc-waterproof-dronarvaska-dji-air-3,/products/startrc-waterproof-dronebag-dji-air-3,YES,YES,Vattentät DJI Air 3 drönarväska för säker förvaring,,
product,startrc-dronarplatta-55x55cm-hopfallbar,startrc-droneplatta-55x55cm-hopfallbar,/products/startrc-dronarplatta-55x55cm-hopfallbar,/products/startrc-droneplatta-55x55cm-hopfallbar,YES,YES,STARTRC Drönarplatta 55x55cm för Säker Landning,,
product,brdrc-2-i-1-linsskydd-gimbal-protection-dji-mavic-3-pro,brdrc-2-i-1-lens-protector-gimbal-protection-dji-mavic-3-pro,/products/brdrc-2-i-1-linsskydd-gimbal-protection-dji-mavic-3-pro,/products/brdrc-2-i-1-lens-protector-gimbal-protection-dji-mavic-3-pro,YES,YES,dji mavic 3pro - BRDRC 2-i-1 Linsskydd och Gimbal Skydd för DJI Mavic,,
product,dji-inspire-3-propellers-with-snabbfaste,dji-inspire-3-propellers-with-snabbmount,/products/dji-inspire-3-propellers-with-snabbfaste,/products/dji-inspire-3-propellers-with-snabbmount,YES,YES,DJI Inspire 3 Propellrar med Snabbfäste,,
product,lktop-200w-snabbladdare-for-dji-mavic-3-series,lktop-200w-snabbcharger-for-dji-mavic-3-series,/products/lktop-200w-snabbladdare-for-dji-mavic-3-series,/products/lktop-200w-snabbcharger-for-dji-mavic-3-series,YES,YES,DJI Mavic 3 Serie LKTOP - LKTOP 200W Snabbladdare för DJI Mavic,,
product,dji-mavic-3-pro-propskydd,dji-mavic-3-pro-propprotection,/products/dji-mavic-3-pro-propskydd,/products/dji-mavic-3-pro-propprotection,YES,YES,Original DJI Mavic 3 Pro Propskydd för Drönare,,
product,dji-inspire-3-charger-tb51-smart-batterihanterare,dji-inspire-3-charger-tb51-smart-batteryhanterare,/products/dji-inspire-3-charger-tb51-smart-batterihanterare,/products/dji-inspire-3-charger-tb51-smart-batteryhanterare,YES,YES,Smart Batterihanterare för DJI Inspire 3 Laddare,,
product,dji-air-3-bag-prot-hard-forvaring,dji-air-3-bag-prot-hard-storage,/products/dji-air-3-bag-prot-hard-forvaring,/products/dji-air-3-bag-prot-hard-storage,YES,YES,DJI Air 3 väska prot - Hård skyddsväska,,
product,dji-avata-bag-barbart-skyddsfodral,dji-avata-bag-barbart-protectionsfodral,/products/dji-avata-bag-barbart-skyddsfodral,/products/dji-avata-bag-barbart-protectionsfodral,YES,YES,DJI Avata Väska – Skyddande Förvaring FPV Drönare,,
product,kamerakabel-dji-mic-anslutning,kameracable-dji-mic-anslutning,/products/kamerakabel-dji-mic-anslutning,/products/kameracable-dji-mic-anslutning,YES,YES,Original Camera Connection för DJI Mikrofon,,
product,puluz-skyddsram-ins-frame-insta360-go-3,puluz-protectionsram-ins-frame-insta360-go-3,/products/puluz-skyddsram-ins-frame-insta360-go-3,/products/puluz-protectionsram-ins-frame-insta360-go-3,YES,YES,PULUZ skyddsram Ins frame för Insta360 GO 3,,
product,dji-osmo-action-surfkit-faste-actionkamera,dji-osmo-action-surfkit-mount-actionkamera,/products/dji-osmo-action-surfkit-faste-actionkamera,/products/dji-osmo-action-surfkit-mount-actionkamera,YES,YES,DJI Osmo Action Surfkit för Vattensport,,
product,cykelsadel-faste-actionkamera-original-montering,cykelsadel-mount-actionkamera-original-montering,/products/cykelsadel-faste-actionkamera-original-montering,/products/cykelsadel-mount-actionkamera-original-montering,YES,YES,Original Bike Seat Rail Mount för Actionkamera,,
product,silikonskal-dji-osmo-action-4-3,silicone-case-dji-osmo-action-4-3,/products/silikonskal-dji-osmo-action-4-3,/products/silicone-case-dji-osmo-action-4-3,YES,YES,silikonskal DJI Osmo - Skyddande Silikonskal för DJI Osmo Action 4/3,,
product,insta360-go-3-skyddsram,insta360-go-3-protectionsram,/products/insta360-go-3-skyddsram,/products/insta360-go-3-protectionsram,YES,YES,Insta360 GO 3 Skyddsram för Maximalt Skydd,,
product,puluz-skyddsram-insta360,puluz-protectionsram-insta360,/products/puluz-skyddsram-insta360,/products/puluz-protectionsram-insta360,YES,YES,PULUZ skyddsram Insta360 GO 3 - Skydda din kamera,,
product,sunnylife-ist-bk592-faste-insta360-go-3-skyddande,sunnylife-ist-bk592-mount-insta360-go-3-protective,/products/sunnylife-ist-bk592-faste-insta360-go-3-skyddande,/products/sunnylife-ist-bk592-mount-insta360-go-3-protective,YES,YES,Sunnylife IST-BK592 Mount - Sunnylife IST-BK592 Skyddsfäste,,
product,pgytech-snabbfaste-dji-rs3-mini-rs3,pgytech-snabbmount-dji-rs3-mini-rs3,/products/pgytech-snabbfaste-dji-rs3-mini-rs3,/products/pgytech-snabbmount-dji-rs3-mini-rs3,YES,YES,DJI RS3 Mini/RS3 PGYTECH - PGYTECH Snabbfäste för DJI RS3 Mini och RS3,,
product,sunnylife-zj585-solskydd-kamerahallare-snabbfaste,sunnylife-zj585-solprotection-kamerahallare-snabbmount,/products/sunnylife-zj585-solskydd-kamerahallare-snabbfaste,/products/sunnylife-zj585-solprotection-kamerahallare-snabbmount,YES,YES,Sunnylife ZJ585 Solskydd Kamerahållare för Bil,,
product,sunnylife-ist-bht594-camera-silikonskydd-insta360,sunnylife-ist-bht594-camera-siliconeprotection-insta360,/products/sunnylife-ist-bht594-camera-silikonskydd-insta360,/products/sunnylife-ist-bht594-camera-siliconeprotection-insta360,YES,YES,Sunnylife IST-BHT594 Camera - Sunnylife IST-BHT594 Silikonskydd,,
product,sunnylife-linsskydd-hartat-glas-dji-air-3,sunnylife-lens-protector-hartat-glas-dji-air-3,/products/sunnylife-linsskydd-hartat-glas-dji-air-3,/products/sunnylife-lens-protector-hartat-glas-dji-air-3,YES,YES,Sunnylife Lens Protector - Sunnylife Linsskydd för DJI Air 3,,
product,startrc-dji-air-3-fallbara-landningsben,startrc-dji-air-3-fallbara-landingsben,/products/startrc-dji-air-3-fallbara-landningsben,/products/startrc-dji-air-3-fallbara-landingsben,YES,YES,STARTRC DJI Air 3 Fällbara - STARTRC Fällbara Landningsben för DJI,,
product,startrc-fjarrkontroll-solskydd-dji-rc-pro,startrc-remote-control-solprotection-dji-rc-pro,/products/startrc-fjarrkontroll-solskydd-dji-rc-pro,/products/startrc-remote-control-solprotection-dji-rc-pro,YES,YES,DJI RC Pro solskydd - STARTRC Solskydd för DJI RC Pro Fjärrkontroll,,
product,sunnylife-kamerahus-barbar-forvaringslada,sunnylife-kamerahus-barbar-storageslada,/products/sunnylife-kamerahus-barbar-forvaringslada,/products/sunnylife-kamerahus-barbar-storageslada,YES,YES,Sunnylife Kamera Body Bärbar - Sunnylife Bärbar Förvaringslåda,,
product,sunnylife-sakerhetsvaska-dji-air-3-drones,sunnylife-securitysbag-dji-air-3-drones,/products/sunnylife-sakerhetsvaska-dji-air-3-drones,/products/sunnylife-securitysbag-dji-air-3-drones,YES,YES,Sunnylife Safety Carrying Case - Sunnylife Säkerhetsväska för DJI Air,,
product,insta360-go3-puluz-ryggsacksfaste,insta360-go3-puluz-ryggsacksmount,/products/insta360-go3-puluz-ryggsacksfaste,/products/insta360-go3-puluz-ryggsacksmount,YES,YES,Insta360 GO3 PULUZ Backpack - Insta360 GO3 PULUZ Ryggsäcksfäste,,
product,puluz-waterproof-skal-gopro-hero11-mini-black,puluz-waterproof-shell-gopro-hero11-mini-black,/products/puluz-waterproof-skal-gopro-hero11-mini-black,/products/puluz-waterproof-shell-gopro-hero11-mini-black,YES,YES,GoPro Hero11 Mini Black PULUZ - Vattentätt Skyddsskal för GoPro,,
product,dji-air-3-dronarvas-bkano-forvaring,dji-air-3-dronevas-bkano-storage,/products/dji-air-3-dronarvas-bkano-forvaring,/products/dji-air-3-dronevas-bkano-storage,YES,YES,DJI AIR 3 Drone BKANO Storage - Förvaringsväska för DJI AIR 3 Drönare,,
product,puluz-genomskinlig-batteriforvaring-gopro,puluz-genomskinlig-batterystorage-gopro,/products/puluz-genomskinlig-batteriforvaring-gopro,/products/puluz-genomskinlig-batterystorage-gopro,YES,YES,Batteriförvaring GoPro - PULUZ Genomskinlig Batteriförvaring för GoPro,,
product,motorcykel-styrfaste-dubbelhuvud-krabba-klamma,motorcykel-styrmount-dubbelhuvud-krabba-klamma,/products/motorcykel-styrfaste-dubbelhuvud-krabba-klamma,/products/motorcykel-styrmount-dubbelhuvud-krabba-klamma,YES,YES,Motorcycle Dual-heads Crabs - Dubbelt Motorcykelfäste med Krabbklämmor,,
product,skarmsskydd-gopro-hero12,skarmsprotection-gopro-hero12,/products/skarmsskydd-gopro-hero12,/products/skarmsprotection-gopro-hero12,YES,YES,Skärmskydd GoPro Hero12: Optimalt skydd för din actionkamera,,
product,sunnylife-kamerahallare-ryggsacksfaste-360-rotatio,sunnylife-kamerahallare-ryggsacksmount-360-rotatio,/products/sunnylife-kamerahallare-ryggsacksfaste-360-rotatio,/products/sunnylife-kamerahallare-ryggsacksmount-360-rotatio,YES,YES,Sunnylife Kamerahållare med 360 Rotation för Ryggsäck,,
product,sunnylife-kylande-silikonskydd-insta360-go-3,sunnylife-kylande-siliconeprotection-insta360-go-3,/products/sunnylife-kylande-silikonskydd-insta360-go-3,/products/sunnylife-kylande-siliconeprotection-insta360-go-3,YES,YES,Sunnylife Cooling Silicone - Sunnylife Kylande Silikonskydd,,
product,insta360-x3-silikonskydd,insta360-x3-siliconeprotection,/products/insta360-x3-silikonskydd,/products/insta360-x3-siliconeprotection,YES,YES,insta360 x3 pris - Insta360 X3 Silikonskydd – Förbättrat Kameraskydd,,
product,propellerfaste-mini-4-pro-startrc,propellermount-mini-4-pro-startrc,/products/propellerfaste-mini-4-pro-startrc,/products/propellermount-mini-4-pro-startrc,YES,YES,Propellerfäste Mini 4 Pro för Säker Transport,,
product,inspire-3-fjarrkontroll-with-integrerad-screen,inspire-3-remote-control-with-integrerad-screen,/products/inspire-3-fjarrkontroll-with-integrerad-screen,/products/inspire-3-remote-control-with-integrerad-screen,YES,YES,Inspire 3 Fjärrkontroll med Inbyggd Skärm,,
product,dji-osmo-cykelfaste-actionkamera,dji-osmo-cykelmount-actionkamera,/products/dji-osmo-cykelfaste-actionkamera,/products/dji-osmo-cykelmount-actionkamera,YES,YES,DJI Osmo Cykelfäste för Actionkameror,,
product,p-tap-dc-in-stromkabel-dji-ronin-4d,p-tap-dc-in-stromcable-dji-ronin-4d,/products/p-tap-dc-in-stromkabel-dji-ronin-4d,/products/p-tap-dc-in-stromcable-dji-ronin-4d,YES,YES,"Original P-TAP To DC-IN Power 0.5m Line for DJI Ronin 4D, Ronin 4D P-TAP To DC-IN",,
product,osmo-pocket-3-skarmskydd-harat-glas-puluz,osmo-pocket-3-skarmprotection-harat-glas-puluz,/products/osmo-pocket-3-skarmskydd-harat-glas-puluz,/products/osmo-pocket-3-skarmprotection-harat-glas-puluz,YES,YES,Osmo Pocket 3 skärmskydd - PULUZ Skärmskydd för DJI Osmo Pocket 3,,
product,insta360-x3-kameraskydd,insta360-x3-camera-protection,/products/insta360-x3-kameraskydd,/products/insta360-x3-camera-protection,YES,YES,Insta360 X3 kameraskydd - Optimalt Kameraskydd för Insta360 X3,,
product,motljusskydd-dji-air-3-sunnylife-zg690,motljusprotection-dji-air-3-sunnylife-zg690,/products/motljusskydd-dji-air-3-sunnylife-zg690,/products/motljusprotection-dji-air-3-sunnylife-zg690,YES,YES,motljusskydd DJI Air - Motljusskydd ZG690 för DJI Air 3 Drönare,,
product,startrc-dji-rc-2-solskydd,startrc-dji-rc-2-solprotection,/products/startrc-dji-rc-2-solskydd,/products/startrc-dji-rc-2-solprotection,YES,YES,STARTRC DJI RC 2 Solskydd för Optimal Sikt,,
product,dji-air-3-linsskydd-gimbalskydd-sunnylife-g693,dji-air-3-lens-protector-gimbalprotection-sunnylife-g693,/products/dji-air-3-linsskydd-gimbalskydd-sunnylife-g693,/products/dji-air-3-lens-protector-gimbalprotection-sunnylife-g693,YES,YES,Skyddande DJI Air 3 Linsskydd och Gimbalskydd,,
product,osmo-pocket-3-metall-expansionsfaste,osmo-pocket-3-metall-expansionsmount,/products/osmo-pocket-3-metall-expansionsfaste,/products/osmo-pocket-3-metall-expansionsmount,YES,YES,DJI Osmo Pocket 3 metall - Metall Expansionsfäste för DJI Osmo Pocket,,
product,gimbalskydd-mini-4-pro-n4p-g710-sunnylife,gimbalprotection-mini-4-pro-n4p-g710-sunnylife,/products/gimbalskydd-mini-4-pro-n4p-g710-sunnylife,/products/gimbalprotection-mini-4-pro-n4p-g710-sunnylife,YES,YES,Integrerat Mini 4 Pro Gimbalskydd,,
product,puluz-3-i-1-skarmskydd-insta360-ace-pro,puluz-3-i-1-skarmprotection-insta360-ace-pro,/products/puluz-3-i-1-skarmskydd-insta360-ace-pro,/products/puluz-3-i-1-skarmprotection-insta360-ace-pro,YES,YES,Insta360 Ace Pro PULUZ 3 in 1 - PULUZ 3-i-1 Härdat Glas för Insta360,,
product,startrc-dronarhogtalare-tradlos-megafon-dji-mavic,startrc-dronehogtalare-wireless-megafon-dji-mavic,/products/startrc-dronarhogtalare-tradlos-megafon-dji-mavic,/products/startrc-dronehogtalare-wireless-megafon-dji-mavic,YES,YES,"STARTRC Drone Megaphone Wireless Portable Speaker 3KM Control for DJI Mavic / Air / Mini Series, 3KM Control",,
product,puluz-3-i-1-silikonskydd-osmo-pocket-3,puluz-3-i-1-siliconeprotection-osmo-pocket-3,/products/puluz-3-i-1-silikonskydd-osmo-pocket-3,/products/puluz-3-i-1-siliconeprotection-osmo-pocket-3,YES,YES,Osmo Pocket cover - PULUZ 3-i-1 Silikonskydd för Osmo Pocket 3,,
product,sunnylife-rc-n2-solskydd-dji-fjarrkontroll,sunnylife-rc-n2-solprotection-dji-remote-control,/products/sunnylife-rc-n2-solskydd-dji-fjarrkontroll,/products/sunnylife-rc-n2-solprotection-dji-remote-control,YES,YES,Sunnylife RC-N2 Solskydd för DJI Fjärrkontroll,,
product,osmo-pocket-3-forvaring-kameravaska,osmo-pocket-3-storage-kamerabag,/products/osmo-pocket-3-forvaring-kameravaska,/products/osmo-pocket-3-storage-kamerabag,YES,YES,Osmo Pocket 3 förvaring - Kompakt Förvaringsväska för DJI Osmo Pocket,,
product,dji-osmo-pocket-3-startr-expansionsfaste,dji-osmo-pocket-3-startr-expansionsmount,/products/dji-osmo-pocket-3-startr-expansionsfaste,/products/dji-osmo-pocket-3-startr-expansionsmount,YES,YES,DJI Osmo Pocket 3 startr - STARTRC Expansionsram för DJI Osmo Pocket 3,,
product,dji-pocket-3-kameravaska-skyddande-case,dji-pocket-3-kamerabag-protective-case,/products/dji-pocket-3-kameravaska-skyddande-case,/products/dji-pocket-3-kamerabag-protective-case,YES,YES,Skyddande Kameraväska för DJI Pocket 3,,
product,skyddande-storage-bag-insta360-ace-pro-action,protective-storage-bag-insta360-ace-pro-action,/products/skyddande-storage-bag-insta360-ace-pro-action,/products/protective-storage-bag-insta360-ace-pro-action,YES,YES,Skyddande Förvaringsväska för Insta360 Ace Pro / Action 4,,
product,insta360-go-3-silik-black-skyddsfodral,insta360-go-3-silik-black-protectionsfodral,/products/insta360-go-3-silik-black-skyddsfodral,/products/insta360-go-3-silik-black-protectionsfodral,YES,YES,Insta360 GO 3 silik Black - Skyddande Skal,,
product,insta360-x3-amagisn-skyddspaket-camera-accessories,insta360-x3-amagisn-protectionspaket-camera-accessories,/products/insta360-x3-amagisn-skyddspaket-camera-accessories,/products/insta360-x3-amagisn-protectionspaket-camera-accessories,YES,YES,insta360 x3 cena - Insta360 X3 Skyddspaket: Linsskydd & Silikonfodral,,
product,sunnylife-3-i-1-skarmskydd-insta360-ace-pro,sunnylife-3-i-1-skarmprotection-insta360-ace-pro,/products/sunnylife-3-i-1-skarmskydd-insta360-ace-pro,/products/sunnylife-3-i-1-skarmprotection-insta360-ace-pro,YES,YES,Sunnylife 3 in 1 Rear & Front - Sunnylife 3-i-1 Skärmskydd,,
product,mavic-3-panoramafaste-universal-sportkamerafaste,mavic-3-panoramamount-universal-action-cameramount,/products/mavic-3-panoramafaste-universal-sportkamerafaste,/products/mavic-3-panoramamount-universal-action-cameramount,YES,YES,Mavic 3 Panoramafäste för Sportkamera,,
product,insta360-ace-forvaring-skyddsfodral,insta360-ace-storage-protectionsfodral,/products/insta360-ace-forvaring-skyddsfodral,/products/insta360-ace-storage-protectionsfodral,YES,YES,Insta360 Ace förvaring - Skyddsfodral för Insta360 Ace & Ace Pro,,
product,insta360-ace-silikonskal-protection,insta360-ace-silicone-case-protection,/products/insta360-ace-silikonskal-protection,/products/insta360-ace-silicone-case-protection,YES,YES,Insta360 Ace Body Silicone - Skyddande Silikonskal för Insta360 Ace,,
product,vindskydd-insta360-ace-skum,vindprotection-insta360-ace-skum,/products/vindskydd-insta360-ace-skum,/products/vindprotection-insta360-ace-skum,YES,YES,Insta360 Ace Sponge Foam - Vindskydd i Skum för Insta360 Ace,,
product,osmo-pocket-3-solskydd,osmo-pocket-3-solprotection,/products/osmo-pocket-3-solskydd,/products/osmo-pocket-3-solprotection,YES,YES,STARTRC Osmo Pocket 3 Solskydd med Linsskydd,,
product,insta360-ace-pro-ace-skyddsbur-aluminiumlegering,insta360-ace-pro-ace-protectionsbur-aluminiumlegering,/products/insta360-ace-pro-ace-skyddsbur-aluminiumlegering,/products/insta360-ace-pro-ace-protectionsbur-aluminiumlegering,YES,YES,Skyddsbur i Aluminium för Insta360 Ace Pro / Ace,,
product,z087-360-roterande-nackfaste-sportkameror,z087-360-roterande-nackmount-sportcameras,/products/z087-360-roterande-nackfaste-sportkameror,/products/z087-360-roterande-nackmount-sportcameras,YES,YES,Z087 360 Rotating Neck Mount - Z087 360 Roterande Nackfäste,,
product,telesin-magnetfaste-with-1-4-tums-granssnitt,telesin-magnetmount-with-1-4-tums-granssnitt,/products/telesin-magnetfaste-with-1-4-tums-granssnitt,/products/telesin-magnetmount-with-1-4-tums-granssnitt,YES,YES,TELESIN Magnetic Base With 1/4 - TELESIN Magnetfäste med 1/4 Tums,,
product,insta360-ace-bag-skyddande-barvaska,insta360-ace-bag-protective-barbag,/products/insta360-ace-bag-skyddande-barvaska,/products/insta360-ace-bag-protective-barbag,YES,YES,Skyddande Insta360 Ace Väska från Sunnylife,,
product,insta360-ace-pro-linsskydd-silikon,insta360-ace-pro-lens-protector-silicone,/products/insta360-ace-pro-linsskydd-silikon,/products/insta360-ace-pro-lens-protector-silicone,YES,YES,Ace Pro Linsskydd i Silikon för Insta360 Ace,,
product,insta360-ace-pro-vindskydd,insta360-ace-pro-vindprotection,/products/insta360-ace-pro-vindskydd,/products/insta360-ace-pro-vindprotection,YES,YES,Vindskydd för Insta360 Ace Pro: Minskad Vindbrus,,
product,dji-rc-pro-solskydd,dji-rc-pro-solprotection,/products/dji-rc-pro-solskydd,/products/dji-rc-pro-solprotection,YES,YES,DJI RC Pro Solskydd med Integrerad Monitorhuv,,
product,startrc-dronarlampa-strob-led,startrc-dronelampa-strob-led,/products/startrc-dronarlampa-strob-led,/products/startrc-dronelampa-strob-led,YES,YES,STARTRC Drönarlampa Strob för Ökad Säkerhet,,
product,startrc-ryggsacksfaste-360-rotation,startrc-ryggsacksmount-360-rotation,/products/startrc-ryggsacksfaste-360-rotation,/products/startrc-ryggsacksmount-360-rotation,YES,YES,Ryggsäcksfäste STARTRC - STARTRC Ryggsäcksfäste med 360° Rotation,,
product,dji-air-3-landningsstall-forhojt-hopfallbart,dji-air-3-landing-gear-forhojt-hopfallbart,/products/dji-air-3-landningsstall-forhojt-hopfallbart,/products/dji-air-3-landing-gear-forhojt-hopfallbart,YES,YES,DJI Air 3 Landing Gear - Förhöjt och Hopfällbart Landningsställ,,
product,dji-air-3-hojt-landningsstall,dji-air-3-hojt-landing-gear,/products/dji-air-3-hojt-landningsstall,/products/dji-air-3-hojt-landing-gear,YES,YES,DJI Air 3 Heightened Landing - Höjt Landningsställ för DJI Air,,
product,insta360-ace-ace-pro-puluz-magnetiskt-snabbfaste,insta360-ace-ace-pro-puluz-magnetiskt-snabbmount,/products/insta360-ace-ace-pro-puluz-magnetiskt-snabbfaste,/products/insta360-ace-ace-pro-puluz-magnetiskt-snabbmount,YES,YES,Insta360 Ace / Ace Pro PULUZ - PULUZ Magnetiskt Snabbfäste,,
product,dji-osmo-pocket-3-expansionsfaste,dji-osmo-pocket-3-expansionsmount,/products/dji-osmo-pocket-3-expansionsfaste,/products/dji-osmo-pocket-3-expansionsmount,YES,YES,DJI OSMO Pocket 3 Expansionsfäste för Kreativ Frihet,,
product,dji-rc-2-bandsele-fjarrkontroll,dji-rc-2-bandsele-remote-control,/products/dji-rc-2-bandsele-fjarrkontroll,/products/dji-rc-2-bandsele-remote-control,YES,YES,DJI RC 2 Bandsele för Fjärrkontroll,,
product,magnetiskt-snabbfaste-metall-insta360-ace-pro-x5,magnetiskt-snabbmount-metall-insta360-ace-pro-x5,/products/magnetiskt-snabbfaste-metall-insta360-ace-pro-x5,/products/magnetiskt-snabbmount-metall-insta360-ace-pro-x5,YES,YES,Insta360 Ace / Ace Pro / X5 - Magnetiskt Snabbfäste i Metall,,
product,insta360-x3-iholigt-transparent-tpu-skyddsfodral,insta360-x3-iholigt-transparent-tpu-protectionsfodral,/products/insta360-x3-iholigt-transparent-tpu-skyddsfodral,/products/insta360-x3-iholigt-transparent-tpu-protectionsfodral,YES,YES,Insta360 X3 Hollow Clear TPU - Insta360 X3 Skyddsfodral i Transparent,,
product,insta360-x3-heltackande-skyddsfodral-transparent,insta360-x3-heltackande-protectionsfodral-transparent,/products/insta360-x3-heltackande-skyddsfodral-transparent,/products/insta360-x3-heltackande-protectionsfodral-transparent,YES,YES,Insta360 X3 Full Body Clear - Heltäckande Skyddsfodral till Insta360,,
product,amagisn-silikon-linsskydd-insta360-ace-pro,amagisn-silicone-lens-protector-insta360-ace-pro,/products/amagisn-silikon-linsskydd-insta360-ace-pro,/products/amagisn-silicone-lens-protector-insta360-ace-pro,YES,YES,aMagisn Silicone Lens Cap - AMagisn Silikon Linsskydd för Insta360,,
product,insta360-ace-skarmskydd,insta360-ace-skarmprotection,/products/insta360-ace-skarmskydd,/products/insta360-ace-skarmprotection,YES,YES,Insta360 ACE Skärmskydd i Härdat Glas,,
product,dji-mini-4-pro-sensor-lins-skyddsfilm,dji-mini-4-pro-sensor-lins-protectionsfilm,/products/dji-mini-4-pro-sensor-lins-skyddsfilm,/products/dji-mini-4-pro-sensor-lins-protectionsfilm,YES,YES,DJI Mini 4 Pro Sensor / Lens - Skyddsfilm för DJI Mini 4 Pro Sensor,,
product,waterproof-barvaska-dji-mavic-air-3-lktop,waterproof-barbag-dji-mavic-air-3-lktop,/products/waterproof-barvaska-dji-mavic-air-3-lktop,/products/waterproof-barbag-dji-mavic-air-3-lktop,YES,YES,Vattentät Bärväska för DJI Mavic Air 3,,
product,insta360-x3-amagisn-skarmskydd,insta360-x3-amagisn-skarmprotection,/products/insta360-x3-amagisn-skarmskydd,/products/insta360-x3-amagisn-skarmprotection,YES,YES,Insta360 X3 aMagisn Screen - Insta360 X3 aMagisn Skärmskydd i Härdat,,
product,dji-rc-2-faste,dji-rc-2-mount,/products/dji-rc-2-faste,/products/dji-rc-2-mount,YES,YES,Praktiskt DJI RC 2 Fäste för Drönarfjärrkontrollen,,
product,sunnylife-dz766-dronarfjarrkontroll-displaystall,sunnylife-dz766-droneremote-control-displaystall,/products/sunnylife-dz766-dronarfjarrkontroll-displaystall,/products/sunnylife-dz766-droneremote-control-displaystall,YES,YES,Sunnylife DZ766 Drone Remote - Sunnylife DZ766 Displayställ,,
product,dji-pocket-3-solskydd,dji-pocket-3-solprotection,/products/dji-pocket-3-solskydd,/products/dji-pocket-3-solprotection,YES,YES,DJI Pocket 3 Solskydd för Optimal Bildkvalitet,,
product,amagisn-70cm-osynlig-selfiepinne-sportkamera,amagisn-70cm-osynlig-selfie-stick-action-camera,/products/amagisn-70cm-osynlig-selfiepinne-sportkamera,/products/amagisn-70cm-osynlig-selfie-stick-action-camera,YES,YES,aMagisn 70cm Invisible - AMagisn 70cm Osynlig Selfiepinne,,
product,puluz-52mm-uv-filter-linsskydd-insta360-ace-pro,puluz-52mm-uv-filter-lens-protector-insta360-ace-pro,/products/puluz-52mm-uv-filter-linsskydd-insta360-ace-pro,/products/puluz-52mm-uv-filter-lens-protector-insta360-ace-pro,YES,YES,PULUZ 52mm UV-filter och Linsskydd för Insta360 Ace Pro,,
product,insta360-ace-kameravaska-skyddande-forvaring,insta360-ace-kamerabag-protective-storage,/products/insta360-ace-kameravaska-skyddande-forvaring,/products/insta360-ace-kamerabag-protective-storage,YES,YES,Skyddande Insta360 Ace Kameraväska för Säker Förvaring,,
product,telesin-s2-brostsele-sportkamera-snabbfaste,telesin-s2-brostsele-action-camera-snabbmount,/products/telesin-s2-brostsele-sportkamera-snabbfaste,/products/telesin-s2-brostsele-action-camera-snabbmount,YES,YES,Bröstsele sportkamera - TELESIN S2 Bröstsele för Sportkamera,,
product,dji-avata-2-fjarrkontroll-original-fpv,dji-avata-2-remote-control-original-fpv,/products/dji-avata-2-fjarrkontroll-original-fpv,/products/dji-avata-2-remote-control-original-fpv,YES,YES,DJI Avata 2 Fjärrkontroll för FPV-drönare,,
product,dji-rs-bg70-batterigrepp,dji-rs-bg70-batterygrepp,/products/dji-rs-bg70-batterigrepp,/products/dji-rs-bg70-batterygrepp,YES,YES,Original DJI RS BG70 Batterigrepp för RS 4 Pro,,
product,dji-goggles-3-fpv-dronarglasogon,dji-goggles-3-fpv-droneglasogon,/products/dji-goggles-3-fpv-dronarglasogon,/products/dji-goggles-3-fpv-droneglasogon,YES,YES,DJI Goggles 3 – FPV Drönarglasögon för Optimal Flygning,,
product,dji-rs-snabbfaste-platta,dji-rs-snabbmount-platta,/products/dji-rs-snabbfaste-platta,/products/dji-rs-snabbmount-platta,YES,YES,DJI RS snabbfäste platta - Original DJI RS Snabbfäste för Gimbal,,
product,dji-rc-plus-monitor-solskydd,dji-rc-plus-monitor-solprotection,/products/dji-rc-plus-monitor-solskydd,/products/dji-rc-plus-monitor-solprotection,YES,YES,Original Monitor Hood For DJI - Solskydd för DJI RC Plus Monitor,,
product,dji-rs-snabbfaste-nedre-platta,dji-rs-snabbmount-nedre-platta,/products/dji-rs-snabbfaste-nedre-platta,/products/dji-rs-snabbmount-nedre-platta,YES,YES,Original DJI RS Snabbfäste för Gimbal,,
product,dji-inspire-3-propskydd,dji-inspire-3-propprotection,/products/dji-inspire-3-propskydd,/products/dji-inspire-3-propprotection,YES,YES,Original DJI Inspire 3 Propskydd för Drönare,,
product,insta360-x4-silikonbas-skrivbordsstativ,insta360-x4-siliconebas-skrivbordsstativ,/products/insta360-x4-silikonbas-skrivbordsstativ,/products/insta360-x4-siliconebas-skrivbordsstativ,YES,YES,Insta360 X4 Silicone Base - Insta360 X4 Silikonbas för Skrivbordet,,
product,insta360-x4-silikonstativ,insta360-x4-siliconestativ,/products/insta360-x4-silikonstativ,/products/insta360-x4-siliconestativ,YES,YES,Insta360 X4 Silikonstativ för Stabil Placering,,
product,insta360-x4-linsskydd-v6,insta360-x4-lens-protector-v6,/products/insta360-x4-linsskydd-v6,/products/insta360-x4-lens-protector-v6,YES,YES,Insta360 X4 linsskydd v6 – Maximalt skydd för din kamera,,
product,insta360-x4-silikonskal-with-linsskydd,insta360-x4-silicone-case-with-lens-protector,/products/insta360-x4-silikonskal-with-linsskydd,/products/insta360-x4-silicone-case-with-lens-protector,YES,YES,Insta360 X4 Silicone - Insta360 X4 Silikonskal med Linsskydd,,
product,snorkelmask-kamerafaste-actionkamera,snorkelmask-kameramount-actionkamera,/products/snorkelmask-kamerafaste-actionkamera,/products/snorkelmask-kameramount-actionkamera,YES,YES,Snorkelmask kamerafäste - Snorkelmask med Integrerat Kamerafäste,,
product,sunnylife-bht772-laddningsfodral-tradlos-mikrofon,sunnylife-bht772-laddningsfodral-wireless-microphone,/products/sunnylife-bht772-laddningsfodral-tradlos-mikrofon,/products/sunnylife-bht772-laddningsfodral-wireless-microphone,YES,YES,Sunnylife BHT772 Laddning Case - Sunnylife BHT772 Laddningsfodral,,
product,sunnylife-skarmskydd-2-pack-haradat-glas-dji-rs,sunnylife-skarmprotection-2-pack-haradat-glas-dji-rs,/products/sunnylife-skarmskydd-2-pack-haradat-glas-dji-rs,/products/sunnylife-skarmprotection-2-pack-haradat-glas-dji-rs,YES,YES,Sunnylife 2pcs Screen - Sunnylife Skärmskydd i Härdat Glas för DJI RS,,
product,insta360-x4-ramfaste,insta360-x4-rammount,/products/insta360-x4-ramfaste,/products/insta360-x4-rammount,YES,YES,Insta360 X4 Ramfäste för Flexibel Användning,,
product,insta360-x4-cold-shoe-abs-skyddsram,insta360-x4-cold-shoe-abs-protectionsram,/products/insta360-x4-cold-shoe-abs-skyddsram,/products/insta360-x4-cold-shoe-abs-protectionsram,YES,YES,Insta360 X4 Cold Shoe ABS - Skyddsram med Cold Shoe för Insta360 X4,,
product,insta360-x4-skarmskydd-v6,insta360-x4-skarmprotection-v6,/products/insta360-x4-skarmskydd-v6,/products/insta360-x4-skarmprotection-v6,YES,YES,Insta360 X4 skärmskydd v6 för optimalt kameraskydd,,
product,insta360-x4-x5-forvaring-amagisn-skyddsfodral,insta360-x4-x5-storage-amagisn-protectionsfodral,/products/insta360-x4-x5-forvaring-amagisn-skyddsfodral,/products/insta360-x4-x5-storage-amagisn-protectionsfodral,YES,YES,Insta360 X4/X5 Förvaring – aMagisn Skyddsfodral,,
product,insta360-x4-metallram-snabbfaste,insta360-x4-metallram-snabbmount,/products/insta360-x4-metallram-snabbfaste,/products/insta360-x4-metallram-snabbmount,YES,YES,Insta360 X4 Metallram med Snabbfäste,,
product,insta360-go-3-puluz-magnetiskt-huvudfaste,insta360-go-3-puluz-magnetiskt-huvudmount,/products/insta360-go-3-puluz-magnetiskt-huvudfaste,/products/insta360-go-3-puluz-magnetiskt-huvudmount,YES,YES,Insta360 GO 3 PULUZ Magnetic - Insta360 GO 3 Magnetiskt Huvudfäste,,
product,insta360-x4-amagisn-silikonskydd,insta360-x4-amagisn-siliconeprotection,/products/insta360-x4-amagisn-silikonskydd,/products/insta360-x4-amagisn-siliconeprotection,YES,YES,Insta360 X4 AMagisn Silicone - Insta360 X4 AMagisn Silikonskydd,,
product,puluz-linsskydd-ins-guard-insta360-x4,puluz-lens-protector-ins-guard-insta360-x4,/products/puluz-linsskydd-ins-guard-insta360-x4,/products/puluz-lens-protector-ins-guard-insta360-x4,YES,YES,PULUZ linsskydd Ins guard för din Insta360 X4,,
product,insta360-x4-cold-shoe-faste,insta360-x4-cold-shoe-mount,/products/insta360-x4-cold-shoe-faste,/products/insta360-x4-cold-shoe-mount,YES,YES,Montera Tillbehör Med Insta360 X4 Cold Shoe Fäste,,
product,insta360-x4-x3-hepail-magnetiskt-snabbfaste,insta360-x4-x3-hepail-magnetiskt-snabbmount,/products/insta360-x4-x3-hepail-magnetiskt-snabbfaste,/products/insta360-x4-x3-hepail-magnetiskt-snabbmount,YES,YES,Insta360 X4 / X3 Hepail - Magnetiskt Snabbfäste för Insta360 X4 / X3,,
product,hepail-dji-pocket-3-adapter-skyddsram,hepail-dji-pocket-3-adapter-protectionsram,/products/hepail-dji-pocket-3-adapter-skyddsram,/products/hepail-dji-pocket-3-adapter-protectionsram,YES,YES,HEPAIL DJI Pocket 3 Adapter med Skyddsram,,
product,insta360-kallskofaste-x4-x3,insta360-kallskomount-x4-x3,/products/insta360-kallskofaste-x4-x3,/products/insta360-kallskomount-x4-x3,YES,YES,Insta360 Kallskofäste för X4 och X3 Kameror,,
product,osmo-pocket-3-telefonhallare-utokat-faste,osmo-pocket-3-telefonhallare-utokat-mount,/products/osmo-pocket-3-telefonhallare-utokat-faste,/products/osmo-pocket-3-telefonhallare-utokat-mount,YES,YES,Osmo Pocket Hållare - Utökat Telefonfäste för DJI Osmo Pocket 3,,
product,insta360-mikrofonfaste-kallsko,insta360-microphonemount-kallsko,/products/insta360-mikrofonfaste-kallsko,/products/insta360-microphonemount-kallsko,YES,YES,Insta360 Mikrofonfäste för Förbättrat Ljud,,
product,amagisn-silikonskydd-for-dji-mic-2,amagisn-siliconeprotection-for-dji-mic-2,/products/amagisn-silikonskydd-for-dji-mic-2,/products/amagisn-siliconeprotection-for-dji-mic-2,YES,YES,AMagisn Silikonskydd för DJI Mic 2,,
product,insta360-x4-puluz-vertikal-l-faste,insta360-x4-puluz-vertikal-l-mount,/products/insta360-x4-puluz-vertikal-l-faste,/products/insta360-x4-puluz-vertikal-l-mount,YES,YES,Insta360 X4 PULUZ Vertical - PULUZ L-fäste för Insta360 X4 – Vertikal,,
product,magnetiskt-snabbfaste-camera,magnetiskt-snabbmount-camera,/products/magnetiskt-snabbfaste-camera,/products/magnetiskt-snabbmount-camera,YES,YES,AMagisn Magnetiskt Snabbfäste för Kamera,,
product,insta360-x4-startrc-kameravaska,insta360-x4-startrc-kamerabag,/products/insta360-x4-startrc-kameravaska,/products/insta360-x4-startrc-kamerabag,YES,YES,Insta360 X4 STARTRC Kamera - Insta360 X4 STARTRC Kameraväska,,
product,insta360-x4-skyddsbu-cage,insta360-x4-protectionsbu-cage,/products/insta360-x4-skyddsbu-cage,/products/insta360-x4-protectionsbu-cage,YES,YES,Insta360 X4 skyddsbu cage - Optimalt skydd för din kamera,,
product,insta360-go-3-hepail-kamerafaste-magnetiskt,insta360-go-3-hepail-kameramount-magnetiskt,/products/insta360-go-3-hepail-kamerafaste-magnetiskt,/products/insta360-go-3-hepail-kameramount-magnetiskt,YES,YES,Insta360 GO 3 HEPAIL kamera - Magnetiskt Kamerafäste för Insta360 GO,,
product,osmo-pocket-3-plastfaste-expansionsadapter,osmo-pocket-3-plastmount-expansionsadapter,/products/osmo-pocket-3-plastfaste-expansionsadapter,/products/osmo-pocket-3-plastmount-expansionsadapter,YES,YES,Osmo Pocket 3 Plastfäste för Kameraexpansion,,
product,insta360-x4-x3-vindskydd-6-pack,insta360-x4-x3-vindprotection-6-pack,/products/insta360-x4-x3-vindskydd-6-pack,/products/insta360-x4-x3-vindprotection-6-pack,YES,YES,Insta360 X4 / X3 6pcs /Pack - Vindskydd för Insta360 X4 och X3,,
product,puluz-linsskydd-ins-cover-insta360-x4,puluz-lens-protector-ins-cover-insta360-x4,/products/puluz-linsskydd-ins-cover-insta360-x4,/products/puluz-lens-protector-ins-cover-insta360-x4,YES,YES,PULUZ linsskydd Ins cover för Insta360 X4,,
product,magnetiskt-fjarrkontroll-ljusskydd-dji,magnetiskt-remote-control-ljusprotection-dji,/products/magnetiskt-fjarrkontroll-ljusskydd-dji,/products/magnetiskt-remote-control-ljusprotection-dji,YES,YES,Magnetiskt Fjärrkontroll Ljusskydd för DJI Drönare,,
product,dji-neo-cqt-lins-skyddande,dji-neo-cqt-lins-protective,/products/dji-neo-cqt-lins-skyddande,/products/dji-neo-cqt-lins-protective,YES,YES,DJI Neo CQT Lens Protective - Skyddande Linsskydd för DJI Neo CQT,,
product,dji-neo-cqt-dronarfilter-nd4,dji-neo-cqt-dronefilter-nd4,/products/dji-neo-cqt-dronarfilter-nd4,/products/dji-neo-cqt-dronefilter-nd4,YES,YES,DJI Neo CQT Drönarfilter ND4,,
product,silikonskydd-for-gopro-hero-2024-side,siliconeprotection-for-gopro-hero-2024-side,/products/silikonskydd-for-gopro-hero-2024-side,/products/siliconeprotection-for-gopro-hero-2024-side,YES,YES,Silikonskydd för GoPro HERO 2024 Side,,
product,gopro-hero-2024-silikonskydd-with-rem,gopro-hero-2024-siliconeprotection-with-rem,/products/gopro-hero-2024-silikonskydd-with-rem,/products/gopro-hero-2024-siliconeprotection-with-rem,YES,YES,GoPro HERO 2024 Silikonskydd med Rem,,
product,landningsstall-dji-neo-1,landing-gear-dji-neo-1,/products/landningsstall-dji-neo-1,/products/landing-gear-dji-neo-1,YES,YES,Landningsställ DJI Neo: Förbättra din drönarupplevelse,,
product,insta360-go3-magnetfaste,insta360-go3-magnetmount,/products/insta360-go3-magnetfaste,/products/insta360-go3-magnetmount,YES,YES,Insta360 GO3 Magnetfäste med 360° Rotation,,
product,sunnylife-fjarrkontroll-surfplatta-hallare-dji-rc,sunnylife-remote-control-surfplatta-hallare-dji-rc,/products/sunnylife-fjarrkontroll-surfplatta-hallare-dji-rc,/products/sunnylife-remote-control-surfplatta-hallare-dji-rc,YES,YES,Sunnylife Remote Controller - Sunnylife Fjärrkontroll Hållare,,
product,amagisn-uppgraderad-metallbur-gopro-hero,amagisn-uppgraderad-metal-cage-gopro-hero,/products/amagisn-uppgraderad-metallbur-gopro-hero,/products/amagisn-uppgraderad-metal-cage-gopro-hero,YES,YES,AMagisn Upgrade Ver Metal - AMagisn Uppgraderad Kamerabur i Metall,,
product,dji-pocket-3-metallbur,dji-pocket-3-metal-cage,/products/dji-pocket-3-metallbur,/products/dji-pocket-3-metal-cage,YES,YES,DJI Pocket 3 Metallbur – Skydd och Flexibilitet,,
product,puluz-silikonskydd-for-dji-mic-2-laddningsfodral,puluz-siliconeprotection-for-dji-mic-2-laddningsfodral,/products/puluz-silikonskydd-for-dji-mic-2-laddningsfodral,/products/puluz-siliconeprotection-for-dji-mic-2-laddningsfodral,YES,YES,PULUZ Silikonskydd till DJI Mic,,
product,puluz-silikonskydd-gopro-hero-2024,puluz-siliconeprotection-gopro-hero-2024,/products/puluz-silikonskydd-gopro-hero-2024,/products/puluz-siliconeprotection-gopro-hero-2024,YES,YES,GoPro HERO 2024 PULUZ Silicone - PULUZ Silikonskydd för GoPro HERO,,
product,dji-neo-startrc-gimbal-lins-kollisionsskydd,dji-neo-startrc-gimbal-lins-kollisionsprotection,/products/dji-neo-startrc-gimbal-lins-kollisionsskydd,/products/dji-neo-startrc-gimbal-lins-kollisionsprotection,YES,YES,DJI Neo STARTRC Gimbal Lens - Robust Kollisionsskydd för DJI Neo,,
product,dji-neo-dronaralarm-forbattra-dronarsakerhet,dji-neo-dronealarm-forbattra-dronesecurity,/products/dji-neo-dronaralarm-forbattra-dronarsakerhet,/products/dji-neo-dronealarm-forbattra-dronesecurity,YES,YES,DJI Neo Drönaralarm för Ökad Drönarsäkerhet,,
product,robust-gimbalskydd-dji-avata-2-maximal-security,robust-gimbalprotection-dji-avata-2-maximal-security,/products/robust-gimbalskydd-dji-avata-2-maximal-security,/products/robust-gimbalprotection-dji-avata-2-maximal-security,YES,YES,Robust DJI Avata 2 Gimbal Skydd i Aluminium,,
product,insta360-x4-sunnylife-metall-skyddsbur,insta360-x4-sunnylife-metall-protectionsbur,/products/insta360-x4-sunnylife-metall-skyddsbur,/products/insta360-x4-sunnylife-metall-protectionsbur,YES,YES,Insta360 X4 Sunnylife Metal - Insta360 X4 Skyddsbur i Metall,,
product,dji-avata-2-batterilas,dji-avata-2-batterylas,/products/dji-avata-2-batterilas,/products/dji-avata-2-batterylas,YES,YES,Skydda din drönare med ett DJI Avata 2 batterilås,,
product,linsskydd-dji-goggles-2-3-dammtatt,lens-protector-dji-goggles-2-3-dammtatt,/products/linsskydd-dji-goggles-2-3-dammtatt,/products/lens-protector-dji-goggles-2-3-dammtatt,YES,YES,dji goggles goggles - Linsskydd för DJI Goggles 2 och Goggles 3,,
product,dji-avata-2-landningsben-forhojt,dji-avata-2-landingsben-forhojt,/products/dji-avata-2-landningsben-forhojt,/products/dji-avata-2-landingsben-forhojt,YES,YES,DJI Avata 2 landningsben - Förhöjda,,
product,dji-avata-2-kamerafaste-1,dji-avata-2-kameramount-1,/products/dji-avata-2-kamerafaste-1,/products/dji-avata-2-kameramount-1,YES,YES,DJI Avata 2 Kamerafäste för Actionkameror,,
product,puluz-metallbur-insta360-ace-pro,puluz-metal-cage-insta360-ace-pro,/products/puluz-metallbur-insta360-ace-pro,/products/puluz-metal-cage-insta360-ace-pro,YES,YES,PULUZ metallbur Insta360 Ace Pro för maximalt skydd,,
product,startrc-magnetisk-bas-1-4-metallfaste,startrc-magnetisk-bas-1-4-metallmount,/products/startrc-magnetisk-bas-1-4-metallfaste,/products/startrc-magnetisk-bas-1-4-metallmount,YES,YES,"STARTRC Magnetic Base 1/4 - STARTRC Magnetisk Bas med 1/4"" Gänga",,
product,insta360-x4-linsskydd-integrerat-skarmskydd-sunnyl,insta360-x4-lens-protector-integrerat-skarmprotection-sunnyl,/products/insta360-x4-linsskydd-integrerat-skarmskydd-sunnyl,/products/insta360-x4-lens-protector-integrerat-skarmprotection-sunnyl,YES,YES,Insta360 X4 linsskydd - Integrerat Linsskydd och Skärmskydd,,
product,puluz-silikonlinsskydd-dji-osmo-action-4,puluz-siliconelens-protector-dji-osmo-action-4,/products/puluz-silikonlinsskydd-dji-osmo-action-4,/products/puluz-siliconelens-protector-dji-osmo-action-4,YES,YES,PULUZ Silikonlinsskydd för DJI Osmo Action 4,,
product,vindskydd-dji-osmo-action,vindprotection-dji-osmo-action,/products/vindskydd-dji-osmo-action,/products/vindprotection-dji-osmo-action,YES,YES,Vindskydd DJI Osmo Action för kristallklart ljud,,
product,insta360-x4-cynova-metallbur-protection,insta360-x4-cynova-metal-cage-protection,/products/insta360-x4-cynova-metallbur-protection,/products/insta360-x4-cynova-metal-cage-protection,YES,YES,Insta360 X4 CYNOVA Metallbur med Linsskydd,,
product,dji-pocket-3-snabbfaste,dji-pocket-3-snabbmount,/products/dji-pocket-3-snabbfaste,/products/dji-pocket-3-snabbmount,YES,YES,DJI Pocket 3 Snabbfäste för Kreativ Frihet,,
product,puluz-metallskydd-for-insta360-x4,puluz-metallprotection-for-insta360-x4,/products/puluz-metallskydd-for-insta360-x4,/products/puluz-metallprotection-for-insta360-x4,YES,YES,insta360 x4 puluz - PULUZ - PULUZ Metallskydd för Insta360 X4,,
product,dji-avata-2-batterilucka,dji-avata-2-batterylucka,/products/dji-avata-2-batterilucka,/products/dji-avata-2-batterylucka,YES,YES,STARTRC DJI Avata 2 tailwing,,
product,dji-avata-2-sunnylife-skyddspaket-backpack-drones,dji-avata-2-sunnylife-protectionspaket-backpack-drones,/products/dji-avata-2-sunnylife-skyddspaket-backpack-drones,/products/dji-avata-2-sunnylife-protectionspaket-backpack-drones,YES,YES,DJI Avata 2 Skyddspaket med Ryggsäck Drönare Fodral,,
product,puluz-osmo-pocket-3-silikonskal-with-rem,puluz-osmo-pocket-3-silicone-case-with-rem,/products/puluz-osmo-pocket-3-silikonskal-with-rem,/products/puluz-osmo-pocket-3-silicone-case-with-rem,YES,YES,PULUZ Osmo Pocket 3 Silikonskal med Rem,,
product,insta360-x4-sunnylife-lavalier-mikrofon-type-c,insta360-x4-sunnylife-lavalier-microphone-type-c,/products/insta360-x4-sunnylife-lavalier-mikrofon-type-c,/products/insta360-x4-sunnylife-lavalier-microphone-type-c,YES,YES,Insta360 X4 Sunnylife Lavalier Mikrofon med Type-C,,
product,silikonhallare-for-dji-insta360-x4-puluz,siliconehallare-for-dji-insta360-x4-puluz,/products/silikonhallare-for-dji-insta360-x4-puluz,/products/siliconehallare-for-dji-insta360-x4-puluz,YES,YES,för DJI Insta360 X4 PULUZ - Stabil Silikonhållare för DJI Insta360 X4,,
product,insta360-x4-x5-sunnylife-skyddskit,insta360-x4-x5-sunnylife-protectionskit,/products/insta360-x4-x5-sunnylife-skyddskit,/products/insta360-x4-x5-sunnylife-protectionskit,YES,YES,Insta360 X4 / X5 Sunnylife - Skyddskit för Insta360 X4 och X5,,
product,osmo-mobile-6-barvaska,osmo-mobile-6-barbag,/products/osmo-mobile-6-barvaska,/products/osmo-mobile-6-barbag,YES,YES,Bärväska för DJI Osmo Mobile 6 Gimbal,,
product,insta360-x4-cynova-silikonbas-uppratt-hallare,insta360-x4-cynova-siliconebas-uppratt-hallare,/products/insta360-x4-cynova-silikonbas-uppratt-hallare,/products/insta360-x4-cynova-siliconebas-uppratt-hallare,YES,YES,Insta360 X4 CYNOVA Silicone - Insta360 X4 CYNOVA Silikonbas,,
product,cqt-stativskydd-drones,cqt-stativprotection-drones,/products/cqt-stativskydd-drones,/products/cqt-stativprotection-drones,YES,YES,CQT Stativskydd Drönare för Optimalt Skydd,,
product,snabbfaste-gopro-mfl-j-hook-double,snabbmount-gopro-mfl-j-hook-double,/products/snabbfaste-gopro-mfl-j-hook-double,/products/snabbmount-gopro-mfl-j-hook-double,YES,YES,"TELESIN GP-MTB-T02-BK Sports Camera Double Head J-Buckle Backpack Quick Release Conversion Accessory, J-Buckle",,
product,telesin-kameravaska-expanderbar,telesin-kamerabag-expanderbar,/products/telesin-kameravaska-expanderbar,/products/telesin-kamerabag-expanderbar,YES,YES,TELESIN kameraväska - TELESIN Expanderbar Kameraväska,,
product,telesin-magnetiskt-kamerafaste-snabbkoppling,telesin-magnetiskt-kameramount-snabbkoppling,/products/telesin-magnetiskt-kamerafaste-snabbkoppling,/products/telesin-magnetiskt-kameramount-snabbkoppling,YES,YES,Magnetiskt Kamerafäste med Snabbkoppling,,
product,dji-avata-2-dronarstall,dji-avata-2-dronestall,/products/dji-avata-2-dronarstall,/products/dji-avata-2-dronestall,YES,YES,DJI Avata 2 drönarställ - CQT Drönarställ för DJI Avata,,
product,telesin-gopro-dykskal-waterproof-skal,telesin-gopro-dykshell-waterproof-shell,/products/telesin-gopro-dykskal-waterproof-skal,/products/telesin-gopro-dykshell-waterproof-shell,YES,YES,TELESIN GoPro Dykskal för Optimalt Undervattensskydd,,
product,telesin-battery-charger-gopro12-forvaringsladdare,telesin-battery-charger-gopro12-storagescharger,/products/telesin-battery-charger-gopro12-forvaringsladdare,/products/telesin-battery-charger-gopro12-storagescharger,YES,YES,Telesin Batteriladdare GoPro12 med Förvaringsfunktion,,
product,waterproof-axelvaska-mini-4k-mini-2-mini-2-se,waterproof-axelbag-mini-4k-mini-2-mini-2-se,/products/waterproof-axelvaska-mini-4k-mini-2-mini-2-se,/products/waterproof-axelbag-mini-4k-mini-2-mini-2-se,YES,YES,Axelväska för DJI Mini 4K / Mini 2 / Mini 2 SE,,
product,avata-2-dronarstjart,avata-2-dronestjart,/products/avata-2-dronarstjart,/products/avata-2-dronestjart,YES,YES,Avata 2 Drönarstjärt för Optimerad Flygning,,
product,insta360-x4-klart-1-5mm-mjukt-tpu-skal,insta360-x4-klart-1-5mm-mjukt-tpu-shell,/products/insta360-x4-klart-1-5mm-mjukt-tpu-skal,/products/insta360-x4-klart-1-5mm-mjukt-tpu-shell,YES,YES,Insta360 X4 Clear 1.5mm Soft - Insta360 X4 Klart 1.5mm Mjukt,,
product,dji-cqt-uav-30-i-1-dronarverktygssats,dji-cqt-uav-30-i-1-droneverktygssats,/products/dji-cqt-uav-30-i-1-dronarverktygssats,/products/dji-cqt-uav-30-i-1-droneverktygssats,YES,YES,DJI CQT UAV 30-In-1 Drone - Universell Drönarverktygssats för DJI CQT,,
product,magnetiskt-handledsfast-snabbkoppling-sportkamera,magnetiskt-handledsfast-snabbkoppling-action-camera,/products/magnetiskt-handledsfast-snabbkoppling-sportkamera,/products/magnetiskt-handledsfast-snabbkoppling-action-camera,YES,YES,Magnetiskt Handledsfäste för Sportkameror,,
product,sunnylife-midjefaste-fjarrkontroll,sunnylife-midjemount-remote-control,/products/sunnylife-midjefaste-fjarrkontroll,/products/sunnylife-midjemount-remote-control,YES,YES,Sunnylife Remote Control Waist - Sunnylife Midjefäste,,
product,telesin-snabbladdare-gopro12-battery-charger-forvar,telesin-snabbcharger-gopro12-battery-charger-forvar,/products/telesin-snabbladdare-gopro12-battery-charger-forvar,/products/telesin-snabbcharger-gopro12-battery-charger-forvar,YES,YES,TELESIN Snabbladdare GoPro12 med Förvaringsfunktion,,
product,insta360-x4-telesin-skyddsram,insta360-x4-telesin-protectionsram,/products/insta360-x4-telesin-skyddsram,/products/insta360-x4-telesin-protectionsram,YES,YES,Skyddsram för Insta360 X4 TELESIN S6-CRF-01-TIS,,
product,insta360-x4-cynova-ox4-jst-cy-silikonfodral,insta360-x4-cynova-ox4-jst-cy-siliconefodral,/products/insta360-x4-cynova-ox4-jst-cy-silikonfodral,/products/insta360-x4-cynova-ox4-jst-cy-siliconefodral,YES,YES,Silikonfodral för Insta360 X4 CYNOVA OX4-JST-CY,,
product,telesin-gp-btr-904-gy-forvarings-laddbox-gopro,telesin-gp-btr-904-gy-storages-laddbox-gopro,/products/telesin-gp-btr-904-gy-forvarings-laddbox-gopro,/products/telesin-gp-btr-904-gy-storages-laddbox-gopro,YES,YES,TELESIN GP-BTR-904-GY Storage - TELESIN GP-BTR-904-GY Förvaringslåda,,
product,insta360-x4-pgytech-p-55a-010-metallbur,insta360-x4-pgytech-p-55a-010-metal-cage,/products/insta360-x4-pgytech-p-55a-010-metallbur,/products/insta360-x4-pgytech-p-55a-010-metal-cage,YES,YES,Insta360 X4 PGYTECH P-55A-010 - Insta360 X4 Skyddsbur i Metall,,
product,osmo-pocket-3-skal-transparent-protection,osmo-pocket-3-shell-transparent-protection,/products/osmo-pocket-3-skal-transparent-protection,/products/osmo-pocket-3-shell-transparent-protection,YES,YES,Transparent Skyddande Osmo Pocket 3 Skal med Handrem,,
product,dji-avata-2-led-list-forbattra-flygsakerhet,dji-avata-2-led-list-forbattra-flygsecurity,/products/dji-avata-2-led-list-forbattra-flygsakerhet,/products/dji-avata-2-led-list-forbattra-flygsecurity,YES,YES,DJI Avata 2 LED-list för Ökad Synlighet,,
product,dji-avata-2-linsskydd-aluminium,dji-avata-2-lens-protector-aluminium,/products/dji-avata-2-linsskydd-aluminium,/products/dji-avata-2-lens-protector-aluminium,YES,YES,Dji Avata 2 Linsskydd i Aluminium för Drönare,,
product,silikonfotter-dji-avata-2-landningsskydd,siliconefotter-dji-avata-2-landingsprotection,/products/silikonfotter-dji-avata-2-landningsskydd,/products/siliconefotter-dji-avata-2-landingsprotection,YES,YES,Silikonfötter för DJI Avata 2 Drönare,,
product,insta360-x4-tri-slot-snabbladdare,insta360-x4-tri-slot-snabbcharger,/products/insta360-x4-tri-slot-snabbladdare,/products/insta360-x4-tri-slot-snabbcharger,YES,YES,Insta360 X4 Tri-Slot Snabbladdare för Tre Batterier,,
product,dji-air-3-propeller-guard-faste,dji-air-3-propeller-guard-mount,/products/dji-air-3-propeller-guard-faste,/products/dji-air-3-propeller-guard-mount,YES,YES,Propellerskydd och Fäste för DJI Air 3,,
product,insta360-x4-bag-startrc-waterproof-forvaring,insta360-x4-bag-startrc-waterproof-storage,/products/insta360-x4-bag-startrc-waterproof-forvaring,/products/insta360-x4-bag-startrc-waterproof-storage,YES,YES,Insta360 X4 Väska STARTRC: Optimalt Skydd för Din Kamera,,
product,skarmskydd-insta360-go-3s-startrc-2-i-1,skarmprotection-insta360-go-3s-startrc-2-i-1,/products/skarmskydd-insta360-go-3s-startrc-2-i-1,/products/skarmprotection-insta360-go-3s-startrc-2-i-1,YES,YES,Insta360 GO 3S STARTRC 2 in 1 - Insta360 GO 3S STARTRC 2-i-1,,
product,startrc-ar-antireflex-skarmskydd-dji-rc-rc2,startrc-ar-antireflex-skarmprotection-dji-rc-rc2,/products/startrc-ar-antireflex-skarmskydd-dji-rc-rc2,/products/startrc-ar-antireflex-skarmprotection-dji-rc-rc2,YES,YES,STARTRC AR Anti-reflection - STARTRC AR Antireflex Skärmskydd för DJI,,
product,dji-rc-n1-n2-original-micro-usb-kabel,dji-rc-n1-n2-original-micro-usb-cable,/products/dji-rc-n1-n2-original-micro-usb-kabel,/products/dji-rc-n1-n2-original-micro-usb-cable,YES,YES,Original Micro USB Connector - Original Micro USB Kabel för DJI,,
product,dji-avata-2-slingvaska,dji-avata-2-slingbag,/products/dji-avata-2-slingvaska,/products/dji-avata-2-slingbag,YES,YES,Original DJI Avata 2 Slingväska för Drönare och Tillbehör,,
product,insta360-x4-pc-plast-skyddsram,insta360-x4-pc-plast-protectionsram,/products/insta360-x4-pc-plast-skyddsram,/products/insta360-x4-pc-plast-protectionsram,YES,YES,Insta360 X4 PC Plastic - Insta360 X4 Skyddsram med Linsskydd,,
product,insta360-x4-metallbur,insta360-x4-metal-cage,/products/insta360-x4-metallbur,/products/insta360-x4-metal-cage,YES,YES,Stabil Insta360 X4 Metallbur för Optimalt Skydd,,
product,silikonskydd-insta360-x3,siliconeprotection-insta360-x3,/products/silikonskydd-insta360-x3,/products/siliconeprotection-insta360-x3,YES,YES,silikonskydd Insta360 X3 - Silikonskydd för Insta360 X3,,
product,dji-bag-pocket-telesin-forvaring,dji-bag-pocket-telesin-storage,/products/dji-bag-pocket-telesin-forvaring,/products/dji-bag-pocket-telesin-storage,YES,YES,dji väska pocket - Telesin Förvaringsväska för DJI Osmo Pocket 3,,
product,dji-rsc-2-rs-2-rs-3-stabilisator-ovre-snabbfaste,dji-rsc-2-rs-2-rs-3-stabilisator-ovre-snabbmount,/products/dji-rsc-2-rs-2-rs-3-stabilisator-ovre-snabbfaste,/products/dji-rsc-2-rs-2-rs-3-stabilisator-ovre-snabbmount,YES,YES,dji rs 2 pro combo - Snabbfäste Övre Platta för DJI Stabilisatorer,,
product,barbart-silikonskyddsfodral-for-insta360-x4,barbart-siliconeprotectionsfodral-for-insta360-x4,/products/barbart-silikonskyddsfodral-for-insta360-x4,/products/barbart-siliconeprotectionsfodral-for-insta360-x4,YES,YES,Bärbar Silicone Protective - Bärbart Silikonskyddsfodral,,
product,puluz-flytande-handtag-magnetiskt-snabbfaste,puluz-flytande-handtag-magnetiskt-snabbmount,/products/puluz-flytande-handtag-magnetiskt-snabbfaste,/products/puluz-flytande-handtag-magnetiskt-snabbmount,YES,YES,PULUZ Flytande Handtag för Actionkameror,,
product,dji-ronin-sc-snabbfaste-gimbal-stabilisator,dji-ronin-sc-snabbmount-gimbal-stabilisator,/products/dji-ronin-sc-snabbfaste-gimbal-stabilisator,/products/dji-ronin-sc-snabbmount-gimbal-stabilisator,YES,YES,DJI Ronin-SC Snabbfäste för Gimbal Stabilisator,,
product,insta360-go-3s-linsskydd,insta360-go-3s-lens-protector,/products/insta360-go-3s-linsskydd,/products/insta360-go-3s-lens-protector,YES,YES,Skydda din kamera med Insta360 GO 3S linsskydd,,
product,insta360-go-3s-faste-sunnylife-vikbart-vertikalt,insta360-go-3s-mount-sunnylife-vikbart-vertikalt,/products/insta360-go-3s-faste-sunnylife-vikbart-vertikalt,/products/insta360-go-3s-mount-sunnylife-vikbart-vertikalt,YES,YES,Sunnylife Vikbart Insta360 GO 3S Fäste,,
product,insta360-x4-linsskydd-v1,insta360-x4-lens-protector-v1,/products/insta360-x4-linsskydd-v1,/products/insta360-x4-lens-protector-v1,YES,YES,Insta360 X4 Linsskydd V1 för Optimal Kamera Skydd,,
product,insta360-x4-skarmskydd-integrerat-linsskydd,insta360-x4-skarmprotection-integrerat-lens-protector,/products/insta360-x4-skarmskydd-integrerat-linsskydd,/products/insta360-x4-skarmprotection-integrerat-lens-protector,YES,YES,Insta360 X4 skärmskydd - Insta360 X4 Integrerat Linsskydd,,
product,osmo-action-4-3-magnetfaste,osmo-action-4-3-magnetmount,/products/osmo-action-4-3-magnetfaste,/products/osmo-action-4-3-magnetmount,YES,YES,Magnetiskt Vikbart Fäste för Osmo Action 4/3,,
product,optimalt-dji-avata-2-faste-action-cameras,optimalt-dji-avata-2-mount-action-cameras,/products/optimalt-dji-avata-2-faste-action-cameras,/products/optimalt-dji-avata-2-mount-action-cameras,YES,YES,Optimalt DJI Avata 2 Fäste för Actionkameror,,
product,telesin-waterproof-selfiepinne-tripod,telesin-waterproof-selfie-stick-tripod,/products/telesin-waterproof-selfiepinne-tripod,/products/telesin-waterproof-selfie-stick-tripod,YES,YES,Telesin Vattentät Selfiepinne med Fjärrkontroll,,
product,osmo-pocket-3-adapter-v1-expansionsfaste,osmo-pocket-3-adapter-v1-expansionsmount,/products/osmo-pocket-3-adapter-v1-expansionsfaste,/products/osmo-pocket-3-adapter-v1-expansionsmount,YES,YES,Expansionsfäste Osmo Pocket 3 Adapter v1,,
product,dji-osmo-action-4-puluz-3-i-1-skarmskydd,dji-osmo-action-4-puluz-3-i-1-skarmprotection,/products/dji-osmo-action-4-puluz-3-i-1-skarmskydd,/products/dji-osmo-action-4-puluz-3-i-1-skarmprotection,YES,YES,DJI Osmo Action 4 PULUZ 3-in-1 - PULUZ 3-i-1 Skärmskydd för DJI Osmo,,
product,gopro-hero13-black-linsskydd-skarmskydd,gopro-hero13-black-lens-protector-skarmprotection,/products/gopro-hero13-black-linsskydd-skarmskydd,/products/gopro-hero13-black-lens-protector-skarmprotection,YES,YES,GoPro HERO13 Black Lens - Skydd i Härdat Glas för GoPro HERO13 Black,,
product,gopro-hero13-black-silikonskydd-handledsrem-linssk,gopro-hero13-black-siliconeprotection-handledsrem-linssk,/products/gopro-hero13-black-silikonskydd-handledsrem-linssk,/products/gopro-hero13-black-siliconeprotection-handledsrem-linssk,YES,YES,GoPro HERO13 Black Silicone - Silikonskydd med Handledsrem för GoPro,,
product,skarmsskydd-gopro-hero13,skarmsprotection-gopro-hero13,/products/skarmsskydd-gopro-hero13,/products/skarmsprotection-gopro-hero13,YES,YES,Skärmskydd GoPro Hero13: Optimalt skydd för din actionkamera,,
product,dji-neo-dronarvaska-axel,dji-neo-dronebag-axel,/products/dji-neo-dronarvaska-axel,/products/dji-neo-dronebag-axel,YES,YES,Skydda din drönare med en DJI Neo drönarväska,,
product,dji-neo-startrc-axelvasa-forvaring,dji-neo-startrc-axelvasa-storage,/products/dji-neo-startrc-axelvasa-forvaring,/products/dji-neo-startrc-axelvasa-storage,YES,YES,DJI Neo STARTRC Shoulder - DJI Neo STARTRC Axelväska,,
product,dji-neo-axelremsvaska-nylon-startrc,dji-neo-axelremsbag-nylon-startrc,/products/dji-neo-axelremsvaska-nylon-startrc,/products/dji-neo-axelremsbag-nylon-startrc,YES,YES,DJI Neo Axelremsväska i Nylon från STARTRC,,
product,dji-neo-dronarvasa-nylon,dji-neo-dronevasa-nylon,/products/dji-neo-dronarvasa-nylon,/products/dji-neo-dronevasa-nylon,YES,YES,DJI Neo Drone Storage Bag - DJI Neo Drönarväska i Nylon,,
product,dji-neo-dronarvaska-axelrem,dji-neo-dronebag-axelrem,/products/dji-neo-dronarvaska-axelrem,/products/dji-neo-dronebag-axelrem,YES,YES,DJI Neo Drone Single Shoulder - DJI Neo Drönarväska med Axelrem,,
product,puluz-50-i-1-tillbehorspaket-actionkamera,puluz-50-i-1-accessoriesspaket-actionkamera,/products/puluz-50-i-1-tillbehorspaket-actionkamera,/products/puluz-50-i-1-accessoriesspaket-actionkamera,YES,YES,PULUZ 50 in 1 Accessories - PULUZ 50-i-1 Tillbehörspaket,,
product,skarmskydd-dji-neo-hartat-glas,skarmprotection-dji-neo-hartat-glas,/products/skarmskydd-dji-neo-hartat-glas,/products/skarmprotection-dji-neo-hartat-glas,YES,YES,Högkvalitativt Skärmskydd för DJI Neo,,
product,sunnylife-kroppsforvaringsvaska-drones,sunnylife-kroppsstoragesbag-drones,/products/sunnylife-kroppsforvaringsvaska-drones,/products/sunnylife-kroppsstoragesbag-drones,YES,YES,Sunnylife Body Storage Case - Sunnylife Kroppsförvaringsväska,,
product,sunnylife-dronarbatteri-kit-storage-bag,sunnylife-dronebattery-kit-storage-bag,/products/sunnylife-dronarbatteri-kit-storage-bag,/products/sunnylife-dronebattery-kit-storage-bag,YES,YES,"Sunnylife Drone Batteries Kit Storage Case Box Suitcase, For DJI Neo",,
product,sunnylife-batterivaska-flamsaker,sunnylife-batterybag-flamsaker,/products/sunnylife-batterivaska-flamsaker,/products/sunnylife-batterybag-flamsaker,YES,YES,"Sunnylife Battery Explosion-proof Safe Bag Protective Li-Po Safe Bag, For DJI Neo",,
product,telesin-61cm-flytande-selfiepinne-tripod,telesin-61cm-flytande-selfie-stick-tripod,/products/telesin-61cm-flytande-selfiepinne-tripod,/products/telesin-61cm-flytande-selfie-stick-tripod,YES,YES,TELESIN 61cm Underwater - TELESIN 61cm Flytande Selfiepinne Stativ,,
product,gopro-hero13-silikonskal-amagisn-protection,gopro-hero13-silicone-case-amagisn-protection,/products/gopro-hero13-silikonskal-amagisn-protection,/products/gopro-hero13-silicone-case-amagisn-protection,YES,YES,Skyddande GoPro HERO13 Silikonskal för Optimal Säkerhet,,
product,puluz-silikonskydd-linsskydd-rem-gopro-hero13-blac,puluz-siliconeprotection-lens-protector-rem-gopro-hero13-blac,/products/puluz-silikonskydd-linsskydd-rem-gopro-hero13-blac,/products/puluz-siliconeprotection-lens-protector-rem-gopro-hero13-blac,YES,YES,Komplett GoPro Hero13 Skyddskit med Silikonfodral,,
product,dji-neo-resvaska-sunnylife-protection,dji-neo-resbag-sunnylife-protection,/products/dji-neo-resvaska-sunnylife-protection,/products/dji-neo-resbag-sunnylife-protection,YES,YES,DJI Neo Resväska: Optimalt Skydd för Din Drönare,,
product,linsskydd-gopro-hero13,lens-protector-gopro-hero13,/products/linsskydd-gopro-hero13,/products/lens-protector-gopro-hero13,YES,YES,Linsskydd GoPro Hero13: Maximalt skydd för din kamera,,
product,dji-neo-skyddsdekal,dji-neo-protectionsdekal,/products/dji-neo-skyddsdekal,/products/dji-neo-protectionsdekal,YES,YES,DJI Neo Skyddsdekal för Drönare och Fjärrkontroll,,
product,dji-neo-dronardekaler-optimalt-protection,dji-neo-dronedekaler-optimalt-protection,/products/dji-neo-dronardekaler-optimalt-protection,/products/dji-neo-dronedekaler-optimalt-protection,YES,YES,DJI Neo Drönardekaler för Personlig Anpassning,,
product,silikonfodral-gopro-hero13-black,siliconefodral-gopro-hero13-black,/products/silikonfodral-gopro-hero13-black,/products/siliconefodral-gopro-hero13-black,YES,YES,Skyddande Silikonfodral GoPro HERO13 Black,,
product,skarmsskydd-gopro-hero13-tempererat-glas,skarmsprotection-gopro-hero13-tempererat-glas,/products/skarmsskydd-gopro-hero13-tempererat-glas,/products/skarmsprotection-gopro-hero13-tempererat-glas,YES,YES,GoPro HERO13 skärms Black - Skärmskydd i Tempererat Glas för GoPro,,
product,dji-neo-fly-more-bag-forvaring,dji-neo-fly-more-bag-storage,/products/dji-neo-fly-more-bag-forvaring,/products/dji-neo-fly-more-bag-storage,YES,YES,DJI Neo Fly More Väska för Säker Transport,,
product,dji-neo-axelvaska,dji-neo-axelbag,/products/dji-neo-axelvaska,/products/dji-neo-axelbag,YES,YES,DJI Neo Axelväska för Drönare och Tillbehör,,
product,dji-neo-nd-filter-dramatiska-dronarbilder,dji-neo-nd-filter-dramatiska-dronebilder,/products/dji-neo-nd-filter-dramatiska-dronarbilder,/products/dji-neo-nd-filter-dramatiska-dronebilder,YES,YES,DJI Neo ND Filter för Enastående Drönarbilder,,
product,kameraskydd-dji-neo-2-skydda,camera-protection-dji-neo-2-protectiona,/products/kameraskydd-dji-neo-2-skydda,/products/camera-protection-dji-neo-2-protectiona,YES,YES,Kameraskydd DJI Neo 2: Skydda Din Drönarkamera,,
product,dji-neo-jsr-kb-dronarfilter,dji-neo-jsr-kb-dronefilter,/products/dji-neo-jsr-kb-dronarfilter,/products/dji-neo-jsr-kb-dronefilter,YES,YES,Drönarfilter till DJI Neo JSR KB Series,,
product,magnetiskt-faste-dji-om-gimbal-aluminium,magnetiskt-mount-dji-om-gimbal-aluminium,/products/magnetiskt-faste-dji-om-gimbal-aluminium,/products/magnetiskt-mount-dji-om-gimbal-aluminium,YES,YES,Magnetiskt Fäste för DJI OM Gimbal i Aluminium,,
product,insta360-go-3-remfaste,insta360-go-3-remmount,/products/insta360-go-3-remfaste,/products/insta360-go-3-remmount,YES,YES,Insta360 GO 3 Remfäste för Flexibel Montering,,
product,sunnylife-propellers-protection-kollisionsskydd-dji-neo,sunnylife-propellers-protection-kollisionsprotection-dji-neo,/products/sunnylife-propellers-protection-kollisionsskydd-dji-neo,/products/sunnylife-propellers-protection-kollisionsprotection-dji-neo,YES,YES,Sunnylife Propeller Protective - Sunnylife Propeller Skydd för Drönare,,
product,skarmskydd-gopro-hero13-black-sunnylife-3,skarmprotection-gopro-hero13-black-sunnylife-3,/products/skarmskydd-gopro-hero13-black-sunnylife-3,/products/skarmprotection-gopro-hero13-black-sunnylife-3,YES,YES,Skärmskydd för GoPro HERO13 Black Sunnylife 3 i 1,,
product,sunnylife-neo-propellerfodral-forvaring,sunnylife-neo-propellerfodral-storage,/products/sunnylife-neo-propellerfodral-forvaring,/products/sunnylife-neo-propellerfodral-storage,YES,YES,Sunnylife NEO Propellers Case - Skyddande Förvaringsfodral,,
product,skarmskydd-dji-osmo-action-5-pro-puluz,skarmprotection-dji-osmo-action-5-pro-puluz,/products/skarmskydd-dji-osmo-action-5-pro-puluz,/products/skarmprotection-dji-osmo-action-5-pro-puluz,YES,YES,Skärmskydd i Härdat Glas för DJI Osmo Action 5 Pro PULUZ,,
product,skarmsskydd-dji-osm-packag-osmo-action-5,skarmsprotection-dji-osm-packag-osmo-action-5,/products/skarmsskydd-dji-osm-packag-osmo-action-5,/products/skarmsprotection-dji-osm-packag-osmo-action-5,YES,YES,Skärmskydd DJI Osm Packag för Osmo Action 5,,
product,dji-neo-barvaska-bag,dji-neo-barbag-bag,/products/dji-neo-barvaska-bag,/products/dji-neo-barbag-bag,YES,YES,DJI Neo Bärväska Bag för Fly More Combo,,
product,insta360-x4-snabbfaste,insta360-x4-snabbmount,/products/insta360-x4-snabbfaste,/products/insta360-x4-snabbmount,YES,YES,Insta360 X4 snabbfäste för säker montering,,
product,startrc-v2-batterivarmer-konstant-temperatur,startrc-v2-batterythermalr-konstant-temperatur,/products/startrc-v2-batterivarmer-konstant-temperatur,/products/startrc-v2-batterythermalr-konstant-temperatur,YES,YES,STARTRC batterivärmare - STARTRC V2 Batterivärmare för Drönarbatterier,,
product,forhojt-landningsstall-dji-neo-drone,forhojt-landing-gear-dji-neo-drone,/products/forhojt-landningsstall-dji-neo-drone,/products/forhojt-landing-gear-dji-neo-drone,YES,YES,Förhöjt Landningsställ för DJI Neo Drone,,
product,dji-neo-linsskydd-for-optimalt-kameraskydd,dji-neo-lens-protector-for-optimalt-camera-protection,/products/dji-neo-linsskydd-for-optimalt-kameraskydd,/products/dji-neo-lens-protector-for-optimalt-camera-protection,YES,YES,DJI Neo Linsskydd för Optimalt Kameraskydd,,
product,startrc-linsskydd-gimbal-protection-dji-neo,startrc-lens-protector-gimbal-protection-dji-neo,/products/startrc-linsskydd-gimbal-protection-dji-neo,/products/startrc-lens-protector-gimbal-protection-dji-neo,YES,YES,DJI Neo STARTRC Lens - STARTRC - STARTRC Linsskydd och Gimbal,,
product,insta360-go3-kepsfaste,insta360-go3-kepsmount,/products/insta360-go3-kepsfaste,/products/insta360-go3-kepsmount,YES,YES,Insta360 Go3 Kepsfäste för Handsfree Filmning,,
product,dji-neo-batterilucka-integrerat-landningsstall,dji-neo-batterylucka-integrerat-landing-gear,/products/dji-neo-batterilucka-integrerat-landningsstall,/products/dji-neo-batterylucka-integrerat-landing-gear,YES,YES,DJI Neo Batterilucka med Integrerat Landningsställ,,
product,insta360-go3-ryggsacksfaste-360-rotation,insta360-go3-ryggsacksmount-360-rotation,/products/insta360-go3-ryggsacksfaste-360-rotation,/products/insta360-go3-ryggsacksmount-360-rotation,YES,YES,Insta360 GO3 Ryggsäcksfäste med 360° Rotation,,
product,dji-neo-dronarstall-stilren-presentation,dji-neo-dronestall-stilren-presentation,/products/dji-neo-dronarstall-stilren-presentation,/products/dji-neo-dronestall-stilren-presentation,YES,YES,DJI Neo Drönarställ för Optimal Presentation,,
product,sunnylife-kontrollskydd-dji-mini-4-pro-halsrem,sunnylife-kontrollprotection-dji-mini-4-pro-halsrem,/products/sunnylife-kontrollskydd-dji-mini-4-pro-halsrem,/products/sunnylife-kontrollprotection-dji-mini-4-pro-halsrem,YES,YES,Sunnylife Mini 4 Pro - Sunnylife Kontrollskydd med Halsrem för DJI,,
product,sunnylife-dronarplatta-35cm-vikbar,sunnylife-droneplatta-35cm-vikbar,/products/sunnylife-dronarplatta-35cm-vikbar,/products/sunnylife-droneplatta-35cm-vikbar,YES,YES,Sunnylife Drönarplatta 35cm för Säker Landning,,
product,osmo-action-5-linsskydd-silikon,osmo-action-5-lens-protector-silicone,/products/osmo-action-5-linsskydd-silikon,/products/osmo-action-5-lens-protector-silicone,YES,YES,Skyddande Silikonskydd för Osmo Action 5 Linsskydd,,
product,kollisionsskydd-dji-neo-gimbal,kollisionsprotection-dji-neo-gimbal,/products/kollisionsskydd-dji-neo-gimbal,/products/kollisionsprotection-dji-neo-gimbal,YES,YES,Robust Kollisionsskydd för DJI Neo Gimbal,,
product,lktop-displaybas-dji-mini-4-pro-3-3-pro-dammskydd,lktop-displaybas-dji-mini-4-pro-3-3-pro-dammprotection,/products/lktop-displaybas-dji-mini-4-pro-3-3-pro-dammskydd,/products/lktop-displaybas-dji-mini-4-pro-3-3-pro-dammprotection,YES,YES,Dammskyddande Displaybas för DJI Mini 4 Pro / 3 / 3 Pro,,
product,landningsstall-for-dji-neo-cqt-booster-vikbart,landing-gear-for-dji-neo-cqt-booster-vikbart,/products/landningsstall-for-dji-neo-cqt-booster-vikbart,/products/landing-gear-for-dji-neo-cqt-booster-vikbart,YES,YES,Vikbart DJI Neo Landningsställ för CQT Booster,,
product,kollisionsskydd-dji-neo-cqt-ptz-bumper,kollisionsprotection-dji-neo-cqt-ptz-bumper,/products/kollisionsskydd-dji-neo-cqt-ptz-bumper,/products/kollisionsprotection-dji-neo-cqt-ptz-bumper,YES,YES,Kollisionsskydd för DJI Neo CQT PTZ Bumper,,
product,dji-neo-cqt-linsskydd,dji-neo-cqt-lens-protector,/products/dji-neo-cqt-linsskydd,/products/dji-neo-cqt-lens-protector,YES,YES,DJI Neo CQT linsskydd - Skydda din DJI Neo CQT med ett pålitligt linss,,
product,dji-neo-cqt-anti-kollisionsskydd-hojdstativ,dji-neo-cqt-anti-kollisionsprotection-hojdstativ,/products/dji-neo-cqt-anti-kollisionsskydd-hojdstativ,/products/dji-neo-cqt-anti-kollisionsprotection-hojdstativ,YES,YES,DJI Neo CQT Anti-collision Bar - DJI Neo CQT Anti-kollisionsskydd,,
product,dji-neo-cqt-dronarstativ-protection-stabilitet,dji-neo-cqt-dronestativ-protection-stabilitet,/products/dji-neo-cqt-dronarstativ-protection-stabilitet,/products/dji-neo-cqt-dronestativ-protection-stabilitet,YES,YES,DJI Neo CQT Drone Stand - DJI Neo CQT Drönarstativ för Optimalt Skydd,,
product,dji-neo-cqt-batteriskydd-2-pack,dji-neo-cqt-batteryprotection-2-pack,/products/dji-neo-cqt-batteriskydd-2-pack,/products/dji-neo-cqt-batteryprotection-2-pack,YES,YES,DJI Neo CQT 2pcs Battery - Skyddsfodral för DJI Neo CQT,,
product,startrc-vinterhandskar-drones-fjarrkontrollhandsk,startrc-vinterhandskar-drones-remote-controlhandsk,/products/startrc-vinterhandskar-drones-fjarrkontrollhandsk,/products/startrc-vinterhandskar-drones-remote-controlhandsk,YES,YES,STARTRC Drönarhandskar Vinter för Fjärrkontroll,,
product,dji-neo-cqt-dronarvaska-skyddande-forvaring,dji-neo-cqt-dronebag-protective-storage,/products/dji-neo-cqt-dronarvaska-skyddande-forvaring,/products/dji-neo-cqt-dronebag-protective-storage,YES,YES,DJI Neo CQT drönarväska - Skyddande Bärväska för DJI Neo CQT Drönare,,
product,skarmskydd-insta360-ace-pro-2-amagisn-hardat-glas,skarmprotection-insta360-ace-pro-2-amagisn-hardat-glas,/products/skarmskydd-insta360-ace-pro-2-amagisn-hardat-glas,/products/skarmprotection-insta360-ace-pro-2-amagisn-hardat-glas,YES,YES,Härdat Skärmskydd för Insta360 Ace Pro 2 aMagisn,,
product,dji-avata-2-batteri-flygba,dji-avata-2-battery-flygba,/products/dji-avata-2-batteri-flygba,/products/dji-avata-2-battery-flygba,YES,YES,DJI Avata 2 Intelligent Flygbatteri 2150,,
product,original-rx-telefonanslutningskabel-usb-c,original-rx-telefonanslutningscable-usb-c,/products/original-rx-telefonanslutningskabel-usb-c,/products/original-rx-telefonanslutningscable-usb-c,YES,YES,Original RX Phone Connection - Original RX Telefonanslutningskabel,,
product,dji-focus-monitorfaste-stabil-montering,dji-focus-monitormount-stabil-montering,/products/dji-focus-monitorfaste-stabil-montering,/products/dji-focus-monitormount-stabil-montering,YES,YES,DJI Focus Monitorfäste för Professionell Användning,,
product,flexibelt-faste-dji-osmo-action,flexibelt-mount-dji-osmo-action,/products/flexibelt-faste-dji-osmo-action,/products/flexibelt-mount-dji-osmo-action,YES,YES,Original Flexible Fäste - Original Flexibelt Fäste för DJI Osmo Action,,
product,linsskydd-insta360-ace-pro-2-sunnylife,lens-protector-insta360-ace-pro-2-sunnylife,/products/linsskydd-insta360-ace-pro-2-sunnylife,/products/lens-protector-insta360-ace-pro-2-sunnylife,YES,YES,Insta360 Ace Pro 2 Sunnylife - Skyddande Linsskydd för Insta360 Ace,,
product,startrc-universal-dronarhandskar-fotografering,startrc-universal-dronehandskar-fotografering,/products/startrc-universal-dronarhandskar-fotografering,/products/startrc-universal-dronehandskar-fotografering,YES,YES,startrc Universell drone - STARTRC Universell Drönarhandskar,,
product,insta360-ace-pro-vaska-v1,insta360-ace-pro-bag-v1,/products/insta360-ace-pro-vaska-v1,/products/insta360-ace-pro-bag-v1,YES,YES,Insta360 Ace Pro väska v1 för Optimalt Skydd,,
product,dji-neo-xy-2-kanal-batteriladdare,dji-neo-xy-2-kanal-batterycharger,/products/dji-neo-xy-2-kanal-batteriladdare,/products/dji-neo-xy-2-kanal-batterycharger,YES,YES,DJI Neo XY 2-Channel Battery - DJI Neo XY 2-Kanal Batteriladdare,,
product,dji-neo-3-kanals-laddare,dji-neo-3-kanals-charger,/products/dji-neo-3-kanals-laddare,/products/dji-neo-3-kanals-charger,YES,YES,Effektiv laddning med DJI Neo 3-kanals laddare,,
product,propellerskydd-dji-neo-startrc,propellerprotection-dji-neo-startrc,/products/propellerskydd-dji-neo-startrc,/products/propellerprotection-dji-neo-startrc,YES,YES,Propellerskydd DJI Neo STARTRC – Säker flygning,,
product,startrc-pocket-3-fodral-tpu-skydd,startrc-pocket-3-fodral-tpu-protection,/products/startrc-pocket-3-fodral-tpu-skydd,/products/startrc-pocket-3-fodral-tpu-protection,YES,YES,STARTRC Pocket 3 Fodral i Slitstarkt TPU,,
product,amagisn-snabbladdare-dji-osmo-360-action-5-pro,amagisn-snabbcharger-dji-osmo-360-action-5-pro,/products/amagisn-snabbladdare-dji-osmo-360-action-5-pro,/products/amagisn-snabbcharger-dji-osmo-360-action-5-pro,YES,YES,AMagisn Snabbladdare för DJI Osmo 360/Action 5 Pro,,
product,dekal-for-dji-avata-endast-dronarkropp,dekal-for-dji-avata-endast-dronekropp,/products/dekal-for-dji-avata-endast-dronarkropp,/products/dekal-for-dji-avata-endast-dronekropp,YES,YES,för DJI Avata Single Fuselage - Skyddande Dekal för DJI Avata,,
product,dji-n3-vaska,dji-n3-bag,/products/dji-n3-vaska,/products/dji-n3-bag,YES,YES,Praktisk DJI N3 väska för dina drönartillbehör,,
product,dji-neo-barvaska-barvas,dji-neo-barbag-barvas,/products/dji-neo-barvaska-barvas,/products/dji-neo-barbag-barvas,YES,YES,DJI Neo Bärväska för Säker Drönarförvaring,,
product,skyddsdekaler-gopro-hero13-black-kamera,protectionsdekaler-gopro-hero13-black-kamera,/products/skyddsdekaler-gopro-hero13-black-kamera,/products/protectionsdekaler-gopro-hero13-black-kamera,YES,YES,GOPro HERO13 Black Camera - Skyddsdekaler till GoPro HERO13 Black,,
product,dji-neo-forvaringslada,dji-neo-storageslada,/products/dji-neo-forvaringslada,/products/dji-neo-storageslada,YES,YES,DJI Neo Förvaringslåda – Säker Drönarbox,,
product,dji-pocket-3-kameraskydd-dekaler,dji-pocket-3-camera-protection-dekaler,/products/dji-pocket-3-kameraskydd-dekaler,/products/dji-pocket-3-camera-protection-dekaler,YES,YES,DJI Pocket 3 Kamera Stickers - Skyddande Dekaler för DJI Pocket,,
product,insta360-ace-pro-2-startrc-skyddspaket,insta360-ace-pro-2-startrc-protectionspaket,/products/insta360-ace-pro-2-startrc-skyddspaket,/products/insta360-ace-pro-2-startrc-protectionspaket,YES,YES,Insta360 Ace Pro 2 STARTRC 2 - STARTRC Skyddspaket för Insta360 Ace,,
product,startrc-kameravaska-axelrem,startrc-kamerabag-axelrem,/products/startrc-kameravaska-axelrem,/products/startrc-kamerabag-axelrem,YES,YES,Kameraväska axelrem - STARTRC Kameraväska med Axelrem,,
product,startrc-kameravask-digital-forvaring,startrc-kameravask-digital-storage,/products/startrc-kameravask-digital-forvaring,/products/startrc-kameravask-digital-storage,YES,YES,STARTRC kameraväsk digita - STARTRC Kameraväska för Digital,,
product,insta360-ace-pro-vasa-vattentat-forvaring,insta360-ace-pro-vasa-vattentat-storage,/products/insta360-ace-pro-vasa-vattentat-forvaring,/products/insta360-ace-pro-vasa-vattentat-storage,YES,YES,Insta360 Ace Pro Väska,,
product,insta360-x4-skarm-lins-skydd,insta360-x4-skarm-lins-protection,/products/insta360-x4-skarm-lins-skydd,/products/insta360-x4-skarm-lins-protection,YES,YES,Insta360 X4 Screen Lens - Skärmlinsskydd för Insta360 X4-kamera,,
product,startrc-kameravaska-vattentat-lasbar,startrc-kamerabag-vattentat-lasbar,/products/startrc-kameravaska-vattentat-lasbar,/products/startrc-kamerabag-vattentat-lasbar,YES,YES,STARTRC Kameraväska med Kombinationslås,,
product,startrc-gopro-hero13-skarmskydd,startrc-gopro-hero13-skarmprotection,/products/startrc-gopro-hero13-skarmskydd,/products/startrc-gopro-hero13-skarmprotection,YES,YES,GoPro HERO13 skärmskydd - STARTRC Skärmskydd för GoPro HERO13 Black,,
product,startrc-axelvaska-forvaring-gopro,startrc-axelbag-storage-gopro,/products/startrc-axelvaska-forvaring-gopro,/products/startrc-axelbag-storage-gopro,YES,YES,STARTRC Shoulder Storage Bag - STARTRC Axelväska för GoPro,,
product,startrc-vattentat-skyddsvaska-for-gopro-hero,startrc-vattentat-protectionsbag-for-gopro-hero,/products/startrc-vattentat-skyddsvaska-for-gopro-hero,/products/startrc-vattentat-protectionsbag-for-gopro-hero,YES,YES,GoPro HERO vattentät - STARTRC Vattentät Skyddsväska för GoPro HERO,,
product,dji-neo-drone-yx-batteriladdare-usb-c,dji-neo-drone-yx-batterycharger-usb-c,/products/dji-neo-drone-yx-batteriladdare-usb-c,/products/dji-neo-drone-yx-batterycharger-usb-c,YES,YES,DJI Neo Drone YX Battery - USB-C Laddare för DJI Neo Drone YX Batteri,,
product,dji-neo-batteriladdare-fargskarm,dji-neo-batterycharger-fargskarm,/products/dji-neo-batteriladdare-fargskarm,/products/dji-neo-batterycharger-fargskarm,YES,YES,DJI Neo batteriladdare med Dubbla Laddningsplatser,,
product,startrc-vattentat-eva-pp-dual-layer-forvaringsvask,startrc-vattentat-eva-pp-dual-layer-storagesvask,/products/startrc-vattentat-eva-pp-dual-layer-forvaringsvask,/products/startrc-vattentat-eva-pp-dual-layer-storagesvask,YES,YES,STARTRC Waterproof EVA PP - STARTRC Vattentät EVA PP Förvaringsväska,,
product,dji-mini-dubbel-batteriladdare,dji-mini-dubbel-batterycharger,/products/dji-mini-dubbel-batteriladdare,/products/dji-mini-dubbel-batterycharger,YES,YES,dji batteri mini 4 pro - Dubbel Laddstation,,
product,dronarvaska-dji-air-avata-startrc-dual,dronebag-dji-air-avata-startrc-dual,/products/dronarvaska-dji-air-avata-startrc-dual,/products/dronebag-dji-air-avata-startrc-dual,YES,YES,Drönarväska DJI Air/Avata - STARTRC Drönarväska för DJI Air/Avata,,
product,dji-mini-3-batteri-laddare-fargskarm,dji-mini-3-battery-charger-fargskarm,/products/dji-mini-3-batteri-laddare-fargskarm,/products/dji-mini-3-battery-charger-fargskarm,YES,YES,dji mini 3 batteri - 3-vägs Laddare med Färgskärm för DJI Mini,,
product,sunnylife-dji-mic-mini-forvaring,sunnylife-dji-mic-mini-storage,/products/sunnylife-dji-mic-mini-forvaring,/products/sunnylife-dji-mic-mini-storage,YES,YES,DJI Mic Mini förvaring - Skyddande Förvaringsväska för DJI Mic Mini,,
product,dji-mini-4-pro-laddare-fargdisplay,dji-mini-4-pro-charger-fargdisplay,/products/dji-mini-4-pro-laddare-fargdisplay,/products/dji-mini-4-pro-charger-fargdisplay,YES,YES,DJI Mini 4 Pro lad fargdi - DJI Mini 4 Pro Laddare med Färgskärm,,
product,silikonskal-dji-mic-mini-laddfodral-skydd,silicone-case-dji-mic-mini-laddfodral-protection,/products/silikonskal-dji-mic-mini-laddfodral-skydd,/products/silicone-case-dji-mic-mini-laddfodral-protection,YES,YES,dji mic Laddning - Skyddande Silikonskal för DJI Mic Mini Laddfodral,,
product,dji-avata-2-yx-laddare-3-vags,dji-avata-2-yx-charger-3-vags,/products/dji-avata-2-yx-laddare-3-vags,/products/dji-avata-2-yx-charger-3-vags,YES,YES,DJI Avata 2 YX Charger 3-way - DJI Avata 2 YX Laddstation 3-vägs,,
product,dji-air-3s-air-3-tvavagsladdare,dji-air-3s-air-3-tvavagscharger,/products/dji-air-3s-air-3-tvavagsladdare,/products/dji-air-3s-air-3-tvavagscharger,YES,YES,dji batteri air - Tvåvägsladdare för DJI Air 3S och Air,,
product,dji-action-3-4-laddare-dubbel-yx-2,dji-action-3-4-charger-dubbel-yx-2,/products/dji-action-3-4-laddare-dubbel-yx-2,/products/dji-action-3-4-charger-dubbel-yx-2,YES,YES,Dubbel DJI Action 3/4 Laddare för Effektiv Laddning,,
product,actionkamera-faste-360-flexibelt,actionkamera-mount-360-flexibelt,/products/actionkamera-faste-360-flexibelt,/products/actionkamera-mount-360-flexibelt,YES,YES,Flexibelt Actionkamera Fäste 360 för Äventyr,,
product,osmo-action-skyddsholje-med-solskydd,osmo-action-protectionsholje-med-solprotection,/products/osmo-action-skyddsholje-med-solskydd,/products/osmo-action-protectionsholje-med-solprotection,YES,YES,Robust Osmo Action Skyddshölje med Solskydd,,
product,dji-neo-cqt-fastlokalisator-trackerfaste,dji-neo-cqt-fastlokalisator-trackermount,/products/dji-neo-cqt-fastlokalisator-trackerfaste,/products/dji-neo-cqt-fastlokalisator-trackermount,YES,YES,DJI Neo CQT Fästlokalisator,,
product,dji-neo-cqt-propellerskydd,dji-neo-cqt-propellerprotection,/products/dji-neo-cqt-propellerskydd,/products/dji-neo-cqt-propellerprotection,YES,YES,DJI Neo CQT Paddle Bumper Ring - Propellerskydd för DJI Neo CQT,,
product,dronarpropellerhallare-skydd-cqt,dronepropellerhallare-protection-cqt,/products/dronarpropellerhallare-skydd-cqt,/products/dronepropellerhallare-protection-cqt,YES,YES,CQT Drönarpropellerhållare för Säkra Transporter,,
product,dji-neo-propeller-bladskydd-integrerat,dji-neo-propeller-bladprotection-integrerat,/products/dji-neo-propeller-bladskydd-integrerat,/products/dji-neo-propeller-bladprotection-integrerat,YES,YES,DJI Neo Propeller Bladskydd med Integrerat Skydd,,
product,dji-mavic-2-vaska-crossbody-forvaring,dji-mavic-2-bag-crossbody-storage,/products/dji-mavic-2-vaska-crossbody-forvaring,/products/dji-mavic-2-bag-crossbody-storage,YES,YES,DJI Mavic 2 Crossbody Förvaringsväska för Drönare,,
product,propellerskydd-for-dji-mavic-2-pro-zoom,propellerprotection-for-dji-mavic-2-pro-zoom,/products/propellerskydd-for-dji-mavic-2-pro-zoom,/products/propellerprotection-for-dji-mavic-2-pro-zoom,YES,YES,Propellerskydd för DJI Mavic 2 Drönare,,
product,propellerskydd-dji-mavic-3-pro,propellerprotection-dji-mavic-3-pro,/products/propellerskydd-dji-mavic-3-pro,/products/propellerprotection-dji-mavic-3-pro,YES,YES,Propellerskydd till DJI Mavic 3 Pro,,
product,skyddskapa-dji-mavic-air-2s-landningsstall,protectionskapa-dji-mavic-air-2s-landing-gear,/products/skyddskapa-dji-mavic-air-2s-landningsstall,/products/protectionskapa-dji-mavic-air-2s-landing-gear,YES,YES,Skyddskåpa till DJI Mavic Air 2S Landningsställ,,
product,puluz-elastiskt-huvudfaste-justerbart,puluz-elastiskt-huvudmount-justerbart,/products/puluz-elastiskt-huvudfaste-justerbart,/products/puluz-elastiskt-huvudmount-justerbart,YES,YES,"PULUZ Elastic Mount Belt Adjustable Head Strap for GoPro, Insta360 ONE R, DJI Osmo Action and Other Action Cameras, Head Strap",,
product,propellerskydd-dji-mavic-air-2-air-2s-brdrc,propellerprotection-dji-mavic-air-2-air-2s-brdrc,/products/propellerskydd-dji-mavic-air-2-air-2s-brdrc,/products/propellerprotection-dji-mavic-air-2-air-2s-brdrc,YES,YES,propeller mavic 2 pro - BRDRC Propellerskydd för DJI Mavic Air,,
product,puluz-silikonskyddsfodral-med-linsskydd-for-insta3,puluz-siliconeprotectionsfodral-med-lens-protector-for-insta3,/products/puluz-silikonskyddsfodral-med-linsskydd-for-insta3,/products/puluz-siliconeprotectionsfodral-med-lens-protector-for-insta3,YES,YES,PULUZ Silicone Protective Case - PULUZ Silikonskyddsfodral,,
product,puluz-silikonskal-insta360-one-x2,puluz-silicone-case-insta360-one-x2,/products/puluz-silikonskal-insta360-one-x2,/products/puluz-silicone-case-insta360-one-x2,YES,YES,Insta360 ONE X2 skal - PULUZ Silikonskal för Insta360 ONE X2,,
product,insta360-go-2-silikonskal-med-linslock,insta360-go-2-silicone-case-med-linslock,/products/insta360-go-2-silikonskal-med-linslock,/products/insta360-go-2-silicone-case-med-linslock,YES,YES,Insta360 GO 2 Silikonskal med Linslock,,
product,one-rs-undervattenshus-40m-vattentatt,one-rs-undervattenshus-40m-waterproof,/products/one-rs-undervattenshus-40m-vattentatt,/products/one-rs-undervattenshus-40m-waterproof,YES,YES,PULUZ One RS Undervattenshus för Insta360,,
product,360-roterande-actionkamerafaste-aluminium,360-roterande-actionkameramount-aluminium,/products/360-roterande-actionkamerafaste-aluminium,/products/360-roterande-actionkameramount-aluminium,YES,YES,360° actionkamerafäste - 360° Roterande Actionkamerafäste i Aluminium,,
product,mangsidig-vaska-ryggsack-axelremsvaska-organizer-d,mangsidig-bag-ryggsack-axelremsbag-organizer-d,/products/mangsidig-vaska-ryggsack-axelremsvaska-organizer-d,/products/mangsidig-bag-ryggsack-axelremsbag-organizer-d,YES,YES,"Suitcase Backpack Messenger Bag Organizer for DJI MINI 3 PRO, Nylon Black, Pu Diamond Pattern",,
product,skyddskit-dji-mini-3-pro-dronare-fjarrkontroll,protectionskit-dji-mini-3-pro-drones-remote-control,/products/skyddskit-dji-mini-3-pro-dronare-fjarrkontroll,/products/protectionskit-dji-mini-3-pro-drones-remote-control,YES,YES,2 Sets Drone Body Remote - Skydd för DJI Mini 3 Pro Drönarkropp,,
product,kulledsfaste-kamera-justerbart,kulledsmount-kamera-justerbart,/products/kulledsfaste-kamera-justerbart,/products/kulledsmount-kamera-justerbart,YES,YES,Ball Head Adapter Adjustable - Justerbart Kulledsfäste,,
product,dji-mavic-3-ovre-skal-reservdel,dji-mavic-3-ovre-shell-reservdel,/products/dji-mavic-3-ovre-skal-reservdel,/products/dji-mavic-3-ovre-shell-reservdel,YES,YES,DJI Mavic 3 övre skal - Övre Skal för DJI Mavic 3 Drönare,,
product,pc-hardskal-vattentat-dji-avata-dronare,pc-hardshell-vattentat-dji-avata-drones,/products/pc-hardskal-vattentat-dji-avata-dronare,/products/pc-hardshell-vattentat-dji-avata-drones,YES,YES,PC Hard Shell Waterproof - PC Hårdskalsväska Vattentät för DJI Avata,,
product,dji-neo-2-dronarskal-skydda,dji-neo-2-droneshell-protectiona,/products/dji-neo-2-dronarskal-skydda,/products/dji-neo-2-droneshell-protectiona,YES,YES,Dji Neo 2 Drönarskal: Skydda Din Drönare Effektivt,,
product,insta360-go-ultra-faste-puluz,insta360-go-ultra-mount-puluz,/products/insta360-go-ultra-faste-puluz,/products/insta360-go-ultra-mount-puluz,YES,YES,Insta360 GO Ultra Fäste - Insta360 GO Ultra Fäste för Mångsidig,,
product,dji-flip-propellerskydd-4,dji-flip-propellerprotection-4,/products/dji-flip-propellerskydd-4,/products/dji-flip-propellerprotection-4,YES,YES,DJI Flip Propellerskydd 4 för Optimal Drönsäkerhet,,
product,25mm-kulfaste-bil-framsate,25mm-kulmount-bil-framsate,/products/25mm-kulfaste-bil-framsate,/products/25mm-kulmount-bil-framsate,YES,YES,25mm Ballhead Car Front Seat - 25mm Kulfäste för Bilens Framsäte,,
product,cykelfaste-baltesstil-montering-actionkamera,cykelmount-baltesstil-montering-actionkamera,/products/cykelfaste-baltesstil-montering-actionkamera,/products/cykelmount-baltesstil-montering-actionkamera,YES,YES,Bicycle Belt-Style Mounting - Cykelfäste i Bältesstil för Actionkamera,,
product,insta360-go-ultra-skarmskydd-hartat-glas,insta360-go-ultra-skarmprotection-hartat-glas,/products/insta360-go-ultra-skarmskydd-hartat-glas,/products/insta360-go-ultra-skarmprotection-hartat-glas,YES,YES,Insta360 GO Ultra 2pcs STARTRC - Skärmskydd i Härdat Glas,,
product,dji-mini-3-pro-motorer-v1,dji-mini-3-pro-motors-v1,/products/dji-mini-3-pro-motorer-v1,/products/dji-mini-3-pro-motors-v1,YES,YES,DJI Mini 3 Pro motorarm v1 - Förbättra Din Drönare,,
product,insta360-go-ultra-vaska-skyddsfodral,insta360-go-ultra-bag-protectionsfodral,/products/insta360-go-ultra-vaska-skyddsfodral,/products/insta360-go-ultra-bag-protectionsfodral,YES,YES,Insta360 GO Ultra väska - Insta360 GO Ultra Kameraväska,,
product,insta360-one-x-vaska,insta360-one-x-bag,/products/insta360-one-x-vaska,/products/insta360-one-x-bag,YES,YES,"2 PCS Sports Panoramic Camera Camera Protective Bag for Insta360 ONE X, Size: 14cm x 6cm x 5.5cm, For Insta360 ONE X",,
product,puluz-1-4-tums-skruv-c-ring-for-snabbfaste,puluz-1-4-tums-skruv-c-ring-for-snabbmount,/products/puluz-1-4-tums-skruv-c-ring-for-snabbfaste,/products/puluz-1-4-tums-skruv-c-ring-for-snabbmount,YES,YES,1/4 tums skruv C-ring - PULUZ 1/4 Tums Skruv med C-ring,,
product,selfiepinne-stativ-grepp-hopfallbar-30-93cm,selfie-stick-stativ-grepp-hopfallbar-30-93cm,/products/selfiepinne-stativ-grepp-hopfallbar-30-93cm,/products/selfie-stick-stativ-grepp-hopfallbar-30-93cm,YES,YES,30-93cm Grip Foldable Tripod - Mångsidigt Hopfällbart Stativ,,
product,vaska-dji-mini-4-pro-skydd-forvaring,bag-dji-mini-4-pro-protection-storage,/products/vaska-dji-mini-4-pro-skydd-forvaring,/products/bag-dji-mini-4-pro-protection-storage,YES,YES,Praktisk Väska DJI Mini 4 Pro för Säker Förvaring,,
product,forvaringsvaska-dji-mini-5-pro,storagesbag-dji-mini-5-pro,/products/forvaringsvaska-dji-mini-5-pro,/products/storagesbag-dji-mini-5-pro,YES,YES,Skyddande Förvaringsväska för DJI Mini 5 Pro,,
product,pro-axelvaska-dji-mini-5-pro-optimal-forvaring,pro-axelbag-dji-mini-5-pro-optimal-storage,/products/pro-axelvaska-dji-mini-5-pro-optimal-forvaring,/products/pro-axelbag-dji-mini-5-pro-optimal-storage,YES,YES,Pro axelväska för DJI Mini 5 Pro – Optimal förvaring,,
product,silikonskydd-dji-osmo-360,siliconeprotection-dji-osmo-360,/products/silikonskydd-dji-osmo-360,/products/siliconeprotection-dji-osmo-360,YES,YES,Silikonskydd DJI Osmo 360 för optimal kameraskydd,,
product,ryggsack-dji-mini-5-pro-rc-n3-fjarrkontroll,ryggsack-dji-mini-5-pro-rc-n3-remote-control,/products/ryggsack-dji-mini-5-pro-rc-n3-fjarrkontroll,/products/ryggsack-dji-mini-5-pro-rc-n3-remote-control,YES,YES,ryggsäck drönare mini 5 pro - Ryggsäck för DJI Mini 5 Pro och RC-N3,,
product,bkano-dji-mini-5-pro-axelvaska,bkano-dji-mini-5-pro-axelbag,/products/bkano-dji-mini-5-pro-axelvaska,/products/bkano-dji-mini-5-pro-axelbag,YES,YES,DJI Mini 5 Pro Axelväska för Säker Drönartransport,,
product,flymile-insta360-ace-kameravaska,flymile-insta360-ace-kamerabag,/products/flymile-insta360-ace-kameravaska,/products/flymile-insta360-ace-kamerabag,YES,YES,Flymile Insta360 Ace - Flymile Skyddande Väska för Insta360 Ace,,
product,insta360-go-magnetfaste,insta360-go-magnetmount,/products/insta360-go-magnetfaste,/products/insta360-go-magnetmount,YES,YES,Insta360 Go magnetfäste för snabb och säker montering,,
product,dji-vaska-flymile-osmo-action-kamera,dji-bag-flymile-osmo-action-kamera,/products/dji-vaska-flymile-osmo-action-kamera,/products/dji-bag-flymile-osmo-action-kamera,YES,YES,Dji Väska Flymile för Osmo Actionkameror,,
product,insta360-magnetfaste-1-4,insta360-magnetmount-1-4,/products/insta360-magnetfaste-1-4,/products/insta360-magnetmount-1-4,YES,YES,"Insta360 magnetfäste 1/4"" för actionkameror",,
product,dji-osmo-mangfunktionell-batteriladdare-organizer,dji-osmo-mangfunktionell-batterycharger-organizer,/products/dji-osmo-mangfunktionell-batteriladdare-organizer,/products/dji-osmo-mangfunktionell-batterycharger-organizer,YES,YES,Multi-Functional Battery - Mångfunktionell Batteriladdare för DJI,,
product,tva-enkla-sugkoppsfasten-bil-kamera,tva-enkla-sugkoppsmounts-bil-kamera,/products/tva-enkla-sugkoppsfasten-bil-kamera,/products/tva-enkla-sugkoppsmounts-bil-kamera,YES,YES,2 x Single-leg Car Suction Cup - Två Enkla Sugkoppsfästen,,
product,telesin-3-plats-laddare-gopro,telesin-3-plats-charger-gopro,/products/telesin-3-plats-laddare-gopro,/products/telesin-3-plats-charger-gopro,YES,YES,3-plats laddare GoPro - TELESIN 3-plats Laddare för GoPro Hero,,
product,3-i-1-magnetisk-kulled-kamerafaste,3-i-1-magnetisk-kulled-kameramount,/products/3-i-1-magnetisk-kulled-kamerafaste,/products/3-i-1-magnetisk-kulled-kameramount,YES,YES,3 In 1 Magnetic Ball Head - 3-i-1 Magnetisk Kulled med Dubbla,,
product,osmo-mobile-hard-vaska-skydd,osmo-mobile-hard-bag-protection,/products/osmo-mobile-hard-vaska-skydd,/products/osmo-mobile-hard-bag-protection,YES,YES,Skyddande Osmo Mobile Hård Väska för Säker Förvaring,,
product,sunnylife-forvaringsvaska-dji-osmo-360,sunnylife-storagesbag-dji-osmo-360,/products/sunnylife-forvaringsvaska-dji-osmo-360,/products/sunnylife-storagesbag-dji-osmo-360,YES,YES,Förvaringsväska för DJI Osmo 360 Sunnylife,,
product,insta360-ace-pro-laddare-dubbel-snabbladdningsstat,insta360-ace-pro-charger-dubbel-snabbladdningsstat,/products/insta360-ace-pro-laddare-dubbel-snabbladdningsstat,/products/insta360-ace-pro-charger-dubbel-snabbladdningsstat,YES,YES,Insta360 Ace Pro laddare - Dubbel Snabbladdare för Insta360 Ace Pro,,
product,skarmskydd-dji-osmo-action-hartat-glas,skarmprotection-dji-osmo-action-hartat-glas,/products/skarmskydd-dji-osmo-action-hartat-glas,/products/skarmprotection-dji-osmo-action-hartat-glas,YES,YES,Skärmskydd DJI Osmo - Skärmskydd av Härdat Glas för DJI Osmo Action,,
product,dji-rs-4-mini-hardvaska-bkano-r4m-005,dji-rs-4-mini-hardbag-bkano-r4m-005,/products/dji-rs-4-mini-hardvaska-bkano-r4m-005,/products/dji-rs-4-mini-hardbag-bkano-r4m-005,YES,YES,Robust DJI RS 4 Mini Hårdväska med Dubbel Axelrem,,
product,forvaringsvaska-dji-rs-4-mini-bkano-r4m-006,storagesbag-dji-rs-4-mini-bkano-r4m-006,/products/forvaringsvaska-dji-rs-4-mini-bkano-r4m-006,/products/storagesbag-dji-rs-4-mini-bkano-r4m-006,YES,YES,DJI RS 4 Mini BKano R4M-006 - Skyddande Ryggsäck,,
product,gopro-hero5-vattentatt-hus-skydd,gopro-hero5-waterproof-hus-protection,/products/gopro-hero5-vattentatt-hus-skydd,/products/gopro-hero5-waterproof-hus-protection,YES,YES,2 in 1 for GoPro HERO5 Touch - 2-i-1 Skydd och Vattentätt Hus,,
product,sunnylife-7238f-3c-propellrar-dji-mavic-air,sunnylife-7238f-3c-propellers-dji-mavic-air,/products/sunnylife-7238f-3c-propellrar-dji-mavic-air,/products/sunnylife-7238f-3c-propellers-dji-mavic-air,YES,YES,2 Pairs Sunnylife 7238F-3C - 2 Par Sunnylife 7238F-3C Propellrar,,
product,21mm-kulledsfaste-bil,21mm-kulledsmount-bil,/products/21mm-kulledsfaste-bil,/products/21mm-kulledsmount-bil,YES,YES,21mm kulledsfäste bil - 21mm Kulledsfäste för Bil och Actionkamera,,
product,100w-gan-laddare-usb-c,100w-gan-charger-usb-c,/products/100w-gan-laddare-usb-c,/products/100w-gan-charger-usb-c,YES,YES,100W GaN laddare USB-C - Kraftfull 100W GaN Laddare med USB-C,,
product,tradlos-kragmikrofon-gaw-810,wireless-kragmicrophone-gaw-810,/products/tradlos-kragmikrofon-gaw-810,/products/wireless-kragmicrophone-gaw-810,YES,YES,Mini Live Collar Wireless Trådlös Kragmikrofon,,
product,vintage-mikrofon-scen,vintage-microphone-scen,/products/vintage-mikrofon-scen,/products/vintage-microphone-scen,YES,YES,Vintage mikrofon scen - Vintage Mikrofon för Scen och Studio,,
product,mikrofonhallare-bom-aluminium,microphonehallare-bom-aluminium,/products/mikrofonhallare-bom-aluminium,/products/microphonehallare-bom-aluminium,YES,YES,"Microphone Clip Aluminum Pole Microphone Accessories, A16 Double-headed, A18 Four-headed",,
product,ferto-dx01-tradlos-kragemikrofon,ferto-dx01-wireless-kragemicrophone,/products/ferto-dx01-tradlos-kragemikrofon,/products/ferto-dx01-wireless-kragemicrophone,YES,YES,FerTo DX01 Trådlös Collar - FerTo DX01 Trådlös Kragemikrofon,,
product,f12-konferensmikrofon-metall,f12-konferensmicrophone-metall,/products/f12-konferensmikrofon-metall,/products/f12-konferensmicrophone-metall,YES,YES,F12 Konferensmikrofon med Flexibel Metallslang,,
product,tradlos-lavaliermikrofon-outdoor-professional-brus,wireless-lavaliermicrophone-outdoor-professional-brus,/products/tradlos-lavaliermikrofon-outdoor-professional-brus,/products/wireless-lavaliermicrophone-outdoor-professional-brus,YES,YES,"Outdoor Professional Noise-cancelling Wireless Lavalier Microphone, Type-C, Type-C+Apple Adapter, Type-C+External Microphone, Type-C+Apple Adapter+External Microphone",,
product,mavic-pro-tysta-propellrar-2-par-8331-ljudreduceri,mavic-pro-tysta-propellers-2-par-8331-audioreduceri,/products/mavic-pro-tysta-propellrar-2-par-8331-ljudreduceri,/products/mavic-pro-tysta-propellers-2-par-8331-audioreduceri,YES,YES,2 Pairs 8331 Noise Reduction - 2 Par 8331 Ljudreducerande Propellrar,,
product,tradlos-tolk-mikrofon-zj002mr-3-5mm-bluetooth,wireless-tolk-microphone-zj002mr-3-5mm-bluetooth,/products/tradlos-tolk-mikrofon-zj002mr-3-5mm-bluetooth,/products/wireless-tolk-microphone-zj002mr-3-5mm-bluetooth,YES,YES,Trådlös Tolk-Mikrofon ZJ002MR med 3.5mm Bluetooth,,
product,zj002mr-01-mono-3-5mm-plugg-tradlos-mikrofon,zj002mr-01-mono-3-5mm-plugg-wireless-microphone,/products/zj002mr-01-mono-3-5mm-plugg-tradlos-mikrofon,/products/zj002mr-01-mono-3-5mm-plugg-wireless-microphone,YES,YES,"ZJ002MR-01 Mono 3.5mm Plug Bluetooth Wireless Interpreter Tour Guide Megaphone Straight Microphone, Mono",,
product,yelangu-pc141-mobilfaste,yelangu-pc141-mobilmount,/products/yelangu-pc141-mobilfaste,/products/yelangu-pc141-mobilmount,YES,YES,"YELANGU PC141 Spring Style Auto Telescopic Phone Holder Bracket with Cold Shoe Base Mount, PC141",,
product,zj002mr-01-tradlos-mikrofon,zj002mr-01-wireless-microphone,/products/zj002mr-01-tradlos-mikrofon,/products/zj002mr-01-wireless-microphone,YES,YES,"ZJ002MR-01 Mono 3.5mm Plug Bluetooth Wireless Interpreter Tour Guide Megaphone Straight Microphone, Mono",,
product,tradlos-guide-mikrofon-zj002mr,wireless-guide-microphone-zj002mr,/products/tradlos-guide-mikrofon-zj002mr,/products/wireless-guide-microphone-zj002mr,YES,YES,"ZJ002MR-01 Stereo 3.5mm Plug Bluetooth Wireless Interpreter Tour Guide Megaphone Straight Microphone, Stereo",,
product,bluetooth-tolk-mikrofon-zj002mr,bluetooth-tolk-microphone-zj002mr,/products/bluetooth-tolk-mikrofon-zj002mr,/products/bluetooth-tolk-microphone-zj002mr,YES,YES,Bluetooth Tolk Mikrofon ZJ002MR med Stereo Ljud,,
product,sugkoppsfaste-27cm-flexibel-arm,sugkoppsmount-27cm-flexibel-arm,/products/sugkoppsfaste-27cm-flexibel-arm,/products/sugkoppsmount-27cm-flexibel-arm,YES,YES,27cm single suction cup - Flexibelt Sugkoppsfäste med 27cm Arm,,
product,phantom-3-gimbalkabel-flexkabel-dji-dronarkamera,phantom-3-gimbalcable-flexcable-dji-dronekamera,/products/phantom-3-gimbalkabel-flexkabel-dji-dronarkamera,/products/phantom-3-gimbalcable-flexcable-dji-dronekamera,YES,YES,Phantom 3 Gimbalkabel för DJI Standard Drönare,,
product,dji-mavic-pro-flexkabel-gimbal-reservdel,dji-mavic-pro-flexcable-gimbal-reservdel,/products/dji-mavic-pro-flexkabel-gimbal-reservdel,/products/dji-mavic-pro-flexcable-gimbal-reservdel,YES,YES,Mavic Pro Flexkabel för Gimbal Reparation,,
product,dji-air-3-tof-flexkabel,dji-air-3-tof-flexcable,/products/dji-air-3-tof-flexkabel,/products/dji-air-3-tof-flexcable,YES,YES,DJI Air 3 TOF Flexkabel för Drönaroptimering,,
product,mavic-3-pro-gimbalfaste-stabiliserad-dronarflygnin,mavic-3-pro-gimbalmount-stabiliserad-droneflygnin,/products/mavic-3-pro-gimbalfaste-stabiliserad-dronarflygnin,/products/mavic-3-pro-gimbalmount-stabiliserad-droneflygnin,YES,YES,Mavic 3 Pro Gimbalfäste för Stabiliserad Drönarflygning,,
product,dji-mini-4-pro-propellrar-1,dji-mini-4-pro-propellers-1,/products/dji-mini-4-pro-propellrar-1,/products/dji-mini-4-pro-propellers-1,YES,YES,DJI Mini 4 Pro Propellrar – Tysta och stabila ersättningsblad,,
product,dji-mavic-3-gimbal-kabel-reservdel,dji-mavic-3-gimbal-cable-reservdel,/products/dji-mavic-3-gimbal-kabel-reservdel,/products/dji-mavic-3-gimbal-cable-reservdel,YES,YES,dji mavic 3 gimbal kabel - Reservdel: Gimbal Kamerasignalkabel,,
product,tradlos-tolk-mikrofon-bluetooth-guide,wireless-tolk-microphone-bluetooth-guide,/products/tradlos-tolk-mikrofon-bluetooth-guide,/products/wireless-tolk-microphone-bluetooth-guide,YES,YES,ZJ002MR Trådlös Tolk Mikrofon med Bluetooth,,
product,insta360-huvudfaste,insta360-huvudmount,/products/insta360-huvudfaste,/products/insta360-huvudmount,YES,YES,Insta360 Head Strap - Insta360 Huvudfäste för Handsfree Filmning,,
product,insta360-munfaste-pov-faste,insta360-munmount-pov-mount,/products/insta360-munfaste-pov-faste,/products/insta360-munmount-pov-mount,YES,YES,Insta360 mouth mount - Insta360 Munfäste för Handsfree Filmning,,
product,insta360-monkey-tail-flexibelt-kamerafaste,insta360-monkey-tail-flexibelt-kameramount,/products/insta360-monkey-tail-flexibelt-kamerafaste,/products/insta360-monkey-tail-flexibelt-kameramount,YES,YES,Insta360 Monkey Tail: Flexibelt Kamerafäste,,
product,insta360-hjalmfaste-kit,insta360-hjalmmount-kit,/products/insta360-hjalmfaste-kit,/products/insta360-hjalmmount-kit,YES,YES,Insta360 Hjälmfäste Kit för Actionkameror,,
product,kowa-smartphone-digiscoping-skal-iphone-12-pro,kowa-smartphone-digiscoping-shell-iphone-12-pro,/products/kowa-smartphone-digiscoping-skal-iphone-12-pro,/products/kowa-smartphone-digiscoping-shell-iphone-12-pro,YES,YES,Kowa Smartphone digiscoping shell Iphone 12 PRO - Kowa Smartphone Digi,,
product,kowa-smartphone-digiscoping-skal-iphone-12,kowa-smartphone-digiscoping-shell-iphone-12,/products/kowa-smartphone-digiscoping-skal-iphone-12,/products/kowa-smartphone-digiscoping-shell-iphone-12,YES,YES,Kowa Smartphone digiscoping shell Iphone 12 - Kowa Smartphone Digiscop,,
product,kowa-digiscoping-skal-iphone-12-mini,kowa-digiscoping-shell-iphone-12-mini,/products/kowa-digiscoping-skal-iphone-12-mini,/products/kowa-digiscoping-shell-iphone-12-mini,YES,YES,Kowa Smartphone digiscoping shell Iphone 12 MINI - Kowa Digiscoping Sk,,
product,tradlos-lavalier-mikrofon-3-i-1,wireless-lavalier-microphone-3-i-1,/products/tradlos-lavalier-mikrofon-3-i-1,/products/wireless-lavalier-microphone-3-i-1,YES,YES,3 in 1 Mini Trådlös Lavalier - Mångsidig 3-i-1 Mini Trådlös Lavalier,,
product,joyroom-usb-till-lightning-snabbladdningskabel,joyroom-usb-till-lightning-snabbladdningscable,/products/joyroom-usb-till-lightning-snabbladdningskabel,/products/joyroom-usb-till-lightning-snabbladdningscable,YES,YES,JOYROOM Lightning - Lightning Laddkabel 2.4A,,
product,luxceo-q508d-led-lampa-fotobelysning-cct,luxceo-q508d-led-lampa-fotolighting-cct,/products/luxceo-q508d-led-lampa-fotobelysning-cct,/products/luxceo-q508d-led-lampa-fotolighting-cct,YES,YES,Luxceo Q508D LED-lampa för Foto och Video,,
product,joyroom-jr-tcf15-30w-usb-usb-c-snabbladdare,joyroom-jr-tcf15-30w-usb-usb-c-snabbcharger,/products/joyroom-jr-tcf15-30w-usb-usb-c-snabbladdare,/products/joyroom-jr-tcf15-30w-usb-usb-c-snabbcharger,YES,YES,JOYROOM JR-TCF15 30W USB+USB-C Snabbladdare,,
product,joyroom-30w-usb-c-laddare-gan,joyroom-30w-usb-c-charger-gan,/products/joyroom-30w-usb-c-laddare-gan,/products/joyroom-30w-usb-c-charger-gan,YES,YES,Joyroom 30W USB-C laddare - Joyroom 30W USB-C Snabbladdare,,
product,laddkabel-joyroom-s-ul012a10,laddcable-joyroom-s-ul012a10,/products/laddkabel-joyroom-s-ul012a10,/products/laddcable-joyroom-s-ul012a10,YES,YES,JOYROOM S-UL012A10 Snabbladdningskabel för Apple,,
product,dji-mini-propellrar-original,dji-mini-propellers-original,/products/dji-mini-propellrar-original,/products/dji-mini-propellers-original,YES,YES,Original DJI Mini Propellrar för Drönare,,
product,sportkamera-faste-cqt-upper-mounting-bracket,action-camera-mount-cqt-upper-mounting-bracket,/products/sportkamera-faste-cqt-upper-mounting-bracket,/products/action-camera-mount-cqt-upper-mounting-bracket,YES,YES,CQT Upper Mounting Bracket med sportkamera fäste,,
product,dji-osmo-nano-kepsfaste,dji-osmo-nano-kepsmount,/products/dji-osmo-nano-kepsfaste,/products/dji-osmo-nano-kepsmount,YES,YES,Kepsfäste Osmo Nano för Handsfree Filmning,,
product,mini-gasvarmare-camping,mini-gasvarmse-camping,/products/mini-gasvarmare-camping,/products/mini-gasvarmse-camping,YES,YES,Outdoor Camping Heater Mini Portable Gas Heater Burner Fishing Gas Fireplace,,
product,insta360-connect-vaggfaste,insta360-connect-vaggmount,/products/insta360-connect-vaggfaste,/products/insta360-connect-vaggmount,YES,YES,Insta360 Connect Fäste - Insta360 Connect Väggfäste för Kamera,,
product,insta360-usb-c-kabel-10m,insta360-usb-c-cable-10m,/products/insta360-usb-c-kabel-10m,/products/insta360-usb-c-cable-10m,YES,YES,Insta360 USB-C Kabel 10m för Utökad Räckvidd,,
product,insta360-tv-faste,insta360-tv-mount,/products/insta360-tv-faste,/products/insta360-tv-mount,YES,YES,Insta360 TV-fäste för Smidig Uppkoppling,,
product,osmo-nano-magnetfaste-flexibelt-stabilt,osmo-nano-magnetmount-flexibelt-stabilt,/products/osmo-nano-magnetfaste-flexibelt-stabilt,/products/osmo-nano-magnetmount-flexibelt-stabilt,YES,YES,Osmo Nano Magnetfäste med 360° Rotation,,
product,insta360-fjarrkontroll-kamerastyrning,insta360-remote-control-kamerastyrning,/products/insta360-fjarrkontroll-kamerastyrning,/products/insta360-remote-control-kamerastyrning,YES,YES,Insta360 Connect Remote - Fjärrkontroll för Insta360 Kamerastyrning,,
product,insta360-go-3-3s-batteripack-utokad-anvandning,insta360-go-3-3s-batterypack-utokad-anvandning,/products/insta360-go-3-3s-batteripack-utokad-anvandning,/products/insta360-go-3-3s-batterypack-utokad-anvandning,YES,YES,Insta360 GO 3/GO 3S Battery - Insta360 GO 3/3S Batteripack för Längre,,
product,insta360-mini-fjarrkontroll-smidig,insta360-mini-remote-control-smidig,/products/insta360-mini-fjarrkontroll-smidig,/products/insta360-mini-remote-control-smidig,YES,YES,Insta360 Mini Remote – Smidig - Insta360 Mini Fjärrkontroll,,
product,insta360-selfiepinne-kit-vikbar-fjarrkontroll,insta360-selfie-stick-kit-vikbar-remote-control,/products/insta360-selfiepinne-kit-vikbar-fjarrkontroll,/products/insta360-selfie-stick-kit-vikbar-remote-control,YES,YES,Insta360 selfiepinne kit - Insta360 Vikbar Selfiepinne Kit,,
product,insta360-hjalmfaste-arbetsplatser,insta360-hjalmmount-arbetsplatser,/products/insta360-hjalmfaste-arbetsplatser,/products/insta360-hjalmmount-arbetsplatser,YES,YES,Insta360 Hjälmfäste för Säker Användning,,
product,insta360-ryggsacksfaste-kamera,insta360-ryggsacksmount-kamera,/products/insta360-ryggsacksfaste-kamera,/products/insta360-ryggsacksmount-kamera,YES,YES,Insta360 Backpack Clip - Insta360 Ryggsäcksfäste för Kamera,,
product,insta360-selfiepinnen-vikbar-2-i-1-stativ,insta360-selfie-stickn-vikbar-2-i-1-stativ,/products/insta360-selfiepinnen-vikbar-2-i-1-stativ,/products/insta360-selfie-stickn-vikbar-2-i-1-stativ,YES,YES,Insta360 Selfiepinnen – Vikbar 2-i-1 Stativ,,
product,insta360-barbar-laddvaska,insta360-barbar-laddbag,/products/insta360-barbar-laddvaska,/products/insta360-barbar-laddbag,YES,YES,Insta360 Bärbar Laddning - Insta360 Bärbar Laddväska för Kamera,,
product,osmo-pocket-adapter-vikbart-vertikalt-faste-dji-na,osmo-pocket-adapter-vikbart-vertikalt-mount-dji-na,/products/osmo-pocket-adapter-vikbart-vertikalt-faste-dji-na,/products/osmo-pocket-adapter-vikbart-vertikalt-mount-dji-na,YES,YES,Vikbart Osmo Pocket Adapter,,
product,osmo-action-4-sidolucka-skydd-funktion,osmo-action-4-sidolucka-protection-funktion,/products/osmo-action-4-sidolucka-skydd-funktion,/products/osmo-action-4-sidolucka-protection-funktion,YES,YES,Osmo Action 4 Sidolucka - Skydd och Funktion,,
product,robust-snabbfaste-actionkamera-aluminium-for-alla,robust-snabbmount-actionkamera-aluminium-for-alla,/products/robust-snabbfaste-actionkamera-aluminium-for-alla,/products/robust-snabbmount-actionkamera-aluminium-for-alla,YES,YES,snabbfäste actionkam alla – snabbfäste actionkamera alla - Universellt,,
product,dji-neo-2-linsskydd,dji-neo-2-lens-protector,/products/dji-neo-2-linsskydd,/products/dji-neo-2-lens-protector,YES,YES,DJI Neo 2 Linsskydd för Drönarkamera,,
product,dji-osmo-pocket-3-brdrc-skarmskydd-stotsakert,dji-osmo-pocket-3-brdrc-skarmprotection-stotsakert,/products/dji-osmo-pocket-3-brdrc-skarmskydd-stotsakert,/products/dji-osmo-pocket-3-brdrc-skarmprotection-stotsakert,YES,YES,DJI Osmo Pocket 3 BRDRC Screen - Stötsäkert Skärmskydd för DJI Osmo,,
product,dji-neo-2-dronarvaska-axelvaska,dji-neo-2-dronebag-axelbag,/products/dji-neo-2-dronarvaska-axelvaska,/products/dji-neo-2-dronebag-axelbag,YES,YES,väska drönare - Axelväska för DJI Neo 2 Drönare – Säker Transport,,
product,dji-osmo-pocket-3-tillbehor,dji-osmo-pocket-3-accessories,/products/dji-osmo-pocket-3-tillbehor,/products/dji-osmo-pocket-3-accessories,YES,YES,Tillbehör för din Osmo Pocket 3,,
product,magnetfaste-dji-osm-mount,magnetmount-dji-osm-mount,/products/magnetfaste-dji-osm-mount,/products/magnetmount-dji-osm-mount,YES,YES,Magnetfäste DJI Osm Mount för Snabb Montering,,
product,dji-neo-2-dronare-vaska-dubbel-axelrem,dji-neo-2-drones-bag-dubbel-axelrem,/products/dji-neo-2-dronare-vaska-dubbel-axelrem,/products/dji-neo-2-drones-bag-dubbel-axelrem,YES,YES,Drönare Väska för DJI Neo 2 – Dubbel Axelrem,,
product,original-range-finder-rs-kabelhubb-dji-transmissio,original-range-finder-rs-cablehubb-dji-transmissio,/products/original-range-finder-rs-kabelhubb-dji-transmissio,/products/original-range-finder-rs-cablehubb-dji-transmissio,YES,YES,"Original Range Finder (RS) to DJI Transmission Cable Hub for DJI LiDAR, LiDAR Range Finder Cable Hub",,
product,enkay-hat-prince-0-2mm-9h-skarmskydd-hardat-glas,enkay-hat-prince-0-2mm-9h-skarmprotection-hardat-glas,/products/enkay-hat-prince-0-2mm-9h-skarmskydd-hardat-glas,/products/enkay-hat-prince-0-2mm-9h-skarmprotection-hardat-glas,YES,YES,ENKAY Hat-Prince 0.2mm 9H Skärmskydd för Actionkamera,,
product,insta360-go-huvudfaste,insta360-go-huvudmount,/products/insta360-go-huvudfaste,/products/insta360-go-huvudmount,YES,YES,Insta360 GO mount - Insta360 GO Huvudfäste för Handsfree Filmning,,
product,insta360-flow-2-pro-usb-c-lightning-laddkabel,insta360-flow-2-pro-usb-c-lightning-laddcable,/products/insta360-flow-2-pro-usb-c-lightning-laddkabel,/products/insta360-flow-2-pro-usb-c-lightning-laddcable,YES,YES,USB-C till Lightning Laddkabel för Insta360 Flow 2 Pro,,
product,insta360-usb-c-kabel-extra-lang,insta360-usb-c-cable-extra-lang,/products/insta360-usb-c-kabel-extra-lang,/products/insta360-usb-c-cable-extra-lang,YES,YES,Insta360 USB-C kabel - Extra Lång Insta360 USB-C Laddkabel,,
product,insta360-connect-extra-lang-hdmi-kabel-10m,insta360-connect-extra-lang-hdmi-cable-10m,/products/insta360-connect-extra-lang-hdmi-kabel-10m,/products/insta360-connect-extra-lang-hdmi-cable-10m,YES,YES,Insta360 Connect Extra Lång HDMI-kabel 10m,,
product,insta360-lang-hdmi-kabel-30m,insta360-lang-hdmi-cable-30m,/products/insta360-lang-hdmi-kabel-30m,/products/insta360-lang-hdmi-cable-30m,YES,YES,Insta360 Lång HDMI-kabel 30 meter för Videoöverföring,,
product,insta360-lang-usb-c-kabel-30m,insta360-lang-usb-c-cable-30m,/products/insta360-lang-usb-c-kabel-30m,/products/insta360-lang-usb-c-cable-30m,YES,YES,Insta360 Lång USB-C Kabel för Utökad Räckvidd 30m,,
product,insta360-x3-batteri-maximera,insta360-x3-battery-maximera,/products/insta360-x3-batteri-maximera,/products/insta360-x3-battery-maximera,YES,YES,Insta360 X3 Batteri: Maximera Din Kameraupplevelse,,
product,insta360-x3-mikrofonadapter,insta360-x3-microphoneadapter,/products/insta360-x3-mikrofonadapter,/products/insta360-x3-microphoneadapter,YES,YES,Insta360 X3 Mikrofonadapter för Professionellt Ljud,,
product,insta360-64gb-minneskort-for-hallbarhet,insta360-64gb-memory-cards-for-hallbarhet,/products/insta360-64gb-minneskort-for-hallbarhet,/products/insta360-64gb-memory-cards-for-hallbarhet,YES,YES,Insta360 64GB Minneskort för Optimal Prestanda,,
product,insta360-x3-skarmskydd-1,insta360-x3-skarmprotection-1,/products/insta360-x3-skarmskydd-1,/products/insta360-x3-skarmprotection-1,YES,YES,Insta360 X3 Screen Protector - Skärmskydd för Insta360 X3,,
product,insta360-ryggsacksfaste-tredjeperson,insta360-ryggsacksmount-tredjeperson,/products/insta360-ryggsacksfaste-tredjeperson,/products/insta360-ryggsacksmount-tredjeperson,YES,YES,Insta360 Third-Person Backpack - Insta360 Ryggsäcksfäste,,
product,insta360-handfaste,insta360-handmount,/products/insta360-handfaste,/products/insta360-handmount,YES,YES,Insta360 Handfäste för Actionkameror,,
product,delkin-sdxc-v90-2tb-minneskort,delkin-sdxc-v90-2tb-memory-cards,/products/delkin-sdxc-v90-2tb-minneskort,/products/delkin-sdxc-v90-2tb-memory-cards,YES,YES,Delkin SDXC V90 2TB: Ultimat Lagring för Professionellt Bruk,,
product,bw-utrustningsvaska-6700,bw-equipmentsbag-6700,/products/bw-utrustningsvaska-6700,/products/bw-equipmentsbag-6700,YES,YES,B&W utrustningsväska 6700: Oslagbart skydd för din utrustning,,
product,energizer-lithium-9v-batteri,energizer-lithium-9v-battery,/products/energizer-lithium-9v-batteri,/products/energizer-lithium-9v-battery,YES,YES,Energizer Lithium 9V Batteri för Pålitlig Prestanda,,
product,energizer-magnet-ficklampa,energizer-magnet-flashlight,/products/energizer-magnet-ficklampa,/products/energizer-magnet-flashlight,YES,YES,Energizer magnet: Din pålitliga följeslagare,,
product,litechaser-15-pro-uv-skog-iphone-skal-filter,litechaser-15-pro-uv-skog-iphone-shell-filter,/products/litechaser-15-pro-uv-skog-iphone-skal-filter,/products/litechaser-15-pro-uv-skog-iphone-shell-filter,YES,YES,LiteChaser 15 Pro UV Skog Kit för iPhone 15 Pro,,
product,polarpro-litechaser-iphone-15-pro-uv-filter-skal-o,polarpro-litechaser-iphone-15-pro-uv-filter-shell-o,/products/polarpro-litechaser-iphone-15-pro-uv-filter-skal-o,/products/polarpro-litechaser-iphone-15-pro-uv-filter-shell-o,YES,YES,PolarPro LiteChaser Skal med iPhone 15 Pro UV Filter,,
product,litechaser-15-pm-uv-kit-iphone-15-pro-max-skal-uv,litechaser-15-pm-uv-kit-iphone-15-pro-max-shell-uv,/products/litechaser-15-pm-uv-kit-iphone-15-pro-max-skal-uv,/products/litechaser-15-pm-uv-kit-iphone-15-pro-max-shell-uv,YES,YES,LiteChaser 15 PM UV Kit för iPhone 15 Pro Max,,
product,panasonic-blk22-usb-c-laddare,panasonic-blk22-usb-c-charger,/products/panasonic-blk22-usb-c-laddare,/products/panasonic-blk22-usb-c-charger,YES,YES,Panasonic BLK22 USB-C Kameraladdare,,
product,lexar-cfexpress-pro-silver-serie-r1750-w1300-256gb,lexar-cfexpress-pro-silver-series-r1750-w1300-256gb,/products/lexar-cfexpress-pro-silver-serie-r1750-w1300-256gb,/products/lexar-cfexpress-pro-silver-series-r1750-w1300-256gb,YES,YES,Lexar CFexpress Pro Silver Serie R1750/W1300 256GB – Högpresterande Mi,,
product,lexar-sdxc-pro-64gb-uhs-ii-minneskort,lexar-sdxc-pro-64gb-uhs-ii-memory-cards,/products/lexar-sdxc-pro-64gb-uhs-ii-minneskort,/products/lexar-sdxc-pro-64gb-uhs-ii-memory-cards,YES,YES,Lexar SDXC Pro 64GB UHS-II Minneskort,,
product,lexar-sdxc-pro-256gb-v1-minneskort,lexar-sdxc-pro-256gb-v1-memory-cards,/products/lexar-sdxc-pro-256gb-v1-minneskort,/products/lexar-sdxc-pro-256gb-v1-memory-cards,YES,YES,Lexar SDXC Pro 256GB v1 Minneskort för Kamera,,
product,lexar-microsdxc-1tb-minneskort,lexar-microsdxc-1tb-memory-cards,/products/lexar-microsdxc-1tb-minneskort,/products/lexar-microsdxc-1tb-memory-cards,YES,YES,Lexar microSDXC 1TB Minneskort för Gaming och Video,,
product,lexar-sdxc-pro-2000x-uhs-ii-u3-minneskort,lexar-sdxc-pro-2000x-uhs-ii-u3-memory-cards,/products/lexar-sdxc-pro-2000x-uhs-ii-u3-minneskort,/products/lexar-sdxc-pro-2000x-uhs-ii-u3-memory-cards,YES,YES,Lexar SDXC Pro 2000X UHS-II U3 Minneskort,,
product,polaroid-vaska-now-svart,polaroid-bag-now-svart,/products/polaroid-vaska-now-svart,/products/polaroid-bag-now-svart,YES,YES,Polaroid Väska Now Svart för Kameraförvaring,,
product,polaroid-now-vaska-vit,polaroid-now-bag-vit,/products/polaroid-now-vaska-vit,/products/polaroid-now-bag-vit,YES,YES,Polaroid Now Väska Vit för Optimalt Kameraskydd,,
product,polaroid-go-kameraskydd-blatt-silikonskal,polaroid-go-camera-protection-blatt-silicone-case,/products/polaroid-go-kameraskydd-blatt-silikonskal,/products/polaroid-go-camera-protection-blatt-silicone-case,YES,YES,Blått Silikonskal för Polaroid Go Kameraskydd,,
product,polaroid-vaska-rod-tpu-bucket-bag,polaroid-bag-rod-tpu-bucket-bag,/products/polaroid-vaska-rod-tpu-bucket-bag,/products/polaroid-bag-rod-tpu-bucket-bag,YES,YES,Polaroid Väska Röd – Stilren och Praktisk Axelremsväska,,
product,polaroid-vaska-svart-tpu-bucket-bag,polaroid-bag-svart-tpu-bucket-bag,/products/polaroid-vaska-svart-tpu-bucket-bag,/products/polaroid-bag-svart-tpu-bucket-bag,YES,YES,Polaroid Väska Svart,,
product,polaroid-go-kameraskal-gul-silikon,polaroid-go-kamerashell-gul-silicone,/products/polaroid-go-kameraskal-gul-silikon,/products/polaroid-go-kamerashell-gul-silicone,YES,YES,Polaroid Go Kameraskal i Gul Silikon,,
product,polaroid-go-silikonskal-orange,polaroid-go-silicone-case-orange,/products/polaroid-go-silikonskal-orange,/products/polaroid-go-silicone-case-orange,YES,YES,Polaroid Go Silikonskal i Orange,,
product,kenko-smart-filter-3-kit-skydd-cpl-nd8-49mm,kenko-smart-filter-3-kit-protection-cpl-nd8-49mm,/products/kenko-smart-filter-3-kit-skydd-cpl-nd8-49mm,/products/kenko-smart-filter-3-kit-protection-cpl-nd8-49mm,YES,YES,Kenko Smart Filter 3-Kit Protect/CPL/ND8 49mm - Kenko Smart Filter 3-K,,
product,kenko-smart-filter-3-kit-skydd-cpl-nd8-43mm,kenko-smart-filter-3-kit-protection-cpl-nd8-43mm,/products/kenko-smart-filter-3-kit-skydd-cpl-nd8-43mm,/products/kenko-smart-filter-3-kit-protection-cpl-nd8-43mm,YES,YES,Kenko Smart Filter 3-Kit Protect/CPL/ND8 43mm - Kenko Smart Filter 3-K,,
product,bw-type-3000-orange-skyddsvaska,bw-type-3000-orange-protectionsbag,/products/bw-type-3000-orange-skyddsvaska,/products/bw-type-3000-orange-protectionsbag,YES,YES,B&W Type 3000 orange: Säker och vattentät skyddsväska,,
product,bw-outdoor-bike-bag-ii-cykelvaska,bw-outdoor-bike-bag-ii-cykelbag,/products/bw-outdoor-bike-bag-ii-cykelvaska,/products/bw-outdoor-bike-bag-ii-cykelbag,YES,YES,BW Outdoor Bike.Bag II Professionell Cykelväska,,
product,kowa-tsn-99a-kit-30-70x-neo-vaska-r-3213x-vh10x,kowa-tsn-99a-kit-30-70x-neo-bag-r-3213x-vh10x,/products/kowa-tsn-99a-kit-30-70x-neo-vaska-r-3213x-vh10x,/products/kowa-tsn-99a-kit-30-70x-neo-bag-r-3213x-vh10x,YES,YES,"Kit Kowa TSN-99A, 30-70x, Neo.case, R-3213X, VH10X - Kowa TSN-99A Obse",,
product,bw-type-3000-dji-air-3-vaska,bw-type-3000-dji-air-3-bag,/products/bw-type-3000-dji-air-3-vaska,/products/bw-type-3000-dji-air-3-bag,YES,YES,BW Type 3000 DJI Air 3 Robust Transportväska,,
product,insta360-x4-skyddsfo-1000-svart-kamerafodral,insta360-x4-protectionsfo-1000-svart-kamerafodral,/products/insta360-x4-skyddsfo-1000-svart-kamerafodral,/products/insta360-x4-protectionsfo-1000-svart-kamerafodral,YES,YES,Insta360 X4 Skyddsfodral 1000,,
product,original-xiaomi-6a-usb-c-snabbladdkabel,original-xiaomi-6a-usb-c-snabbladdcable,/products/original-xiaomi-6a-usb-c-snabbladdkabel,/products/original-xiaomi-6a-usb-c-snabbladdcable,YES,YES,Xiaomi snabbladdkabel - Original Xiaomi 6A USB-C Snabbladdkabel,,
product,thunderbolt-4-usb-c-datakabel-100w,thunderbolt-4-usb-c-datacable-100w,/products/thunderbolt-4-usb-c-datakabel-100w,/products/thunderbolt-4-usb-c-datacable-100w,YES,YES,Thunderbolt 4 USB-C kabel - Thunderbolt 4 USB-C Datakabel med 100W,,
product,usams-us-sj671-type-c-snabbladdkabel,usams-us-sj671-type-c-snabbladdcable,/products/usams-us-sj671-type-c-snabbladdkabel,/products/usams-us-sj671-type-c-snabbladdcable,YES,YES,USAMS US-SJ671 Type-C Snabbladdningskabel 100W,,
product,remax-usb-c-flatad-30w-laddkabel,remax-usb-c-flatad-30w-laddcable,/products/remax-usb-c-flatad-30w-laddkabel,/products/remax-usb-c-flatad-30w-laddcable,YES,YES,REMAX USB-C Flätad 30W Snabbladdningskabel,,
product,anker-usb-c-pd100w-kabel-1-8m,anker-usb-c-pd100w-cable-1-8m,/products/anker-usb-c-pd100w-kabel-1-8m,/products/anker-usb-c-pd100w-cable-1-8m,YES,YES,Anker USB-C PD100W kabel - Anker USB-C PD100W Laddkabel 1.8m,,
product,usams-240w-usb-c-kabel,usams-240w-usb-c-cable,/products/usams-240w-usb-c-kabel,/products/usams-240w-usb-c-cable,YES,YES,USAMS 240W USB-C Kabel för Snabbladdning,,
product,xiaomi-vinklad-usb-c-snabbladdningskabel,xiaomi-vinklad-usb-c-snabbladdningscable,/products/xiaomi-vinklad-usb-c-snabbladdningskabel,/products/xiaomi-vinklad-usb-c-snabbladdningscable,YES,YES,Xiaomi Vinklad USB-C Snabbladdningskabel 6A,,
product,momax-dc30-1-5m-usb-c-type-c-60w-flatad-laddkabel,momax-dc30-1-5m-usb-c-type-c-60w-flatad-laddcable,/products/momax-dc30-1-5m-usb-c-type-c-60w-flatad-laddkabel,/products/momax-dc30-1-5m-usb-c-type-c-60w-flatad-laddcable,YES,YES,MOMAX DC30 1.5m USB-C / Type-C - MOMAX DC30 1.5m USB-C,,
product,remax-usb-c-kabel-30w-flatad-datakabel,remax-usb-c-cable-30w-flatad-datacable,/products/remax-usb-c-kabel-30w-flatad-datakabel,/products/remax-usb-c-cable-30w-flatad-datacable,YES,YES,REMAX USB-C Kabel 30W med Flätad Design,,
product,usb-c-laddkabel-2m-silikon-60w,usb-c-laddcable-2m-silicone-60w,/products/usb-c-laddkabel-2m-silikon-60w,/products/usb-c-laddcable-2m-silicone-60w,YES,YES,BOROFONE BX113 USB-C Laddkabel 2m med 60W Snabbladdning,,
product,hikmicro-thunder-tq35cl-4-avancerat-clip-on-varmes,hikmicro-thunder-tq35cl-4-avancerat-clip-on-thermals,/products/hikmicro-thunder-tq35cl-4-avancerat-clip-on-varmes,/products/hikmicro-thunder-tq35cl-4-avancerat-clip-on-thermals,YES,YES,HIKMICRO Thunder TQ35CL 4: Avancerat Clip-on Värmesikte,,
product,bw-outdoor-case-dji-mini-skyddsfodral,bw-outdoor-case-dji-mini-protectionsfodral,/products/bw-outdoor-case-dji-mini-skyddsfodral,/products/bw-outdoor-case-dji-mini-protectionsfodral,YES,YES,BW Outdoor Case DJI Mini: Det ultimata skyddet,,
product,dji-mini-5-pro-vaska-bw-outdoor,dji-mini-5-pro-bag-bw-outdoor,/products/dji-mini-5-pro-vaska-bw-outdoor,/products/dji-mini-5-pro-bag-bw-outdoor,YES,YES,Robust DJI Mini 5 Pro väska för Säkert Förvar,,
product,haweel-micro-usb-kabel-1m-3-pack-high-speed,haweel-micro-usb-cable-1m-3-pack-high-speed,/products/haweel-micro-usb-kabel-1m-3-pack-high-speed,/products/haweel-micro-usb-cable-1m-3-pack-high-speed,YES,YES,3 PCS HAWEEL 1m High Speed - HAWEEL Micro USB-kablar 1m – 3-pack,,
product,intelligent-laddkabel-led-automatisk-avstangning,intelligent-laddcable-led-automatisk-avstangning,/products/intelligent-laddkabel-led-automatisk-avstangning,/products/intelligent-laddcable-led-automatisk-avstangning,YES,YES,Intelligent Laddkabel LED för Säker Laddning,,
product,micro-usb-laddkabel-3m,micro-usb-laddcable-3m,/products/micro-usb-laddkabel-3m,/products/micro-usb-laddcable-3m,YES,YES,Micro USB Laddkabel 3m för Snabbladdning,,
product,fjaderkabel-usb-mult-teleskopisk-snabbladdningskab,fjadercable-usb-mult-teleskopisk-snabbladdningskab,/products/fjaderkabel-usb-mult-teleskopisk-snabbladdningskab,/products/fjadercable-usb-mult-teleskopisk-snabbladdningskab,YES,YES,Fjäderkabel USB Mult: Teleskopisk Snabbladdningskabel,,
product,flatad-usb-c-kabel-1m,flatad-usb-c-cable-1m,/products/flatad-usb-c-kabel-1m,/products/flatad-usb-c-cable-1m,YES,YES,Flätad USB-C Kabel 1m med Metallhuvud,,
product,magnetisk-usb-c-kabel-1m,magnetisk-usb-c-cable-1m,/products/magnetisk-usb-c-kabel-1m,/products/magnetisk-usb-c-cable-1m,YES,YES,Magnetisk USB-C kabel 1m - Magnetisk USB-C Snabbladdningskabel 1m,,
product,joyroom-s-a57-rapidx-series-100w-usb-c-laddkabel-1,joyroom-s-a57-rapidx-series-100w-usb-c-laddcable-1,/products/joyroom-s-a57-rapidx-series-100w-usb-c-laddkabel-1,/products/joyroom-s-a57-rapidx-series-100w-usb-c-laddcable-1,YES,YES,JOYROOM S-A57 RapidX Serie - JOYROOM S-A57 RapidX 100W USB-C,,
product,motorcykel-faste-actionkamera,motorcykel-mount-actionkamera,/products/motorcykel-faste-actionkamera,/products/motorcykel-mount-actionkamera,YES,YES,Stabil Motorcykel Fäste för Actionkameror,,
product,usams-usb-c-kabel-1m-snabbladdning,usams-usb-c-cable-1m-snabbladdning,/products/usams-usb-c-kabel-1m-snabbladdning,/products/usams-usb-c-cable-1m-snabbladdning,YES,YES,USAMS USB-C kabel 1m - USAMS USB-C Snabbladdningskabel 1m,,
product,usams-usb-c-kabel-60w-type-c-till-type-c-1m,usams-usb-c-cable-60w-type-c-till-type-c-1m,/products/usams-usb-c-kabel-60w-type-c-till-type-c-1m,/products/usams-usb-c-cable-60w-type-c-till-type-c-1m,YES,YES,USAMS USB-C Kabel 60W för Snabbladdning,,
product,antigravity-a1-propellrar-original-propellerblad-8,antigravity-a1-propellers-original-propellerblad-8,/products/antigravity-a1-propellrar-original-propellerblad-8,/products/antigravity-a1-propellers-original-propellerblad-8,YES,YES,ANTIGRAVITY A1 Propellrar,,
product,enkay-60w-usb-till-type-c-gradient-nylon-kabel,enkay-60w-usb-till-type-c-gradient-nylon-cable,/products/enkay-60w-usb-till-type-c-gradient-nylon-kabel,/products/enkay-60w-usb-till-type-c-gradient-nylon-cable,YES,YES,ENKAY 60W USB till Type-C - ENKAY 60W USB till Type-C Laddkabel,,
product,dji-neo-2-cqt-ptz-linsstotfangare-skydd,dji-neo-2-cqt-ptz-linsstotfangare-protection,/products/dji-neo-2-cqt-ptz-linsstotfangare-skydd,/products/dji-neo-2-cqt-ptz-linsstotfangare-protection,YES,YES,DJI Neo 2 CQT PTZ Lens Bumper - DJI Neo 2 CQT PTZ Linsstötfångare,,
product,enkay-enk-cb182-pd60w-type-c-laddkabel,enkay-enk-cb182-pd60w-type-c-laddcable,/products/enkay-enk-cb182-pd60w-type-c-laddkabel,/products/enkay-enk-cb182-pd60w-type-c-laddcable,YES,YES,ENKAY ENK-CB182 PD60W Type-C Snabbladdkabel,,
product,antigravity-a1-dronarvaska,antigravity-a1-dronebag,/products/antigravity-a1-dronarvaska,/products/antigravity-a1-dronebag,YES,YES,ANTIGRAVITY A1 Drönarväska och Ryggsäck,,
product,dubbelsidigt-magnetfaste-osmo-action-6-nano-ribion,dubbelsidigt-magnetmount-osmo-action-6-nano-ribion,/products/dubbelsidigt-magnetfaste-osmo-action-6-nano-ribion,/products/dubbelsidigt-magnetmount-osmo-action-6-nano-ribion,YES,YES,Dubbelsidigt Magnetfäste för DJI Osmo Action 6,,
product,dji-rc-2-joystick-fjarrkontroll,dji-rc-2-joystick-remote-control,/products/dji-rc-2-joystick-fjarrkontroll,/products/dji-rc-2-joystick-remote-control,YES,YES,DJI RC 2 Joystick för Fjärrkontroll,,
product,insta360-go-vaska,insta360-go-bag,/products/insta360-go-vaska,/products/insta360-go-bag,YES,YES,Skyddande Insta360 GO Väska med Handrem,,
product,mc-vindruta-faste,mc-vindruta-mount,/products/mc-vindruta-faste,/products/mc-vindruta-mount,YES,YES,Flymile Mc Vindruta Fäste för Kamera,,
product,insta360-ace-pro-vaska-skyddande-forvaring,insta360-ace-pro-bag-protective-storage,/products/insta360-ace-pro-vaska-skyddande-forvaring,/products/insta360-ace-pro-bag-protective-storage,YES,YES,Insta360 Ace Pro v1 - Skyddande Väska för Insta360 Ace Pro,,
product,sunnylife-magnetiskt-snabbfaste-kamera,sunnylife-magnetiskt-snabbmount-kamera,/products/sunnylife-magnetiskt-snabbfaste-kamera,/products/sunnylife-magnetiskt-snabbmount-kamera,YES,YES,Sunnylife snabbfäste - Sunnylife Magnetiskt Snabbfäste för Kamera,,
product,insta360-go-ultra-skyddsvaska-sunnylife,insta360-go-ultra-protectionsbag-sunnylife,/products/insta360-go-ultra-skyddsvaska-sunnylife,/products/insta360-go-ultra-protectionsbag-sunnylife,YES,YES,Insta360 GO Ultra - Skyddande Förvaringsväska för Insta360 GO,,
product,insta360-go-ultra-adapter-magnetiskt-snabbfaste,insta360-go-ultra-adapter-magnetiskt-snabbmount,/products/insta360-go-ultra-adapter-magnetiskt-snabbfaste,/products/insta360-go-ultra-adapter-magnetiskt-snabbmount,YES,YES,Insta360 GO Ultra Adapter - Magnetiskt Snabbfäste för Insta360 GO,,
product,insta360-x5-linskit-enkelt-byte-skydd,insta360-x5-linskit-enkelt-byte-protection,/products/insta360-x5-linskit-enkelt-byte-skydd,/products/insta360-x5-linskit-enkelt-byte-protection,YES,YES,Insta360 X5 Linskit för Enkelt Byte och Skydd,,
product,sunnylife-magnetfaste-dji-snabbfaste-180-tilt,sunnylife-magnetmount-dji-snabbmount-180-tilt,/products/sunnylife-magnetfaste-dji-snabbfaste-180-tilt,/products/sunnylife-magnetmount-dji-snabbmount-180-tilt,YES,YES,Sunnylife Magnetfäste DJI med 180° Tilt,,
product,skarmskydd-gopro-hero-4k-2024-harat-glas-lins,skarmprotection-gopro-hero-4k-2024-harat-glas-lins,/products/skarmskydd-gopro-hero-4k-2024-harat-glas-lins,/products/skarmprotection-gopro-hero-4k-2024-harat-glas-lins,YES,YES,GoPro HERO 4K 2024 - Härdat Skärm- och Linsskydd,,
product,silikonskydd-lenovo-tab-p11-gen2-p11-pro-bla,siliconeprotection-lenovo-tab-p11-gen2-p11-pro-bla,/products/silikonskydd-lenovo-tab-p11-gen2-p11-pro-bla,/products/siliconeprotection-lenovo-tab-p11-gen2-p11-pro-bla,YES,YES,Skyddande Silikonskal för Lenovo Tab P11 Gen2/P11 Pro,,
product,osmo-action-6-faste-magnetiskt-snabbfaste,osmo-action-6-mount-magnetiskt-snabbmount,/products/osmo-action-6-faste-magnetiskt-snabbfaste,/products/osmo-action-6-mount-magnetiskt-snabbmount,YES,YES,Magnetiskt Snabbfäste till Osmo Action 6 och Osmo Nano,,
product,dji-fpv-gimbal-ovre-faste-yr-motor,dji-fpv-gimbal-ovre-mount-yr-motor,/products/dji-fpv-gimbal-ovre-faste-yr-motor,/products/dji-fpv-gimbal-ovre-mount-yr-motor,YES,YES,DJI FPV Gimbal Övre Fäste med YR Motor,,
product,sunnylife-universal-snabbfaste-handledsrem,sunnylife-universal-snabbmount-handledsrem,/products/sunnylife-universal-snabbfaste-handledsrem,/products/sunnylife-universal-snabbmount-handledsrem,YES,YES,Sunnylife Universell Handledsrem med Snabbfäste,,
product,original-usb-c-portskydd-dji-osmo-action-5-pro,original-usb-c-portprotection-dji-osmo-action-5-pro,/products/original-usb-c-portskydd-dji-osmo-action-5-pro,/products/original-usb-c-portprotection-dji-osmo-action-5-pro,YES,YES,Original USB-C Portskydd för DJI Osmo,,
product,ryze-tello-vaska-fodral-skydd,ryze-tello-bag-fodral-protection,/products/ryze-tello-vaska-fodral-skydd,/products/ryze-tello-bag-fodral-protection,YES,YES,Ryze Tello Väska Fodral för Optimalt Skydd,,
product,skyddsfodral-samsung-galaxy-z-fold3-5g-star-gron,protectionsfodral-samsung-galaxy-z-fold3-5g-star-gron,/products/skyddsfodral-samsung-galaxy-z-fold3-5g-star-gron,/products/protectionsfodral-samsung-galaxy-z-fold3-5g-star-gron,YES,YES,Stöttåligt Skyddsfodral för Samsung Galaxy Z Fold3 5G Star,,
product,dji-osmo-pocket-3-original-batterilucka,dji-osmo-pocket-3-original-batterylucka,/products/dji-osmo-pocket-3-original-batterilucka,/products/dji-osmo-pocket-3-original-batterylucka,YES,YES,DJI Osmo Pocket 3 Original - Original Batterilucka för DJI Osmo,,
product,dji-reparation,dji-repair,/products/dji-reparation,/products/dji-repair,YES,YES,dji reparation - Vänster Bakre Arm för DJI Mavic Mini SE Drönare,,
product,landningsstall-dji-mavic-mini,landing-gear-dji-mavic-mini,/products/landningsstall-dji-mavic-mini,/products/landing-gear-dji-mavic-mini,YES,YES,Höjningssats och Landningsställ för DJI Mavic Mini,,
product,reservdelar-dji-mavic-3,spare-parts-dji-mavic-3,/products/reservdelar-dji-mavic-3,/products/spare-parts-dji-mavic-3,YES,YES,DJI Mavic 3 Y-axel fäste – Original reservdel för gimbal,,
product,dji-air-3-fly-combo-rc-2-dronare,dji-air-3-fly-combo-rc-2-drones,/products/dji-air-3-fly-combo-rc-2-dronare,/products/dji-air-3-fly-combo-rc-2-drones,YES,YES,DJI Air 3S Fly Combo RC 2: Nästa Generations Drönare,,
product,mavic-3-motorarmsaxel-for-dji-dronare,mavic-3-motorarmsaxel-for-dji-drones,/products/mavic-3-motorarmsaxel-for-dji-dronare,/products/mavic-3-motorarmsaxel-for-dji-drones,YES,YES,DJI Mavic 3 Motorarmsaxel - Originalreservdel,,
product,dji-mini-2-se-dronare-flygfotograf,dji-mini-2-se-drones-flygfotograf,/products/dji-mini-2-se-dronare-flygfotograf,/products/dji-mini-2-se-drones-flygfotograf,YES,YES,DJI Mini 2 SE - Kompakt Kameradrönare (<249g),,
product,dji-mini-linsskydd,dji-mini-lens-protector,/products/dji-mini-linsskydd,/products/dji-mini-lens-protector,YES,YES,DJI Mini Linsskydd för Optimalt Kameraskydd,,
product,kamerafaste-dji-mavic-3-flexibel-monter,kameramount-dji-mavic-3-flexibel-monter,/products/kamerafaste-dji-mavic-3-flexibel-monter,/products/kameramount-dji-mavic-3-flexibel-monter,YES,YES,Kamerafäste för DJI Mavic 3 - Professionell serie,,
product,kamerafaste-dji-mavic-3-flexibel-monter-1,kameramount-dji-mavic-3-flexibel-monter-1,/products/kamerafaste-dji-mavic-3-flexibel-monter-1,/products/kameramount-dji-mavic-3-flexibel-monter-1,YES,YES,Kamerafäste för DJI Mavic 3 - Professionell serie,,
product,dji-avata-2-hinder-sensor-reparationsdel,dji-avata-2-hinder-sensor-repairsdel,/products/dji-avata-2-hinder-sensor-reparationsdel,/products/dji-avata-2-hinder-sensor-repairsdel,YES,YES,DJI Avata 2 Hinder-sensor för Visuell Undvikning,,
product,dji-avata-esc-kort-dronare-reservdel,dji-avata-esc-kort-drones-reservdel,/products/dji-avata-esc-kort-dronare-reservdel,/products/dji-avata-esc-kort-drones-reservdel,YES,YES,Original DJI Avata ESC-kort - Reservdel för Drönare,,
product,dji-mini-4-pro-dronarkropp-reservdelar,dji-mini-4-pro-dronekropp-spare-parts,/products/dji-mini-4-pro-dronarkropp-reservdelar,/products/dji-mini-4-pro-dronekropp-spare-parts,YES,YES,DJI Mini 4 Pro Body Shell - Komplett Chassi & Reservdelar,,
product,gimbalaxel-flexkabel-dji-mavic-pro-reservdel,gimbalaxel-flexcable-dji-mavic-pro-reservdel,/products/gimbalaxel-flexkabel-dji-mavic-pro-reservdel,/products/gimbalaxel-flexcable-dji-mavic-pro-reservdel,YES,YES,DJI Mavic Pro Gimbalarm med Flexkabel - Reservdel för Gimbalaxel,,
product,dji-neo-reparationsdelar-kamera,dji-neo-repairsdelar-kamera,/products/dji-neo-reparationsdelar-kamera,/products/dji-neo-repairsdelar-kamera,YES,YES,"DJI Neo Reservdelar för Kamera - Ram, Lins, Gimbal & Skydd",,
product,propellerskydd-dji-neo-2-dronare,propellerprotection-dji-neo-2-drones,/products/propellerskydd-dji-neo-2-dronare,/products/propellerprotection-dji-neo-2-drones,YES,YES,Propellerskydd till DJI Neo - BRDRC Professional,,
product,signalkabel-dji-om-neo-gimbal,signalcable-dji-om-neo-gimbal,/products/signalkabel-dji-om-neo-gimbal,/products/signalcable-dji-om-neo-gimbal,YES,YES,Signalkabel till DJI Neo Gimbal - Professionell Reservdel,,
product,dji-air-3-nedatkamera-reparationsdel,dji-air-3-nedatkamera-repairsdel,/products/dji-air-3-nedatkamera-reparationsdel,/products/dji-air-3-nedatkamera-repairsdel,YES,YES,DJI Air 3 Nedåtkamera – Originalreservdel (Vision Modul),,
product,dji-neo-2-propellerskydd-v1,dji-neo-2-propellerprotection-v1,/products/dji-neo-2-propellerskydd-v1,/products/dji-neo-2-propellerprotection-v1,YES,YES,DJI Neo Propellerskydd v1 – Förstärkt skydd för säker flygning,,
product,dji-gimbal-testkort-dronare-reparationskit,dji-gimbal-testkort-drones-repairskit,/products/dji-gimbal-testkort-dronare-reparationskit,/products/dji-gimbal-testkort-drones-repairskit,YES,YES,DJI Gimbal Testkort för Signalkabel – Professionell Diagnostik,,
product,autel-evo-2-laddare-aluminium-med-strombrytare,autel-evo-2-charger-aluminium-med-strombrytare,/products/autel-evo-2-laddare-aluminium-med-strombrytare,/products/autel-evo-2-charger-aluminium-med-strombrytare,YES,YES,Autel EVO 2 Laddare i Aluminium med Strömbrytare,,
product,dji-air-2s-dronarskal-ersattning,dji-air-2s-droneshell-ersattning,/products/dji-air-2s-dronarskal-ersattning,/products/dji-air-2s-droneshell-ersattning,YES,YES,DJI Air 2S Ersättningsskal - Chassidelskomponenter (Övre/Mitt/Undre),,
product,dji-spark-gimbal-kameralins-reparationsdel,dji-spark-gimbal-kameralins-repairsdel,/products/dji-spark-gimbal-kameralins-reparationsdel,/products/dji-spark-gimbal-kameralins-repairsdel,YES,YES,DJI Spark Gimbal Kamera Lens inkl. Signalkabel - Reparationsdel,,
product,dji-mavic-4-pro-flexkabel-styrkort,dji-mavic-4-pro-flexcable-styrkort,/products/dji-mavic-4-pro-flexkabel-styrkort,/products/dji-mavic-4-pro-flexcable-styrkort,YES,YES,DJI Mavic 4 Pro Flexkabel för Styrkort,,
product,dji-air-3-dronarskal-reparationsdelar,dji-air-3-droneshell-repairsdelar,/products/dji-air-3-dronarskal-reparationsdelar,/products/dji-air-3-droneshell-repairsdelar,YES,YES,Reservdelar till DJI Air 3 - Drönarskal och Chassikomponenter,,
product,dji-air-3s-signalkabel-gimbal-koaxialkabel-reservd,dji-air-3s-signalcable-gimbal-koaxialcable-reservd,/products/dji-air-3s-signalkabel-gimbal-koaxialkabel-reservd,/products/dji-air-3s-signalcable-gimbal-koaxialcable-reservd,YES,YES,DJI Air 3S Signalkabel för Gimbal Reparation,,
product,ersattningsbatteri-dji-mavic-pro-intelligent,ersattningsbattery-dji-mavic-pro-intelligent,/products/ersattningsbatteri-dji-mavic-pro-intelligent,/products/ersattningsbattery-dji-mavic-pro-intelligent,YES,YES,Intelligent Ersättningsbatteri för DJI Mavic Pro-serien,,
product,dji-air-2s-gps-kabel-dronarreparation,dji-air-2s-gps-cable-dronerepair,/products/dji-air-2s-gps-kabel-dronarreparation,/products/dji-air-2s-gps-cable-dronerepair,YES,YES,DJI Air 2S GPS-kabel - Flexkabel för Drönarreparation,,
product,dji-neo-2-cqt-9-delars-skyddskit,dji-neo-2-cqt-9-delars-protectionskit,/products/dji-neo-2-cqt-9-delars-skyddskit,/products/dji-neo-2-cqt-9-delars-protectionskit,YES,YES,CQT 9-delars Skyddskit för DJI Neo – Komplett Skyddspaket,,
product,dji-rs-skruvsats-original-reservdelar,dji-rs-skruvsats-original-spare-parts,/products/dji-rs-skruvsats-original-reservdelar,/products/dji-rs-skruvsats-original-spare-parts,YES,YES,DJI RS Skruvsats – Original Reservdelar för Gimbal,,
product,dji-mini-4-pro-dronare-rc-n2,dji-mini-4-pro-drones-rc-n2,/products/dji-mini-4-pro-dronare-rc-n2,/products/dji-mini-4-pro-drones-rc-n2,YES,YES,DJI Mini 4 Pro Drönare med RC-N2 Fjärrkontroll,,
product,dronarvaska-antigravity,dronebag-antigravity,/products/dronarvaska-antigravity,/products/dronebag-antigravity,YES,YES,ANTIGRAVITY A1 Drönarväska - Professionellt Transportskydd,,
product,dji-goggles-re-kabel-futaba,dji-goggles-re-cable-futaba,/products/dji-goggles-re-kabel-futaba,/products/dji-goggles-re-cable-futaba,YES,YES,DJI Goggles RE MonoJack/Futaba Square-kabel,,
product,dji-air-2s-signalkabel-gimbal-kamera,dji-air-2s-signalcable-gimbal-kamera,/products/dji-air-2s-signalkabel-gimbal-kamera,/products/dji-air-2s-signalcable-gimbal-kamera,YES,YES,DJI Air 2S Signalkabel för Gimbal och Kamera,,
product,gimbal-kamerabandkabel-flexkabel-dji-phantom-3-adv,gimbal-kamerabandcable-flexcable-dji-phantom-3-adv,/products/gimbal-kamerabandkabel-flexkabel-dji-phantom-3-adv,/products/gimbal-kamerabandcable-flexcable-dji-phantom-3-adv,YES,YES,Gimbal Camera Ribbon Flex-kabel till DJI Phantom 3 Advanced,,
product,dji-mini-3-pro-gimbal-nedre-faste,dji-mini-3-pro-gimbal-nedre-mount,/products/dji-mini-3-pro-gimbal-nedre-faste,/products/dji-mini-3-pro-gimbal-nedre-mount,YES,YES,Nedre Fäste / Skyddsplatta för DJI Mini 3 Pro Gimbal,,
product,dji-spark-dronare-snabbfaste,dji-spark-drones-snabbmount,/products/dji-spark-dronare-snabbfaste,/products/dji-spark-drones-snabbmount,YES,YES,Snabbfäste för DJI Spark – Propeller Mount (CW/CCW),,
product,dji-fpv-radar-flexkabel,dji-fpv-radar-flexcable,/products/dji-fpv-radar-flexkabel,/products/dji-fpv-radar-flexcable,YES,YES,DJI FPV Radar Flexkabel för Frontvision,,
product,dji-matrice-30t-dronare-dockningspaket,dji-matrice-30t-drones-dockningspaket,/products/dji-matrice-30t-dronare-dockningspaket,/products/dji-matrice-30t-drones-dockningspaket,YES,YES,DJI Matrice 30T Drönare inkl. DJI Dock Paket - Enterprise Edition,,
product,dji-goggles-re-mmcx-till-sma-kabel,dji-goggles-re-mmcx-till-sma-cable,/products/dji-goggles-re-mmcx-till-sma-kabel,/products/dji-goggles-re-mmcx-till-sma-cable,YES,YES,DJI Goggles RE MMCX to SMA Cable (Part 10),,
product,dji-mavic-3t-kameraskydd,dji-mavic-3t-camera-protection,/products/dji-mavic-3t-kameraskydd,/products/dji-mavic-3t-camera-protection,YES,YES,DJI Mavic 3T Kameraskydd & Gimbalskydd - Enterprise Thermal,,
product,dji-goggles-re-ocusync-rpm-kabel-prt12,dji-goggles-re-ocusync-rpm-cable-prt12,/products/dji-goggles-re-ocusync-rpm-kabel-prt12,/products/dji-goggles-re-ocusync-rpm-cable-prt12,YES,YES,DJI Goggles RE OcuSync RPM Cable (Part 12),,
product,dji-fpv-dronare-esc-kylstall,dji-fpv-drones-esc-kylstall,/products/dji-fpv-dronare-esc-kylstall,/products/dji-fpv-drones-esc-kylstall,YES,YES,DJI FPV ESC Cooling Rack - Kylställ för fartreglage,,
product,dji-air-3s-linsbaksida-kameraskydd,dji-air-3s-linsbaksida-camera-protection,/products/dji-air-3s-linsbaksida-kameraskydd,/products/dji-air-3s-linsbaksida-camera-protection,YES,YES,DJI Air 3S Linsbaksida för Kameraskydd,,
product,forhojt-landningsstall-dji-mini-5-pro-brdrc,forhojt-landing-gear-dji-mini-5-pro-brdrc,/products/forhojt-landningsstall-dji-mini-5-pro-brdrc,/products/forhojt-landing-gear-dji-mini-5-pro-brdrc,YES,YES,BRDRC Förhöjt Landningsställ för DJI Mini 4 Pro,,
product,kameralins-solskydd-mini-4-pro-startrc,kameralins-solprotection-mini-4-pro-startrc,/products/kameralins-solskydd-mini-4-pro-startrc,/products/kameralins-solprotection-mini-4-pro-startrc,YES,YES,STARTRC Motljusskydd för DJI Mini 5 Pro - Gimbal & Lins Skydd,,
product,dji-mavic-4-pro-gps-flexkabel,dji-mavic-4-pro-gps-flexcable,/products/dji-mavic-4-pro-gps-flexkabel,/products/dji-mavic-4-pro-gps-flexcable,YES,YES,DJI Mavic 4 Pro GPS Flex - GPS Flexkabel för Navigering,,
product,dji-avata-signalkabel-gimbal-kamera,dji-avata-signalcable-gimbal-kamera,/products/dji-avata-signalkabel-gimbal-kamera,/products/dji-avata-signalcable-gimbal-kamera,YES,YES,DJI Avata Signalkabel för Gimbal & Kamera,,
product,dji-neo-2-laddhubb-65w-trippel-batteriladdare,dji-neo-2-laddhubb-65w-trippel-batterycharger,/products/dji-neo-2-laddhubb-65w-trippel-batteriladdare,/products/dji-neo-2-laddhubb-65w-trippel-batterycharger,YES,YES,DJI Neo 2 Laddhubb 65W – Trippel Batteriladdare,,
product,dji-neo-2-cqt-4st-skyddskapor-dronarskydd,dji-neo-2-cqt-4st-protectionscovers-droneprotection,/products/dji-neo-2-cqt-4st-skyddskapor-dronarskydd,/products/dji-neo-2-cqt-4st-protectionscovers-droneprotection,YES,YES,CQT Skyddspaket för DJI Neo - 4 Delar,,
product,dji-air-3s-gimbal-faste-stotdampare,dji-air-3s-gimbal-mount-stotdampare,/products/dji-air-3s-gimbal-faste-stotdampare,/products/dji-air-3s-gimbal-mount-stotdampare,YES,YES,DJI Air 3S Gimbal Fäste med Stötdämpning,,
product,dji-fpv-gimbalfaste-5-i-1-skydd-montering,dji-fpv-gimbalmount-5-i-1-protection-montering,/products/dji-fpv-gimbalfaste-5-i-1-skydd-montering,/products/dji-fpv-gimbalmount-5-i-1-protection-montering,YES,YES,DJI FPV Gimbalfäste 5-i-1 - Professionellt Skydd & Kameramontage,,
product,dji-mini-5-pro-original-propellerskydd,dji-mini-5-pro-original-propellerprotection,/products/dji-mini-5-pro-original-propellerskydd,/products/dji-mini-5-pro-original-propellerprotection,YES,YES,DJI Mini 5 Pro Original Propellerskydd (360°),,
product,dji-matrice-4t-eu-termisk-dronare,dji-matrice-4t-eu-termisk-drones,/products/dji-matrice-4t-eu-termisk-dronare,/products/dji-matrice-4t-eu-termisk-drones,YES,YES,DJI Matrice 4T (EU) – Professionell Termisk Drönare för Enterprise,,
product,dji-mavic-4-pro-kompass-flexkabel,dji-mavic-4-pro-kompass-flexcable,/products/dji-mavic-4-pro-kompass-flexkabel,/products/dji-mavic-4-pro-kompass-flexcable,YES,YES,Kompass Flexkabel för DJI Mavic 4 Pro – Reservdel,,
product,dji-mavic-4-pro-visuell-flex-kabel,dji-mavic-4-pro-visuell-flex-cable,/products/dji-mavic-4-pro-visuell-flex-kabel,/products/dji-mavic-4-pro-visuell-flex-cable,YES,YES,DJI Mavic 4 Pro Visual Flex Kabel för Sensorer (Övre/Nedre),,
product,dji-air-3-esc-kort-reparationsdel,dji-air-3-esc-kort-repairsdel,/products/dji-air-3-esc-kort-reparationsdel,/products/dji-air-3-esc-kort-repairsdel,YES,YES,DJI Air 3 ESC-kort / Flexkabel - Reparationsdel,,
product,dji-neo-mittram-dronarhus,dji-neo-mittram-dronehus,/products/dji-neo-mittram-dronarhus,/products/dji-neo-mittram-dronehus,YES,YES,Original DJI Neo Mittram för Drönarhus,,
product,dji-neo-bottenskydd-underdel-knappskydd,dji-neo-bottenprotection-underdel-knappprotection,/products/dji-neo-bottenskydd-underdel-knappskydd,/products/dji-neo-bottenprotection-underdel-knappprotection,YES,YES,DJI Neo Bottenskydd med Knappskydd - Reservdel,,
product,dji-air-3-uv-linsramskydd-filter-fodral,dji-air-3-uv-linsramprotection-filter-fodral,/products/dji-air-3-uv-linsramskydd-filter-fodral,/products/dji-air-3-uv-linsramprotection-filter-fodral,YES,YES,UV linsramskydd för DJI Air 3 - Skyddsfilter för optik,,
product,yx-enkelport-laddare-batterilagring-usb-dji-neo-2,yx-enkelport-charger-batterystorage-usb-dji-neo-2,/products/yx-enkelport-laddare-batterilagring-usb-dji-neo-2,/products/yx-enkelport-charger-batterystorage-usb-dji-neo-2,YES,YES,YX USB-laddare till DJI Neo med Storage Mode & Powerbank-funktion,,
product,dji-air-3s-dronare,dji-air-3s-drones,/products/dji-air-3s-dronare,/products/dji-air-3s-drones,YES,YES,DJI Air 3S Drönare med DJI RC-N3,,
product,dji-mini-4-propellerskydd,dji-mini-4-propellerprotection,/products/dji-mini-4-propellerskydd,/products/dji-mini-4-propellerprotection,YES,YES,STARTRC Propellerskydd för DJI Mini 4 Pro,,
product,dji-mavic-3t-ovre-skal-med-skydd,dji-mavic-3t-ovre-shell-med-protection,/products/dji-mavic-3t-ovre-skal-med-skydd,/products/dji-mavic-3t-ovre-shell-med-protection,YES,YES,Övre Skal (Upper Shell) för DJI Mavic 3T Enterprise,,
product,dji-mavic-2-batteri-3850mah,dji-mavic-2-battery-3850mah,/products/dji-mavic-2-batteri-3850mah,/products/dji-mavic-2-battery-3850mah,YES,YES,Högkapacitets Intelligent Flight Battery för DJI Mavic 2 - 3850mAh,,
product,dji-matrice-4td-rc-plus-2-fjarrkontroll,dji-matrice-4td-rc-plus-2-remote-control,/products/dji-matrice-4td-rc-plus-2-fjarrkontroll,/products/dji-matrice-4td-rc-plus-2-remote-control,YES,YES,DJI RC Plus Fjärrkontroll - Matrice 3D/3TD Enterprise,,
product,dji-fpv-dronararm-reservdelar,dji-fpv-dronearm-spare-parts,/products/dji-fpv-dronararm-reservdelar,/products/dji-fpv-dronearm-spare-parts,YES,YES,DJI FPV Drone Arm Parts - Reservdelar för Drönararmar,,
product,dji-mini-laddningshubb-trippel-batteriladdare,dji-mini-laddningshubb-trippel-batterycharger,/products/dji-mini-laddningshubb-trippel-batteriladdare,/products/dji-mini-laddningshubb-trippel-batterycharger,YES,YES,STARTRC Digital Trippelladdare för DJI Mini 4 Pro / Mini 3-serien,,
product,dji-spark-lamphallare-reservdelar,dji-spark-lamphallare-spare-parts,/products/dji-spark-lamphallare-reservdelar,/products/dji-spark-lamphallare-spare-parts,YES,YES,DJI Spark Lamphållare Reservdelar 3-pack - Kvalitetskomponenter,,
product,dammsakert-linsskydd-for-dji-neo-2,dammsakert-lens-protector-for-dji-neo-2,/products/dammsakert-linsskydd-for-dji-neo-2,/products/dammsakert-lens-protector-for-dji-neo-2,YES,YES,Dammsäkert Linsskydd för DJI Neo – Gimbalskydd,,
product,dronare-neo-2-vikbart-landningsstall,drones-neo-2-vikbart-landing-gear,/products/dronare-neo-2-vikbart-landningsstall,/products/drones-neo-2-vikbart-landing-gear,YES,YES,Vikbart Landningsställ för DJI Neo - Förhöjt skydd,,
product,cellular-dongle-2-faste-for-dji-mini-5-pro,cellular-dongle-2-mount-for-dji-mini-5-pro,/products/cellular-dongle-2-faste-for-dji-mini-5-pro,/products/cellular-dongle-2-mount-for-dji-mini-5-pro,YES,YES,DJI Cellular Dongle 2 Fäste - Mini 5 Pro / Mini 4 Pro,,
product,vikbar-landningsplatta-drona-pad,vikbar-landingsplatta-drona-pad,/products/vikbar-landningsplatta-drona-pad,/products/vikbar-landingsplatta-drona-pad,YES,YES,Original Landningsplatta för Antigravity A1 - Vikbar & Portabel Helipad,,
product,dji-kontrolladapter-dronare,dji-kontrolladapter-drones,/products/dji-kontrolladapter-dronare,/products/dji-kontrolladapter-drones,YES,YES,DJI Kontrolladapter för professionell signalstabilitet,,
product,dji-fpv-gimbalkabel-kamera-signal,dji-fpv-gimbalcable-kamera-signal,/products/dji-fpv-gimbalkabel-kamera-signal,/products/dji-fpv-gimbalcable-kamera-signal,YES,YES,DJI FPV Gimbalkabel för Kamera och Signal,,
product,dji-flip-gps-flexkabel,dji-flip-gps-flexcable,/products/dji-flip-gps-flexkabel,/products/dji-flip-gps-flexcable,YES,YES,DJI Flip GPS Flexkabel - Reservdel för Drönarnavigation,,
product,steelseries-headset-arctis-nova-5x,steelseriess-headset-arctis-nova-5x,/products/steelseries-headset-arctis-nova-5x,/products/steelseriess-headset-arctis-nova-5x,YES,YES,SteelSeries Arctis Nova 5X Wireless Headset - Svart,,
product,dji-flip-flexkabel-4-i-1,dji-flip-flexcable-4-i-1,/products/dji-flip-flexkabel-4-i-1,/products/dji-flip-flexcable-4-i-1,YES,YES,DJI Flip Flexkabel 4-i-1 för Drönare - Professionell Reservdel,,
product,dji-flip-flexkabel-4-i-2,dji-flip-flexcable-4-i-2,/products/dji-flip-flexkabel-4-i-2,/products/dji-flip-flexcable-4-i-2,YES,YES,DJI Flip Flexkabel 4-i-1 för Drönare - Professionell Reservdel,,
product,yx-uppladdningsbar-lastutlosare-dji-mini,yx-rechargeablebar-lastutlosare-dji-mini,/products/yx-uppladdningsbar-lastutlosare-dji-mini,/products/yx-rechargeablebar-lastutlosare-dji-mini,YES,YES,YX Uppladdningsbart Air-Drop System / Lastutlösare - DJI Mini 4 Pro / Mini 3 Pro,,
product,dji-avata-2-gimbalmodul-kamera-imu-dronarreservdel,dji-avata-2-gimbalmodul-kamera-imu-dronereservdel,/products/dji-avata-2-gimbalmodul-kamera-imu-dronarreservdel,/products/dji-avata-2-gimbalmodul-kamera-imu-dronereservdel,YES,YES,DJI Avata 2 Gimbalmodul med Kamera och IMU,,
product,dji-mini-5-pro-brdrc-linsskydd,dji-mini-5-pro-brdrc-lens-protector,/products/dji-mini-5-pro-brdrc-linsskydd,/products/dji-mini-5-pro-brdrc-lens-protector,YES,YES,BRDRC Gimbalskydd och Linsskydd för DJI Mini 5 Pro,,
product,dji-mini-5-pro-brdrc-linsskydd-1,dji-mini-5-pro-brdrc-lens-protector-1,/products/dji-mini-5-pro-brdrc-linsskydd-1,/products/dji-mini-5-pro-brdrc-lens-protector-1,YES,YES,BRDRC Gimbalskydd och Linsskydd för DJI Mini 5 Pro,,
product,dji-mavic-4-pro-elektronisk-kontrollkabel-4g-grans,dji-mavic-4-pro-elektronisk-kontrollcable-4g-grans,/products/dji-mavic-4-pro-elektronisk-kontrollkabel-4g-grans,/products/dji-mavic-4-pro-elektronisk-kontrollcable-4g-grans,YES,YES,DJI Mavic 4 Pro Elektronisk Kontrollkabel med 4G-gränssnitt,,
product,dji-avata-2-hinderkabel-visuell-sensor,dji-avata-2-hindercable-visuell-sensor,/products/dji-avata-2-hinderkabel-visuell-sensor,/products/dji-avata-2-hindercable-visuell-sensor,YES,YES,DJI Avata 2 Hinderkabel för Visuell Sensor,,
product,dji-avata-2-hinderkabel-visuell-sensor-1,dji-avata-2-hindercable-visuell-sensor-1,/products/dji-avata-2-hinderkabel-visuell-sensor-1,/products/dji-avata-2-hindercable-visuell-sensor-1,YES,YES,DJI Avata 2 Hinderkabel för Visuell Sensor,,
product,dji-livox-hap-kontakt-original-reservdel,dji-livox-hap-contact-original-reservdel,/products/dji-livox-hap-kontakt-original-reservdel,/products/dji-livox-hap-contact-original-reservdel,YES,YES,Original DJI Livox HAP Kontakt för Sensor,,
product,dji-zenmuse-x9-l-faste-original,dji-zenmuse-x9-l-mount-original,/products/dji-zenmuse-x9-l-faste-original,/products/dji-zenmuse-x9-l-mount-original,YES,YES,Original DJI Zenmuse X9 L-fäste,,
product,dji-spark-laddare-effektiv-laddstation,dji-spark-charger-effektiv-laddstation,/products/dji-spark-laddare-effektiv-laddstation,/products/dji-spark-charger-effektiv-laddstation,YES,YES,Professionell Laddstation för DJI Spark - Stabil Drönarladdare,,
product,dji-air-3-laddare-200w,dji-air-3-charger-200w,/products/dji-air-3-laddare-200w,/products/dji-air-3-charger-200w,YES,YES,DJI Air 3 / Air 3S Snabbladdare 200W - 3-Kanals Laddstation,,
product,dji-mavic-3-reparationsdelar-front,dji-mavic-3-repairsdelar-front,/products/dji-mavic-3-reparationsdelar-front,/products/dji-mavic-3-repairsdelar-front,YES,YES,"DJI Mavic 3 Reservdelar - Ram, Övre Skal, Bottenskal & Frontskydd",,
product,dji-wb37-batteri,dji-wb37-battery,/products/dji-wb37-batteri,/products/dji-wb37-battery,YES,YES,DJI WB37 Intelligent Battery (4920 mAh),,
product,dji-neo-2-landningsstall-fallbara-ben,dji-neo-2-landing-gear-fallbara-ben,/products/dji-neo-2-landningsstall-fallbara-ben,/products/dji-neo-2-landing-gear-fallbara-ben,YES,YES,DJI Neo 2 Landningsställ med Fällbara Ben,,
product,dji-avata-2-framram-skydd,dji-avata-2-framram-protection,/products/dji-avata-2-framram-skydd,/products/dji-avata-2-framram-protection,YES,YES,DJI Avata 2 Framram - Förstärkt skydd för gimbal och kamera,,
product,dji-neo-nedre-visionsmodul-flexkabel,dji-neo-nedre-visionsmodul-flexcable,/products/dji-neo-nedre-visionsmodul-flexkabel,/products/dji-neo-nedre-visionsmodul-flexcable,YES,YES,DJI Neo Nedre Visionsmodul med Flexkabel,,
product,dji-fpv-gimbal-flexkabel,dji-fpv-gimbal-flexcable,/products/dji-fpv-gimbal-flexkabel,/products/dji-fpv-gimbal-flexcable,YES,YES,DJI FPV Gimbal Flexkabel - Reservdel för Kamera och Signal,,
product,fargglada-propellerskydd-dji-neo,fargglada-propellerprotection-dji-neo,/products/fargglada-propellerskydd-dji-neo,/products/fargglada-propellerprotection-dji-neo,YES,YES,Sunnylife Färgglada Propellerskydd till DJI Neo,,
product,dji-spark-infrarod-vision-med-kabel,dji-spark-infrarod-vision-med-cable,/products/dji-spark-infrarod-vision-med-kabel,/products/dji-spark-infrarod-vision-med-cable,YES,YES,DJI Spark Infraröd Vision med Kabel,,
product,dji-mavic-4-pro-imu-flexkabel,dji-mavic-4-pro-imu-flexcable,/products/dji-mavic-4-pro-imu-flexkabel,/products/dji-mavic-4-pro-imu-flexcable,YES,YES,DJI Mavic 4 Pro IMU Flexkabel,,
menu,enterprise-expansion-deploy,enterprise-drones,(menu handle: enterprise-expansion-deploy),(menu handle: enterprise-drones),NAV_ONLY,NO,Enterprise Drones,9,
menu,spare-parts-deploy,spare-parts,(menu handle: spare-parts-deploy),(menu handle: spare-parts),NAV_ONLY,YES,Spare Parts,47,
menu,service-support-deploy,service-support,(menu handle: service-support-deploy),(menu handle: service-support),NAV_ONLY,NO,Service & Support,14,
menu,b2b-enterprise-deploy,b2b-enterprise,(menu handle: b2b-enterprise-deploy),(menu handle: b2b-enterprise),NAV_ONLY,NO,B2B Enterprise,20,
menu,enterprise-dr-nare,enterprise-drones,(menu handle: enterprise-dr-nare),(menu handle: enterprise-drones),NAV_ONLY,YES,Enterprise Drones,7,
