14993946706307	mavic-3e-skogspaket-utan-4g
15001029214595	dji-matrice-4t
15001029476739	dji-matrice-4e
15001309315459	dji-d-rtk-3-multifunctional-station
15001309544835	dji-as1-speaker
15001309675907	dji-al1-spotlight
15001309839747	dji-matrice-4-series-battery
15001309938051	dji-matrice-4-series-charging-hub
15001310003587	dji-rc-plus-2-enterprise
15001310069123	dji-d-rtk-3-survey-pole-and-tripod-p60
15001519260035	dji-o4-air-unit
15001519292803	dji-o4-air-unit-pro-3-in-1-cable
15001519358339	dji-o4-air-unit-pro-antenna
15001519423875	dji-o4-air-unit-pro-transmission-mo-pdc
15001519489411	dji-o4-air-unit-pro-camera-module
15001520439683	dji-o4-air-unit-pro
15001576571267	insta360-x4-bmw-motorrad-edition
15001576735107	dji-agras-t5025-spotlight
15001577161091	lifthor-claw-pro-2-till-dji-rc-pro
15001577259395	firehouse-technology-infrared-strob-mhz
15001577324931	sunnylife-nd64-filter-fr-dji-mini-4-b61
15001577980291	hprc-skyddsvska-fr-dji-matrice-3d3t-wco
15001578209667	ram-mount-x-grip-hllare-till-mobil-cxf
15002454163843	matrice-4t-silverpaket
15004018639235	matrice-4-laddpaket-hubb-laddare
15004330230147	dji-high-bright-remote-monitor-v-mo-sum
15004330459523	dji-power-1kw-super-fast-car-charge-bon
15004330656131	dji-power-expansion-battery-2000-mo-bkm
15004331016579	dji-power-expansion-battery-2000
15004331147651	dji-zenmuse-h30-series-storage-case-zy0
15004331442563	dji-transmission-v-mount-battery-ad-xm6
15004331803011	dji-high-bright-remote-monitor-hold-jji
15004331934083	dji-matrice-4et-propellrar
15004332097923	dji-matrice-4et-propellrar-low-nois-qey
15005144809859	matrice-4-guldpaket-utan-4g
15005165879683	matrice-4t-guldpaket-med-4g
15005229220227	dji-flip
15005229416835	dji-flip-dji-rc-2
15005229613443	dji-flip-fly-more-combo-dji-rc-2
15005229744515	dji-flip-batteri
15005229973891	dji-flip-batterihubb
15005230104963	dji-flip-nd-filterset-nd1664256-7ha
15005230334339	dji-flip-propellrar-par
15005302948227	matrice-4e-guldpaket-med-4g
15005966238083	matrice-4e-guldpaket-utan-4g
15006059037059	matrice-4e-silverpaket
15006106354051	matrice-4t-paket-for-renskotsel-med-4g
15006112842115	insta360-kamerafste-fr-skyddshjlm-nys
15006113071491	lifthor-snabbladdare-65w
15006694310275	insta360-flow-2-pro-creator-kit-vit-e0j
15006694539651	insta360-flow-2-pro-creator-kit-gr-zup
15006694605187	insta360-flow-2-pro-vit
15006694801795	insta360-flow-2-pro-gr
15007313166723	x4-byggpaket
15010717106563	dronavia-kronos-i3-till-inspire-3
15010717139331	dronavia-flight-termination-system-k61
15010717204867	dronavia-kronos-m3-till-mavic-3etm-eia
15010717237635	dronavia-flight-termination-system-tqf
15010717270403	dronavia-kronos-m350-till-matrice-3-wbm
15010717368707	dronavia-flight-termination-system-xxu
15010717401475	dronavia-zphyr-m30-double-till-matr-11o
15010717434243	dronavia-flight-termination-system-tpa
15010717532547	insta360-foldable-2-in-1-selfie-sti-0x0
15010717630851	insta360-foldable-2-in-1-selfie-sti-sg7
15013296505219	pix4d-pix4dmapper-training-in-depth-q3b
15013296636291	dji-flighthub-2-livestream-minutes-be1
15013296734595	dji-rc-plus-2-strap-waist-support-ahz
15013297095043	ecoflow-delta-3
15013297258883	ecoflow-delta-3-plus
15013297586563	ecoflow-delta-3-extrabatteri
15013297652099	ecoflow-powerpulse-ac-charging-11kw
15013297750403	ecoflow-powerglow-immersion-heater-gaq
15013297881475	ecoflow-powerglow-immersion-heater-n41
15018638311811	matrice-350-zenmuse-p1-guldpaket
15019387388291	dronavia-kronos-m4-till-matrice-4
15027218055555	insta360-kamerafste-fr-skyddshjlm-b-d3d
15029909160323	czi-matrice-30-ir3-infared-spotligh-11m
15029909225859	dji-flip-care-refresh-1-r
15029909324163	dji-flip-care-refresh-2-r
15039542165891	sunnylife-propellerskydd-air-33s
15039542460803	ecoflow-2x400w-rigid-solar-panel-co-8m2
15039542821251	ecoflow-power-kits-rigid-solar-pane-8x0
15039543509379	dji-osmo-mobile-7
15039544066435	dji-osmo-mobile-7p
15039544426883	dji-telefonladdnings-ljudinspelning-q1m
15039544951171	dji-osmo-mobile-magnetiskt-snabbfst-cvs
15039545409923	dji-osmo-mobile-magnetic-phone-clam-01s
15039546458499	dji-om-7-serien-tracking-kit
15039547507075	dji-om-7-serien-magnetisk-telefonkl-4v1
15039547736451	dji-osmo-mobile-7p-dji-care-refresh-cfh
15039547933059	dji-osmo-mobile-7-dji-care-refresh-7m1
15039548162435	dji-osmo-mobile-7p-dji-care-refresh-lgc
15039548227971	dji-osmo-mobile-7-dji-care-refresh-xtm
15039697682819	matrice-30t-guldpaket-med-4g
15045869011331	dji-dji-rs-4-mini
15045869273475	dji-dji-rs-4-mini-combo
15049667805571	test-product
15051375935875	dji-rs-4-mini-phone-holder
15051376951683	dji-rs-intelligent-tracking-module
15051377312131	dji-r-multi-camera-control-cable-us-hk8
15051377869187	dji-ronin-s-part-2-extended-griptri-nv5
15051378459011	dji-rs-l-shaped-multi-camera-contro-dpr
15051378655619	dji-rs4-mini-care-refresh-1-r
15051379016067	dji-rs4-mini-care-refresh-2-r
15051379540355	sunnylife-mavic-3-billaddare
15051380031875	insta360-link-2c-arctic-white
15053344342403	dji-dock-3
15053344440707	dji-matrice-4d
15053344735619	dji-matrice-4td
15053559464323	dock-3-matrice-4d
15053573849475	dock-3-matrice-4td
15055957492099	dji-d-rtk-3-relay-fixed-deployment-f8t
15055958114691	dji-240w-power-adapter
15055958671747	dji-matrice-4-obstacle-sensing-modu-6k1
15055959032195	dji-matrice-4d-series-240w-charging-ob6
15055959818627	dji-matrice-4d-series-low-noise-ant-y7u
15055960703363	dji-matrice-4d-series-intelligent-f-q7h
15055960867203	dji-dock-3-vehicle-gimbal-protectio-62i
15055960965507	dji-matrice-4d-series-case-backpack
15061353202051	dji-osmo-action-5-pro43-floating-ca-5n9
15061353464195	dji-osmo-action-4-skyddsdekaler-gr-tj9
15061353791875	dji-osmo-action-4-skyddsdekaler-bl-gyc
15061354185091	sunnylife-rc-2-silikonskydd-med-sol-71d
15061354578307	sunnylife-rc-rc-2-skrmskydd-1st-k5k
15062463021443	emlid-seco-bipod
15062463086979	emlid-usb-c-kabel-fast-charger
15067801158019	global-forester-global-forester
15067801387395	dji-dji-transmission-antenna-4-pack-xnv
15072789528963	mavic-3t-paket-for-skogsforvaltning
15075664888195	mavic-3e-paket-for-skogsforvaltning-global-forester
15076322705795	dji-matrice-4-serien-propellerskydd-aoi
15076322836867	4hawks-raptor-od-antenn-2-pack
15081528656259	sunnylife-styrspakar-till-dji-rc-pr-5ha
15085101154691	4g-dongel-kit-till-inspire-3
15085109674371	4g-dongle-kit-till-mini-4-pro
15087963799939	matrice-4td-guldpaket-med-4g
15089308631427	matrice-4td-guldpaket
15089400807811	mini-4-pro-dronelink-paket
15089788584323	mini-4-pro-dronelink-guldpaket
15091249250691	matrice-4t-overvakningspaket
15094826402179	pgytech-kameraaxelrem-fern-green
15094826959235	hoodman-landningsplatta-06m-2ft
15094827385219	hoodman-led-beslysning-till-landnin-cdb
15094827549059	dji-matrice-4td-combo-utan-batteri-gws
15094827647363	dji-matrice-4d-combo-utan-batteri
15097291932035	mavic-3-multispectral-begagnad
15098885636483	matrice-4e-kostnadseffektivt-matpaket
15188769636739	anker-usb-c-till-lightning-09m-322-hfc
15188769833347	anker-usb-c-till-lightning-18m-322-qvp
15189249163651	insta360-x5-standard-bundle
15189249294723	insta360-x5-essentials-bundle
15190060466563	insta360-x5-invisible-dive-case
15190060663171	insta360-x5-quick-reader
15190060859779	insta360-x5-thermo-grip-cover
15190060990851	insta360-x5-utility-frame
15190061187459	insta360-x5-mic-adapter
15190061285763	insta360-x5-replacement-lens-kit
15190061482371	insta360-x5-premium-lens-guards
15190061678979	insta360-x5-standard-lens-guards
15190061777283	insta360-x5-battery
15190062039427	insta360-x5-lens-cap
15190062236035	insta360-x5-screen-protector
15190062301571	insta360-x5-cooling-screen-protecto-u0k
15190062432643	insta360-x5-carry-case
15190062563715	insta360-x5-usb-cover
15190062858627	insta360-x5-all-weather-usb-chargin-nte
15190063022467	insta360-x5-utility-fast-charge-cas-rxy
15190642360707	anker-usb-a-till-usb-c-kabel-09m-2-tqq
15190642524547	anker-usb-c-till-usb-c-kabel-18m-24-tng
15190642590083	anker-usb-a-till-usb-c-kabel-18m-vi-wga
15190642655619	anker-usb-a-till-usb-c-kabel-nylon-9qu
15190642819459	anker-usb-a-till-usb-c-kabel-nylon-ha4
15190642884995	anker-usb-a-till-usb-c-kabel-nylon-eva
15190642917763	anker-usb-c-till-lightning-kabel-ny-3gj
15190642950531	anker-usb-c-till-usb-c-kabel-nylon-ci2
15190643016067	anker-usb-c-till-usb-c-kabel-09m240-96k
15190643147139	anker-usb-c-till-usb-c-kabel-09m-24-n2t
15190643245443	anker-usb-c-till-usb-c-kabel-18m-24-hvs
15190643310979	anker-usb-c-till-usb-c-kabel-18m-24-ysa
15191886332291	dji-mavic-3e-batteri-c1-version
15191886463363	insta360-x5-invisible-mic-cold-shoe-ea7
15203616063875	ecoflow-wave-3
15203618128259	ecoflow-wave-3-extrabatteri
15203619668355	ecoflow-wave-car-vent-seal-magnetic-uq3
15203621372291	ecoflow-wave-shower-kit
15203623108995	ecoflow-stabilizing-strap-kit
15203627106691	ecoflow-glacier-classic-35l
15203631432067	ecoflow-glacier-classic-45l
15203634774403	ecoflow-glacier-classic-55l
15203638509955	ecoflow-river-3-max-plus
15203639230851	ecoflow-glacier-plug-in-batteri
15206530580867	lexar-cfexpress-40-pro-gold-r3600-w-0i7
15206530613635	lexar-cfexpress-40-pro-gold-r3600-w-x6j
15206530646403	lexar-cfexpress-40-pro-gold-r3600-w-dd9
15206530679171	lexar-cfexpress-40-pro-gold-vpg400-d8l
15208921596291	atomos-neon-17-hdr-monitor
15208921858435	atomos-neon-24-24-hdr-monitor
15208923496835	brinno-apb1000-rechargeable-battery-901
15208924971395	bw-outdoor-case-typ-500-gul-med-inr-rlu
15208925299075	bw-outdoor-case-typ-1000-svart-med-2hq
15208925561219	bw-outdoor-case-typ-1000-gul-utan-i-5j4
15208925823363	bw-outdoor-case-typ-4000-gul-med-de-cqv
15208926118275	bw-outdoor-case-typ-5000-svart-med-r1j
15208926314883	bw-outdoor-case-typ-5000-gul-utan-i-z87
15208926577027	bw-outdoor-case-typ-5000-gul-med-in-z7h
15208926839171	bw-outdoor-case-typ-5000-gul-med-de-sbf
15208927035779	bw-outdoor-case-typ-5000-orange-med-r6c
15208927232387	bw-outdoor-case-typ-5000-orange-med-qnw
15208927396227	bw-outdoor-case-typ-5500-gul-utan-i-amn
15208927560067	bw-outdoor-case-typ-5500-gul-med-in-pfk
15208927691139	bw-outdoor-case-typ-6000-gul-med-in-n3f
15208927986051	bw-outdoor-case-typ-6500-svart-med-gy7
15208928182659	bw-outdoor-case-typ-6600-svart-med-meq
15208928412035	bw-dji-flip-outdoor-case-typ-3000pp-mx2
15208928706947	bw-dji-flip-outdoor-case-typ-3000pp-xdm
15208929001859	bw-dji-flip-outdoor-case-typ-3000pp-sbb
15208929231235	bw-dji-flipoutdoor-case-typ-3000pp1-526
15208929460611	bw-dji-flip-outdoor-dronebag-tex-11-frx
15208929886595	bw-bikebag-20-outdoor-case
15208929984899	chasing-innovation-gladius-minibase-x69
15208930410883	chasing-innovation-f1remote-control-97s
15208930771331	chasing-innovation-f1backpack
15208930804099	chasing-innovation-robot-arm-connec-7d6
15208930869635	chasing-innovation-robot-arm-connec-39s
15208930935171	chasing-innovation-dory-charger
15208930967939	chasing-innovation-st22x65-screw
15208931000707	chasing-innovation-tether-connector-r5n
15208931033475	chasing-innovation-gladius-minibatt-l1k
15208931164547	chasing-innovation-dory-motor-no4-w-dz1
15208931262851	chasing-innovation-dory-15m-tether
15208931721603	chasing-innovation-m2-proadvanced-s-jex
15208932114819	chasing-innovation-m2-s-advanced-se-k64
15208932475267	chasing-innovation-m2-pro-maxadvanc-pw7
15208932540803	chasing-innovation-m2-pro-max-rov-o-pxy
15208932573571	chasing-innovation-f1-rotatable-cam-1nc
15208932671875	chasing-innovation-quick-mounting-b-v6j
15208932770179	chasing-innovation-3-in-1-connector-0c6
15208932835715	delkin-cfexpress-40-black-480gb
15208932901251	delkin-cfexpress-40-black-960gb
15208932966787	delkin-cardreader-cfexpress-40-type-mk0
15208933130627	delkin-cfexpress-40-black-type-b-1t-nju
15208933196163	delkin-cfexpress-40-black-type-b-2t-qt2
15208933523843	energizer-lithium-varta-6231-v-28-p-utr
15208933654915	energizer-ultimate-lithium-cr2032-4-7mw
15208933785987	energizer-ultimate-lithium-cr2032-2-stf
15208933884291	energizer-ultimate-lithium-cr2025-2-j5u
15208934015363	energizer-ultimate-lithium-cr2016-2-9x8
15208934932867	hollyland-cosmo-c2-1-sndare1-mottag-jcw
15208935162243	hollyland-cosmo-c2-1-sndare-endast
15208935981443	hollyland-solidcom-se-pro-4-persone-0eb
15208936374659	hollyland-solidcom-se-pro-5-persone-3js
15208936735107	hollyland-solidcom-se-pro-6-persone-e14
15208937161091	hollyland-solidcom-se-pro-9-persone-mgo
15208937259395	hollyland-lark-m2s-mobilversion-lad-rmy
15208937456003	hollyland-lark-m2s-combo-version-la-ncn
15208937587075	hollyland-lark-m2s-kameramottagare-113
15208937718147	hollyland-lark-m2s-usb-c-mottagare-spw
15208937783683	hollyland-lark-m2s-lightning-mottag-by9
15208937816451	hollyland-lark-m2s-sndare-space-gra-wn4
15208937980291	hollyland-lark-m2s-ultimate-combo-t-9hh
15208938144131	hollyland-lark-m2s-combo-trdlst-lav-grb
15208938373507	hollyland-solidcom-se-pro-fjrrheads-s4e
15208938963331	lexar-jumpdrive-v40-usb-20-16gb
15208939127171	lexar-jumpdrive-v40-usb-20-32gb
15208939192707	lexar-jumpdrive-v40-usb-20-64gb
15208939323779	lexar-jumpdrive-v100-usb-30-32gb
15208939487619	lexar-jumpdrive-v100-usb-30-64gb
15208940306819	lexar-cardreader-cfexpress-type-b-u-cfs
15208940470659	lexar-ssd-sl300-usb32-gen2-up-to-r1-44w
15208940634499	lexar-ssd-sl300-usb32-gen2-r1050-w1-2bn
15208940700035	lexar-jumpdrive-p30-flash-drive-r45-x4d
15208941126019	lexar-jumpdrive-p30-flash-drive-r45-brb
15208941191555	lexar-jumpdrive-s60-flash-drive-usb-m3e
15208941322627	lexar-jumpdrive-v400-flash-drive-r1-gdc
15208941388163	lexar-jumpdrive-v400-flash-drive-r1-wzf
15208941486467	lexar-jumpdrive-v400-flash-drive-r1-axs
15208941617539	lexar-jumpdrive-v400-flash-drive-r1-ydd
15208941879683	lexar-jumpdrive-m400-flash-drive-r1-jgx
15208942109059	lexar-jumpdrive-m400-flash-drive-r1-k0o
15208942272899	lexar-jumpdrive-m400-flash-drive-r1-880
15208942469507	lexar-jumpdrive-m400-flash-drive-r1-6k5
15208942535043	lexar-jumpdrive-v40-usb-20-128gb
15208943845763	lexar-jumpdrive-d300-dual-type-c-an-nc0
15208944107907	lexar-jumpdrive-d300-dual-type-c-an-pim
15208944370051	lexar-jumpdrive-d300-dual-type-c-ty-fz0
15208944632195	lexar-jumpdrive-d300-dual-type-c-an-0ig
15208945123715	lexar-sdxc-armor-gold-uhs-ii-u3-sta-5ir
15208945353091	lexar-sdxc-armor-gold-uhs-ii-u3-sta-bmi
15208945549699	lexar-sdxc-armor-gold-uhs-ii-u3-sta-jlc
15208945746307	lexar-microsdxc-express-play-pro-ex-ct2
15208946008451	lexar-microsdxc-express-play-pro-ex-yi6
15208946303363	lexar-microsdxc-express-play-pro-71-a4p
15208946336131	lexar-cfexpress-40-pro-diamond-r370-v85
15208946401667	lexar-ssd-sl500-usb32-gen2x2-up-to-nx0
15208946532739	lexar-ssd-sl500-usb32-gen2x2-up-to-d90
15208946762115	lexar-sdxc-armor-gold-uhs-ii-u3-sta-rc7
15208946893187	lexar-sdxc-armor-gold-uhs-ii-u3-sta-vzi
15208946991491	nanlite-12-dc-strmkabel-fr-rr
15208947450243	nanlite-lt-80-lantern-softbox-80-cm-lbo
15208947810691	nanlite-projektorfste-fr-fm-fste-me-hy3
15208947876227	nanlite-cob-skyddskpa-bowens-fste-f-2cj
15208947974531	nanlite-pavoslim-26m-dc-kabel-fr-60-cnf
15208948466051	nanlite-forza-300b-ii-bicolor-fl-20-tih
15208948531587	nanlite-speed-ring-bowens-fste
15208948597123	nanlite-speed-ring-adapter-fm
15208948924803	nanlite-t8-rrklmma
15208949416323	nanlite-projektorfste-fr-fm-fste-me-nnw
15208949481859	nanlite-baby-pin-hllare-fr-pavoslim-vji
15208949514627	nanlite-barndoor-fr-rf45-reflektor
15208949907843	nanlite-beauty-dish-reflektor-70-cm
15208950333827	nanlite-beauty-dish-reflektor-40-cm
15208950563203	nanlite-diffusion-dome-fr-fm-fste-r-u0v
15208951087491	nanlite-power-bank-grip
15208953446787	nanlite-fc-120c-led-frgpunktsljus
15208954134915	nanlite-pavotube-ii-6xr-led-rgbww-p-het
15208955019651	nanlite-pavotube-ii-6xr-8-ljuskit
15208955183491	nitecore-18650-2300mah-uppladdnings-jnu
15208955249027	nitecore-universal-laddare-d2eu
15208955380099	nitecore-18650-3600mah-uppladdnings-ls8
15208955478403	nitecore-universell-laddare-i2
15208955740547	peak-design-packkub-liten-raw
15208955904387	peak-design-packkub-medium-raw-s8o
15208956232067	peak-design-reseryggsck-30l-frg-sag-ncf
15208956887427	peak-design-reseryggsck-30l-frg-sva-7cm
15208958001539	peak-design-the-field-pouch-v2-frg-kac
15208959050115	peak-design-tech-pouch-frg-sage
15208961048963	peak-design-everyday-ryggsck-20l-v2-46b
15208962261379	peak-design-everyday-ryggsck-20l-v2-929
15208962457987	peak-design-everyday-ryggsck-20l-v2-0ax
15208962523523	peak-design-everyday-ryggsck-30l-v2-aer
15208962916739	peak-design-everyday-sling-6l-v2-fr-qx2
15208963408259	peak-design-everyday-sling-6l-v2-fr-47t
15208963801475	peak-design-reseduffel-35l-frg-svar-yrg
15208964194691	peak-design-reseduffelpack-65l-frg-nrc
15208964456835	peak-design-tvttpse-frg-sage
15208964751747	peak-design-packbar-tote-frg-kol-oas
15208965144963	peak-design-packable-tote-frg-raw-ltw
15208965407107	peak-design-reseduffel-65l-frg-sage-oup
15208965702019	peak-design-reseduffel-65l-frg-svar-vn8
15208965833091	peak-design-everyday-hftblte-v2-29-f4r
15208965898627	peak-design-everyday-hftblte-v2-sto-u8e
15208965931395	peak-design-everyday-ryggsck-15l-zi-6p4
15208965964163	peak-design-everyday-ryggsck-15l-zi-fd1
15208965996931	peak-design-everyday-ryggsck-15l-zi-hvk
15208966029699	peak-design-everyday-ryggsck-20l-zi-3as
15208966062467	peak-design-everyday-ryggsck-20l-zi-6mw
15208966128003	peak-design-everyday-backpack-20l-z-z9c
15208966357379	peak-design-everyday-sling-3l-v2-fr-laq
15208966422915	peak-design-everyday-messenger-13l-723
15208966783363	peak-design-everyday-tote-15l-v2-fr-gqr
15208966816131	peak-design-everyday-tote-15l-v2-fr-ot4
15208966881667	peak-design-everyday-totepack-20l-v-2dt
15208966914435	peak-design-everyday-totepack-20l-v-5pk
15208966979971	peak-design-everyday-hip-belt-v2-29-kpq
15208967012739	peak-design-everyday-hftblte-v2-29-l5e
15208967111043	peak-design-everyday-midjeblte-v2-s-hj7
15208967143811	peak-design-everyday-hftblte-v2-32-s77
15208967209347	peak-design-everyday-hftblte-v2-32-mpi
15208967274883	peak-design-everyday-hftblte-v2-sto-kww
15208967307651	peak-design-everyday-tote-v2-med-cr-nbd
15208967373187	peak-design-everyday-tote-v2-axelre-bf6
15208967537027	peak-design-hopfllbar-vska-frg-sage-gmz
15208967733635	peak-design-kamerakub-v2-extra-smal-3lb
15208968225155	peak-design-kamerakub-v2-small
15208968487299	peak-design-kamerakub-v2-s-medium
15208968716675	peak-design-kamerakub-v2-medium
15208969077123	peak-design-kamerakub-v2-stor
15208969142659	peak-design-resestativ-fr-telefonfs-5wm
15208971927939	polaroid-now-gen-3-pebble-white
15208972321155	polaroid-now-gen-3-coral
15208972616067	polaroid-now-gen-3-gul
15208973009283	polaroid-now-gen-3-lila
15208973107587	polaroid-now-gen-3-black-bundle-med-f7v
15208973140355	polaroid-now-gen-3-pebble-white-bun-iik
15208973304195	polaroid-now-gen-3-vit
15208973336963	polaroid-now-gen-3-black-bundle-med-yug
15208973369731	polaroid-now-gen-3-vit-paket-med-fr-h5l
15208974057859	polaroid-now-now-filtersats
15208974352771	polaroid-studio-coffee-table-fotoal-5r9
15208974680451	polaroid-studio-enkel-fotoram-svart-191
15208975008131	polaroid-studio-fotoram-triptyk-sva-2au
15208975434115	polaroid-studio-scanner-adapter-fr-gsr
15208975630723	polaroid-studio-kameravska-sling
15208976220547	polarpro-litechaser-16-exo-back-pla-6fr
15208976515459	polarpro-baseplate-grip-for-leica-q-015
15208976613763	polarpro-thumbgrip-for-leica-q3-bla-jmu
15208976777603	polarpro-baseplate-grip-for-leica-q-vqb
15208976908675	polarpro-thumbgrip-for-leica-q3-bro-hcm
15208977203587	polarpro-magflip-hood-for-fujifilm-8cx
15208977367427	polarpro-baseplate-grip-for-fujifil-b2f
15208977564035	polarpro-thumbgrip-for-fujifilm-x10-6eg
15208977727875	polarpro-baseplate-grip-for-fujifil-0ci
15208977957251	polarpro-thumbgrip-for-fujifilm-x10-0y4
15208978088323	polarpro-shutter-button-for-fujifil-3d3
15208978350467	polarpro-shutter-button-for-fujifil-pnx
15208978481539	polarpro-litechaser-16-warp-2x-lens-d0a
15208978710915	polarpro-litechaser-16-split-warp-l-13o
15208978940291	polarpro-litechaser-16-refract-lens-tv1
15208979202435	polarpro-litechaser-16-shifty-lens-oys
15208979431811	polarpro-litechaser-16-mounting-pla-8xk
15208979628419	polarpro-litechaser-16-ssd-mount-fo-wwm
15208979792259	polarpro-litechaser-16-vertical-ig-h1j
15208979988867	polarpro-film-case-mckinnon-120-fil-d9m
15208980185475	polarpro-film-case-mckinnon-135-fil-x7m
15208980316547	polarpro-film-case-mckinnon-120-fil-my5
15208980513155	polarpro-film-case-mckinnon-135-fil-lt7
15208980644227	polarpro-135-series-chroma-cpl-filt-j2r
15208980775299	polarpro-135-series-chroma-cpl-filt-59r
15208980939139	polarpro-135-series-chroma-cpl-filt-v3a
15208981070211	polarpro-135-series-chroma-cpl-filt-ayt
15208981168515	polarpro-135-series-black-mist-filt-1zs
15208981332355	polarpro-135-series-black-mist-filt-n0i
15208981528963	polarpro-135-series-black-mist-filt-24n
15208981627267	polarpro-135-series-black-mist-filt-du8
15208981856643	polarpro-135-series-gold-mist-filte-826
15208982086019	polarpro-135-series-gold-mist-filte-43s
15208982315395	polarpro-135-series-gold-mist-filte-3kj
15208982512003	polarpro-135-series-gold-mist-filte-ajk
15208982839683	polarpro-kit-litechaser-iphone-15-p-rpt
15208983036291	polarpro-kit-litechaser-iphone-15-p-bb0
15208983200131	polarpro-kit-litechaser-iphone-15-p-msk
15208983298435	polarpro-kit-litechaser-iphone-15-p-zof
15208983462275	polarpro-kit-litechaser-iphone-15-p-erd
15208983626115	polarpro-kit-litechaser-iphone-15-p-i00
15208983757187	polarpro-kit-litechaser-iphone-15-p-adt
15208983953795	polarpro-kit-litechaser-iphone-16-p-rgq
15208984084867	polarpro-kit-litechaser-iphone-16-p-pf9
15208984248707	polarpro-kit-litechaser-iphone-16-p-7c7
15208984478083	polarpro-kit-litechaser-iphone-16-p-k4x
15208984674691	polarpro-kit-litechaser-iphone-16-p-pub
15208984838531	polarpro-kit-litechaser-iphone-16-p-itb
15208984936835	polarpro-kit-litechaser-iphone-16-p-b4p
15208985133443	polarpro-kit-litechaser-iphone-16-p-5jr
15208985330051	polarpro-kit-litechaser-iphone-16-p-s6n
15208985526659	polarpro-kit-litechaser-iphone-16-p-ssy
15208985723267	polarpro-kit-litechaser-iphone-15-p-pqx
15208985854339	polarpro-kit-litechaser-iphone-15-p-he8
15208985985411	polarpro-kit-litechaser-iphone-15-p-6g9
15208986116483	polarpro-kit-litechaser-iphone-15-p-tz6
15208986247555	polarpro-kit-litechaser-iphone-15-p-6yy
15208986411395	polarpro-kit-litechaser-iphone-15-p-skw
15208986575235	polarpro-kit-litechaser-iphone-15-p-aql
15208986739075	polarpro-kit-litechaser-iphone-16-p-ya7
15208986968451	polarpro-kit-litechaser-iphone-16-p-po9
15208987066755	polarpro-kit-litechaser-iphone-16-p-r7x
15208987230595	polarpro-kit-litechaser-iphone-16-p-75y
15208987328899	polarpro-kit-litechaser-iphone-16-p-km8
15208987427203	polarpro-kit-litechaser-iphone-16-p-lk4
15208987558275	polarpro-kit-litechaser-iphone-16-p-t6n
15208987656579	polarpro-kit-litechaser-iphone-16-p-aa6
15208987853187	polarpro-kit-litechaser-iphone-16-p-51l
15208988017027	polarpro-kit-litechaser-iphone-15-p-qs4
15208988180867	polarpro-kit-litechaser-iphone-16-p-qyo
15208988344707	polarpro-roadrunner-shoulder-bag-6l
15208988606851	polarpro-roadrunner-shoulder-bag-12-zck
15208988901763	polarpro-roadrunner-back-pack-8l
15208989229443	polarpro-roadrunner-back-pack-16l
15208989491587	polarpro-roadrunner-case-1l
15208989720963	rusan-enheter-m52x075-467-mm-v2017-roi
15208990835075	saramonic-sony-mi-hot-shoe-adapter-qnp
15208991588739	seetec-monitor-d71-dual-7-3ru
15208992178563	smallrig-3830-handheld-kit-for-cano-yxp
15208992702851	smallrig-4121-all-in-one-video-kit-ppz
15208993096067	smallrig-4556-l-shape-grip-for-fuji-802
15208993620355	smallrig-4571-cage-kit-for-sony-bur-7z7
15208994242947	smallrig-5072-cage-for-dji-osmo-poc-our
15208994734467	smallrig-5058-cage-for-ipad-mini
15208995258755	smallrig-5059-universal-tablet-cage-oy6
15208995520899	smallrig-4781-82mm-uv-vnd-filter-ki-r6u
15208995750275	smallrig-4329-handle-with-follow-fo-i1o
15208996012419	smallrig-4792-usb-c-straight-to-usb-yec
15208996340099	smallrig-4793-usb-c-angled-to-usb-c-i3z
15208996438403	smallrig-5117-cage-kit-for-dji-osmo-dnn
15208996569475	smallrig-5122-multifunctional-filte-lpb
15208996733315	smallrig-4942-cpl-vnd-3-5-filter-fo-1oh
15208996929923	smallrig-4941-cpl-vnd-3-5-filter-fo-cpg
15208997192067	smallrig-4614-camera-slider-support-wdj
15208997421443	smallrig-4801-l-shape-mount-plate-w-9h1
15208997716355	smallrig-3893-rotating-side-handle-x0p
15208997945731	smallrig-5235-rotating-side-handle-raz
15208998404483	smallrig-5088-usb-c-rechargeable-ca-0ny
15208998699395	smallrig-5062-usb-c-rechargeable-ca-ez0
15208998961539	smallrig-5113-240w-power-cable-with-6cq
15208999256451	smallrig-5092-cage-for-canon-eos-r5-2cj
15208999453059	smallrig-5028-portable-carbon-fiber-6wf
15208999616899	smallrig-5026-carbon-fiber-pocket-t-00m
15208999747971	smallrig-5025-heavy-duty-carbon-fib-kco
15208999846275	smallrig-5209-universal-leather-cam-d7f
15208999977347	smallrig-5208-universal-leather-cam-89e
15209000239491	smallrig-4870-card-reader-sd40
15209000567171	smallrig-4869-card-reader-sd30
15209000993155	smallrig-4746-5-in-1-memory-card-re-y1x
15209001353603	smallrig-4663-cfexpress-type-a-dock-gw1
15209001681283	smallrig-4882-universal-braided-sho-b3v
15209002107267	smallrig-4662-cfexpress-docking-sta-zw5
15209002893699	smallrig-5187-cage-for-sony-alpha-1-5ai
15209003352451	smallrig-5153-universal-shoulder-pa-q0i
15209003745667	smallrig-4884-d-tap-to-dual-sided-n-kpx
15209004040579	smallrig-5118-carrying-bag-for-dji-ifz
15209004335491	smallrig-5174-universal-threaded-fi-ke2
15209005384067	smallrig-5173-filmov-67mm-threaded-gay
15209006727555	smallrig-5172-threaded-filter-adapt-xkn
15209007579523	smallrig-5170-attachable-67mm-vnd-f-x7t
15209008038275	smallrig-5169-attachable-vnd-filter-xzr
15209008234883	smallrig-5126-quick-release-neck-su-8ui
15209008497027	smallrig-5128-quick-release-neck-su-e6a
15209008726403	smallrig-4873-vibe-p30-67mm-ring-le-z8i
15209008988547	smallrig-5188-l-shape-mount-plate-f-f9w
15209009512835	smallrig-5163-modular-follow-focus-zre
15209009742211	smallrig-5339-phone-support-with-co-yvb
15209010069891	smallrig-5338-phone-support-for-arc-koo
15209010889091	smallrig-5337-monitor-mount-for-dji-8vh
15209011347843	smallrig-5336-quick-release-plate-f-0q4
15209011937667	smallrig-4903-cage-kit-for-panasoni-pgi
15209012199811	smallrig-4902-cage-for-panasonic-lu-83m
15209012593027	smallrig-5171-universal-attachable-8v0
15209012986243	smallrig-5142-rc-100b-cob-led-video-8ur
15209013281155	smallrig-5322-top-handle-kit-with-m-6lc
15209013477763	smallrig-5323-top-handle-kit-with-m-z2t
15209013608835	smallrig-5136-cage-kit-for-canon-eo-anz
15209013936515	smallrig-5198-hawklock-quick-releas-gum
15209014100355	smallrig-5316-smallrig-magic-arm-su-nhc
15209014231427	smallrig-5317-smallrig-magic-arm-su-2tl
15209014428035	smallrig-5319-crab-shaped-clamp
15209014526339	smallrig-5321-crab-shaped-clamp-kit-spm
15209014952323	smallrig-5326-crab-shaped-clamp-for-85c
15209015214467	smallrig-5141-magic-arm-support
15209015607683	smallrig-5156-support-with-cold-sho-14s
15209015738755	smallrig-5063-cooling-fan-for-canon-io2
15209016066435	smallrig-5152-cooling-fan-for-sony-9ci
15209016295811	smallrig-5135-cage-for-dji-osmo-act-bce
15209016689027	smallrig-4850-wireless-video-monito-vfw
15209016951171	smallrig-4118b-shoulder-strap-for-d-4p6
15209017049475	smallrig-4383b-sling-handle-with-we-7dd
15209017442691	smallrig-5318-crab-shaped-clamp-kit-28w
15209017639299	smallrig-4152-rotating-top-handle-w-13z
15209017868675	smallrig-4525-gimbal-control-wheels-y7o
15209018163587	smallrig-5415-rc-220b-pro-combo-led-1la
15209018425731	smallrig-5268-leather-case-kit-for-fmn
15209018589571	smallrig-5267-leather-case-kit-for-hyr
15209018753411	smallrig-5266-l-shape-mount-plate-w-vm5
15209018818947	smallrig-5265-l-shape-mount-plate-w-k2j
15209018950019	smallrig-5206-shoulder-rig-extensio-kpj
15209019113859	smallrig-5123-mini-shock-absorber-a-k7g
15209019703683	smallrig-5203-vibe-p30-67mm-ring-le-u1o
15209019965827	smallrig-4939-sp-mini-spotlight
15209020817795	smallrig-4806-np-f-battery-plate-fo-rbn
15209021374851	smallrig-5207-sr-rg2-wireless-remot-fh7
15209021636995	smallrig-5111-heavy-duty-tripod-kit-yn4
15209021964675	smallrig-5258-night-eagle-cage-for-q0d
15209022030211	smallrig-5257-cage-for-nikon-z5ii
15209022292355	smallrig-5256-l-shaped-mount-plate-g4m
15209022456195	smallrig-5292-x-drex-lee-boom-selfi-jgj
15209022521731	smallrig-4858-x-potato-jet-tribex-h-rbl
15209022685571	smallrig-4984-x-touch-smart-triple-sf4
15209023013251	smallrig-5340-rc-100c-cob-led-video-iw9
15209023701379	smallrig-5377-rc-100c-cob-led-video-2hw
15209024061827	smallrig-5380-rc-100c-cob-led-video-ej1
15209024258435	smallrig-5383-rc-100c-cob-led-video-ktz
15209024586115	smallrig-5157-attachable-phone-clam-cej
15209024881027	smallrig-5053-camera-clip-with-quic-z8i
15209025077635	smallrig-5185-filmov-67mm-magnetic-0dj
15209025175939	smallrig-5184-filmov-17mm-threaded-bb1
15209025536387	smallrig-5183-filmov-lightweight-ph-tea
15209025798531	smallrig-5254-mobile-video-cage-kit-snt
15209026027907	smallrig-3579-v-mount-battery-mini-pz6
15209026650499	smallrig-3820-en-el15-battery-charg-yjt
15209027633539	think-tank-walker-pro-series-16l-ba-qg5
15209028092291	think-tank-walker-pro-24l
15209028977027	think-tank-walker-pro-30l
15209029501315	yololiv-yolobox-extreme-all-in-one-75e
15215437971843	dji-mavic-4-pro-dji-rc-2
15215438627203	dji-mavic-4-pro-fly-more-combo-dji-0uj
15215439282563	dji-mavic-4-pro-512gb-creator-combo-qwt
15215440068995	dji-rc-pro-2
15215440429443	dji-power-sdc-till-dji-matrice-4-fa-1cs
15215440527747	dji-mavic-4-pro-batteri
15215440593283	dji-mavic-4-pro-propellrar
15215440626051	dji-mavic-4-pro-propellerskydd
15215440724355	dji-mavic-4-pro-parallel-laddningsh-mww
15215440822659	dji-240w-power-adapter-eu
15215440888195	dji-mavic-4-pro-care-refresh-1-r
15215440986499	dji-mavic-4-pro-care-refresh-2-r
15216564076931	smallrig-5079-usb-c-power-cable-3-i-exu
15216564404611	smallrig-4963-coiled-hdmi-data-cabl-304
15216564896131	smallrig-5311-magic-arm-with-crab-s-sdo
15216565354883	smallrig-5310-magic-arm-with-crab-s-eyt
15216565682563	smallrig-5309-magic-arm-support-11
15216566075779	smallrig-5308-magic-arm-support-7
15216566403459	smallrig-5303-filmov-phone-wrist-st-jl6
15216566632835	smallrig-5302-filmov-phone-wrist-st-n3z
15216566927747	smallrig-4990-filmov-phone-wrist-st-74p
15216567222659	smallrig-5301-filmov-phone-shoulder-wik
15216567583107	smallrig-5300-filmov-phone-shoulder-z7t
15216567812483	smallrig-4989-filmov-phone-shoulder-vmi
15216568172931	smallrig-5313-v-mount-crab-shaped-c-zgn
15216568435075	smallrig-5350-rig-up-baseball-cap-b-iq7
15216568697219	smallrig-5349-rig-up-baseball-cap-g-8ql
15216569123203	smallrig-5312-magic-arm-with-crab-s-ymy
15216569221507	smallrig-5076-usb-c-data-cable-stra-wru
15216569319811	smallrig-5075-usb-c-data-cable-stra-g17
15216569450883	smallrig-5074-usb-c-data-cable-stra-85b
15216569549187	smallrig-5073-usb-c-data-cable-stra-m1g
15216569909635	smallrig-5403-selfie-stick-for-acti-693
15216570237315	smallrig-4798-hybrid-modular-cage-f-kqt
15216570630531	smallrig-4928-side-handle-with-rec-ejz
15216571056515	smallrig-4927-top-handle-with-rec-t-axn
15216571318659	smallrig-5284-vt-08-mount-support-f-xza
15216571515267	smallrig-5283-ac-10-attachable-phon-hv4
15216571908483	smallrig-5260-l-shape-mount-plate-w-cf8
15216572727683	smallrig-5434-furry-windscreen-kit-ww8
15216573120899	smallrig-5430-l-shaped-mount-plate-8vp
15216573481347	smallrig-5429-l-shaped-mount-plate-83z
15216573907331	smallrig-5428-cage-for-canon-eos-r5-64o
15216574267779	smallrig-5427-cage-for-canon-eos-r5-iy7
15216574923139	lexar-cardreader-microsdxc-express-u4c
15216575414659	polarpro-mavic-4-pro-vivid-ndpl-fil-y3f
15216575873411	polarpro-mavic-4-pro-shutter-nd-fil-pk5
15216575938947	polarpro-helix-thread-plate-86mm
15216575971715	smallrig-5134-rotatable-arri-style-9g8
15216576037251	smallrig-3935-ct-10-aluminum-camera-ebq
15217001234819	dronetag-rider
15218113053059	dji-mavic-4-pro-nd-filter-set-nd816-65u
15218143560067	mavic-4-pro-tillbehorspaket
15218376802691	avss-matrice-4d4td-fallskrm
15218376999299	avss-matrice-300350-fallskrm-moc-25-xmt
15218377294211	avss-matrice-4e4t-fallskrm
15218377523587	avss-matrice-3d3td-fallskrm
15218377752963	avss-matrice-3d3td-fallskrm-moc-251-tm2
15218377916803	avss-matrice-300-fallskrm
15218378113411	avss-matrice-300-fallskrm-moc-2511-qna
15218378441091	avss-matrice-350-fallskrm
15218378670467	avss-matrice-30-fallskrm
15218379096451	avss-mavic-3e3t3m-fallskrm
15219777175939	dji-zenmuse-v1
15219777274243	dji-zenmuse-s1
15219777372547	dji-matrice-4e-maintenance-basic
15219777503619	dji-matrice-4e-maintenance-standard-4v6
15219777569155	dji-matrice-4t-maintenance-basic
15219777634691	dji-matrice-4t-maintenance-standard-5wj
15219777732995	dji-matrice-4e-care-enterprise-plus-nxv
15226357809539	matrice-4e-4t-tillbehorspaket
15230198907267	terrasolid-terrascan-12-mn
15230199202179	terrasolid-terramodeler-12-mn
15230199366019	terrasolid-terraphoto-12-mn
15230199726467	terrasolid-terramatch-12-mn
15230786208131	sp-connect-skal-for-iphone
15239034143107	hprc-hardcase-mavic-4-pro-creator-c-6gs
15239034208643	hprc-foam-kit-mavic-4-pro-creator-c-bd7
15245489406339	avata-pro-view-combo-dji-goggles-2-begagnad
15246925595011	lifthor-claw-till-rc-1rc-2
15246925824387	lifthor-rc-pro-2-saga-utility-mount-hap
15246926086531	lifthor-rc-pro-2-tripod-mount
15246926315907	lifthor-rc-pro-2-claw-iv-lanyard-sy-x0g
15246926381443	lifthor-rc-pro-2-claw-iv-combo-lany-72j
15246926676355	lifthor-rc-pro-2-solskydd
15250043797891	matrice-4td-combo-universal
15250081022339	hprc-air-33s-fly-more-combo-hardcas-3bp
15250081087875	hprc-foam-kit-air-33s-fly-more-comb-ker
15250081317251	hprc-air-3-fly-more-combo-hardcase-br5
15250081448323	hprc-foam-kit-air-33s-fly-more-comb-hba
15250081579395	hprc-matrice-4e4t-hardcase-hprc2500-4ch
15250081644931	hprc-foam-kit-till-matrice-4e4-hard-c6s
15250082038147	ecoflow-river-3-plus
15251011600771	dji-matrice-400-bs100-batteristatio-v5e
15251011633539	dji-matrice-400-tb100-batteri
15251011797379	dji-matrice-400-eu-sp-plus
15251011830147	dji-matrice-400-tb100c-tetherbatter-p67
15251011862915	dji-matrice-400-e-port-v2-dev-kit-tn8
15251011895683	dji-matrice-400-e-port-v2-cable-sui-gfg
15251011928451	dji-matrice-400-2510f-propellrar
15251011993987	dji-matrice-400-shock-absoring-ball-xuk
15251012059523	dji-matrice-400-third-gimbal-connec-yc1
15251012092291	dji-matrice-400-dual-gimbal-connect-41t
15251012125059	dji-matrice-400-skyport-v3-cable-su-x0t
15251012157827	dji-matrice-400-skyport-v3-suit
15251012419971	ecoflow-solpanel-220w-bifacial
15251216957827	dji-rc-plus-2-sub2g-sdr-module
15257283625347	hprc-hardcase-matrice-4d4td-hprc271-j5h
15257283789187	hprc-foam-kit-matrice-4d4td-hprc271-pzl
15257284116867	dji-power-snabbladdningskabel-drnar-zx4
15259252654467	dreame-mova-m1
15259252818307	dreame-mova-k10-pro
15259253244291	dreame-mova-s10
15259253801347	dreame-mova-k10
15259253834115	dreame-mova-s4-detect-filtersvamp-ftt
15259253866883	dreame-mova-s4-detect-multiborste
15259254063491	dreame-mova-s5-sense-batteripaket-u-xhx
15259254096259	dreame-mova-s5-sense-filtersvamp
15259254129027	dreame-mova-s5-sense-multiborste
15259254194563	dreame-mova-p50-ultra
15259254227331	dreame-mova-e40-ultra
15259254555011	dreame-mova-pf10-pro
15259254980995	dreame-mova-wf20-pro-vattenfontn-fr-gxi
15259255046531	dreame-mova-s4-detect-batteripaket-vcu
15259255177603	4hawks-4hawks-raptor-xr-for-dji-rc-kd7
15276611764611	ecoflow-solpanel-160w-nextgen-porta-gjv
15276611862915	dji-flighthub-2-enterprise-version-96l
15281169465731	pgytech-mavic-2-lens-hood
15281169564035	dji-zenmuse-h30t-care-enterprise-ba-5r2
15281169662339	dji-flighthub-2-mapping-images-rech-v66
15281307681155	ecoflow-rapid-inbyggda-kablar-25-00-kr1
15281307976067	ecoflow-rapid-mag-10-000-mah
15281308664195	ecoflow-rapid-pro-x-powerbank-27-65-gr8
15281308696963	ecoflow-rapid-inbyggda-kablar-25-00-ad8
15281308860803	ecoflow-rapid-pro-stationr-laddare-z2a
15281308959107	ecoflow-rapid-pro-laddare-140w-4-po-r78
15281309254019	ecoflow-rapid-powerbank-25-000-mah-hl8
15281309286787	ecoflow-rapid-powerbank-25-000-mah-zff
15283825541507	dji-power-2000
15284336886147	smallrig-3750-screen-protector-for-ury
15284336984451	smallrig-2209-cage-for-atomos-ninja-u4e
15284337377667	lexar-microsdxc-play-uhs-ia2u3-r205-igh
15284337475971	gomatic-vacuum-bag-l
15284337967491	hollyland-cosmo-c1-trdls-hdmi3g-sdi-rkj
15284338065795	lexar-microsdxc-play-uhs-ia2u3-r205-nbb
15284338688387	smallrig-3581-v-mount-battery-mini-a3w
15284339900803	hollyland-lark-m2-combo-trdls-laval-cas
15284344717699	hollyland-lark-m2-usb-c-trdls-laval-mhu
15284347830659	hollyland-pyro-7-kit-dubbel-7-trdls-r7m
15284348092803	hollyland-solidcom-c1-pro-roaming-h-d68
15284348322179	peak-design-roller-pro-kabinvska-fr-sih
15284352090499	peak-design-roller-pro-carry-on-frg-evr
15284353565059	peak-design-kamerakub-v2-extra-larg-jil
15284355662211	nanlite-rapid-90-parabolisk-softbox-hsh
15284357104003	think-tank-mindshift-backlight-long-ii4
15284357366147	polaroid-now-gen-3-moma-edition
15284357595523	polaroid-go-gen-2-lila-frgfilmspake-yhz
15284358578563	nanlite-projektorfste-fr-bowens-fst-xjg
15284358644099	lexar-cfexpress-40-pro-diamond-r370-6fd
15284359168387	smallrig-5181-quick-release-light-s-wpf
15284359725443	hikmicro-alpex-a40e-4k-tube-scope
15284360282499	hikmicro-alpex-a40el-4k-tube-scope
15284360708483	hikmicro-habrok-4k-hq35l
15284360839555	smallrig-5331-double-head-crab-shap-gna
15284362445187	peak-design-roller-pro-carry-on-sva-kw1
15284364214659	peak-design-roller-pro-carry-on-sag-bj1
15284364542339	peak-design-roller-pro-carry-on-ecl-qv4
15284364706179	peak-design-utomhusslinga-4l-svart-6n3
15284364902787	peak-design-utomhusslinga-4l-frg-ec-ffr
15284365263235	peak-design-outdoor-ryggsck-zip-18l-wzx
15284365656451	peak-design-utomhusryggsck-zip-18l-ywk
15284365754755	peak-design-utomhus-hjlmbrare-frg-s-j87
15284365820291	peak-design-regnskydd-15l-20l-frg-s-lgx
15284365885827	peak-design-outdoor-18l-ryggsck-med-m9t
15284365951363	peak-design-outdoor-sling-4l-rem-sv-isc
15284366016899	peak-design-utomhusslinga-4l-rem-ec-mpz
15284366147971	smallrig-5291-st30-lite-one-touch-d-5i6
15284366246275	smallrig-5212-15mm-carbon-fiber-rod-qax
15284366311811	smallrig-5211-15mm-carbon-fiber-rod-utd
15284366508419	smallrig-5397-mounting-clamp-for-ex-a3n
15284368081283	smallrig-5196-universal-mounting-cl-vpv
15284373979523	feelworld-monitor-fvm215-1000
15284374241667	peak-design-toiletries-tech-paket-i-snt
15284374307203	peak-design-toiletries-tech-paket-i-5b4
15284374405507	peak-design-pack-to-the-future-pake-hyz
15284374503811	peak-design-pack-to-the-future-pake-dhi
15284374536579	peak-design-toiletries-tech-paket-i-prj
15284374602115	peak-design-toiletries-tech-paket-i-lr3
15284374634883	peak-design-toiletries-tech-paket-i-0u2
15284374733187	peak-design-toiletries-tech-paket-i-rg0
15284374798723	peak-design-pack-to-the-future-pake-v2q
15284374864259	peak-design-pack-to-the-future-pake-f6y
15284375224707	peak-design-pack-to-the-future-pake-ag6
15284375683459	peak-design-pack-to-the-future-pake-s2v
15284375880067	polarpro-helix-thread-plate-95mm
15284376011139	polarpro-helix-coarse-thread-plate-cld
15284376240515	chasing-innovation-rc3-cable-kit-ty-fws
15284378599811	smallrig-4553-hps99-handheld-power-uan
15284379124099	smallrig-4328-stabilizer-handheld-r-0o0
15284379648387	smallrig-5201-video-carbon-fiber-tr-rnc
15284380336515	smallrig-5290-professional-overhead-1pa
15284380828035	smallrig-5393-lens-hood-for-fujifil-0fm
15284381057411	smallrig-5215-lens-hood-for-fujifil-euh
15284381352323	smallrig-5391-magnetic-vnd-filter-n-36t
15284381647235	smallrig-5225-magnetic-vnd-filter-n-8py
15284381745539	smallrig-5392-magnetic-uv-filter-fo-2uy
15284382237059	smallrig-5214-magnetic-uv-filter-fo-oqc
15284382728579	smallrig-5333-thumb-grip-for-fujifi-xur
15284383285635	smallrig-5222-thumb-grip-for-fujifi-4nb
15284383678851	smallrig-5221-thumb-grip-for-fujifi-eo0
15284383875459	smallrig-5220-leather-case-kit-for-gvh
15284383940995	smallrig-5219-leather-case-kit-for-wjj
15284384039299	smallrig-5218-leather-case-kit-for-tbf
15284384235907	smallrig-5332-l-shaped-mount-plate-fug
15284384366979	smallrig-5217-l-shaped-mount-plate-o5r
15284384530819	smallrig-5216-l-shaped-mount-plate-w6j
15284384629123	smallrig-5394-l-shaped-mount-plate-wdc
15284384792963	smallrig-5224-l-shaped-mount-plate-laz
15284384924035	smallrig-5223-l-shaped-mount-plate-2p3
15284385120643	smallrig-5370-softbox-strip-fs-3012-mv4
15284385415555	smallrig-5369-softbox-strip-fs-6090-748
15284385612163	smallrig-5195-cage-for-insta360-x5
15284385677699	polarpro-cinegold-filter-49mm
15284385743235	polarpro-cinegold-filter-67mm
15284385808771	polarpro-cinegold-filter-77mm
15284385874307	polarpro-cinegold-filter-82mm
15284385907075	polarpro-cinegold-filter-helix-magl-284
15284386005379	polarpro-cinegold-filter-4x5
15284386103683	smallrig-5078-usb-c-data-cable-male-5rt
15284386300291	smallrig-5086-8k-hdmi-data-cable-a-yfh
15284386464131	smallrig-5098-rc-220c-rgb-cob-led-v-knr
15284386529667	polarpro-helix-coarse-thread-plate-8ga
15284386857347	smallrig-5248-cb75-camera-base-batt-0rr
15284387053955	smallrig-4826-cb75-camera-base-batt-99c
15284387283331	smallrig-5534-hdmi-usb-c-cable-clam-aea
15284387381635	smallrig-5433-leather-half-case-kit-x5x
15284387479939	smallrig-5432-leather-half-case-kit-mhr
15284387676547	smallrig-5431-leather-half-case-kit-ak5
15284387873155	smallrig-5365-arca-type-mount-plate-40a
15284388069763	smallrig-5239-wooden-side-handle-wi-fiw
15284388299139	smallrig-5238-wooden-side-handle-wi-cun
15284388462979	smallrig-5237-wooden-side-handle-wi-nv5
15284388823427	smallrig-5205-shoulder-rig-dual-han-gta
15284389118339	smallrig-5255-camera-viewfinder-eye-6kd
15284389314947	smallrig-4573-36-lightweight-video-iez
15284389511555	smallrig-5243-imagegrip-series-liqu-x9g
15284389675395	smallrig-5242-imagegrip-series-liqu-hqu
15284389937539	smallrig-5241-imagegrip-series-liqu-9ww
15284390232451	smallrig-5240-imagegrip-series-liqu-6hv
15284390494595	smallrig-5193-imagegrip-series-wood-qao
15284390625667	smallrig-5192-imagegrip-series-wood-dv6
15284390723971	smallrig-5162-imagegrip-series-wood-tzp
15284391084419	smallrig-5161-imagegrip-series-wood-7zf
15284391379331	smallrig-4817-imagegrip-series-eagl-z5g
15284391707011	smallrig-5236-top-handle-for-dji-fo-gm8
15284391936387	smallrig-5305-x-potato-jet-tribex-s-r0u
15284392100227	bw-insta360-x4x5-outdoor-case-typ-1-sqs
15284392264067	bw-insta360-x4-x5-outdoor-case-typ-rd2
15284392362371	bw-insta360-x4x5-outdoor-case-typ-1-gkz
15284392493443	bw-insta360-x4x5outdoor-case-typ-10-l2q
15284392526211	lexar-microsdhc-blue-plus-uhs-i-wit-9a4
15284392624515	lexar-microsdhc-blue-plus-uhs-i-wit-v4g
15284392690051	lexar-microsdhc-blue-plus-uhs-i-wit-m3c
15284392755587	lexar-microsdhc-blue-plus-uhs-i-wit-03m
15284392919427	lexar-sdxc-pro-2000x-uhs-ii-u3-r300-ggt
15284393116035	smallrig-5252-wooden-top-handle-wit-ug3
15284393279875	smallrig-5251-wooden-top-handle-wit-x3s
15284393410947	smallrig-5250-wooden-top-handle-wit-lbt
15284393476483	smallrig-5387-28mm-external-optical-oiw
15284393574787	smallrig-5452-thumb-grip-for-fujifi-g7o
15284393673091	smallrig-5451-thumb-grip-for-fujifi-tnp
15284393705859	smallrig-5450-leather-case-kit-for-bnl
15284393771395	smallrig-5449-leather-case-kit-for-zwl
15284393869699	smallrig-5448-l-shaped-mount-plate-n71
15284393968003	smallrig-5447-l-shaped-mount-plate-fig
15285402861955	hollyland-pyro-s-trdlst-videotransm-dlp
15285402993027	hollyland-solidcom-se-2s-global-ver-8gp
15285403156867	smallrig-5351-stalite-ap-21-portabl-gwc
15285403320707	smallrig-5194-rotating-side-handle-5vt
15285403550083	smallrig-5160-rotating-side-handle-1a5
15285403779459	smallrig-5412-filter-kit-for-dji-os-sk2
15285403943299	smallrig-5411-nd-filter-kit-for-dji-tg0
15286486794627	matrice-400-grundpaket
15286583034243	matrice-400-zenmuse-p1-paket
15286601810307	matrice-400-zenmuse-l2-paket
15289592250755	matrice-400-zenmuse-h30t-paket
15289635602819	matrice-400-paket-for-renskotsel-med-4g
15290665763203	dji-power-18kw-superfast-charger-45-q5g
15290666156419	dji-power-18kw-superfast-charger-xt-p38
15290666484099	dji-power-18kw-superfast-charger-so-qi9
15290666516867	dji-power-solar-panel-mc4-parallel-ptl
15290666615171	dji-power-solar-panel-mc4-extension-u47
15290666844547	dji-power-1000-v2
15292066693507	micasense-rededge-p-blue-upgrade-to-pso
15292066890115	micasense-wire-harness-kit-for-rede-fze
15292066988419	micasense-gen3-quick-mount-for-dji
15292067086723	micasense-gen3-quick-mount-wire-har-avz
15303466975619	insta360-gps-action-remote
15303467106691	dronavia-kronos-m4d-till-matrice-4d-z9h
15308246286723	smallrig-5160-rotating-side-handle-09v
15308246352259	smallrig-3028-handgrip-for-ronin-rs-5e8
15308246417795	smallrig-4713-silicone-l-shape-hand-naw
15308246712707	smallrig-4797-l-shape-mount-plate-w-7tv
15308246909315	smallrig-4851-wireless-video-monito-vfh
15308246974851	smallrig-5592-usb-c-multi-cable-cla-xre
15308247269763	smallrig-5591-half-cage-for-sony-fx-scu
15308247662979	smallrig-5590-advanced-cage-kit-wit-q6l
15308247957891	smallrig-5589-cage-kit-for-sony-fx2
15308248220035	smallrig-5588-cage-kit-for-sony-fx2
15308248449411	smallrig-5587-cage-for-sony-fx2
15308248580483	smallrig-5096-leather-case-kit-for-vco
15308248711555	smallrig-5095-leather-case-kit-for-fdz
15308249104771	smallrig-5425-arca-swiss-mount-plat-v2c
15308249366915	smallrig-5424-arca-swiss-mount-plat-2pc
15308249694595	smallrig-5423-arca-swiss-mount-plat-2vb
15308250055043	smallrig-5422-arca-swiss-mount-plat-guu
15308250251651	smallrig-5413-cage-for-canon-eos-r1
15308250415491	smallrig-5532-lightweight-mini-side-u8n
15308250481027	smallrig-5376-battery-adapter-plate-wi1
15308250743171	smallrig-5361-multifunctional-card-nzq
15308251070851	smallrig-4532-multifunctional-card-xrz
15308251398531	smallrig-5437-quick-release-adapter-dtr
15308251529603	smallrig-5436-quick-release-support-g3m
15308251922819	smallrig-5249-hps99-handheld-power-6v1
15308252217731	smallrig-5360-quick-release-neck-su-sdz
15308252447107	smallrig-5386-leather-case-kit-for-mf5
15308252512643	smallrig-5385-leather-case-kit-for-qxe
15308252610947	smallrig-5390-l-shaped-mount-plate-5zh
15308252676483	smallrig-5389-l-shaped-mount-plate-m7p
15308253299075	smallrig-4783-silicone-l-shape-hand-00t
15317512618371	dji-osmo-360-standard-combo
15317513011587	dji-osmo-360-adventure-combo
15317513208195	dji-osmo-360-battery-extension-rod
15317513503107	dji-osmo-motorcycle-heavy-duty-moun-tys
15317513896323	dji-osmo-adjustable-quick-release-a-mug
15317515010435	dji-osmo-360-transparent-lens-prote-iq2
15317515600259	dji-osmo-hanging-neck-mount-max
15317515829635	dji-osmo-third-person-helmet-mount-pv4
15317516059011	dji-osmo-70cm-invisible-selfie-stic-zc6
15317516222851	dji-osmo-1m-high-strength-carbon-fi-5d1
15317516517763	dji-osmo-12m-invisible-selfie-stick-w3t
15317516714371	dji-osmo-16m-tripod-selfie-stick
15317516976515	dji-osmo-25m-extended-carbon-fiber-z4l
15317517369731	dji-osmo-dual-heavy-duty-clamp
15333707972995	ecoflow-delta-pro-ultra-extra-batte-wsy
15333708038531	ecoflow-delta-pro-ultra-inverter
15333708071299	ecoflow-rapid-pro-usb-c-to-usb-c-ca-ki4
15333708104067	ecoflow-rapid-mag-power-bank-5000ma-qi2
15333708136835	ecoflow-rapid-mag-power-bank-5000ma-3rp
15333708169603	ecoflow-rapid-mag-10000mah-75w-blac-9dy
15333708202371	ecoflow-rapid-pro-27650mah-300w-bui-97q
15333708235139	ecoflow-rapid-pro-20000mah-230w-100-14c
15333708267907	ecoflow-power-hub-5kva
15333708300675	ecoflow-power-kits-monitor
15333708366211	ecoflow-trolley-delta-pro-ultra
15333708398979	dji-manifold-3
15333708431747	dji-manifold-3-accessory-kit-matric-4qt
15333708464515	dji-osmo-360-care-refresh-1-r
15340775637379	dji-terra-standard-12-mn
15340775866755	dji-terra-flagship-12-mn
15340775997827	dji-dji-terra-educational-permanent-xs8
15342925349251	hikmicro-mini3
15342925480323	hikmicro-minix
15349312160131	lktop-mavic-3-serien-200w-three-way-0q9
15349312192899	lktop-matrice-4-serien-200w-three-w-yzd
15349312258435	lktop-dji-rc-pro-2-skrmskydd-3-pack-39w
15349312323971	lktop-wb37-smart-laddhubb
15349312356739	lktop-mini-4-pro-mini-3-100w-laddhu-qgs
15351247896963	hasselblad-xcd-28-435-100e-lens
15351247929731	hasselblad-x2d-ii-100c-eu
15351247962499	hasselblad-nd8-filter-86mm
15351247995267	hasselblad-cpl-filter-86mm
15351248028035	hasselblad-uv-filter-86mm
15351248060803	hasselblad-vandra-camera-backpack
15353803014531	dji-mic-3-2-tx-1-rx-charging-case-tzl
15353803047299	dji-mic-3-1-tx-1-rx
15353803112835	dji-mic-3-receiver
15353803145603	dji-mic-3-transmitter
15353803276675	dji-mic-3-charging-case
15353803342211	dji-mic-3-multi-color-windscreens
15353803374979	dji-mic-3-mobile-phone-adapter-ligh-9va
15353803440515	hprc-mini-2-hardcase-vska-fly-more-qfb
15353803571587	pgytech-onemo-backpack-25l-twilight-b7h
15353803604355	lowepro-protactic-bp-450-aw-ii-svar-slw
15353803702659	lowepro-flipside-400-aw-iii-svart
15353803768195	lowepro-photo-active-bp-200-aw-blsv-2pp
15353803800963	lowepro-droneguard-bp-400
15353803866499	hprc-hardcase-vska-tb30-wb37-batter-9sy
15353803932035	hprc-tb55-hardcase-vska-special-edi-v0h
15354081411459	insta360-hard-hat-camera-mount
15362443411843	usb-c-snabbladdare-kopia
15364744020355	ecoflow-portabel-solpanel-400w-next-zcx
15364744053123	ecoflow-portabel-solpanel-28w
15364744085891	ecoflow-trail-waterproof-sling-bag-8mf
15364744118659	ecoflow-trail-200-dc-portable-power-zsy
15364744184195	ecoflow-trail-300-dc-portable-power-qej
15364744216963	ecoflow-trail-300-plus-dc-portable-w3a
15367304741251	ecoflow-river-3-max
15368387199363	matrice-4t-skogspaket-med-global-forester
15368437531011	matrice-4e-skogspaket-med-global-forester
15371219960195	hikmicro-g41h
15371219992963	hikmicro-sp60-l25
15381267513731	hikmicro-mini2plus-v2-vrmekamera-fr-7yh
15381267612035	hikmicro-minie-vrmekamera-fr-mobilt-f1o
15381267677571	dji-kameraadapter-till-dji-mic-seri-lvu
15381267710339	dji-mini-5-pro
15381267743107	dji-mini-5-pro-laddhubb
15381267775875	dji-mini-5-pro-nd-filterset-nd83212-0dg
15381267808643	dji-mini-5-pro-fly-more-combo-dji-r-xkv
15381267874179	dji-mini-5-pro-intelligent-flight-b-rcw
15381267972483	dji-mini-5-pro-propellrar
15381268005251	dji-mini-5-pro-dji-care-refresh-1-r-lr0
15381268070787	dji-mini-5-pro-dji-care-refresh-2-r-hi9
15383573954947	mini-5-pro-tillbehorspaket
15384633213315	hikmicro-mini2-v2
15389609820547	dji-osmo-nano-128gb
15389609918851	dji-osmo-nano-64gb
15389609984387	dji-osmo-folding-arm-kit
15389610082691	dji-osmo-nano-nd-filter-set-81632-l7t
15389610115459	dji-osmo-dual-direction-quick-relea-zd4
15389610180995	dji-osmo-magnetic-headband
15389610246531	dji-osmo-nano-glass-lens-cover
15391036244355	smallrig-5592-usb-c-multi-cable-cla-ajf
15391036309891	smallrig-5423-arca-swiss-mount-plat-tc8
15391036342659	smallrig-5376-battery-adapter-plate-oxo
15391036440963	smallrig-5249-hps99-handheld-power-qvf
15391036473731	smallrig-5360-quick-release-neck-su-fcz
15391036539267	smallrig-5385-leather-case-kit-for-hvf
15391036866947	insta360-mic-air-transmitter
15391036899715	insta360-mic-air-1-tx-1-rx
15391036932483	insta360-helmet-chin-mount-20
15391036965251	insta360-x5-foldable-utility-handle
15391036998019	insta360-x5-quick-release-mount
15391037096323	insta360-multi-mount-by-insta360
15391037161859	insta360-mini-2-i-1-tripod
15391037653379	insta360-x5x4x3one-x2-cold-shoe
15391037686147	insta360-ace-pro-2vertical-horizont-63x
15391037718915	insta360-ace-pro-2flexicare-card
15391037751683	insta360-go3s-flexicare-card
15391037817219	insta360-ace-procare-card-en
15391037849987	insta360-ace-pro-2ace-pro-all-weath-4h5
15391037882755	insta360-x4-lens-guard-winter-care-7l7
15391037915523	insta360-flow-2-pro-carry-case
15391037948291	insta360-flow-2-pro-spotlight
15391037981059	insta360-flow-2-promagnetic-phone-m-vk5
15391038013827	insta360-flow-2-pro-backpack-mount
15391038079363	insta360-flow-2-pro-magnetic-phone-8lg
15391038144899	insta360-flow-2-pro-usb-c-charge-ca-sg8
15391038177667	insta360-flow-2-pro-usb-c-till-ligh-lh9
15391038210435	insta360-pet-harness-mount-storlek-k0k
15391038243203	insta360-go-3go-3s-headband-pivot-m-800
15391038341507	insta360-extra-long-usb-a-till-usb-zvt
15391038374275	insta360-extra-long-hdmi-cable-30m-czx
15391038407043	insta360-extra-long-hdmi-cable-10m-lca
15391038472579	insta360-extra-long-usb-c-cable-30m-n9y
15391038505347	insta360-extra-long-usb-c-cable-10m-zo7
15391038538115	insta360-connect-wall-mount
15391038570883	insta360-connect-tv-mount
15391038603651	insta360-connect-remote-control
15391038636419	insta360-mini-remote-by-insta360
15391038833027	insta360-mini-carry-case
15391038865795	insta360-ace-pro-wind-muff-cover
15391038898563	insta360-x4-invisible-dive-case-ant-1zj
15391038996867	insta360-x3-premium-removable-lens-t3j
15391039291779	insta360-bike-headset-cap-mount
15391039357315	insta360-x3-wind-muff
15391039488387	insta360-x3-screen-protector
15391039816067	insta360-one-x2-lens-cap
15391039881603	insta360-go-3go-3sin-helmet-pov-mou-d2w
15391040209283	smallrig-5440-ad14-heavy-duty-alumi-pro
15391041061251	insta360-go-ultra-magnetic-easy-cli-da4
15391041126787	insta360-go-ultra-magnet-pendant
15391041192323	insta360-go-ultra-aqualens
15391041225091	insta360-gps-preview-remote-med-inb-44x
15391041257859	atomos-ninja-tx-5-1500nit-wi-fi-akt-qzc
15391041323395	atomos-universal-power-kit
15391041356163	atomos-5-tums-creator-kit
15391041388931	atomos-4k60p-hdmi-silikonkabel-micr-nlo
15391041421699	atomos-4k60p-hdmi-silikonkabel-mini-zm1
15391041520003	insta360-x5-replacement-lens-kit-do-awb
15391041552771	smallrig-5605-crab-shaped-clamp
15391041585539	smallrig-5604-magsafe-compatible-cr-uim
15391041618307	smallrig-5474-video-tripod
15391041651075	smallrig-5624-desktop-magic-arm-wit-3fg
15391041683843	smallrig-5583-cage-with-airtag-slot-dcs
15391041749379	smallrig-5599-hawklock-cage-kit-for-uj3
15391041782147	insta360-flexi-strap-mount
15391041814915	insta360-go-ultra-pivot-stand
15391041880451	insta360-go-ultra-screen-protector
15391041913219	insta360-go-ultra-dive-case
15391041945987	insta360-go-ultra-nd-filter-set
15391042011523	insta360-go-ultra-action-mount
15391042044291	insta360-go-ultrautility-frame
15391042109827	insta360-go-ultra-quick-release-wri-7i7
15391042142595	insta360-go-ultra-quick-release-saf-af4
15391042175363	insta360-go-ultra-quick-release-saf-8wl
15391042208131	insta360-go-ultra-quick-release-mou-irj
15391042240899	insta360-go-ultra-easy-clip-headban-3ya
15391042273667	insta360-go-ultra-charging-base
15391042339203	insta360-go-ultra-flexi-strap-mount
15391042371971	insta360-go-ultra-sticky-tabs
15391042404739	insta360-x5-invisible-dive-case-pro
15391042437507	insta360-ring-remote
15391042470275	lexar-jumpdrive-s60-usb20-flash-dri-gol
15391042503043	smallrig-4183-cage-for-sony-fx30-fx-5l1
15391042535811	smallrig-4555-l-shape-grip-for-fuji-pf3
15391042601347	atomos-tx-rx-4khd-trdlst-videomonit-rsd
15391042666883	atomos-tx-4khd-trdls-videomonitorer-5qu
15391042765187	atomos-rx-4khd-trdls-videomottagnin-65v
15391042863491	nanlite-wand-led-full-color-mint-bl-82i
15391042929027	polaroid-frgfilm-fr-i-type-thrasher-9f5
15391043027331	polaroid-now-gen-3-thrasher-edition
15391043092867	smallrig-4985-x-touch-smart-triple-8d2
15391043223939	smallrig-5549-filmov-photography-ph-l4k
15391043322243	smallrig-5550-filmov-photography-ph-6eg
15391043387779	smallrig-5551-filmov-photography-ph-gbw
15391043453315	smallrig-5552-filmov-photography-ph-jaf
15391043518851	smallrig-5545-mobile-video-cage-for-598
15391043584387	smallrig-5546-mobile-video-cage-for-mlk
15391043649923	smallrig-5542-mobile-video-cage-for-1s3
15391043715459	smallrig-5543-mobile-video-cage-for-yjj
15391043780995	smallrig-5540-mobile-dual-handheld-wpx
15391043879299	smallrig-5541-mobile-dual-handheld-44v
15391043977603	smallrig-5547-filmov-attachable-fil-b1n
15391044043139	insta360-x5-ultra-battery
15391044108675	hikmicro-thunder-30-tq35cl-termisk-fwk
15391044174211	smallrig-5622-camera-leather-case-k-nrj
15391044239747	smallrig-5228-v-mount-battery-mount-0ri
15391044305283	smallrig-5226-v-mount-battery-mount-e0s
15391044370819	smallrig-5707-l-shaped-mount-plate-vn4
15391044469123	smallrig-5706-l-shaped-mount-plate-sb3
15391044567427	smallrig-5596-neck-mount-for-action-658
15391044632963	smallrig-5649-mobile-phone-support
15391044665731	smallrig-5709-shading-hood-for-fuji-6ul
15391044731267	smallrig-5468-cage-kit-for-nikon-zr-6ky
15391044796803	smallrig-5467-cage-for-nikon-zr
15391044862339	smallrig-5809-cage-kit-for-canon-eo-s2b
15391044927875	smallrig-5660-usb-c-cable-clamp-for-k6t
15391044993411	smallrig-5658-cage-kit-for-canon-eo-mpc
15391045058947	smallrig-5657-cage-kit-for-canon-eo-84x
15391045124483	smallrig-5656-cage-for-canon-eos-c5-42p
15391045255555	polarpro-litechaser-cineblack-filte-emu
15391045321091	polarpro-litechaser-cinegold-filter-x8x
15391045386627	polarpro-litechaser-17-case-for-iph-m2f
15391045484931	polarpro-litechaser-17-case-for-iph-84d
15391045550467	polarpro-litechaser-17-grip-for-iph-5mc
15391045681539	insta360-go-ultra-flexi-angle-mount
15391045714307	smallrig-5647-cage-kit-for-nikon-zr
15391045812611	smallrig-5466-l-shaped-mount-plate-lrl
15391045878147	smallrig-5632-hawklock-h21-quick-re-fxu
15391046009219	smallrig-5694-arca-type-side-handle-w0b
15391046074755	smallrig-5756-x-potato-jet-tribex-c-tph
15391046107523	smallrig-5473-video-tripod
15391046173059	smallrig-5766-cage-kit-for-canon-eo-z5b
15391046238595	smallrig-5631-mount-support-for-dji-jym
15391046304131	bw-dji-mini-5-pro-outdoor-case-typ-k70
15391046369667	bw-dji-mini-5-pro-outdoor-case-typ-8bl
15391046402435	bw-dji-mini-5-pro-outdoor-case-typ-s5o
15391106138499	insta360-go-ultra-lens-guard
15392635748739	hikmicro-macrolins-fr-m-serien
15392635781507	dji-mavic-3t-advanced-eu-c1
15392637714819	dji-200w-laddhubb-fr-matrice-4-seri-e04
15392637878659	dji-mavic-3t-advanced-universal-edi-s18
15393390756227	mavic-3e-t-batterikit-c1-3x-batterier-laddhubb
15401407742339	czi-cz10-trdad-drnare-med-lampa-und-8ji
15401407775107	czi-cz100-trdad-drnare-med-kraftful-ip3
15401407807875	czi-mp130pro-digitalt-rstsndningssy-dls
15401407840643	czi-th2-two-stage-dropping-delivery-32k
15401407938947	czi-lp20-led-lampa-digitalt-rstsndn-wef
15401407971715	czi-mp120-flashing-light-broadcasti-m93
15401408004483	czi-gl10-v2-gimbal-searchlight-fr-d-ual
15401408037251	czi-pk10-ljudupptagningssystem
15401408102787	czi-tk3-tethered-power-system-fr-dj-s7n
15401408168323	czi-ml200-400w-matrix-light-fr-m303-ddw
15401408201091	czi-ml200-800w-matrix-light-fr-m350-p2o
15401408233859	czi-lp35-searchlight-and-broadcasti-5t5
15401408266627	czi-dt1k-night-vision-camera
15401408299395	czi-sl60-strobe-searchlight-fr-m350-acj
15401408332163	czi-mp140-digital-voice-broadcastin-06t
15401408364931	czi-fs32-payload-set-fc30-fs32-cont-0m5
15401408397699	czi-mp20-led-lampa-digitalt-rstsndn-xa0
15402631168387	emlid-reach-rx2
15402631201155	emlid-reach-rs4
15402631233923	emlid-reach-rs4-pro
15405811106179	lith-ex-lithium-brandslckare-2l-xdk
15416605442435	hprc-hardcase-dji-mini-5-pro-fly-mo-ij8
15416605475203	dji-manifold-3-accessory-kit-matric-650
15416605540739	dji-manifold-3-accessory-kit-matric-55j
15417746882947	matrice-4e-matpaket-med-emlid-rs4-pro
15420383101315	mavic-3e-c1-matpaket-med-emlid-rs4
15420386967939	mavic-3e-c1-matpaket-med-emlid-rs4-kopia
15420390769027	matrice-4e-matpaket-med-emlid-rx2
15420394013059	matrice-4e-matpaket-med-emlid-rs4
15428590174595	black-camp-lights-7200mah
15428652597635	tb65-batteripaket-2-st
15430042583427	1040w-rigid-solarpanel-2x520w
15430172606851	osmo-vortex-rotating-handle
15430217466243	mic-series-mobile-receiver
15430354960771	wisson-orion-ap3-p3-pro-matrice-350-5v1
15430354993539	wisson-orion-ap3-p3-standard-matric-xyt
15430355091843	wisson-orion-ap3-p3-pro-matrice-400-324
15430355124611	wisson-orion-ap3-p3-standard-matric-a1k
15430355190147	lktop-billaddare-fr-drnare-130w
15434781983107	osmo-nano-dji-care-refresh-2-ar-kort
15434791780739	care-1-year-refresh-osmo-nano
15434805313923	osmo-nano-dji-care-refresh-1-ar-online
15434818716035	osmo-nano-dji-care-refresh-2-ar-online
15435267899779	osmo-360-dji-care-refresh-2-ar-online
15435364925827	dji-romo-p
15435365024131	dji-romo-s
15435365089667	dji-romo-a
15435365155203	dji-romo-auxiliary-ramp
15435365220739	dji-romo-high-efficiency-filter
15435365286275	dji-romo-base-station-dust-bag
15435365384579	dji-romo-roller-brush-with-bristles-3w0
15435365482883	dji-romo-side-brush
15435365613955	dji-romo-rubber-roller-brush
15435365646723	dji-romo-cleaning-solution-gl
15435365712259	dji-romo-mop-pad-gl
15435365810563	dji-romo-accessory-kit-gl
15435365843331	dji-romo-floor-deodorizer-for-romo-bxx
15435449074051	stream-solar-panel-extension-cable
15435482136963	stream-parallel-cable-0-55m
15437060833667	shelly-smart-meter
15437305840003	shelly-smart-plug
15439156183427	bracket-semi-enclosed-balcony
15439180890499	bracket-lattice-balcony
15439209300355	bracket-concrete-balcony
15439229256067	bracket-flat-roof
15439252423043	bracket-adjustable-facade
15439286206851	bracket-pitched-roof
15439308980611	bracket-lightweight
15440858022275	matrice-350-orion-ap3-p3-standard
15440867164547	matrice-350-orion-ap3-p3-pro
15440884793731	matrice-400-orion-ap3-p3-standard
15440900096387	matrice-400-orion-ap3-p3-pro
15443217973635	37w-mini-4-pro-mini-3-series-charging-hub
15443492798851	mini-4-pro-mini-3-series-smart-charger
15443709329795	mini-4k-mini-2-series-charging-hub
15447544136067	k1-60000mah-power-bank
15447731339651	5000mah-power-bank
15449636733315	100w-drone-car-charger
15449725469059	kl340-v2-enterprise-spotlight
15450046071171	zenmuse-l3
15450078675331	foldable-waterproof-drone-landing-pad-50-cm
15450116260227	foldable-waterproof-drone-landing-pad-65-cm
15450159612291	matrice-400-zenmuse-l3-paket
15450253918595	rc-n1-n2-n3-rc-cable-type-c-connector
15450321420675	60w-usb-c-to-usb-c-fast-charging-cable-black-0-5m
15450327646595	60w-usb-c-to-usb-c-fast-charging-cable-white-0-5m
15450330988931	60w-usb-c-to-usb-c-fast-charging-cable-black-1m
15450336657795	60w-usb-c-to-usb-c-fast-charging-cable-white-1m
15450346946947	100w-usb-c-to-usb-c-fast-charging-cable-black-0-5m
15450351206787	100w-usb-c-to-usb-c-fast-charging-cable-white-0-5m
15450371916163	100w-usb-c-to-usb-c-fast-charging-cable-black-1m
15450378731907	100w-usb-c-to-usb-c-fast-charging-cable-white-1m
15450395410819	air3-portable-carrying-case-nylon
15450549748099	remote-controller-sticks-for-dji-rc-rc2
15452299362691	joysticks-for-dji-rc-pro-fpv-remote-controller-2-3
15452309488003	remote-controller-joysticks-for-dji-rc-n1-n2-n3
15452352545155	screen-protector-for-dji-rc-rc2-controller-3-pack
15452387737987	landingsplatta-8-ft-2-4m
15452623962499	lanyard-neck-strap-for-dji-remote-controller-series
15452819882371	lanyard-neck-strap-for-dji-fpv-rc-series
15453503750531	osmo-mobile-8
15453690331523	osmo-mobile-8-dji-care-refresh-2-ar-kort
15453738795395	osmo-mobile-8-dji-care-refresh-1-ar-kort
15453757768067	osmo-mobile-8-dji-care-refresh-2-ar-online
15453780803971	osmo-mobile-8-dji-care-refresh-1-ar-online
15455743148419	100w-digital-display-braided-bidirectional-fast-charging-cable-l-1m
15456797491587	avata-2-fly-smart-combo-single-battery
15457047740803	avata-2-fly-smart-combo-three-batteries
15465005810051	reach-rs4-och-rs4-pro-kabel-utan-andra-kontakten
15465150710147	kabel-for-reach-rs4-och-rs4-pro-med-db9-hankontakt
15465246785923	kabel-for-reach-rs4-och-rs4-pro-med-db9-honkontakt
15465268937091	kabelmontering-for-reach-rs4-och-rs4-pro-med-extern-stromforsorjning
15465367634307	stotskydd-for-reach-rs4-pro
15465386705283	stotskydd-for-reach-rs4
15465452929411	snabbfaste-for-reach-rx2-rs4-och-rs4-pro
15465505325443	seco-tribrach-med-optiskt-lod
15465514074499	seco-roterande-tribrach-adapter
15465521873283	seco-aluminiumstativ
15465582657923	reach-rs4-och-rs4-pro-uhf-antenn-410-470-mhz
15465591570819	reach-rs4-och-rs4-pro-lora-antenn-860-930-mhz
15467139367299	neo-2-endast-dronare
15467418943875	65-w-ac-snabbladdare-usb-a-c
15467478024579	bw-outdoor-case-typ-1000-gul-med-in-3iw
15467478090115	bw-outdoor-case-typ-1000-gul-med-de-qm7
15467478122883	bw-outdoor-case-typ-1000-orange-med-a2e
15467478221187	hollyland-d-tap-till-dc-21-strmkabe-5k6
15467478385027	smallrig-3238-mini-magic-arm-with-u-txs
15467478516099	lexar-jumpdrive-metallic-m22-flash-39j
15467478614403	lexar-jumpdrive-metallic-m22-flash-ij4
15467478679939	lexar-jumpdrive-metallic-m22-flash-mj5
15467478811011	lexar-jumpdrive-s60-usb20-flash-dri-vn5
15467478876547	lexar-jumpdrive-s60-usb20-flash-dri-lwk
15467479073155	smallrig-4122-suction-cup-4-with-ca-7sg
15467479171459	hikmicro-thunder-th35c-termisk-clip-5qa
15467479302531	hikmicro-panther-lrf-ph50l-termiskt-g52
15467479400835	hikmicro-owl-oh25-termisk-monokulr-0wl
15467479564675	hikmicro-owl-oh35-termisk-monokulr-5xo
15467479695747	hikmicro-thunder-pro-th35pc-thermal-y0q
15467479859587	smallrig-3646-multifunctional-telep-odx
15467479925123	hollyland-pyro-s-trdlst-videotransm-kgu
15467480023427	hollyland-pyro-s-rx-trdls-videomott-7bz
15467480121731	peak-design-roller-pro-carry-on-frg-deq
15467480187267	polaroid-flip-svart
15467480285571	polaroid-flip-white-frgfilmspaket-8-ikm
15467480351107	hollyland-cosmo-c2-2-sndare1-mottag-4px
15467480514947	think-tank-focuspoint-22l-hybrid-ro-tp7
15467480711555	think-tank-focuspoint-22l-hybrid-ro-6xj
15467480842627	think-tank-focuspoint-22l-hybrid-ro-oxe
15467480908163	think-tank-focuspoint-22l-hybrid-ro-96w
15467481006467	think-tank-focuspoint-30l-hybrid-ro-et7
15467481072003	think-tank-focuspoint-30l-hybrid-ro-rkb
15467481170307	think-tank-focuspoint-30l-hybrid-ro-qk9
15467481235843	think-tank-focuspoint-30l-hybrid-ro-n04
15467481301379	think-tank-hydrophobia-d-24-70-v3-r-n9y
15467481399683	think-tank-hydrophobia-d-70-200-v3-6rh
15467481465219	think-tank-hydrophobia-dm-300-600-v-suw
15467481629059	think-tank-emergency-rain-cover-i-r-v2s
15467481694595	think-tank-emergency-rain-cover-i-r-zp0
15467481891203	think-tank-emergency-rain-cover-i-r-yh7
15467482022275	hollyland-hot-shoe-adapter-fr-lark-i0k
15467482087811	yololiv-yolobox-extreme-cage
15467482186115	polaroid-frgfilm-fr-go-guldram-dubb-i6k
15467482481027	lexar-professional-workflow-pro-wit-k99
15467482546563	peak-design-cuff-repkamerarem-fr-ha-eju
15467482677635	peak-design-cuff-rope-kamerarem-fr-1sb
15467482808707	peak-design-cuff-repkamerarem-fr-ha-qlm
15467482907011	peak-design-form-rope-kamerarem-lng-zy2
15467483005315	peak-design-form-rope-kamerarem-lng-alc
15467483234691	peak-design-form-repkamerarem-stand-wna
15467483431299	peak-design-form-rope-kamerarem-sta-0to
15467483562371	peak-design-form-rope-kamerarem-sta-ndg
15467483758979	peak-design-form-rope-kamerarem-fr-mxc
15467483890051	peak-design-form-repkamerarem-kort-j0k
15467484053891	peak-design-form-lderkamerarem-stan-68v
15467484217731	peak-design-form-lderkamerarem-stan-nuj
15467484316035	peak-design-form-lderkamerarem-stan-pv6
15467484512643	peak-design-form-kamerarem-i-lder-l-u86
15467484709251	peak-design-form-lderkamerarem-lng-hut
15467484905859	peak-design-form-lderkamerarem-kort-4ut
15467485102467	peak-design-form-lderkamerarem-fr-h-9n2
15467485299075	peak-design-lderkamerarem-cuff-hand-33u
15467485495683	peak-design-lderkamerarem-cuff-hand-7sc
15467485692291	peak-design-cuff-lderkamerarem-fr-h-7j3
15467485888899	peak-design-fltplatta
15467486052739	smallrig-5548-filmov-attachable-fil-c3a
15467486183811	vallerret-saga-kvinnliga-fotohandsk-cqd
15467486314883	vallerret-saga-female-fotohandskar-ue4
15467486511491	vallerret-saga-female-fotohandskar-l84
15467486675331	polarpro-litechaser-17-grip-for-iph-enh
15467486871939	hollyland-solidcom-bpk01-bltesenhet-tcb
15467487101315	hollyland-lark-m2-lightning-mottaga-hc8
15467487363459	hollyland-solidcom-c1-pro-brvska-fr-92v
15467487920515	insta360-x5-nd32-filter
15467488149891	insta360-x5-nd16-filters
15467488280963	polarpro-litechaser-17-gripbt-set-f-yke
15467488510339	polarpro-litechaser-17-gripbt-set-f-iyg
15467488706947	polarpro-litechaser-17-directors-ki-6go
15467488936323	polarpro-litechaser-17-directors-ki-zqn
15467489165699	insta360-2-in-1-card-reader-case
15467489722755	lexar-pexar-digital-picture-frame-1-f7l
15467490148739	lexar-pexar-digital-picture-frame-1-tyg
15467490640259	smallrig-5752-cage-kit-for-panasoni-f76
15467491066243	smallrig-5470-vt-20pro-portable-des-6vi
15467491524995	smallrig-5593-high-definition-hdmi-ho8
15467491983747	smallrig-5817-screen-protector-for-miv
15467492475267	smallrig-5764-half-cage-for-dji-osm-dyw
15467492901251	smallrig-5762-selfie-stick-adapter
15467493458307	smallrig-5761-attachable-mount-for-pjy
15467493949827	smallrig-5760-magnetic-mount-with-a-d5r
15467494310275	smallrig-5759-full-cage-for-dji-osm-ecj
15467494703491	smallrig-5758-cage-with-cold-shoe-m-2t6
15467494932867	smallrig-5757-vertical-to-horizonta-whi
15467495096707	smallrig-5477-portable-video-carbon-dq9
15467495260547	hikmicro-lynx-lh19-30-termisk-monok-oag
15467495457155	hikmicro-lynx-lh25-30-termisk-monok-yjw
15467495653763	hikmicro-lynx-lh35-30-termisk-monok-5nt
15467495883139	polarpro-5-filter-cube-case
15467496112515	smallrig-5626-desktop-magic-arm-wit-jn3
15467496341891	smallrig-5625-desktop-magic-arm-wit-f2q
15467496505731	smallrig-5602-cage-kit-for-dji-osmo-ycj
15467496702339	smallrig-5115-silicone-case-kit-for-uc8
15467496898947	smallrig-5114-silicone-case-kit-for-bt0
15467497095555	smallrig-5640-m3-attachable-mobile-x3v
15467497259395	smallrig-5505-m3-attachable-mobile-etr
15467497521539	hollyland-solidcom-bpk01-10-platser-se8
15467497685379	hollyland-solidcom-ant01-poe-antenn-f2t
15467497881987	hollyland-solidcom-bpk01-bltespackb-2dg
15467497947523	hollyland-solidcom-electret-enc-enk-8y6
15467498209667	hollyland-solidcom-electret-enc-dub-nvg
15467498439043	hollyland-solidcom-air-duct-hrlur
15467498602883	hollyland-solidcom-rj45-till-dubbel-bnn
15467498832259	hollyland-solidcom-10-pin-till-4-pi-t3n
15467498996099	hollyland-solidcom-bpk01-displaysky-f9c
15467499225475	hollyland-vcore
15467499389315	yololiv-yolocam-s3
15467499618691	delkin-microsd-power-2000x-uhs-ii-5-iv9
15467499848067	delkin-microsd-power-2000x-uhs-ii-1-d2y
15467500011907	delkin-sdxc-power-2000x-uhs-ii-1tb
15467500110211	delkin-sdxc-power-2000x-u3-2tb
15467500175747	smallrig-5827-magnetic-cpl-filter-f-bx1
15467500306819	smallrig-5828-magnetic-14-effect-bl-9dn
15467500405123	smallrig-5829-attachable-light-poll-gpv
15467500503427	smallrig-5830-magnetic-uv-filter-fo-q0w
15467500732803	smallrig-5831-attachable-nd2-nd32-f-7xt
15467500929411	smallrig-5832-magnetic-filter-kit-f-92l
15467501093251	smallrig-5833-multifunctional-filte-nun
15467501257091	smallrig-5835-attachable-cpl-filter-hqb
15467501355395	smallrig-5836-attachable-14-effect-aec
15467501486467	smallrig-5837-attachable-light-poll-o3j
15467501683075	smallrig-5838-attachable-uv-filter-l91
15467501781379	smallrig-5839-attachable-star-cross-uyy
15467501912451	smallrig-5623-cage-for-canon-eos-r5-e89
15467502010755	smallrig-5662-cage-for-fujifilm-x-t-7j4
15467502076291	smallrig-5663-l-shaped-mount-plate-126
15467502174595	smallrig-5664-l-shaped-mount-plate-tln
15467502240131	smallrig-5665-l-shaped-mount-plate-vw4
15467502305667	smallrig-5666-l-shaped-mount-plate-9wd
15467502371203	smallrig-5667-l-shaped-mount-plate-hig
15467502469507	smallrig-5668-l-shaped-mount-plate-7bz
15467502535043	smallrig-5669-leather-half-case-kit-0xn
15467502633347	smallrig-5670-leather-half-case-kit-6kb
15467502731651	smallrig-5823-cage-kit-for-sony-fx3-2ud
15467502797187	smallrig-5855-45-suction-cup-mount-4hm
15467502862723	smallrig-5856-6-suction-cup-mount-f-jc3
15467502928259	smallrig-5810-cage-for-canon-eos-c8-vmn
15467503026563	smallrig-5489-camera-battery-charge-6tr
15467503092099	smallrig-5490-camera-battery-charge-7xw
15467503190403	smallrig-5491-camera-battery-charge-579
15467503354243	smallrig-5492-camera-battery-charge-oq3
15467503452547	smallrig-5493-camera-battery-charge-7q5
15467503518083	smallrig-5633-hawklock-h21-quick-re-b6b
15467503649155	smallrig-5650-wide-angle-lens-for-d-fcv
15467503681923	lexar-microsdxc-play-uhs-ia2u3-r205-95n
15467503780227	hollyland-lark-a1-rx-lightning-fr-l-q4k
15467503878531	vallerret-senja-liner-fotohandskar-kmi
15467503944067	vallerret-senja-liner-fotohandskar-xyt
15467504009603	vallerret-senja-liner-fotohandskar-j4c
15467504173443	vallerret-senja-liner-fotohandskar-9zk
15467504238979	vallerret-senja-liner-fotohandskar-74h
15467504337283	vallerret-senja-mitt-fotohandskar-i-fvf
15467504402819	vallerret-senja-mitt-fotohandskar-s
15467504468355	vallerret-senja-mitt-fotohandskar-m
15467504599427	vallerret-senja-mitt-fotohandskar-i-djx
15467504664963	polarpro-arctic-cp-benjamin-hardman-kwr
15467504730499	polarpro-arctic-cp-benjamin-hardman-kji
15467504796035	polarpro-arctic-cp-benjamin-hardman-aet
15467504861571	polarpro-arctic-cp-benjamin-hardman-905
15467504927107	polarpro-arctic-cp-benjamin-hardman-04i
15467505025411	polarpro-arctic-cp-benjamin-hardman-59z
15467505090947	polarpro-arctic-cp-helix-maglock-be-yqy
15467505222019	atomos-ninja-tx-go
15467505320323	smallrig-5746-wireless-display-mirr-6xg
15467505385859	smallrig-5813-quick-release-mount-a-60v
15467505451395	smallrig-5825-mount-for-insta360-x4-kq9
15467505680771	smallrig-5418-camera-battery-charge-3fq
15467505746307	smallrig-5478-portable-photo-carbon-cxg
15467505811843	smallrig-5270-selfie-stick-for-acti-r3i
15467505877379	smallrig-5733-bi-color-led-video-li-wsq
15467505942915	smallrig-5745-rgbww-led-video-light-2qa
15467506106755	smallrig-5564-carbon-fiber-photogra-hqg
15467506139523	smallrig-5790-filmov-lightweight-ph-mei
15467506237827	smallrig-5793-filmov-lightweight-ph-w6o
15467506336131	smallrig-5826-handle-for-dji-osmo-a-mzc
15467506401667	peak-design-passhllare-plnbok-frg-s-p7h
15467506467203	peak-design-passplnbok-frg-eclipse-74v
15467506532739	peak-design-passplnbok-frg-sage-x6c
15467506663811	peak-design-packkub-sm-frg-kol
15467506762115	peak-design-packkub-s-medium-frg-sa-xqv
15467506860419	peak-design-frpackningskub-sm-frg-o-p4i
15467506893187	peak-design-packkub-stor-frg-kol-80l
15467506958723	peak-design-packkub-large-frg-sage-v05
15467507057027	peak-design-ultraltt-meshtyg-packku-6tf
15467507122563	peak-design-ultraltt-packkub-sm-frg-rm4
15467507155331	peak-design-ultraltt-packkub-sm-frg-77i
15467507188099	peak-design-ultraltt-packkub-sm-sva-ode
15467507220867	peak-design-ultraltt-mesh-packkub-s-bsq
15467507319171	peak-design-ultraltt-mesh-packkub-s-jak
15467507351939	vallerret-senja-mitt-fotohandskar-x-nk7
15469125534083	neo-2-digital-transceiver
15469144506755	neo-2-parallell-laddningshubb
15469154894211	neo-2-batteri
15469163610499	neo-2-propellerskydd
15469170426243	neo-2-propeller
15469440434563	neo-2-fly-more-combo-endast-dronare
15469460128131	neo-2-fly-more-combo
15469471531395	neo-2-motion-fly-more-combo
15469709689219	neo-2-dji-care-refresh-1-ar
15469719224707	neo-2-dji-care-refresh-2-ar
15475835928963	test-28
15479169417603	osmo-action-6-standard-combo
15479182360963	osmo-action-6-glass-lens-cover
15479183311235	osmo-action-6-adventure-combo
15479191732611	osmo-action-dual-direction-mini-extension-rod
15479587930499	osmo-action-dual-direction-battery-handle
15479589142915	osmo-action-6-macro-lens
15479592878467	osmo-action-6-nd-filter-set
15480742117763	osmo-action-3-5mm-audio-adapter
15481776603523	osmo-action-6-fov-boost-lens
15481803309443	action-6-waterproof-case
15482181484931	multifunctional-battery-case-3
15482191872387	osmo-action-dual-direction-battery-handle-1
15482199933315	osmo-action-dual-direction-mini-handlebar-mount
15482249937283	osmo-1-5m-extension-rod-kit-dual-direction-quick-release
15482266288515	osmo-flat-adhesive-base-kit-dual-direction-quick-release
15482280673667	osmo-road-cycling-accessory-kit-dual-direction-quick-release
15493484544387	matrice-4td-paket-for-avancerade-inspektioner
15493507056003	matrice-4t-paket-for-avancerade-inspektioner
15495405535619	matrice-4td-skogspaket-med-global-forester
15501238206851	gnss-tillbehorspaket-lodstav-bipod
15512587010435	antigravity-a1-standard-bundle
15512590057859	antigravity-a1-explorer-bundle
15512600838531	antigravity-a1-infinity-bundle-drone-250g
15512607621507	antigravity-care-2-year
15512613618051	antigravity-care-1-year
15512630690179	antigravity-a1-flight-battery
15512644616579	antigravity-a1-replacement-lens-kit-double-lens
15512657166723	antigravity-vision-3-0d-corrective-lenses
15512662311299	antigravity-quick-reader
15512671256963	antigravity-a1-landing-pad
15512678367619	antigravity-a1-replacement-lens-kit-single-lens
15512688427395	antigravity-65w-gan-fast-charger
15512716280195	antigravity-a1-sling-bag
15512722964867	antigravity-vision-usb-c-to-dc-power-cable-1-2m
15512727912835	antigravity-vision-usb-c-to-dc-power-cable-0-65m
15512750293379	antigravity-vision-head-strap
15512755929475	antigravity-vision-battery
15512759337347	antigravity-a1-propellers
15512773329283	antigravity-a1-charging-hub
15519559451011	matrice-4e-paket-for-planering-av-solcellsanlaggning
15520982991235	avata-version-1-2-tactical-light-kit
15521569997187	dji-matrice-4t-care-enterprise-plus-sip
15521570193795	dji-matrice-4e-care-enterprise-plus-mx8
15521570357635	dji-mavic-3m-maintenance-service-ba-tmi
15521570521475	dji-mavic-3m-maintenance-service-st-36v
15521570718083	dji-mavic-3m-maintenance-service-pr-jke
15521570914691	czi-tk4-tethered-power-system-for-m-0lf
15533187006851	reach-rs4-swepos-ntrip-abonnemang
15533482901891	matrice-4-batteripaket-med-200w-laddare
15536691577219	matrice-4td-paket-for-renskotsel-med-4g
15544848580995	mavic-3-batteripaket-med-200w-laddare
15547516584323	sakerhetspaket-for-dronare-basic-plus
15575468704131	300w-three-way-charger-for-matrice-4d-series
15581828055427	flex-standard
15581985145219	flex-extreme-activation
15582013063555	flex-token-single
15582016569731	flex-tokens-5-pack
15582037606787	flex-tokens-10-pack
15582051991939	flex-tokens-20-pack
15582086726019	flex-extreme
15582093705603	flex-base-rover-package
15582098555267	flex-mini-standard
15582100980099	flex-mini-extreme
15582115955075	flex-mini-extreme-activation
15582117921155	flex-pole-adapter-2023
15582123786627	flex-field-pole
15582125687171	flex-bipod
15582132208003	flex-telescoping-field-pole
15582135746947	flex-radio-standard
15582147936643	flex-field-tripod
15582159307139	flex-mini-mobile-paddle-mount
15582170153347	flex-mini-suction-cup-mount
15582181032323	universal-phone-clamp
15582186471811	universal-interface
15582188831107	flex-universal-paddle-mount
15582191583619	flex-mini-pole-adapter
15582228021635	flex-universal-paddle-clamp-kit
15582242472323	flex-mini-tablet-mount
15582244929923	flex-mini-scanning-handle
15583600443779	flex-phone-mount
15589561008515	seco-wooden-tripod
15607432479107	flycart-100
15607518790019	flagship-winch-system-flycart-100
15607597334915	anafi-ukr
15612005187971	insta360-x5-byggpaket
15621285937539	matrice-4d-td-batteripaket-med-300w-laddare
15621746327939	testprod
15625608036739	100w-rapid-pro-charger
15625887187331	mavic-2-propellrar-fullt-kit
15637525004675	tripod-mounting-clamp-for-tablet-xl
15637542601091	mavic-series-hallare-for-surfplatta-standard
15637572387203	fotograf-och-dronnarhandskar-storlek-xl
15638053880195	landningsplatta-53-cm
15638132425091	explorer-e20-plus-termisk-kamera-for-smartphones-android-kopia
15640860983683	100w-usb-laddare-med-kabel
15645965517187	rc-2-kraken-2-combo
15646634672515	kameravaska-hardside-cs-80-svart
15658494296451	rs-5
15658790683011	rs-5-combo
15658828005763	electronic-briefcase-handle
15658867097987	rs-enhanced-intelligent-tracking-module
15658899374467	rs-bg33-battery-grip
15658955669891	rs-5-lower-quick-release-plate
15659004100995	rs-5-upper-quick-release-plate
15659183243651	care-refresh-1-ar-dji-rs-5
15659246813571	care-refresh-2-ar-dji-rs-5
15708404744579	test12
15772883976579	eco-lite
15786470605187	delta-3-3-plus-skyddsvaska
15786484990339	delta-3-max-plus-2048wh
15786493346179	delta-3-max-plus-extrabatteri
15786500882819	delta-3-max-2048wh
15794000658819	matrice-4e-global-forester-faltpaket
15794123243907	matrice-4e-global-forester-heldagspaket
15794343412099	matrice-4t-power-1000-paket
15794394399107	matrice-4t-power-2000-paket
15797788410243	li-po-safe-bag-mini-5-4-3-3-pro
15797798699395	li-po-safe-bag-mavic-4-pro
15797811904899	li-po-safe-bag-air-3
15823516729731	delta-3-classic
15857537712515	avata-360-dji-rc-2
15857608196483	avata-360-fly-more-combo-dji-rc-2
15857784521091	avata-360-motion-fly-more-combo-dji-goggles-n3
15857829544323	avata-360-replacement-lens-kit-with-tools
15857863983491	avata-360-replacement-lens-kit
15857910677891	avata-360-intelligent-flight-battery
15858056692099	avata-360-two-way-charging-hub
15858087362947	avata-360-propellers
15858128880003	care-refresh-1-year-plan-dji-avata-360
15858156241283	care-refresh-2-year-plan-dji-avata-360
15860057407875	type-1000-orange-m-avdelare
15860057440643	bw-outdoor-action-case-type-pp-66-i-for-gopro-hero-13-fits-gopro-9-13-black
15860057538947	bw-outdoor-action-case-type-pp-166-i-for-gopro-hero-13-fits-gopro-9-13-bronze-green
15860057571715	type-2000-svart-m-skumplast
15860057702787	type-2000-svart-m-avdelare
15860058030467	type-6700-orange-m-skumplast
15860058653059	type-6800-svart-m-avdelare
15860058816899	type-6800-svart-m-skumplast
15860058849667	type-7800-svart-m-skumplast
15860059537795	bw-outdoor-cases-meshbag-mb-for-type-4000
15860059668867	type-7800-svart-utan-inredning
15860060488067	bw-outdoor-action-case-type-pp-66-i-for-gopro-hero-13-fits-gopro-9-13-yellow
15860060553603	bw-outdoor-action-case-type-pp-66-i-for-gopro-hero-13-fits-gopro-9-13-bronze-green
15860060619139	bw-outdoor-action-case-type-pp-117-i-for-gopro-hero-13-fits-gopro-9-13-yellow
15860060750211	bw-outdoor-action-case-type-pp-117-i-for-gopro-hero-13-fits-gopro-9-13-black
15860060782979	bw-outdoor-action-case-type-pp-117-i-for-gopro-hero-13-fits-gopro-9-13-orange
15860060946819	bw-outdoor-action-case-type-pp-117-i-for-gopro-hero-13-fits-gopro-9-13-bronze-green
15860060979587	bw-outdoor-action-case-type-pp-166-i-for-gopro-hero-13-fits-gopro-9-13-black
15860061110659	bw-outdoor-action-case-type-pp-166-i-for-gopro-hero-13-fits-gopro-9-13-yellow
15860061176195	bw-outdoor-action-case-type-pp-23-for-insta360-go3-go3s-orange
15860061274499	bw-outdoor-action-case-type-pp-23-for-insta360-go3-go3s-yellow
15860061307267	bw-outdoor-action-case-type-pp-23-for-insta360-go3-go3s-bronze-green
15860255162755	bw-outdoor-action-case-type-pp-41-i-for-gopro-hero-13ap-fits-gopro-9-13ap-bronze-green
15860255261059	bw-outdoor-action-case-type-pp-41-i-for-gopro-hero-13ap-fits-gopro-9-13ap-black
15860255457667	bw-outdoor-action-case-type-pp-41-i-for-gopro-hero-13-fits-gopro-9-13-black
15860255621507	bw-outdoor-action-case-type-pp-41-i-for-gopro-hero-13-fits-gopro-9-13-bronze-green
15860256080259	bw-outdoor-action-case-type-pp-41-i-for-gopro-hero-13-fits-gopro-9-13-yellow
15860256211331	bw-outdoor-drone-case-pp-117-antigravity-i-case-type-3000-i-antigravity-a1-i-bronze-green
15860256407939	bw-outdoor-action-case-type-pp-41-i-for-gopro-hero-13-fits-gopro-9-13-orange
15860256932227	shogun-classic
15860257063299	bw-outdoor-drone-case-pp-117-antigravity-i-case-type-3000-i-antigravity-a1-i-orange
15860257128835	ninja-raw
15860257194371	bw-outdoor-drone-bag-tex-117-neo2-for-dji-neo-2-fly-more-combo-grey
15860257325443	bw-outdoor-drone-case-pp-117-antigravity-i-case-type-3000-i-antigravity-a1-i-black
15860257390979	bw-outdoor-drone-case-pp-117-antigravity-i-case-type-3000-i-antigravity-a1-i-yellow
15860257685891	bw-outdoor-drone-bag-tex-221-neo2-for-dji-neo-2-motion-fly-more-combo-grey
15860257816963	bw-outdoor-cases-type-5000-for-dji-mavic-4-pro-orange
15860257915267	bw-outdoor-cases-type-5000-for-dji-mavic-4-pro-bronze-green
15860258603395	shinobi-7-rx
15860258701699	4k60p-hdmi-silicon-cable-full-hdmi-to-full-hdmi-45cm
15860258767235	bw-outdoor-action-case-type-pp-23-for-insta360-go3-go3s-pink
15860258832771	bw-outdoor-cases-type-5000-for-dji-mavic-4-pro-yellow
15860259029379	bw-outdoor-cases-type-5000-for-dji-mavic-4-pro-black
15860259127683	bw-outdoor-action-case-type-pp-23-for-insta360-go3-go3s-red
15860259225987	type-6500-svart-utan-inredning
15860259291523	type-6500-svart-m-skumplast
15860259357059	type-6700-orange-m-avdelare
15860259389827	type-6700-svart-m-avdelare
15860259422595	bw-outdoor-cases-type-7200-for-gun-rifle-guitar-case-black-foam-insert
15860259488131	bw-outdoor-action-case-type-pp-23-for-insta360-go3-go3s-green
15860259586435	bw-outdoor-telescopic-handle-oc-6700-7800-tc6700-without-cover-plate
15860259619203	bw-outdoor-action-case-type-pp-23-for-insta360-go3-go3s-purple
15860259848579	ultrasync-one
15860259979651	bw-outdoor-action-case-type-pp-41-i-for-gopro-hero-13ap-fits-gopro-9-13ap-yellow
15860260241795	type-6000-gul-m-avdelare
15860260340099	bw-outdoor-action-case-type-pp-41-i-for-gopro-hero-13ap-fits-gopro-9-13ap-orange
15860260471171	type-5500-svart-m-avdelare
15860260536707	type-6000-svart-m-avdelare
15860262994307	type-3000-orange-m-skumplast
15860264272259	type-4000-gul-m-skumplast
15860264337795	type-3000-gul-m-avdelare
15860264468867	type-3000-gul-m-skumplast
15860264534403	type-3000-orange-m-avdelare
15860264763779	type-4000-svart-m-avdelare
15860264894851	type-6040-svart-m-skumplast
15860264927619	type-3000-svart-utan-inredning
15860265288067	type-2000-gul-m-avdelare
15860265484675	type-3000-svart-m-avdelare
15860265714051	type-2000-gul-m-skumplast
15860265746819	type-2000-gul-utan-inredning
15860747141507	vision-headlight-hd
15860747469187	vision-headlight-hd-1
15860760871299	max-plus-aaa-10-pack
15860777451907	monitor-fw568-v3-6
15860780859779	canon-lp-e6-battery-plate
15860784169347	sdxc-black-rugged-uhs-ii-r300-w250-v90-128gb-new
15860785447299	sdxc-black-rugged-uhs-ii-r300-w250-v90-64gb-new
15860788756867	sdxc-black-rugged-uhs-ii-r300-w250-v90-256gb-new
15860793639299	car-boat-charger-50w-for-m2-m2-s-m2-pro
15860798292355	teleprompter-support-rod
15860800848259	f1-pro
15860803666307	monitor-s55-v3
15860805271939	monitor-f5prox
15860805468547	monitor-dh156
15860806943107	headlight-400
15860807565699	monitor-f7-plus
15860807664003	monitor-p6x
15860809171331	monitor-s10
15860809236867	cfexpress-power-r3650-w3240-sw820-4-0-512gb
15860812087683	cfexpress-4-0-power-i-type-b-i-r3560-w3220-sw1570-1tb
15860812939651	cfexpress-4-0-power-i-type-b-i-r3530-w3210-sw1420-2tb
15860814643587	dory-explore-navy-blue
15860818542979	weather-resistant-case-for-cfexpress-type-b-tote-for-3xcfexpress-type-b-2xsd-2xmicrosd
15860819362179	monitor-f6plusx
15860820672899	monitor-t10
15860823064963	x-standard
15860823720323	m2-pro-max-200m-cable-only-cable-no-reel
15860824736131	monitor-p6xl-6
15860825915779	camelion-type-cr2354-1-pack
15860826833283	monitor-ps6-5-5-amoled
15860827259267	monitor-t6-6
15861135311235	monitor-lut5e
15874265481603	lens-hc-macro-f4-120mm-ii
15874268791171	hasselblad-lens-hcd-f4-8-24mm
15874281537923	h6x-body-only
15874288025987	hv-90x-ii-viewfinder-black
15874428240259	drone-bouy-flytboj-upp-till-6-kg-m30-m300-m400
15874447475075	parrot-anafi-central-body
15874488664451	anafi-ai-motor-arm-set
15876364042627	kronos-m400-till-matrice-400
15884085756291	airai3-orinnano-8gb-5g-matrice-30-300-350-faste-ingar
15884096733571	airai3-orinnx-8gb-5g-matrice-30-300-350-faste-ingar
15884100796803	airai3-orinnx-16gb-5g-matrice-30-300-350-faste-ingar
15884110299523	airai3-orinnx-16gb-matrice-30-300-350-faste-ingar
15884136219011	airai3-orinnano-8gb-matrice-30-300-350-faste-ingar
15884142084483	airai3-orinnano-4gb-matrice-30-300-350-faste-ingar
15884175769987	matrice-300-350-400-drop-kit-pt4
15884191826307	matrice-300-350-400-multi-drop-kit-pt2
15884200509827	matrice-4e-4t-two-airdrops-ad2-m4d-m3d-med-extra-faste
15884210798979	matrice-300-350-400-utility-drop-kit-ut4
15884219384195	matrice-400-utility-drop-kit-ut4a
15884230033795	matrice-400-four-drop-kit-et4
15884238258563	flycart-30-multi-segment-airdrop-suit-et4-pro
15884245074307	matrice-300-350-matrix-flash-s3
15884255494531	matrice-30-matrix-flash-s3
15884263719299	matrice-4d-4td-matrix-flash-s3-mini
15884272927107	mavic-3t-3e-matrix-lamp-t30
15884278006147	matrice-4e-4t-4d-4td-matrix-lamp-t40-dji-dock-3
15884300878211	matrice-4e-4t-4d-4td-matrix-lamp-t40l-dji-dock-3
15884317196675	matrice-300-350-matrix-lamp-t80
15884328337795	matrice-400-matrix-lamp-t90
15884333744515	matrice-400-multi-color-zoom-spotlight-t90v2
15884339478915	matrice-30-matrix-lamp-t60-m350-med-extra-faste
15884350259587	matrice-30-nir-light-t60r-m350-med-extra-faste
15884367626627	matrice-400-light-loudspeaker-h150a
15884397478275	matrice-30-combined-megaphone-h10-m300-350-med-extra-faste
15884412617091	mavic-3t-3e-gimbal-speaker-h1e-m30-med-extra-faste
15884421464451	matrice-30-quick-search-kit-t60s
15884446073219	matrice-4e-4t-4d-4td-speaker-spotlight-system-t40s-dji-dock-3
15884451938691	matrice-30-speaker-spotlight-u30
15884494635395	mavic-3t-3e-speaker-spotlight-system-u3s
15884503318915	mavic-3d-3td-quick-search-light-m3d
15884512756099	matrice-350-sdk-payload-bracket-osdk
15884523471235	matrice-350-psdk-quick-release-bracket
15884531761539	matrice-30-psdk-transfer-bracket
15884545753475	flycart-30-multi-segment-airdrop-bracket
15884558991747	matrice-400-center-mounted-single-gimbal-bracket
15884581372291	matrice-400-center-mounted-dual-gimbal-bracket-endast-ut4
15896821072259	osmo-pocket-4
15896830214531	osmo-pocket-4-creator-combo
15896840831363	osmo-pocket-4-battery-handle
15896843616643	pocket-4-carrying-bag
15897171067267	osmo-pocket-4-dji-care-refresh-1-ar
15897176932739	osmo-pocket-4-dji-care-refresh-2-ar
15897181192579	pocket-4-fill-light
15897701450115	pocket2-monteringsfaste-makrolins
15899579777411	pix4dmatic-analyst
15899580072323	pix4dmatic-pro
15910813073795	power-1000-mini-eu
15913617129859	lito-1
15913634660739	lito-1-fly-more-combo-dji-rc-n3
15913651929475	lito-1-smart-flight-battery
15913667494275	lito-1-two-way-charging-hub
15914894066051	care-refresh-1-year-plan-dji-lito-1-eu
15915197792643	care-refresh-2-ar-dji-lito-1
15915453153667	lito-x1
15915494637955	lito-x1-fly-more-combo-dji-rc-n3
15915550900611	lito-x1-fly-more-combo-dji-rc-2
15915630231939	lito-x1-fly-more-combo-plus-dji-rc-2
15915745378691	lito-x1-360-propeller-guard
15915767202179	lito-x1-intelligent-flight-battery
15915783881091	lito-x1-series-intelligent-flight-battery-plus
15915792269699	lito-x1-series-two-way-charging-hub
15915799904643	care-refresh-1-ar-dji-lito-x1
15915811209603	care-refresh-2-ar-dji-lito-x1
15919212298627	lito-tillbehorspaket-rc-n3
15919294906755	lito-tillbehorspaket-rc-2
15926185820547	mic-mini-2-2-tx-1-mobile-rx-charging-case
15926192734595	mic-mini-2-1-tx-1-rx
15926219604355	mic-mini-2-1-tx-1-mobile-rx-charging-case
15926258041219	mic-mini-2-2-tx-1-rx-charging-case
15926273737091	mic-mini-2-transmitter
15926286844291	mic-mini-2-multi-color-windscreens
15926306800003	mic-mini-2-time-series-magnetic-front-cover
15926329377155	ks-832-pipe-clamp-on-paddle
15926329442691	x3-carry-case
15926329803139	ks-474-super-knuckle-die-casting-shell-w-knob
15926329901443	selfie-stick-ring-mount
15926330032515	15v-adapter-for-e60-strip-light
15926330163587	solidcom-c1-pro-wireless-intercom-system-with-2-enc-headsets
15926330392963	solidcom-c1-pro-wireless-intercom-system-with-8-enc-headsets-with-hub-station
15926330622339	solidcom-c1-pro-wireless-intercom-system-with-8-enc-headsets
15926330884483	solidcom-c1-pro-hub-antenna-2
15926331244931	lark-max-lavaliere-microphone
15926331703683	syscom-421-wireless-transmitter
15926332227971	lenscover-label-thunder-te19c-te19-te25-th25-th35-th35c-th35pc-tq35-tq35c
15926332359043	solidcom-c1-pro-wireless-master-headset
15926332391811	solidcom-c1-pro-wireless-remote-headset
15926333505923	eggcrate-for-pavotube-ii-15c
15926333669763	eggcrate-for-pavotube-ii-30c
15926333964675	pavoslim-60b-led-panel-2-light-kit
15926334259587	forza-60b-ii-3-kit-bi-color-spot-light
15926334947715	eggcrate-for-quick-release-softbox-pavoslim-60b-60c
15926337012099	universal-charger-i4
15926337077635	lark-max-2-combo-4-person-version-with-camera-rx-usb-c-rx
15926337241475	lark-max-2-ultimate-combo-with-ows-monitor-earphone-camera-rx-usb-c-rx
15926337667459	eggcrate-for-quick-release-softbox-pavoslim-120b-120c
15926338453891	trolley-case-for-fc-500b-2-light-kit
15926338617731	selfie-stick-wrist-strap
15926338748803	solidcom-c1-pro-roaming-hub-20s-v-mount
15926339338627	foldable-softbox-with-eggcrate-for-pavoslim-240b-240c
15926339830147	universal-holder-for-pavoslim-2x2
15926340649347	rear-view-mirror-mount
15926341534083	bike-kit-new-version
15926344974723	pavoslim-240cl-dual-panel-coupler-kit
15926345138563	kc-254c-254mm-caster-with-brake-set-of-3-for-756m-744m-721m
15926345269635	solidcom-roaming-hub-v-mount
15926345564547	universal-holder-for-pavoslim-with-handle
15926345728387	baby-pin-holder-for-pavoslim-2x2
15926345826691	pavoslim-dc-connection-cable-5m-240
15926345924995	quick-release-softbox-with-eggcrate-for-pavoslim-240cl
15926346023299	binocular-harness-habrok-case
15926346514819	fomo-power-handle
15926347039107	condor-cq35l-2-0-thermal-monocular
15926347596163	flow-2-standard-bundle-stone-gray
15926347661699	cfexpress-4-0-pro-diamond-r3700-w3400-vpg400-256gb
15926348120451	flow-2-pro-ai-tracker
15926348546435	flow-2-ai-tracker-bundle-stone-gray
15926348677507	throwpod
15926349037955	button-sticker-set
15926349169027	cfexpress-4-0-pro-gold-vpg400-r1800-w1650-type-a-1tb
15926350184835	falcon-fq50-2-0-thermal-monocular
15926350643587	falcon-fq35-2-0-thermal-monocular
15926351266179	condor-cq50l-2-0-thermal-monocular
15926351495555	forza-60cr-led-color-spot-light-with-19-36-projection-attachment
15926352216451	cfexpress-4-0-pro-silver-r3600-w3300-1tb
15926352839043	3-5mm-trs-to-mobile-phone-patch-cable-for-lark-m1
15926352871811	falcon-fq50l-2-0-thermal-monocular
15926353199491	battery-21700-5300mah
15926353461635	kcp-826-slim-type-half-coupler-w-16mm-stud
15926353559939	filter-kit-for-dji-pocket-3
15926353822083	projector-mount-for-fm-mount-w-18-36-zoom
15926354018691	lumo-led-phone-ring-light-mint-blue
15926354346371	3-5mm-trs-to-3-5mm-trs-cable-2-8-inch-for-lark-max-2
15926354477443	lark-max-2-furry-windshield-for-lark-max-2
15926354510211	filter-kit-for-dji-action-3-4-5-pro
15926354641283	pico-led-mini-pocket-light-mint-blue
15926354903427	pico-led-mini-pocket-midnight-blue
15926355394947	lark-max-2-charging-case-for-lark-max-2
15926355526019	mars-t1000-beltpack
15926355657091	lumo-led-phone-ring-light-polar-black
15926356083075	ows-monitor-earphone
15926356345219	lark-max-2-solo-with-camera-rx
15927467573635	lark-a1-mini-duo-with-usb-c-rx
15927467606403	lark-max-2-combo-with-camera-rx-usb-c-rx
15927469638019	lark-a1-duo-with-usb-c-rx-charging-case
15927470391683	lark-a1-combo-with-usb-c-rx-lightning-rx-charging-case
15927471210883	usb-c-to-lightning-cable
15927471571331	lark-a1-combo-ivory-white-with-usb-c-rx-lightning-rx-charging-case
15927471735171	lark-a1-mini-duo-with-lightning-rx
15927472619907	ace-pro-2-dive-bundle
15927472783747	third-person-bike-tail-mount
15927472882051	omnidirectional-lavalier-microphone-black-1-pack-for-lark-max-2
15927473832323	omnidirectional-lavalier-microphone-black-2-pack-for-lark-max-2
15927474684291	lark-max-2-transmitter-for-lark-max-2
15927474782595	lark-max-2-camera-receiver-for-lark-max-2
15927475044739	lark-max-2-type-c-receiver-for-lark-max-2
15927475077507	lark-a1-tx-space-gray-for-lark-a1
15927475339651	lark-a1-charging-case-combo-for-lark-a1
15927475437955	lark-a1-rx-usb-c-for-lark-a1
15927475667331	lark-a1-tx-ivory-white-for-lark-a1
15927475700099	mic-mini-2-charging-case-1-tx-1-mobile-rx
15927475863939	ace-pro-2-all-purpose-bundle
15927475929475	x5-pov-chest-mount
15927512105347	ace-pro-2-motorcycle-bundle
15927512138115	lark-a1-charging-case-duo-for-lark-a1
15927512269187	lark-a1-furry-windshield-for-lark-a1
15927512334723	lark-a1-magnet-set-2-pairs-4-pieces-for-lark-a1
15927512367491	quick-release-mount
15927512465795	bullet-time-selfie-stick-2-0
15927512596867	ace-pro-2-dual-battery-xplorer-bundle-dark-gray
15927512727939	flow-2-pro-ai-tracker-bundle-stone-gray
15927512826243	ace-pro-2-single-battery-xplorer-bundle-dark-gray
15927512891779	flow-2-pro-ai-tracker-bundle-summit-white
15927513088387	x4-motorcycle-bundle
15927513186691	original-extended-edition-selfie-stick
15927513973123	ace-pro-2-mm93-edition
15927514202499	go-3-go-3s-battery-pack
15927515152771	x5-motorcycle-bundle
15927516168579	ace-pro-2-ace-pro-xplorer-grip-kit-silver
15927516955011	ace-pro-2-ace-pro-xplorer-grip-kit-dark-gray
15927517118851	touch-panel-eu
15927517217155	magnetic-selfie-stick-holster
15927517282691	flow-2-pro-magnetic-phone-clamp-summit-white
15927517446531	x3-invisible-dive-case
15927517544835	x3-water-sports-rope-mount
15927517610371	ace-ace-pro-mic-adapter
15927517806979	x3-mic-adapter
15927517872515	go-3-go-3s-pivot-clip
15927518003587	ace-ace-pro-quick-reader
15927518200195	portable-charging-case
15927518331267	backpack-clip
15927519412611	12v-2a-dc2-1-power-adapter-eu
15927519641987	cosmo-m7-7-monitor-with-built-in-receiver
15927519805827	syscom-1000t-with-4-belt-packs-demo
15927520297347	syscom-421s-4to1-multi-cam-transmitter-and-control-system
15927524262275	3-5mm-air-duct-earphone
15927524295043	3-5mm-dynamic-double-sided-headset
15927524458883	lollipop-antenna-black-2-pcs
15927524655491	rj45-cable-ethernet-converter
15927524950403	lark-150-single-wireless-audio-transmission-kit
15927526195587	solidcom-m1-fiberglass-antenna-for-hub
15927526785411	d-tap-dc-power-adapter-cable-for-mars-m1
15927527932291	ace-pro-2-wind-guard
15927528325507	go-3s-action-pod＿midnight-black
15927528653187	floating-surfboard-mount-sticky-base
15927528849795	go-3s-action-pod＿arctic-white
15927530422659	cosmo-1000x
15927530553731	antenna-for-mars-1-pcs
15927530619267	syscom-421s-2to1-multi-cam-transmitter-and-control-system
15927531504003	filter-starter-kit-for-mavic-air-2s
15927531569539	solidcom-c1-hard-shell-carrying-case
15927531864451	solidcom-c1-headset-on-ear-earmuff-2-pcs
15927531995523	solidcom-c1-3-5mm-single-ear-wired-headset-for-hub
15927532126595	solidcom-c1-headset-over-ear-earmuff-2-pcs
15927532192131	solidcom-c1-headset-mic-cushion-12pcs
15927532290435	solidcom-c1-c1-pro-battery-replacment-1-pcs
15927532388739	solidcom-c1-battery-charger-4-channel
15927537009027	go-3s-angle-adjustment-insert
15927537336707	x4-vertical-horizontal-mount
15927537435011	go-3-go-3s-pocket-flexi-mount
15927537893763	the-back-bar-enhanced-waist-strap
15927538123139	shoe-cube
15927538975107	filter-starter-kit-for-mavic-2-pro
15927539073411	filter-starter-kit-for-mavic-2-pro-1
15927539401091	tally-lamp-kit
15927539597699	tally-cable-for-datavideo-2850-mars-syscom
15927539663235	tally-converter
15927539892611	lemo-dynamic-double-sided-headset
15927540318595	solidcom-dynamic-single-ear-headset
15927540941187	solidcom-poe-adapter
15927545463171	storage-bag-for-mars-4k
15927546184067	hl-sf02-screw-fitting-02-for-mars-4k
15927546347907	storage-bag-for-mars-m1
15927546610051	solidcom-c1-8-slot-charging-case
15927546839427	sun-hood-for-mars-m1
15927547265411	alpex-thread-lever
15927547363715	forza-60b-ii-led-bi-color-spot-light-with-19-36-projection-attachment
15927547462019	carrying-bag-for-forza-60-fs60
15927547953539	carrying-bag-for-forza-200
15927548215683	carrying-bag-for-forza-150
15927549133187	kp-ks03b-plastic-chian-3-5m-l-black
15927550476675	go-ultra-toddler-titan-kit
15927550706051	x5-standard-bundle-satin-white-limited-edition
15927550902659	ace-pro-2-arctic-white-xplorer-bundle-moonlight-silver
15927551394179	go-ultra-custom-skin
15927551590787	ui1-usb-charger
15927551885699	x4-air-starter-bundle-arctic-white
15927552082307	x4-air-replacement-lens-kit-single-lens
15927552508291	x4-air-replacement-lens-kit-double-lens
15927552573827	x4-air-battery
15927552967043	x4-air-usb-cover
15927553065347	x4-air-all-weather-usb-charging-cover
15927553589635	x4-air-utility-frame
15927553851779	x4-air-lens-cap
15927554441603	x4-air-screen-protector
15927554507139	x4-air-carry-case
15927555391875	x4-air-mic-windshield
15927555424643	cfexpress-4-0-pro-gold-vpg400-ip68-r1800-w1650-type-a-256gb
15927556571523	x4-air-water-sports-rope-mount
15927556669827	cfexpress-4-0-pro-gold-vpg400-ip68-r1800-w1650-sw1400-type-a-2tb
15927557226883	lyra-4k-uhd-webcam-black
15927557390723	microsdhc-blue-plus-uhs-i-with-sd-adapter-up-to-170mb-s-read-c10-a2-u3-v30-512gb
15927557554563	star-filter
15927558308227	go-ultra-premium-cycling-bundle
15927558373763	thunder-2-0-tq50c-thermal
15927559029123	cardreader-microsd-sd-i-dual-slot-usb-a-c-microsd-card-usb-3-1-reader-up-to-255mb-s-read
15927561585027	pyro-ultra-1tx-1rx-wireless-video-transmission-system
15927562633603	alpex-pro-a50p-tube-scope
15927563878787	pyro-ultra-tx-transmitter
15927563977091	pyro-ultra-rx-receiver
15927565222275	pyro-5-wireless-transceiving-monitor
15927566467459	go-ultra-creator-bundle-midnight-black
15927566795139	pyro-5-7-wireless-transceiver-monitor-kit
15927568040323	pyro-5-s-video-transmission-monitoring-kit
15927568990595	miro-30c-led-full-color-round-panel-light-mint-blue
15927569383811	miro-30c-led-full-color-round-panel-light-midnight-blue
15927570661763	miro-60c-led-full-color-round-panel-light-mint-blue
15927570923907	miro-60c-led-full-color-round-panel-light-midnight-blue
15927573086595	dive-buddy
15927573283203	ace-pro-2-creator-bundle-2-0
15927574069635	underwater-selfie-stick-with-remote
15927574299011	x5-mm93-2025-championship-edition
15927574724995	ace-pro-2-flash-print-bundle
15927575478659	ace-pro-2-videography-bundle-limited-edition
15927575773571	go-ultra-fomo-power-kit
15927576428931	ace-pro-2-ultimate-videography-bundle
15927577051523	go-3s-micro-lens
15927577248131	go-ultra-micro-lens
15927577936259	fc-720b-led-bi-color-spot-light
15927578067331	lynx-le10-3-0-thermal-monocular
15927578984835	habrok-4k-he25l-2-0
15927579181443	snap-selfie-screen-with-light
15927579738499	snap-selfie-screen
15927580066179	fc-720c-led-rgbw-spot-light
15927580524931	rapid-60-parabolic-softbox-sb-rp60-with-eggcrate-for-fm-mount
15927581081987	solidcom-m1-waterproof-bag-fit-for-m1-and-m1pro
15927581376899	wave-arctic-white
15927581802883	x4-air-starter-bundle
15927582491011	wave-graphite-black
15927582556547	x4-air-premium-lens-guards
15927583080835	x4-air-standard-lens-guards
15927583375747	x4-air-standard-bundle
15927583572355	link-2-standard-edition-arctic-white
15927583932803	x4-air-utility-fast-charge-case
15927584194947	venusliv-air-24-7-live-streaming-camera
15927584686467	ace-pro-2-photo-paper-cartridge
15927585177987	ace-pro-2-ace-pro-flip-screen-hood
15927585210755	close-up-lens
15927585997187	ultra-wide-lens
15927586029955	pocket-printer
15927586750851	cinematic-lens
15927586881923	xplorer-grip-pro-kit
15927587373443	habrok-pro-hx60ls-multi-spectrum-binocular
15927587471747	stellar-sx60ls-3-0-thermal-tubescope
15927587963267	mini-2-in-1-tripod-2-0
15927587996035	lark-m2-tx-magnetic-back-clip-black
15927588290947	mini-2-in-1-tripod-2-0-remote-kit
15927588651395	alpex-pro-a50pl-tube-scope-lrf
15927589044611	free-framing-selfie-stick
15927589568899	lynx-lq35-3-0-thermal-monocular
15927590125955	crab-clamp
15927590224259	x5-nd16-filters
15927590453635	pyro-ultra-1tx-2rx-wireless-video-transmission-system
15927590650243	x4-air-invisible-dive-case
15927591207299	electric-suction-cup-mount
15927591534979	go-ultra-tadej-pogacar-edition
15927591764355	lynx-lh15-3-0-thermal-monocular
15927592354179	lynx-le15-3-0-thermal-monocular
15927592452483	link-2-pro-graphite-black
15927592976771	link-2c-pro-graphite-black
15927593042307	pavoslim-360c-rgbww-led-panel
15927593763203	nanlux-lantern-softbox-180cm-with-nl-mount
15927593959811	lark-m2-furry-windshield-black
15927594058115	lark-m2-usb-c-wireless-lavalier-microphone-with-usb-c-plug-duo-ivory-white
15927594287491	interview-adaptor-for-wireless-microphones
15927594779011	lynx-lq35l-3-0-thermal-monocular
15927594811779	lark-a1-combo-cloud-pink-with-usb-c-lightning
15927595467139	lark-m2-mini-combo-with-camera-rx-usb-c-rx
15927595499907	lark-a1-combo-sky-blue-with-usb-c-lightning
15927598481795	lark-a1-combo-mint-green-with-usb-c-lightning
15928011096451	3286-video-led-light-p96-grey
15928012112259	pixel-pocket-rocket
15928014307715	3384-all-in-one-video-kit-for-smartphone-creators
15928016994691	2948-ballhead-mini-with-removable-cold-shoe-mount-2pcs
15928019681667	3667-full-cage-for-sony-a7r-v-a7r-iv-a7-iv-a7s-iii-a7-v-a1
15928019747203	3668-basic-kit-for-sony-a7r-v-a7-iv-a7s-iii-a7-v
15928020369795	3669-advanced-kit-for-sony-a7r-v-a7-iv-a7s-iii-a7-v
15928020500867	pro-tripod-i-spike-feet-i-pro-lite
15928020894083	pro-tripod-i-tripod-tilt-mod-ball-head-video-adapter
15928021188995	pro-tripod-i-tripod-pro-leveling-base
15928021844355	3513-drop-in-hawklock-universal-mini-quick-release-clamp-plate
15928022270339	3680-mini-matte-box-pro
15928024564099	3809-monitor-mount-lite-with-cold-shoe
15928025973123	packable-tote-i-eclipse
15928026202499	3934-cage-for-fujifilm-x-h2-x-h2s
15928026825091	5480-rm-03-macro-photography-led-light
15928027480451	travel-duffelpack-65l-i-eclipse
15928028365187	travel-65l-duffel-i-eclipse
15928028496259	travel-duffelpack-65l-i-ocean
15928029053315	4055-video-light-vibe-p108-rgb
15928029413763	4159b-cage-for-canon-eos-r6-mkii
15928029675907	4160-l-shape-mount-plate-for-canon-eos-r5-r5c-r6-r6-mkii
15928029839747	5459-cycling-camera-mount
15928030101891	5460-magsafe-compatible-phone-mount-for-gym-recording
15928031576451	4103-super-clamp-with-double-crab-shaped-clamps
15928031936899	rain-fly
15928032526723	travel-65l-duffel-sage
15928033116547	spareparts-v2-external-carry-strap-long-v2-49cm-mushroom
15928033280387	4064-compact-v-mount-battery-mounting-system
15928033771907	spareparts-v1-replacement-tripod-band
15928033902979	4184-handheld-cage-kit-for-sony-fx3-fx30
15928034263427	4236-4-suction-cup-camera-mounting-support-kit-for-vehicle-shooting
15928036589955	2087-cage-for-sony-a7riii
15928038097283	2093-handle-wooden-universal-side
15928054382979	2172-universal-nato-rail-48mm
15928057594243	2187-side-handle-wooden-nato
15928066736515	urbex-photography-glove-brown-xs
15928068407683	skadi-zipper-mitt-psp-xs
15928076140931	2837-shoulder-pad-pro
15928098554243	4222-lightweight-travel-tripod-ap-02
15928099897731	3010-follow-focus-mini
15928100684163	picatinny-rail-sauer-100-101-diff-2-5-b-113-9-l-160
15928102420867	cover-for-connector-for-clip-on
15928102781315	adapter-for-rusan-modular-connector-for-oculars-w-thread-m52x0-75
15928104747395	4505-v-mount-battery-mount-plate
15928104944003	sparepart-rain-cover-for-mindshift-backlight-sprint
15928105075075	4510-cage-for-leica-sl3-sl3-s
15928105369987	quick-detach-mount-for-blaser-picatinny-rail-l-150-mm
15928106123651	picatinny-rail-sauer-100-101-diff-3-b-113-9-l-160
15928106287491	5453-super-clamp
15928106484099	5595-usb-c-data-cable-male-to-female
15928107204995	5443-fsd14-freespeed-heavy-duty-carbon-fiber-tripod
15928108679555	5481-baseplate-with-airtag-slot-for-sony-a7c-ii-a7cr-black
15928109269379	5127-magsafe-compatible-neck-mount
15928109826435	4698-hot-shoe-cover-for-fujifilm-cameras-black
15928110121347	4950-baseplate-for-sony-zv-e10-ii
15928110776707	4630-metal-tabletop-tripod-with-arca-swiss-quick-release-plate-and-panoramic-ball-head
15928111169923	monitor-p238-9hsd-co-carry-on
15928111268227	5567-quick-release-neck-mount-for-dji-osmo-pocket-3
15928111464835	4736-wooden-l-shape-grip-for-fujifilm-x-t50-charcoal-silver
15928111792515	blink-500-prox-b2r-2-4ghz-dual-channel-wireless-microphone-system-with-charging-case
15928112546179	blink-500-prox-rx-trs-trrs-receiver-for-cameras-mobile-devices-and-more
15928112710019	pos-smallrig-product-brochure-for-the-2024-cine-gear
15928112841091	4574-basic-cage-kit-for-blackmagic-design-cinema-6k
15928113004931	5704-cage-for-dji-osmo-360
15928113168771	4799-neutral-density-filter-kit
15928113561987	cineblack-filter-49mm
15928113627523	4929-v-mount-battery-mini-vb99-orange
15928113922435	cineblack-filter-67mm
15928114413955	merino-wool-crew-sock-mtn-blue-size-36-40
15928114643331	merino-wool-crew-sock-mtn-blue-size-41-46
15928114839939	cineblack-filter-77mm
15928115036547	4871-v-mount-battery-mini-vb50-orange
15928115134851	monitor-atem173s
15928115265923	monitor-4k156-9hsd-co
15928115396995	monitor-p215-pro
15928115855747	monitor-atem215s
15928115921283	monitor-fs173-s4k-co
15928116052355	monitor-fs215-s4k-co
15928116183427	monitor-lut215-co
15928116445571	monitor-p133-pro
15928116806019	monitor-p215-pro-co
15928117133699	shoe-pouch-sage
15928121491843	shortstache-mist1-2-pl-49mm
15928123621763	sparepart-locks-zipper-lock-for-airport-rolling-series-pre-packaged
15928124014979	sparepart-tripod-strapssr-buckle-tripod-straps
15928124342659	sparepart-tripod-strapsdouble-gate-keeper-tripod-straps
15928124473731	sparepart-wheel-kit-fits-roller-derby-wheel-kit
15928124801411	sparepart-wheel-kit-fits-5mm-wheel-kit-with-hardware-2-x-80mm-wheels
15928126472579	5261-l-shape-mount-plate-with-wooden-handle-for-fujifilm-x-m5-sliver
15928126734723	shape-shifter-25l-black
15928128373123	darklight-backpack-25l-black
15928129520003	darklight-backpack-25l-montane-green
15928130699651	memory-card-case-slate-sd-edition-ii-desert
15928132239747	shortstache-everyday-mist-1-4-pl-82mm
15928134730115	monitor-atem156-co-spare-door
15928136270211	4791-usb-c-straight-to-usb-c-angled-data-cable-60cm
15928137417091	4790-usb-c-straight-to-usb-c-angled-data-cable-35cm
15928137941379	20th-anniversary-sling-bag
15928137974147	walker-pro-rolling-backpack
15928138269059	sparepart-handle-fits-airport-roller-derby-v1-4-sight-730514
15928138400131	sparepart-handle-fits-airport-advantage-advantage-xt-takeoff-v2-sw-rolling-backpack
15928138629507	sparepart-handle-fits-airport-secuity-v3-video-transport-20-730572-730521
15928138891651	sparepart-handle-fits-airport-international-v3-video-transport-18-730563-730520
15928139055491	sparepart-locks-padlock-for-airport-rolling-video-rollers-manager-series
15928140530051	now-gen-3-purple-bundle-with-color-film-8-photos
15928140562819	now-gen-3-black
15928140988803	cineblack-filter-82mm
15928141480323	now-gen-3-coral
15928143085955	flip-white
15928143184259	cineblack-filter-helix-maglock
15928145838467	cineblack-filter-4x5
15928146231683	travel-tripod-phone-mount-v2
15928146985347	shape-shifter-37l-black
15928147476867	135-series-chroma-cpl-filter-86mm-c
15928149508483	shortstache-everyday-1-4-mist-pl-86mm-c
15928149803395	135-series-chroma-cpl-filter-46mm
15928150950275	135-series-chroma-cpl-filter-58mm
15928151310723	135-series-chroma-cpl-filter-55mm
15928152359299	135-series-chroma-cpl-filter-52mm
15928152818051	135-series-black-mist-filter-46mm
15928154030467	135-series-black-mist-filter-52mm
15928154587523	135-series-chroma-cpl-filter-62mm
15928155341187	135-series-black-mist-filter-55mm
15928155767171	135-series-chroma-cpl-filter-72mm
15928156848515	135-series-chroma-cpl-filter-95mm-c
15928157241731	135-series-black-mist-filter-62mm
15928158486915	135-series-black-mist-filter-72mm
15928158847363	135-series-black-mist-filter-58mm
15928160190851	135-series-black-mist-filter-86mm-c
15928160321923	135-series-black-mist-filter-95mm-c
15928161599875	135-series-gold-mist-filter-58mm
15928161796483	135-series-gold-mist-filter-46mm
15928162484611	135-series-gold-mist-filter-52mm
15928162648451	135-series-gold-mist-filter-55mm
15928163402115	135-series-gold-mist-filter-72mm
15928163533187	135-series-gold-mist-filter-62mm
15928164352387	slide-i-ocean
15928164385155	135-series-gold-mist-filter-86mm-c
15928165171587	capture-camera-clip-v3-with-standard-plate-i-eclipse
15928165237123	135-series-gold-mist-filter-95mm-c
15928165695875	slide-i-eclipse
15928166056323	capture-camera-clip-v3-with-standard-plate-i-ocean
15928166678915	capture-camera-clip-v3-with-standard-plate-i-kelp
15928166941059	slidelite-i-kelp
15928167465347	slide-i-kelp
15928168087939	slidelite-i-eclipse
15928168513923	slidelite-i-ocean
15928169988483	leash-i-eclipse
15928170774915	leash-i-ibis
15928173855107	cuff-i-kelp
15928174346627	leash-i-ocean
15928176148867	leash-i-kelp
15928176247171	cuff-i-eclipse
15928178966915	cuff-i-ibis
15928179196291	cuff-i-ocean
15928180801923	everyday-backpack-20l-v2-i-eclipse
15928180965763	everyday-backpack-20l-v2-i-ocean
15928183456131	everyday-backpack-20l-v2-i-kelp
15928183554435	everyday-backpack-30l-v2-i-kelp
15928186306947	everyday-backpack-15l-zip-v2-i-eclipse
15928186470787	everyday-backpack-30l-v2-i-ocean
15928188207491	everyday-sling-10l-i-eclipse
15928188502403	everyday-sling-10l-i-ocean
15928190468483	everyday-backpack-15l-zip-v2-i-kelp
15928190730627	everyday-sling-3l-i-kelp
15928192532867	everyday-backpack-20l-zip-v2-i-eclipse
15928192893315	everyday-backpack-20l-zip-v2-i-kelp
15928195023235	everyday-sling-3l-i-eclipse
15928195187075	everyday-sling-3l-i-ocean
15928196956547	everyday-tote-15l-v2-i-ocean
15928197185923	everyday-sling-6l-i-kelp
15928198889859	everyday-sling-6l-i-eclipse
15928199577987	everyday-sling-6l-i-ocean
15928200528259	everyday-messenger-13l-i-ocean
15928200987011	everyday-messenger-13l-i-kelp
15928201773443	everyday-tote-15l-v2-i-eclipse
15928202166659	everyday-totepack-20l-v2-i-ocean
15928202854787	everyday-totepack-20l-v2-i-eclipse
15928203215235	everyday-hip-belt-29-i-52-eclipse
15928203248003	the-field-pouch-i-eclipse
15928203641219	the-field-pouch-i-coyote
15928203968899	the-field-pouch-i-kelp
15928204624259	tech-pouch-i-eclipse
15928205312387	tech-pouch-i-kelp
15928206262659	tech-pouch-i-ocean
15928206983555	tech-pouch-small-i-kelp
15928207442307	tech-pouch-small-i-eclipse
15928208064899	tech-pouch-small-i-ocean
15928208458115	travel-backpack-30l-i-eclipse
15928209211779	travel-backpack-45l-i-eclipse
15928210162051	travel-backpack-45l-i-ocean
15928210850179	travel-backpack-30l-i-coyote
15928211734915	5275-universal-thermal-quick-release-cage
15928212259203	travel-backpack-30l-i-ocean
15928213143939	67mm-pryzm-warp
15928213635459	5276-all-in-one-thermal-dual-handheld-video-kit-for-mobile-phone
15928214225283	49mm-pryzm-warp
15928215077251	77mm-pryzm-warp
15928215273859	82mm-pryzm-warp
15928216191363	pro-tripod-i-tall-tripod-i-black
15928216322435	pryzm-warp-lens-mckinnon-edition-helix-maglock
15928217076099	5511-vibe-p108-pro-mini-led-video-light-bumblebee-edition
15928217895299	5512-rf-10c-portable-focusable-led-video-light-bumblebee-edition
15928218190211	5513-vibe-p48-detachable-mobile-phone-led-video-light-bumblebee-edition
15928218780035	5517-foldable-multi-tool-kit-bumblebee-edition
15928219730307	5518-hawklock-quick-release-cage-kit-for-sony-a7r-v-a7-iv-a7s-iii-adv-ed-bumblebee
15928219763075	5521-rosette-arm-support-11-bumblebee-edition
15928220844419	5520-adjustable-monitor-support-compatible-with-arri-3-8-16-screws-bumblebee-edition
15928221172099	5519-swivel-and-tilt-adjustable-monitor-support-with-cold-shoe-bumblebee-edition
15928221958531	5522-magic-arm-support-with-dual-ball-heads-1-4-20-screws-bumblebee-edition
15928222187907	5524-sling-handle-for-dji-rs-2-rsc-2-rs-3-3-pro-mini-rs-4-pro-mini-bumblebee
15928223007107	5523-video-tripod-with-heavy-duty-fluid-head-ad-01-bumblebee-edition
15928223400323	5527-vb99-pro-mini-v-mount-battery-bumblebee-edition
15928224186755	5528-mini-shock-absorber-arm-for-dji-osmo-pocket-3-gopro-hero13-insta360-x4-bumblebee
15928224514435	5526-dual-handgrip-for-dji-rs-2-rsc-2-rs-3-3-pro-rs-4-4-pro-bumblebee-edition
15928225268099	packable-tote-i-ocean
15928225759619	5608-black-mamba-cage-kit-for-canon-eos-r5-mark-ii-bumblebee-edition
15928226283907	5277-67mm-threaded-filter-adapter-with-detachable-sunhoods-for-universal-phone-cage-4299
15928226873731	5395-fp-90-quick-setup-folding-parabolic-softbox
15928227692931	5396-fp-60-quick-setup-folding-parabolic-softbox
15928228282755	5374-rs20-mini-speedlite-flash
15928229331331	5435-grip-tripod-for-action-cameras
15928229495171	5357-rm-25c-mini-led-video-light-black
15928230510979	5315-v-mount-battery-mount-plate-kit-pro
15928230707587	packable-tote-i-ibis
15928231821699	4831-d-tap-1-to-4-power-cable
15928232280451	pro-tripod-i-black
15928235262339	5582-magnetic-phone-clamp-for-gym-recording
15928236048771	pro-tripod-i-spike-feet-i-pro
15928236540291	pro-tripod-i-lite-tripod-i-black
15928236704131	5441-ad14-heavy-duty-carbon-fiber-tripod
15928237293955	5440-ad14-heavy-duty-aluminum-alloy-tripod
15928237392259	5442-fsd14-freespeed-heavy-duty-aluminum-alloy-tripod
15928237719939	5568-vt-07-action-cam-mantis-tripod-in-carabiner-shape
15928237785475	5285-vt-15-mantis-tripod-in-carabiner-shape
15928238080387	5529-crab-shaped-clamp-with-ballhead-magic-arm
15928238211459	5406-camera-battery-usb-c-rechargable-canon-lp-e6p
15928238735747	5407-camera-battery-usb-c-rechargable-canon-lp-e6p-orange
15928238768515	5409-camera-battery-and-charger-kit-for-canon-lp-e6p
15928239292803	5355-ig-01-integragrip-cage
15928239325571	5356-ig-02-integragrip-cage-wireless-controller
15928239817091	5482-baseplate-with-airtag-slot-for-sony-a7c-ii-a7cr-silver
15928239915395	packing-cube-small-i-ocean
15928240144771	5502-black-mamba-cage-for-panasonic-s1r-ii-s1-ii-s1-iie
15928240210307	5503-black-mamba-cage-kit-for-panasonic-s1r-ii-s1-ii-s1-iie
15928240767363	5834-professional-filter-kit-for-dji-osmo-pocket-3
15928240800131	mindshift-photocross-sling-v2-11l-black
15928241029507	mindshift-photocross-sling-v2-14l-black
15928241127811	5642-cage-for-sony-alpha-1-ii-alpha-9-iii
15928241389955	5661-d-style-top-handle-with-nato-clamp
15928241488259	5708-monitor-cage-kit-for-atomos-ninja-tx
15928241750403	5483-turbo-charging-kit-for-np-fz100-camera-batteries
15928241881475	5484-turbo-charging-kit-for-lp-e6nh-camera-batteries
15928242176387	5710-thumb-edc-flashlight
15928242274691	5485-turbo-charging-kit-for-lp-e6p-camera-batteries
15928242667907	5486-turbo-charging-kit-for-en-el15c-camera-batteries
15928242733443	5487-turbo-charging-kit-for-dmw-blk22-camera-batteries
15928242962819	5488-turbo-charging-kit-for-np-fw50-camera-batteries
15928242995587	5696-portable-charger-case-kit-for-np-fz100-camera-batteries
15928243093891	5697-portable-charger-case-kit-for-en-el15c-camera-batteries
15928243126659	5712-foldable-mini-l-shaped-mount-plate
15928243290499	5795-filmov-lightweight-photography-bumper-case-for-iphone-17-pro-max-orange
15928243519875	5794-filmov-lightweight-photography-bumper-case-for-iphone-17-pro-max-gray
15928243585411	5792-filmov-lightweight-photography-bumper-case-for-iphone-17-pro-orange
15928243683715	5791-filmov-lightweight-photography-bumper-case-for-iphone-17-pro-gray
15928243716483	5892-tempered-glass-screen-protector-kit-for-dji-osmo-action-6
15928243880323	5896-filter-kit-for-dji-osmo-action-6
15928243913091	5895-nd-filter-kit-for-dji-osmo-action-6
15928244044163	5888-cage-for-dji-osmo-action-6
15928244076931	5715-s70-wireless-microphone-with-multi-device-compatibility-black
15928244339075	5716-s70-wireless-microphone-with-multi-device-compatibility-white
15928244404611	5802-arca-type-quick-release-plate
15928244633987	5717-s70-c2-wireless-microphone-with-usb-c-adapter-for-phones-black
15928244666755	5566-wireless-video-repeater-for-cameras
15928244732291	5807-cage-for-canon-powershot-v1-black
15928244765059	5686-quick-release-shoulder-strap-for-ricoh-gr-series-black
15928244797827	5685-quick-release-shoulder-strap-for-ricoh-gr-series-grey
15928244961667	5684-quick-release-wrist-strap-for-ricoh-gr-series-red
15928245125507	5683-quick-release-wrist-strap-for-ricoh-gr-series-black
15928245289347	5594-vertical-mount-plate-for-cage-with-arca-type-plate
15928245485955	5359-rm-40c-mini-led-video-light
15928245518723	wash-pouch-i-eclipse
15928245617027	reducing-ring-for-hikmicro-thunder-and-similar-v2
15928245649795	wash-pouch-i-kelp
15928245682563	wash-pouch-i-ocean
15928245879171	shoe-pouch-i-eclipse
15928245977475	wash-pouch-small-i-eclipse
15928246108547	packing-cube-medium-i-ocean
15928246239619	packing-cube-medium-i-ibis
15928246272387	packing-cube-medium-i-eclipse
15928246305155	packing-cube-small-i-ibis
15928246337923	packing-cube-small-i-eclipse
15928246403459	wash-pouch-small-i-ocean
15928246468995	anchor-4-pack-v4-i-ocean
15928246534531	anchor-4-pack-v4-i-kelp
15928246567299	anchor-4-pack-v4-i-eclipse
15928246632835	anchor-4-pack-v4-i-ibis
15928246698371	5630-photo-tripod-alu
15928246731139	5629-photo-tripod-alu
15928246862211	5410-dt-e6p-power-cable
15928246960515	5475-rt190-reversible-portable-studio-light-support
15928247189891	5227-v-mount-battery-mount-plate-kit
15928247255427	5499-left-side-vehicle-shooting-curtain-set-front-rear
15928247320963	5507-shock-absorber-support-with-electronic-suction-cup-for-osmo-pocket-3-hero13-and-more
15928247353731	lightleak-50mm-canon-rf-mount
15928247419267	lightleak-50mm-fuji-x-mount
15928247517571	lightleak-50mm-nikon-z-mount
15928247583107	lightleak-50mm-sony-e-mount
15928247648643	5609-bottom-mount-plate-with-dual-15mm-rod-clamp
15928247779715	5563-l-shaped-mount-plate-with-wooden-handle-for-om-system-om-3
15928247910787	5607-cage-adapter-for-dji-osmo-pocket-3
15928247943555	5581-mount-support-for-dji-osmo-pocket-3
15928248205699	hydrophobia-eyepiece-for-canon-r5-ep-r5
15928248336771	hydrophobia-eyepiece-for-canon-r1-ep-r1
15928248500611	5498-right-side-vehicle-shooting-curtain-set-front-rear
15928249057667	5399-5-electric-suction-cup-mount-kit
15928251187587	5398-5-electric-suction-cup-mount
15928251580803	roller-pro-carry-on-i-wheel-replacement-i-set-of-2-wheels
15928251810179	spareparts-v2-i-camera-cube-v2-x-large-divider
15928252006787	spareparts-v2-i-camera-cube-v2-x-large-divider-1
15928252072323	spareparts-v2-i-camera-cube-v2-x-large-divider-2
15928252170627	roller-pro-carry-on-i-roller-pro-id-tag-hypalon
15928252236163	shortstache-shift-filter-set-67mm
15928252367235	shortstache-shift-filter-set-49mm
15928252465539	shortstache-shift-filter-set-helix-maglock
15928252563843	5954-hawklock-quick-release-cage-for-canon-eos-r6-mark-iii-r6-mark-ii
15928252629379	5991-36-video-production-camera-cart-lite
15928253383043	5953-hawklock-quick-release-half-cage-for-canon-eos-r6-mark-iii-r6-mark-ii-r5-mark-ii
15928254333315	5957-hawklock-quick-release-cage-kit-for-canon-eos-r6-mark-iii-r6-mark-ii
15928254398851	5956-cage-basic-kit-for-canon-eos-r6-mark-iii-r6-mark-ii-advanced-edition
15928255447427	5955-cage-basic-kit-for-canon-eos-r6-mark-iii-r6-mark-ii
15928255545731	5962-l-shaped-mount-plate-w-airtag-slot-for-canon-eos-r6-mk-iii-r6-mk-ii-r5-mk-ii
15928256430467	5958-hawklock-quick-release-cage-kit-for-canon-eos-r6-mk-iii-r6-mk-ii-advanced-edition
15928256659843	5960-black-mamba-cage-kit-for-canon-eos-r6-mark-iii-r6-mark-ii
15928257937795	5969-hdmi-usb-c-cable-clamp-for-cage-for-canon-eos-r6-mark-iii-r5-mark-ii
15928257970563	5911-bidirectional-quick-release-adapter-support-with-2-prong-mount
15928259051907	5918-bidirectional-qr-folding-adapter-support-with-2-prong-mount-and-1-4-20-threaded-hole
15928259281283	5852-uv-filter-for-fujifilm-x100vi-x100v-black
15928259707267	5853-uv-filter-for-fujifilm-x100vi-x100v-silver
15928259772803	5779-bidirectional-quick-release-adapter-support-with-1-4-20-threaded-hole
15928260329859	5494-hot-shoe-cover-for-sony-black-2pcs
15928260428163	5495-hot-shoe-cover-for-sony-grey-2pcs
15928260854147	5818-rs20-mini-speedlite-flash-silver
15928260985219	6034-l-shaped-mount-plate-with-airtag-slot-for-sony-alpha-7-v-7r-v-7-iv
15928261312899	5874-cooling-fan-for-nikon-zr
15928261869955	6062-usb-c-cable-clamp-for-cages-for-sony-alpha-7-v
15928261968259	6033-baseplate-with-airtag-slot-for-sony-alpha-7-v-7r-v-7-iv
15928262361475	6031-advanced-rhinoceros-cage-kit-for-sony-alpha-7-v-7r-v-7-iv
15928262459779	6030-rhinoceros-cage-kit-for-sony-alpha-7-v-7r-v-7-iv
15928263246211	5472-mount-plate-with-cold-shoe-mount-4pcs
15928263344515	5787-cpl-nd16-nd32-nd64-filter-kit-for-dji-osmo-nano
15928263573891	5748-four-channel-camera-battery-charger-for-dmw-blk22
15928263901571	5789-1-2-1-4-black-diffusion-nd8-cpl-polarizing-filter-kit-for-dji-osmo-nano
15928263967107	5788-vnd-1-5-stop-filter-for-dji-osmo-nano
15928264130947	5294-edc-multi-tool
15928264622467	5872-1-4-effect-black-mist-filter-for-dji-osmo-nano
15928264819075	5107-portable-charger-case-for-en-el15c-camera-batteries
15928265048451	5106-portable-charger-case-for-np-fz100-camera-batteries
15928265376131	5105-portable-charger-case-for-lp-e6p-camera-batteries
15928265507203	3662-magnetic-adapter-for-dji-osmo-action
15928266064259	5695-portable-charger-case-kit-for-lp-e6p-camera-batteries
15928266424707	5464-selfie-tripod-for-action-cameras-phones
15928266490243	5610-protective-case-for-dji-osmo-pocket-3
15928266621315	5462-wireless-remote-controller-for-action-cameras-and-mobile-phones
15928266785155	5565-carbon-fiber-video-monopod
15928266883459	5887-cage-for-dji-osmo-action-6-advanced-edition
15928267571587	shortstache-shift-filter-set-77mm
15928267604355	shortstache-shift-filter-set-82mm
15928268095875	shortstache-shift-filter-set-86mm-c
15928268161411	5808-l-shaped-mount-plate-with-handle-for-canon-powershot-v1-black
15928268521859	shortstache-shift-filter-set-95mm-c
15928268620163	5824-vertical-to-horizontal-mount-support-for-insta360-x5-x4-air-x4-x3
15928269209987	6028-advanced-hawklock-cage-kit-for-sony-alpha-7-v-7r-v-7-iv
15928269308291	6027-hawklock-cage-kit-for-sony-alpha-7-v-7r-v-7-iv
15928269635971	6026-advanced-cage-kit-for-sony-alpha-7-v-7r-v-7-iv
15928269701507	6025-cage-kit-for-sony-alpha-7-v-7r-v-7-iv
15928270061955	6024-hawklock-quick-release-cage-for-sony-alpha-7-v-7r-v-7-iv
15928270127491	cineflow-filter-77mm
15928270422403	everyday-billfold-wallet-black
15928270487939	everyday-billfold-wallet-eclipse
15928270979459	everyday-slim-wallet-black
15928271110531	everyday-slim-wallet-eclipse
15928271765891	everyday-billfold-wallet-kelp-green
15928271896963	5585-megatron-edition-mobile-dual-handheld-kit-for-iphone-17-pro
15928272224643	5584-megatron-edition-mobile-dual-handheld-kit-for-iphone-17-pro-max
15928272355715	5803-screen-protector-for-fujifilm-x100vi-x100v-x-e4-x-t4-x-t5-ricoh-gr-iv
15928272912771	5804-screen-protector-for-fujifilm-x-t30-iii-x-t30-ii-x-t30-x-s10
15928273011075	5805-screen-protector-for-canon-r6-r6-ii-r7
15928273371523	5806-screen-protector-for-canon-powershot-v1-g7x-iii
15928273404291	5689-camera-finger-strap-for-ricoh-gr-series
15928273961347	5446-fill-light-for-action-cameras
15928274223491	5688-thumb-grip-for-ricoh-gr-iv-black
15928276877699	5687-quick-release-shoulder-strap-for-ricoh-gr-series-red
15928277565827	5680-lens-protective-cap-for-ricoh-gr-iv
15928277959043	5679-uv-filter-for-ricoh-gr-iv
15928278319491	5677-leather-case-kit-for-ricoh-gr-iv-gr-iii-gr-iiix-gr-iii-hdf-gr-iiix-hdf-grey
15928278516099	5678-leather-case-kit-for-ricoh-gr-iv-gr-iii-gr-iiix-gr-iii-hdf-gr-iiix-hdf-red
15928278745475	5673-storage-bag-for-camera-black
15928278909315	5890-bidirectional-qr-folding-adapter-mount-with-2-prong-mount-and-1-4-20-threaded-hole
15928279105923	5676-leather-case-kit-for-ricoh-gr-iv-gr-iii-gr-iiix-gr-iii-hdf-gr-iiix-hdf-black
15928279204227	5917-storage-bag-for-action-cameras
15928279695747	5952-side-handle-with-nato-clamp
15928279892355	5966-cpl-filter-for-dji-osmo-action-6
15928280318339	5724-head-strap-mount-for-action-cameras
15928280383875	5747-four-channel-camera-battery-charger-for-en-el15c
15928280646019	yolocam-s7
15928280777091	travel-backpack-20l-i-sage
15928281137539	travel-backpack-20l-i-black
15928281891203	6075-square-nd-black-mist-filter-kit-for-iphone-17-pro-max-orange
15928282218883	6076-square-nd-black-mist-filter-kit-for-iphone-17-pro-max-blue
15928282382723	6074-square-nd-black-mist-filter-kit-for-iphone-17-pro-silver
15928282546563	5985-l-shaped-mount-plate-with-wooden-handle-for-fujifilm-x-e5-rosewood-black
15928282612099	6236-l-shaped-mount-plate-with-wooden-handle-for-fujifilm-x-e5-ebony-silver
15928282972547	5984-l-shaped-mount-plate-with-wooden-handle-for-fujifilm-x-e5-rosewood-silver
15928283070851	everyday-backpack-20l-v2-i-black-free-slide-lite-strap-i-black
15928283431299	everyday-backpack-20l-zip-v2-i-kelp-free-leash-i-kelp
15928283627907	everyday-backpack-15l-zip-v2-i-eclipse-free-leash-i-eclipse
15928283857283	everyday-backpack-20l-v2-i-ocean-free-slide-lite-strap-i-ocean
15928284152195	everyday-backpack-20l-v2-i-eclipse-free-slide-lite-strap-i-eclipse
15928284709251	5814-quick-release-mount-adapter-for-insta360-x5-x4-air-ace-pro-2-ace-pro-ace
15928284938627	5682-quick-release-wrist-strap-for-ricoh-gr-series-grey
15928285200771	6029-rhinoceros-cage-for-sony-alpha-7-v-7r-v-7-iv
15928285856131	5463-grip-designed-powerbank-for-action-cameras-phones
15928287756675	6023-hawklock-quick-release-half-cage-for-sony-alpha-7-v-7r-v-7-iv
15928288215427	5919-quick-release-mount-adapter-for-insta360-go-ultra
15928289427843	5920-2-magnification-telephoto-lens-for-phones-t-mount
15928289493379	5334-2-magnification-telephoto-macro-lens-kit-for-phones-t-mount
15928290640259	cineflow-filter-86mm-c
15928290673027	cineflow-filter-82mm
15928291688835	cineflow-filter-95mm-c
15928291918211	spareparts-v2-i-camera-cube-v2-x-large-divider-3
15928292409731	cineflow-filter-helix-maglock
15928292671875	5580-fsd16-freespeed-heavy-duty-carbon-fiber-tripod
15928293065091	5578-fsd18-freespeed-heavy-duty-carbon-fiber-tripod
15928293163395	5298-usb-c-camera-battery-with-power-display-for-canon-lp-e6p
15928293327235	5577-fsd18-freespeed-heavy-duty-aluminum-alloy-tripod
15928293392771	5784-s70rx-l-wireless-microphone-receiver-white
15928293425539	5725-grip-tripod-for-action-cameras
15928293491075	5947-mini-side-handle-with-nato-clamp
15928293523843	5299-usb-c-camera-battery-with-power-display-for-nikon-en-el15c
15928293589379	6084-nd16-filter-for-dji-osmo-action-6
15928293851523	6085-nd32-filter-for-dji-osmo-action-6
15928293949827	5967-filter-kit-for-dji-osmo-action-6
15928294211971	now-gen-3-teal
15928294277507	now-gen-3-pink
15928294343043	6086-1-4-effect-black-mist-filter-for-dji-osmo-action-6
15928294375811	hi-print-3x3-pocket-printer-60-sheets
15928294506883	hi-print-3x3-pocket-printer-10-sheets
15928294670723	5796-rm-03-macro-photography-led-video-light-kit-2-pack
15928294867331	5906-l-shaped-mount-plate-with-wooden-handle-for-nikon-zr
15928294900099	5904-hawklock-quick-release-cage-for-nikon-zr
15928294998403	6113-hawklock-quick-release-cage-kit-for-nikon-zr
15928295031171	5536-adapter-plate-for-np-f-type-batteries-supports-ups
15928295260547	5729-usb-c-rechargable-camera-battery-for-np-f970
15928295293315	5894-cpl-vnd3-5-filter-for-dji-osmo-action-6
15928295358851	6112-hd-screen-protector-kit-for-dji-rc-pro-2
15928295620995	5980-hd-screen-protector-for-dji-rc-rc-2
15928295784835	6042-camera-wrap-wild-china-film-series-black-necked-crane-pattern
15928295915907	cineflow-filter-49mm
15928296014211	6073-square-nd-black-mist-filter-kit-for-iphone-17-pro-blue
15928296210819	cineflow-filter-67mm
15928296276355	portra-true-color-pl-white-mist-1-4-67mm
15928296538499	portra-true-color-pl-white-mist-1-4-49mm
15928296604035	portra-true-color-pl-white-mist-1-4-82mm
15928296898947	portra-true-color-pl-white-mist-1-4-77mm
15928296997251	portra-true-color-pl-white-mist-1-4-86mm-c
15928298668419	portra-true-color-pl-white-mist-1-4-95mm-c
15928299127171	5785-rf-05b-portable-zoom-led-video-light
15928301158787	portra-true-color-pl-white-mist-1-4-helix-maglock
15928301748611	5951-hawklock-h21-quick-release-side-handle
15928301846915	5950-side-handle-with-1-4-20-locating-screw
15928302240131	5948-mini-side-handle-kit
15928302305667	5975-camera-viewfinder-eyecup-for-sony-fx2
15928302698883	5946-mini-side-handle-with-1-4-20-locating-screw
15928302764419	5908-cage-for-alpha-1-ii-alpha-9-iii-with-vertical-grip-vg-c5
15928303157635	5720-quick-release-chest-strap-mount-for-action-cameras
15928303321475	5921-camera-battery-charger-for-dji-action-6-action-5-pro-osmo-360
15928304238979	5199-hawklock-vct-14-type-shoulder-rig-sr009
15928304468355	5749-four-channel-camera-battery-charger-for-np-fw50
15928304959875	5537-adapter-plate-kit-for-np-f-type-batteries-for-15mm-lws-rods-supports-ups
15928305058179	5341-camera-cage-kit-for-fujifilm-gfx-eterna-55
15928305746307	goldstache-filter-49mm
15928305811843	goldstache-filter-46mm
15928306237827	goldstache-filter-43mm
15928306303363	goldstache-filter-52mm
15928306827651	goldstache-filter-55mm
15928306893187	goldstache-filter-58mm
15928307351939	goldstache-filter-62mm
15928307384707	goldstache-filter-67mm
15928307876227	goldstache-filter-72mm
15928307908995	goldstache-filter-82mm
15928308236675	goldstache-filter-77mm
15928308302211	goldstache-filter-86mm-c
15928308760963	5922-charging-case-for-batteries-for-dji-action-6
15928308793731	goldstache-filter-95mm-c
15928309318019	goldstache-helix-maglock
15928309645699	5923-camera-battery-charger-for-insta360-x5
15928310104451	5863-black-mist-filter-kit-for-insta360-go-ultra
15928310595971	5939-advanced-cage-for-insta360-x4-air
15928310792579	5989-furry-windscreen-for-canon-powershot-v1
15928311218563	6087-cpl-filter-for-insta360-go-ultra
15928311251331	5579-fsd16-freespeed-heavy-duty-aluminum-alloy-tripod
15928311808387	go-film-gradient-frame-double-pack-16-photos
15928312004995	5949-mini-side-and-top-handle-kit
15928312398211	hi-print-3x3-paper-cartridge-30-sheets
15928312562051	5976-top-handle-with-cold-shoe-mount
15928312693123	5783-s70rx-l-wireless-microphone-receiver-black
15928313119107	5977-top-handle-with-nato-clamp
15928313151875	5905-half-cage-for-nikon-zr
15928313676163	5945-l-shaped-mount-plate-with-wooden-handle-for-panasonic-s9
15928313905539	5723-wrist-strap-mount-for-action-cameras
15928314331523	5721-hook-and-loop-backpack-strap-mount-for-action-cameras
15928314397059	5722-backpack-clip-for-action-cameras
15928314921347	5843-vehicle-suction-cup-support-kit-for-action-cameras
15928314986883	5982-hd-screen-protector-for-dji-rc-pro-2
15928315412867	6111-hd-screen-protector-kit-for-dji-rc-rc-2
15928315642243	5886-cage-for-dji-osmo-action-6-basic-edition
15928315806083	6259-handle-for-smallrig-cages-for-dji-osmo-action-6
15928316166531	5891-cage-kit-for-dji-osmo-action-6
15928316330371	5297-usb-c-camera-battery-with-power-display-for-sony-np-fz100
15928316887427	6021-quick-release-v-lock-mount-plate-kit
15928317346179	6014-bidirectional-attachable-mount-to-arca-swiss-adapter-for-dji-osmo-series
15928317444483	5711-cold-shoe-mount-with-hook-and-loop-strap
15928317706627	5862-filter-kit-for-insta360-go-ultra
15928317804931	5925-camera-strap-wild-china-film-series-emperor-penguin-pattern
15928318296451	6064-square-uv-filter-kit-for-iphone-17-pro-blue
15928318394755	6065-square-uv-filter-kit-for-iphone-17-pro-silver
15928318853507	5110-power-bank-charger-case-kit-for-nikon-en-el15c-camera-batteries
15928318984579	5109-power-bank-charger-case-kit-for-sony-np-fz100-camera-batteries
15928319672707	litechaser-17-vnd-4-8-stop-filter-for-iphone-15-16-17
15928319738243	everyday-backpack-20l-v2-i-kelp-free-slide-lite-strap-i-kelp
15928320033155	outdoor-backpack-zip-18l-kelp
15928320262531	outdoor-backpack-25l-kelp
15928321442179	outdoor-backpack-45l-kelp
15928322621827	outdoor-sling-2l-kelp
15928323899779	outdoor-sling-4l-kelp
15928324161923	outdoor-sling-7l-kelp
15928324981123	mobile-micro-anchor-3-pack
15928325865859	mobile-crossbody-strap-i-ocean
15928326488451	mobile-crossbody-strap-i-black
15928327176579	mobile-strap-adapter
15928327733635	mobile-crossbody-multi-strap-i-ocean
15928328192387	mobile-crossbody-multi-strap-i-black
15928328421763	5842-car-suction-support-3-6-for-action-cameras
15928328913283	mobile-cuff-i-black
15928328978819	mobile-cuff-i-ocean
15928330125699	5713-horizontal-to-vertical-camera-viewfinder-eyecup-for-sony-fx2
15928330453379	5820-neo-mini-led-video-light-p96-morandi-gray
15928333107587	5821-neo-mini-led-video-light-p108-nebula-gray
15928333566339	travel-crossbody-3l-i-black
15928334123395	travel-backpack-20l-i-stone
15928334254467	6269-silicone-case-kit-for-s70-wireless-microphone-9-colors
15928334745987	travel-crossbody-3l-i-sage
15928334975363	travel-crossbody-3l-i-stone
15928335270275	travel-hip-belt-i-black
15928336318851	weekender-strap-replacement-black
15928336417155	5988-screen-protector-for-fujifilm-x-e5
15928336548227	lens-18mm-f1-4-lens
15928336744835	6252-wireless-video-transmitter-support-for-camera-cart-3-in-1-version
15928337072515	6253-tripod-head-mount-plate-for-camera-cart-75mm-100mm
15928337105283	6254-cable-hook-for-camera-cart
15928337170819	6255-cup-holder-for-camera-cart
15928337269123	6257-mount-plate-for-monitor-vesa-for-camera-cart
15928337400195	5940-cage-for-insta360-x4-air
15928337432963	6258-dual-tripod-support-for-camera-cart
15928337629571	5335-rf-20c-portable-focusable-led-video-light
15928338579843	5204-charging-case-with-integrated-power-bank-for-dji-mic-2
15928339005827	5726-fence-mount-for-action-cameras
15928339038595	6077-square-nd-black-mist-filter-kit-for-iphone-17-pro-max-silver
15928339235203	6069-square-uv-filter-kit-for-iphone-17-pro-max-silver
15928339267971	6070-square-nd-filter-kit-nd2-to-nd16-for-iphone-17-pro-series
15928339431811	6071-square-1-4-black-mist-filter-for-iphone-17-pro-series
15928339530115	6068-square-uv-filter-kit-for-iphone-17-pro-max-blue
15928339562883	6067-square-uv-filter-kit-for-iphone-17-pro-max-orange
15928339759491	everyday-backpack-30l-v2-i-coyote-free-slide-lite-strap-i-coyote
15928339825027	everyday-backpack-30l-v2-i-kelp-free-slide-lite-strap-i-kelp
15928340283779	5281-cage-kit-for-blackmagic-pyxis-6k-12k
15928340316547	6063-square-uv-filter-kit-for-iphone-17-pro-orange
15928340513155	6072-square-nd-black-mist-filter-kit-for-iphone-17-pro-orange
15928340545923	5366-manfrotto-type-mount-plate-kit-with-15mm-dual-rod-clamp
15928340709763	5849-lens-hood-for-fujifilm-x100vi-x100v-silver
15928340873603	5851-uv-filter-with-lens-hood-kit-for-fujifilm-x100vi-x100v-silver
15928341004675	5850-uv-filter-with-lens-hood-kit-for-fujifilm-x100vi-x100v-black
15928341070211	5848-lens-hood-for-fujifilm-x100vi-x100v-black
15928341102979	5763-pov-wrist-strap-for-action-cameras
15928341234051	5978-remote-controller-shoulder-strap
15928341365123	6239-hot-shoe-cover-for-fujifilm-cameras-walnut
15928341725571	6240-hot-shoe-cover-for-fujifilm-cameras-ebony
15928341758339	6238-hot-shoe-cover-for-fujifilm-cameras-rosewood
15928341856643	litechaser-16-vnd-2-5-stop-black-mist-filter-for-iphone-15-16-17
15928341889411	6237-l-shaped-mount-plate-with-wooden-handle-for-fujifilm-x-e5-ebony-black
15928341954947	5690-v-mount-battery-mount-plate-kit-for-arca-swiss-plate-nato-rail
15928341987715	5108-power-bank-charger-case-kit-for-canon-lp-e6p-lp-e6nh-camera-batteries
15928342053251	everyday-backpack-15l-zip-v2-i-kelp-free-leash-i-kelp
15928342118787	everyday-backpack-15l-zip-v2-i-black-free-leash-i-black
15928342446467	everyday-backpack-20l-zip-v2-i-eclipse-free-leash-i-eclipse
15928342479235	everyday-backpack-20l-zip-v2-i-black-free-leash-i-black
15928342643075	everyday-backpack-30l-v2-i-black-free-slide-lite-strap-i-black
15928342675843	everyday-backpack-20l-v2-i-coyote-free-slide-lite-strap-i-coyote
15928342708611	everyday-backpack-30l-v2-i-ocean-free-slide-lite-strap-i-ocean
15929914589571	mic-mini-2-charging-case
15929921110403	mic-mini-2-multi-color-magnetic-front-cover
15929928253827	mic-series-mobile-receiver-adapter-usb-c-to-lightning
15933504127363	cardreader-sd-microsd-cf-memstick-usb-3-0
15933504356739	go-3s-motorcycle-in-helmet-pov
15936846889347	outdoor-cases-type-3000-meta-quest-3-i-50pcs-special-design-not-for-sale
15936846922115	outdoor-cases-type-3000-meta-quest-3-i-200pcs-special-design-not-for-sale
15936846954883	outdoor-cases-type-3000-meta-quest-3-i-100pcs-special-design-not-for-sale
15936846987651	outdoor-cases-type-3000-meta-quest-3-i-300pcs-special-design-not-for-sale
15936847020419	outdoor-action-case-type-1000-dji-osmo-action-6-i-black
15936847053187	outdoor-action-case-type-1000-dji-osmo-action-6-i-yellow
15936847085955	outdoor-action-case-type-2000-dji-osmo-action-6-i-black
15936847118723	outdoor-action-case-type-1000-dji-osmo-action-6-i-bronze-green
15936847151491	outdoor-action-case-type-1000-dji-osmo-action-6-i-orange
15936847184259	outdoor-action-case-type-2000-dji-osmo-action-6-i-yellow
15936847217027	outdoor-action-case-type-2000-dji-osmo-action-6-i-bronze-green
15936847249795	outdoor-action-case-type-1000-dji-osmo-360-i-black
15936847282563	outdoor-action-case-type-1000-dji-osmo-360-i-yellow
15936847315331	outdoor-action-case-type-1000-dji-osmo-360-i-orange
15936847348099	outdoor-action-case-type-1000-dji-osmo-360-i-bronze-green
15939055255939	flip-up-cover-for-modular-adapter-system
15940748444035	cfexpress-4-0-black-type-b-r3530-w3250-325gb
15940748575107	cfexpress-4-0-black-type-b-r3530-w3250-650gb
15940748640643	x4-air-battery_arctic-white
15940748706179	a1-propeller-guards
15942407651715	pro-tripod-i-pro-tripod-hex-tool
15948140151171	5992-storage-bag-for-dji-osmo-pocket-4-3
15948140183939	sdxc-black-rugged-uhs-ii-v90-r300-w250-64gb-2pack
15948140216707	travel-duffel-50l-eclipse
15948140249475	cfexpress-power-i-type-a-i-vpg400-r880-w790-80gb-2pack
15948140282243	mobile-i-compact-cameras-i-crossbody-strap-i-ibis
15948140315011	mobile-i-compact-cameras-i-crossbody-multi-strap-i-ibis
15948140347779	mobile-i-compact-cameras-i-cuff-i-ibis
15948140380547	5636-protective-case-for-dji-osmo-pocket-3
15948140413315	5328-cooling-fan-for-mirrorless-cameras-hybrid-cooling
15948140446083	5329-cooling-fan-for-mirrorless-cameras-basic-fan
15948140478851	5705-power-bank-for-dji-osmo-pocket-3-4
15948140511619	5508-handheld-shock-absorber-support
15948140544387	6083-mini-quick-release-tripod-for-dji-osmo-pocket-3-4
15948140577155	6049-mini-tripod-for-dji-osmo-pocket-4-3
15948140609923	6007-silicone-case-kit-for-dji-osmo-pocket-4
15948140642691	6008-mount-support-for-dji-osmo-pocket-4
15948140675459	6050-chest-mount-for-dji-osmo-pocket-4-3
15948140708227	6051-backpack-strap-mount-for-dji-osmo-pocket-4-3
15948140740995	6052-backpack-strap-clip-mount-for-dji-osmo-pocket-4-3
15948140773763	6004-attachable-support-for-dji-osmo-pocket-4-and-mobile-phones
15948140806531	6003-mount-support-for-dji-osmo-pocket-4
15948140839299	6002-cage-for-dji-osmo-pocket-4-basic-edition
15948140872067	6005-gimbal-protective-case-for-dji-osmo-pocket-4
15948140904835	6045-creative-design-sling-bag-wild-china-film-series-with-snow-leopard-pattern
15948140937603	6374-advanced-camera-cage-kit-with-filters-for-dji-osmo-action-6
15948140970371	5883-mini-speedlite-flash-rs-r22
15948141003139	5882-retro-mini-speedlite-flash-rs-r20
15948141035907	6006-cage-for-dji-osmo-pocket-4-3
15948141068675	5936-foldable-landing-pad
15948141101443	5730-usb-c-data-cable-coiled-straight-to-angled
15948141134211	5732-usb-c-data-cable-straight-to-angled-100cm-40gbps-240w-8k
15948678857091	300w-three-way-charger-for-matrice-4-series
15950418182531	spectra-split-50-77mm
15950418215299	spectra-split-50-67mm
15950418313603	spectra-split-50-49mm
15950418346371	spectra-split-50-82mm
15950418444675	spectra-split-50-helix-maglock
15951404073347	osmo-mobile-8p-standard-combo
15951406989699	osmo-mobile-8p-advancedtracking-combo
15951409971587	osmo-mobile-8p-creator-combo
15951416099203	osmo-mobile-multifunctional-module-2
15951419867523	osmo-mobile-magnetic-phone-clamp-5
15951423308163	care-refresh-2-ar-dji-osmo-mobile-8p
15951425503619	care-refresh-1-ar-dji-osmo-mobile-8p
15954407752067	tk3-m4-matrice-4-series-tethered-power-system-set
15954446221699	tk3-m4-tethered-power-system-50m
15954555109763	tk3-m4-tethered-airborne-unit
15955274891651	multi-functional-handheld-searchlight-mt60
15955294060931	high-power-handheld-searchlight-mt100
15955413959043	cz100v-tethered-lighting-system
15956880392579	x4-air_flexicare-2-year-en
15956880458115	x5_flexicare-2-year-en
15956880556419	go-ultra_flexicare-2-year-en
15956880589187	go-ultra_flexicare-1-year-en
15956880753027	x4_flexicare-2-year-en
15956880949635	ace-pro-2_flexicare-2-year-en
15956881113475	x5_flexicare-1-year-en
15963482587523	ssd-touchlock-support-128-bit-aes-encryption-with-one-touch-near-field-1tb
15963482653059	ssd-touchlock-support-128-bit-aes-encryption-with-one-touch-near-field-512gb
15965797482883	sumo-pro-19
15970120008067	airport-accelerator-backpack-41l-black
15970120335747	turnstyle-5l-golden-hour
15970120532355	airport-commuter-backpack-31l-black
15970120663427	airport-essentials-backpack-26l-black
15970120827267	airport-essentials-rolling-backpack-black
15970120925571	turnstyle-11l-black
15970121154947	turnstyle-11l-golden-hour
15970121220483	turnstyle-11l-urban-rust
15970121482627	turnstyle-11l-greenway
15970121580931	turnstyle-5l-black
15970122269059	turnstyle-5l-greenway
15970122334595	6359-attachable-quick-release-backplate-mount-support-with-usb-c-port-for-dji-osmo-pocket-4
15970122367363	5942-l-shaped-mount-plate-with-wooden-handle-for-panasonic-lumix-l10-black
15970122563971	turnstyle-5l-urban-rust
15970124366211	5943-l-shaped-mount-plate-with-wooden-handle-for-panasonic-lumix-l10-silver
15970124759427	turnstyle-8l-golden-hour
15970126070147	turnstyle-8l-black
15970127544707	turnstyle-8l-greenway
15970128265603	turnstyle-8l-urban-rust
15970128986499	6009-attachable-backplate-support-for-dji-osmo-pocket-4
15970129215875	5986-leather-storage-bag-for-fujifilm-x-e5-x100vi-brown
15970129379715	5987-leather-storage-bag-for-fujifilm-x-e5-x100vi-black
15970129543555	5362-shoulder-strap-for-dji-stabilizers-black
15970129674627	5699-leather-half-case-for-panasonic-lumix-l10-brown
15970129871235	5875-cooling-fan-for-panasonic-lumix-s1-ii-s1-iie-s1r-ii
15970129936771	5698-leather-half-case-for-panasonic-lumix-l10-black
15970130002307	5907-high-definition-adapter-for-nikon-zr
15970130100611	6376-sp-air-spotlight
15970130166147	6247-hot-shoe-cover-for-sony-2pcs-black
15970130231683	5801-cage-kit-for-sony-fx6
15970130297219	5700-l-shaped-mount-plate-handle-for-panasonic-lumix-l10-black
15970130428291	5701-l-shaped-mount-plate-handle-for-panasonic-lumix-l10-silver
15970130559363	5702-thumb-grip-for-panasonic-lumix-l10-black
15970130624899	6136-l-shaped-mount-plate-handle-for-panasonic-lumix-l10-titanium
15970130821507	5703-thumb-grip-for-panasonic-lumix-l10-silver
15970131018115	6275-leather-half-case-kit-for-panasonic-lumix-l10-brown
15970131181955	6274-leather-half-case-kit-for-panasonic-lumix-l10-black
15970131378563	6371-dedicated-street-photography-cage-for-dji-osmo-action-5-pro-4-3
15977540059523	cineblack-filter-39mm
15977540092291	cinegold-filter-39mm
15977540157827	shortstache-everyday-mist-1-4-pl-39mm
15978629792131	multi-use-drop-kit
15979579441539	neos-nh35l
15979579474307	neos-nh25l
15979579638147	neos-ne25
15979579670915	mic-pro-2-tx-1-rx
15979579736451	mic-pro-1-tx-1-rx
15979579801987	mic-pro-transmitter_graphite-black
15979579900291	dual-panel-coupler-for-360c
15980214124931	jlidrone-four-drop-kit-pl10-for-dji-matrice-400
15980214419843	jlidrone-fc30-front-mounted-2-load-bracket
15980214616451	jlidrone-s3-matrix-flash-for-dji-matrice
15980215665027	jlidrone-t30vl-matrix-lamp-for-dji-mavic-3-enterprise
15981493977475	cfexpress-pro-gold-r3600-w3300-128gb
15981494010243	6372-hawklock-quick-release-cage-for-canon-eos-r6-v
15981494075779	q-r-mount-picatinny-weaver-extended-rings-30mm-h7-5-ext-50mm-total-h23
15981494108547	6379-hawklock-quick-release-cage-kit-for-canon-eos-r6-v
15981494141315	6389-stainless-steel-screw-set-for-camera-accessories
15981494174083	6406-clamp-for-hdmi-cable-for-sony-alpha-7-v-7-iv-cages
15981494206851	6152-floating-grip-for-action-cameras
15981494305155	6381-hawklock-quick-release-cage-kit-with-v-mount-battery-plate-for-canon-eos-r6-v
15981494337923	6318-mount-plate-compatible-with-manfrotto-501pl-type
15983540011395	osmo-action-6-vnd-filter-3-5-stop
15983540044163	osmo-action-6-shutter-collection-nd8-nd16-nd32
15992624251267	6089-10000mah-battery-and-charger-kit-for-21700-battery-brown
15992624284035	6088-5000mah-battery-and-charger-kit-for-21700-battery-brown
15994861715843	osmo-nano-shutter-collection-nd8-nd16-nd32-nd64
15995853013379	db2160-intelligent-flight-battery
15995853144451	c12000-intelligent-powersupply
15995853537667	db2160-air-cooled-heat-sink
15995853603203	battery-incubator-21-l
15995854094723	cellular-dongle-kit-ag
15995854160259	rtk-dongle
15995854422403	fc100-parachute-kit
15996956574083	go-gen-2-blue
16003006595459	4g-dongel-kit-mavic-3-enterprise-serien-begagnad
16006044942723	6091-10000mah-battery-and-charger-kit-for-21700-battery-black
16006044975491	6090-5000mah-battery-and-charger-kit-for-21700-battery-black
16006045008259	kd-910p-panel-holder-kd-910p
16006045041027	spectra-center-split-67mm
16006045073795	spectra-center-split-49mm
16006045106563	spectra-center-split-77mm
16006045139331	polarprospectra-center-split-82mm
16006045172099	spectra-center-split-helix-maglock
16007897678211	go-gen-3-black
16007897710979	go-gen-3-white
16007897743747	kit-bcc5000-apb1000
16007897776515	go-gen-3-teal
16007897809283	go-gen-3-black-color-film-bundle-8-photos
16007897842051	go-gen-3-purple
16007897874819	go-gen-3-purple-color-film-bundle-8-photos
16007897907587	kit-bcc5000-apb1000-x2-asp1000-p
16007897940355	kit-bcc5000-x2
16011080728963	cfexpress-pro-gold-r3600-w3300-256gb
16011080761731	cfexpress-4-0-pro-silver-serie-r3600-w3000-sw2600-512gb
16011080794499	ssd-sl300-usb3-2-gen2-up-to-r1050-w1000-512gb
16011080827267	insta360-x5-shutter-collection-nd16-nd32-nd64
16016574415235	6362-selfie-stick-support-for-dji-osmo-action-6-nano
16016574480771	6363-selfie-stick-support-for-dji-osmo-action-6-nano-1-5m
16016574677379	pavotube-ii-6cp-1-kit
16016574841219	6319-selfie-stick-support-for-action-cameras-120cm
16016575103363	5864-t99-v-mount-battery-power-bank
16016575234435	6526-s70-wireless-microphone-with-multi-device-compatibility-black
16016575332739	6125-hdmi-data-adapter-cable
16016575824259	6405-rotating-side-handle-with-hawklock-h21-quick-release-nato-clamp
16016575922563	5930-foldable-drone-landing-gear-for-dji-neo-2
16016576250243	6440-cold-shoe-mount-for-dji-osmo-action-6-nano
16016576315779	6509-4-3-mini-magic-arm-support
16016576676227	5553-filmov-photography-grip-kit-for-iphone-17-pro
16016576708995	6300-filmov-photography-grip-kit-with-filter-for-iphone-17-pro
16016577266051	5554-filmov-photography-grip-kit-for-iphone-17-pro-max
16016577331587	6301-filmov-photography-grip-kit-with-filter-for-iphone-17-pro-max
16016577921411	6382-hawklock-quick-release-vertical-shooting-cage-kit-for-canon-eos-r6-v
16021634580867	jumpdrive-dual-drive-d500-type-c-type-c-type-a-up-to-r400-w360-usb-3-2-128gb
16021634613635	jumpdrive-dual-drive-d500-type-c-type-c-type-a-up-to-r400-w360-usb-3-2-512gb
16021634646403	jumpdrive-dual-drive-d500-type-c-type-c-type-a-up-to-r400-w360-usb-3-2-256gb
16021634679171	jumpdrive-dual-drive-d500-type-c-type-c-type-a-up-to-r400-w360-usb-3-2-1tb
16023603839363	q-r-one-piece-adapter-for-hikmicro-thunder-and-similar-36-mm
16023603872131	q-r-one-piece-adapter-for-hikmicro-thunder-and-similar-50-mm
16023603904899	weaver-rings-25-4-mm-quick-release-h10
16023604003203	weaver-rings-34-mm-quick-release-h18
16023604035971	weaver-rings-25-4-mm-quick-release-h12
16023604134275	weaver-rings-25-4-mm-thumb-screw-h12
16023604363651	picatinny-rail-browning-x-bolt-sa-b-74-7-l-140
16023604396419	gobo-size-m-set-1-for-pj-fmm-10-19-36-pj-fmm-18-36-pj-bm-25-45
16023604461955	picatinny-rail-tikka-t3-left-right-b-82-2-l-165
16023604625795	picatinny-rail-remington-700-la-mauser-m18-cz-600-luxb-113-9-l-160
16023604789635	picatinny-rail-remington-700-cz-600-lux-sa-b-92-2-l-150
16023604855171	gobo-size-m-set-2-for-pj-fmm-10-19-36-pj-fmm-18-36-pj-bm-25-45
16023604953475	6702-hawklock-quick-release-cage-for-sony-alpha-7r-vi
16023605019011	6703-cage-kit-for-sony-alpha-7r-vi
16023605051779	6704-advanced-cage-kit-for-sony-alpha-7r-vi
16023605117315	6705-mount-plate-for-sony-alpha-7r-vi
16023605182851	6706-l-shaped-mount-plate-for-sony-alpha-7r-vi
16023605215619	weaver-rings-34-mm-thumb-screw-h24
16025176768899	hikcam-a7e-actioncamera
16025176801667	hm-ac-14-5-18
16025176867203	t16-trail-camera
16025176932739	hm-ac-18-21-5
16025176998275	hm-ac-21-5-26
16025177031043	hm-acs-14-18
16033679966595	5899-intelligent-v-mount-battery-adapter-plate-compatible-with-arca-swiss
16033679999363	5653-intelligent-v-mount-battery-adapter-plate-basic-edition
16033680032131	5881-intelligent-v-mount-battery-adapter-plate-with-15mm-dual-rod-clamp
16033680064899	6396-qr-adapter-support-with-cold-shoe-mount-and-ball-head-for-dji-osmo-action-6-nano
16033680097667	6652-black-mamba-cage-kit-for-canon-eos-r6-mark-ii
16033680130435	6114-cage-for-sony-a-7r-v-7-iv-7s-iii-1-7r-iv-7-v-with-vertical-grip-vg-c4em
16033680163203	6501-65w-battery-charger-for-dji-mini-5-4-3-pro
16033680195971	6527-cable-clamp-10pcs-black
16033680228739	6293-multifunctional-portable-ssd-2tb
16033680261507	6304-head-strap-mount-for-dji-osmo-action-6-nano
16033680294275	6305-chest-mount-for-dji-osmo-action-6-nano
16033680327043	6306-backpack-strap-mount-for-dji-osmo-action-6-nano
16033680425347	6307-backpack-strap-clip-mount-for-dji-osmo-action-6-nano
16033680458115	6308-chest-mount-for-phones-and-action-cameras
16033680490883	6502-100w-battery-charger-for-dji-mini-5-4-3-pro
16034589671811	mini-5-pro-fly-more-combo-plus-dji-rc2
16034696069507	mini-5-pro-intelligent-flight-battery-plus
16035471982979	drone-pilot-high-visibility-vest
16036275716483	monitor-fw568-pro-6
16038957449603	microsdhc-blue-plus-uhs-i-with-sd-adapter-up-to-170mb-s-read-c10-a2-u3-v30-2tb
16038957482371	cfexpress-4-0-pro-gold-vpg400-ip68-r1800-w1650-sw1000-type-a-512gb
16038957547907	roadrunner-6l-sling-desert
16038957613443	roadrunner-12l-sling-desert
16038957711747	roadrunner-8l-back-pack-desert
16038957744515	roadrunner-16l-back-pack-desert
16038957810051	astra-p1-uhd-4k-ptz-camera-with-30x-optical-zoom
16038957842819	roadrunner-1l-case-desert
16041601827203	luna-ultra-standard-bundle-cosmic-black
16041601859971	6292-multifunctional-portable-ssd-1tb
16041602056579	3704-storage-bag
16041602089347	luna-ultra-creator-bundle-cosmic-black
16041602122115	luna-ultra-standard-bundle-stellar-white
16041602253187	luna-ultra-creator-bundle-stellar-white
16041602285955	cfexpress-g4-power-i-type-b-i-r1790-w1560-g4-128gb-2pk-2x128gb-256gb
16041602351491	cfexpress-g4-power-i-type-b-i-r1790-w1560-g4-128gb-incl-cardreader-ddreader-62
16045981335939	solidcom-c1-wireless-single-ear-master-headset-with-2-battery
16045981401475	microsd-hyperspeed-r100-w75-512gb
16048023830915	6284-potato-jet-tribex-pro-x-clutch-hydraulic-monopod-basic-version
16048023863683	forza-60c-led-color-spot-light-with-19-36-projection-attachment-ex-battery-grip
16052533985667	6151-selfie-stick-support-for-insta360-x5-ace-pro-ace-pro-2
16052534018435	6148-selfie-stick-support
16052534083971	6149-selfie-stick-support-for-dji-osmo-action-6-nano
16052534116739	5637-shading-hood-kit-for-dji-osmo-pocket-3
16052534182275	6313-monitor-support-for-horizontal-vertical-shooting-with-cold-shoe-mount
16052534346115	6314-monitor-support-for-horizontal-vertical-shooting-with-arri-3-8-16-locating-screw
16052535001475	6476-split-filter-kit-for-dji-osmo-pocket-4p
16052535263619	6477-split-filter-kit-for-dji-osmo-pocket-4p
16052536312195	6658-split-filter-kit-for-dji-osmo-pocket-4p
16052536902019	6648-filter-kit-for-dji-osmo-pocket-4p
16052537688451	6649-filter-kit-for-dji-osmo-pocket-4p
16052538474883	6213-nd8-nd16-nd32-nd64-filter-kit-for-dji-lito-x1-flip
16052539949443	6479-multifunctional-travel-tripod-3-in-1-vt-17
16052540866947	6642-storage-bag-for-dji-osmo-pocket-4p-insta360-luna-ultra
16061111075203	microsdxc-trail-cam-hyperspeed-r195-w160-v30-1tb
16061111173507	cardreader-cfexpress-type-b-usb-3-2
16061111239043	microsdxc-trail-cam-hyperspeed-r195-w160-v30-512gb
16061111271811	microsdxc-trail-cam-hyperspeed-r195-w160-v30-128gb
16061111304579	microsdxc-trail-cam-hyperspeed-r195-w160-v30-256gb
16062285906307	o4-ground-station
16065147961731	wide-angle-lens-for-luna-ultra
16065148060035	black-mist-filter-for-luna-ultra
16065148289411	protective-cover-for-luna-ultra-black
16065148354947	protective-cover-for-luna-ultra-white
16065148486019	sliding-protective-case-for-luna-ultra-black
16065148584323	sliding-protective-case-for-luna-ultra-white
16065148748163	nd-filter-set-for-luna-ultra
16065148879235	mini-fill-light-for-luna-ultra-black
16065149108611	mini-fill-light-for-luna-ultra-white
16065149305219	battery-handle-for-luna-ultra-black
16065149501827	battery-handle-for-luna-ultra-white
16065149665667	1-4-thread-handle-for-luna-ultra-black
16065149731203	1-4-thread-handle-for-luna-ultra-white
16065149927811	neck-mount-for-luna-ultra
16065150091651	wind-guard-for-luna-ultra-black
16065150255491	carry-bag-black
16065150615939	carry-bag-gray
16065150878083	wind-guard-for-luna-ultra-white
16065151107459	pov-head-tracker
16065151172995	6795-tabletop-tripod-for-action-cameras
16065151664515	6687-filter-kit-for-insta360-luna-ultra
16065151795587	6688-filter-kit-for-insta360-luna-ultra
16065152385411	6225-rm-01b-macro-photography-led-light
16065152614787	5926-mini-wooden-side-handle-with-1-4-20-locating-screw
16065152713091	5927-hawklock-h21-quick-release-mini-wooden-side-handle
16065152778627	6047-hawklock-h11-quick-release-mini-wooden-side-handle
16065772913027	o4-wide-air-unit
16080722035075	dji-pocket-4-pro-shutter-collection
16080722067843	dji-pocket-4-pro-vybe-collection
16080722133379	dji-pocket-4-pro-vivid-collection
16080722198915	dji-pocket-4-pro-cine-collection
16080722231683	insta360-luna-ultra-shutter-collection
16080722297219	insta360-luna-ultra-vivid-collection
16080722395523	insta360-luna-ultra-cine-collection
16080722461059	insta360-luna-ultra-vybe-collection
16081206935939	ap100-matrice-400-fallskarm
16083552141699	mini-5-pro-vivid-collection-nd8-pl-nd32-pl-nd128-pl
16085404746115	melo-p1-solo-wireless-music-creation-system
16085404778883	melo-p1-combo-wireless-music-creation-system
16085404909955	melo-p1-ultimate-combo-wireless-music-creation-system
16085404975491	6794-mini-tripod-for-action-cameras
16085405106563	3474-ct-20-aluminium-tripod
16085405139331	6317-magic-arm-support-with-1-4-20-locating-screw
16085405237635	5885-portable-carbon-fiber-tripod-for-action-cameras
16090171572611	mavic-3-enterprise-series-battery-kit-c1-version-kopia
16111637692803	power-solar-panel-adapter-module-mppt-fyndvara
16111664005507	infinity-cable-fyndvara
16114998444419	power-car-power-outlet-till-sdc-power-cable-12v-24v-fyndvara
16115908673923	fpv-billaddare-fyndvara
16115920994691	avata-2-dji-care-refresh-1-ar-fyndvara
16115924599171	fotograf-och-dronnarhandskar-storlek-xl-fyndvara
16119096148355	rc-pro-enterprise-fyndvara
16174515192195	6285-potato-jet-tribex-pro-x-clutch-hydraulic-monopod-photography-version
16174515224963	6283-potato-jet-tribex-pro-x-clutch-hydraulic-monopod-standard-version
16174515487107	6779-hawklock-handheld-cage-kit-with-v-mount-plate-for-sony-fx5
16174515585411	pos-hikmicro-a7e-display
16174515618179	5530-mount-plate-for-power-banks
16174515814787	6521-professional-outdoor-backpack-25l
16174515847555	6713-power-bank-for-dji-osmo-pocket-3-4
16174515945859	pos-hikmicro-t16-display
16174516175235	6315-l-shaped-monitor-support
16174516339075	6316-support-kit-for-vertical-shooting
16174516797827	5560-case-for-sony-alpha-7c-ii-7cr-tantalum-gray
16174516994435	6061-multi-functional-suction-cup-support
16174517191043	6520-rm-03-macro-photography-led-video-light-kit-3-pack
16174517453187	5731-usb-c-tethering-cable
16174517649795	6226-rm-01b-macro-photography-led-light-kit-3-pack
16174517682563	6774-advanced-hawklock-cage-for-sony-fx5
16174517977475	6775-advanced-hawklock-handheld-cage-kit-for-sony-fx5
16174518010243	6776-hawklock-cage-for-sony-fx5
16174518436227	6777-hawklock-cage-kit-for-sony-fx5-xlr-handle
16174518665603	6778-hawklock-handheld-cage-kit-for-sony-fx5
16174518993283	6781-extension-mount-plate-kit-for-sony-xlr-h2b
16174519058819	6924-hawklock-advanced-cage-kit-with-dual-rod-system
16174519452035	6925-mount-plate-for-sony-xlr-h2b-h1
16209790697859	outdoor-battery-case-fireproof-bag-fb-i-fire-proof-bag-39-x-26-cm-for-battery-cases-moq-125pcs
16209790927235	outdoor-cases-type-7200-for-gun-rifle-guitar-case-i-black-empty
16209790960003	outdoor-battery-case-fireproof-bag-fb-i-fire-proof-bag-20-x-13-cm-for-battery-cases-moq-70pcs
16209791353219	outdoor-cases-type-5000-for-dji-avata360-i-bronze
16209792270723	outdoor-battery-case-fireproof-bag-fb-i-fire-proof-bag-40-x-60-cm-for-battery-cases-moq-70pcs
16209792467331	outdoor-cases-type-5000-for-dji-avata360-i-orange
16209792663939	outdoor-cases-type-5000-for-dji-avata360-i-yellow
16209792696707	outdoor-cases-type-5000-for-dji-avata360-i-black
16209792991619	outdoor-action-case-type-500-dji-osmo-pocket-4-creator-combo-i-black
16209793057155	outdoor-action-case-type-500-dji-osmo-pocket-4-creator-combo-i-orange
16209793089923	outdoor-action-case-type-500-dji-osmo-pocket-4-creator-combo-i-yellow
16209793155459	outdoor-action-case-type-500-dji-osmo-pocket-4-creator-combo-i-bronze-green
16218727350659	mini-maglock-base-plate-46mm
16218727448963	mini-maglock-hood
16218728137091	mini-maglock-base-plate-49mm
16218728169859	mini-maglock-base-plate-55mm
16218728235395	mini-maglock-base-plate-52mm
16218728268163	mini-maglock-base-plate-leica-q3
16218728300931	mini-maglock-base-plate-fuji-x100-series
16218728333699	mini-maglock-cp-filter
16218728366467	mini-maglock-base-plate-43mm
16218728399235	mini-maglock-cineblack-filter
16218728432003	mini-maglock-cinegold-filter
16218728497539	mini-maglock-black-mist-1-4th-strength
16218728530307	mini-maglock-black-mist-1-8th-strength
16218729218435	mini-maglock-shortstache-everyday-filter-1-4-black-mist
16218729251203	mini-maglock-vnd-2-5-black-mist-filter-1-4-strength
16218729513347	mini-maglock-shortstache-mist-pl-filter-1-2-black-mist
16218729546115	mini-maglock-vnd-2-5-filter
16218729578883	mini-maglock-vnd-2-5-gold-mist-filter-1-8-strength
16218729611651	mini-maglock-vnd-2-5-polarizer
16218730299779	mini-maglock-vnd-2-5-polarizer-black-mist-filter-1-4-strength
16218730365315	mini-maglock-vnd-2-5-polarizer-gold-mist-filter-1-8-strength
16232058093955	6286-potato-jet-tribex-pro-x-clutch-hydraulic-monopod-video-version
16247141597571	x6-xtreme-battery
16247141630339	x6-invisible-dive-case-pro
16247141695875	x6-standard-bundle-midnight-black
16247141728643	x6-fast-charge-case
16247141925251	x6-protective-utility-frame
16247141990787	x6-all-weather-usb-charging-cover
16247142121859	x6-lite-battery
16247142220163	x6-lens-cap-black
16247142351235	x6-mic-windshield
16247142482307	x6-screen-protector
16247142613379	x6-standard-bundle-arctic-white
16247142646147	x6-water-sprots-rope-mount
16247142875523	x6-essentials-bundle-midnight-black
16247142973827	x6-essentials-bundle-arctic-white
16247143170435	x6-replacement-lens-kit-single-lens
16247143301507	x6-replacement-lens-kit-dual-lens
16247143367043	x6-standard-lens-guards
16247143432579	x6-premium-lens-guards
16247143563651	x6-nd16-filters
16247143629187	lens-cap-white
16247143727491	x6-usb-cover-black
16247143891331	x6-usb-cover-white
16247143956867	x6-power-selfie-stick
16247144055171	foldable-selfie-stick-black
16247144186243	foldable-selfie-stick-white
16247144350083	foldable-selfie-stick-remote-kit-black
16247144448387	foldable-selfie-stick-remote-kit-white
16247144513923	x6-nd64-filters
16247144743299	x6-nd32-filters
16247144907139	5873-28mm-external-optical-viewfinder
16247145595267	pyro-5-4k-wireless-transceiving-monitor
16247146021251	usb-c-to-3-5mm-headphone-jack-adapter
16247146348931	6515-fs-a1-foldable-phone-support-with-attachable-sticker
16247147102595	6470-fs-c1-foldable-phone-support-with-carabiner-clip
16247148118403	6377-rf-20c-with-sp-air-spotlight-kit
16247148577155	6763-foldable-landing-pad-for-drones
16247149003139	5857-street-photography-cage-kit-for-insta360-go-ultra
16247149461891	6761-arca-type-mount-plate-with-15mm-dual-rod-clamp
16247149953411	6408-fl-90-quick-setup-foldable-lantern-softbox
16247150903683	6407-fl-65-quick-setup-foldable-lantern-softbox
16247151788419	6139-street-photography-cage-for-insta360-ace-pro-2-ace-pro
16247153164675	6361-mini-desktop-quick-release-tripod-with-usb-c-for-dji-osmo-pocket-4p-4-3
16247153230211	6661-pc-t1-metal-phone-clamp-with-triple-cold-shoe-mounts
16256280134019	cargo-winch-system-matrice-400
16256285475203	tk3-matrice-4d-series-tethered-power-system
16256287179139	th6-fc100-t100-delivery-system
16256290849155	fs35-fc100-delivery-system
16256292422019	dh100-multifunctional-water-system-water-tank-version
16256296190339	mf30-m4-drone-flow-meter-matrice-4
16256297861507	fl60-multi-color-flashing-light-m400-only
16256299106691	ft10-v2-flame-thrower
16256300515715	th4-v3-m400-only
16256332431747	agras-t100-mist-nozzle-package
16256334823811	agras-t100-spraying-system
16256339444099	agras-t100-intelligent-airframe
16257968800131	yolobox-ultra-cage
16257968832899	yololight-air
16257968898435	yolocam-s7-yololiv-18mm-f1-4-micro-four-thirds-lens
16257968931203	yolocam-s3-extendable-tripod
16258485911939	mic-mini-2s-2-tx-1-rx-charging-case
16258491548035	mic-mini-2s-1-tx-1-rx
16258501214595	mic-mini-2s-1-tx-1-mobile-rx-charging-case
16258509799811	mic-mini-2s-transmitter
16258521399683	mic-mini-2s-charging-case
16258526970243	mic-mini-2s-time-series-magnetic-front-cover-set
16258531721603	mic-mini-2s-multi-color-magnetic-front-cover-set
16258565669251	power-140w-gan-charger-eu
16258577891715	power-140w-gan-charging-combo-eu
16258588377475	power-7a-usb-c-digital-display-cable-1-m
16258594898307	power-7a-usb-c-digital-display-cable-1-8-m
16259912008067	field-bracket-i-canon-r6-ii
16259912040835	field-bracket-i-fujifilm-x-t5
16259912860035	field-bracket-with-grip-i-fujifilm-x100vi
16259912958339	field-bracket-i-nikon-z8
16259913712003	field-bracket-i-canon-r5-ii
16259913810307	field-bracket-i-nikon-z6-iii
16259914596739	field-bracket-i-sony-a7rv
16259914629507	field-bracket-i-sony-a1-ii
16259915481475	field-bracket-i-sony-a7c-ii
16259915514243	field-bracket-with-grip-i-leica-q3
16259916398979	field-bracket-accessory-i-cheese-plate
16259916464515	field-bracket-accessory-i-finger-strap
16259916759427	field-bracket-replacement-parts-i-screws-and-split-rings-kit
16259917054339	field-bracket-accessory-i-hand-strap
16259917709699	beacon-finder-tag-i-optimized-for-peak-design-field-bracket
16270225801603	6598-ultra-light-travel-photography-carbon-fiber-tripod
16270225899907	quick-detach-mount-for-blaser-for-infiray-tube-se-30-mm-rings-extended
16270225965443	6694-sgm1-multi-functional-attachable-shooting-grip
16270226030979	6599-ultra-light-travel-video-carbon-fiber-tripod
16270226293123	5912-quick-release-mount-plate-for-smallrig-vertical-base
16270226391427	5718-s70-c1-wireless-microphone-with-usb-c-adapter-for-phones-black
16270226456963	5719-s70-c1-wireless-microphone-with-usb-c-adapter-for-phones-white
16270226588035	6824-attachable-mount-for-insta360-luna-ultra
16270226686339	6551-heavy-duty-video-head
16270226784643	5913-vertical-base-for-arca-swiss-quick-release-mount-plate
16270226817411	6546-s70-c1-wireless-microphone-with-usb-c-adapter-for-phones-black
16270226915715	5898-vertical-kit-for-arca-swiss-quick-release-mount-plate
16270226981251	6552-heavy-duty-video-head
16270227079555	7111-cpl-vnd-black-mist-filter-kit-for-insta360-luna-pro
16270227112323	6553-heavy-duty-video-head
16270227145091	6597-ar-hd-screen-protector-for-dji-rc-pro-2
16270227210627	6554-heavy-duty-video-head
16270227276163	6596-ar-hd-screen-protector-for-dji-rc-rc-2
16270227308931	6582-protective-case-for-dji-osmo-pocket-4p-black
16270227341699	6821-screen-protector-for-insta360-luna-ultra
16270227407235	6324-12-rosette-magic-arm-support
16270227603843	7112-cpl-vnd-filter-kit-for-insta360-luna-pro
16270227669379	6864-lightweight-vlog-cage-kit-for-dji-osmo-pocket-4p-4-3-xtra-muse
16270227931523	6965-cage-for-insta360-x6
16270228029827	6370-bi-color-led-video-light-for-dji-osmo-pocket-3-4-4p-and-xtra-muse-megatron-edition
16270228128131	6710-hd-ar-screen-protector-kit-for-dji-osmo-360-360-ⅱ
16270228816259	6155-m2-attachable-mobile-phone-led-video-light-white
16270228849027	6277-m2-attachable-mobile-phone-led-video-light-ink-blue
16270229176707	6918-foldable-screen-shading-hood-for-dji-osmo-pocket-3-4
16270229209475	7116-screen-protector-for-insta360-luna-pro-luna-ultra
16270229504387	7105-black-mist-filter-for-insta360-luna-pro
16270229700995	7107-uv-filter-for-insta360-luna-pro
16270230913411	7108-light-pollution-filter-for-insta360-luna-pro
16270231306627	7109-cpl-filter-for-insta360-luna-pro
16270232027523	7110-vnd-filter-for-insta360-luna-pro
16270232355203	6872-cage-kit-for-dji-osmo-pocket-4-3
16270232912259	6367-basic-cage-kit-for-dji-osmo-action-6-megatron-edition
16270233338243	6622-aluminum-monopod-4-sections-with-videohead
16270233731459	6623-carbon-fiber-monopod-4-sections-with-videohead
16270234124675	6624-aluminium-monopod-5-sections-with-videohead
16270234681731	6625-carbon-fiber-monopod-5-sections-with-videohead
16272119988611	roll-off-qr-zh-super-brno-prism-14-5mm-30mm-h17
16274134401411	np-f750-lithium-ion-battery
16274134434179	t16-hm-asbr01-tmount
16274134466947	np-f970-lithium-ion-battery
16274134499715	picatinny-rail-mauser-25-l-145
16275178422659	hm-asb02-aa-t16-battery-compartment-aa
16279007756675	osmo-pocket-4p-vlog-combo
16279012213123	osmo-pocket-4p-standard-combo
16279043735939	osmo-pocket-4p-magnetic-nd-filter-set
16279055204739	osmo-pocket-4p-black-mist-filter
16279060611459	osmo-pocket-4p-wide-angle-lens
16279078830467	osmo-pocket-4p-carrying-bag
16279689855363	heldagskurs-dronare-testdata
16295379599747	think-thank-hydrophobia-eyepiece-for-canon-r5-r5-c-r6-r6-mark-ii-r6-mark-iii-not-fit-r5ii-ep-rf
16297292136835	fc-1200b-led-bi-color-spotlight
16297292169603	fc-1200c-led-rgbw-spotlight
16298558816643	6172-35mm-external-optical-viewfinder
16298558849411	6528-monopod-with-triple-ground-spikes-and-phone-support-with-cold-shoe-mount
16298558914947	6397-monopod-with-triple-ground-spikes-and-panoramic-ball-head-with-arca-swiss-plate
16298559013251	6583-gimbal-positioning-clamp-for-dji-osmo-pocket-4p
16298559078787	6786-multifunctional-suction-cup-support
16298559144323	6323-foldable-monitor-support
16298559275395	5611-usb-c-self-coiling-charging-cable-100cm-60w
16298559308163	5612-usb-c-self-coiling-charging-cable-100cm-100w
16298559373699	5613-usb-c-self-coiling-charging-cable-100cm-240w
16298559472003	5614-usb-c-self-coiling-data-cable-usb-3-2-gen2x2-35cm-240w
16298559537539	5615-usb-c-self-coiling-data-cable-usb-3-2-gen2x2-60cm-240w
16298559635843	6866-usb-c-self-coiling-data-cable-usb-3-2-gen2x2-100cm-240w
16298559734147	6245-hot-shoe-cover-for-canon-2pcs
16298559766915	6246-hot-shoe-cover-for-nikon-2pcs
16298559865219	5928-modular-metal-cage-for-hasselblad-x2d-ii-100c-x2d-100c-tundra-green
16298559963523	5929-modular-metal-cage-for-hasselblad-x2d-ii-100c-x2d-100c-black
7967985893602	agras-t10-10-liter-tank
7967985926370	agras-t10-spridningssystem-3-0
7967985959138	agras-t20-smart-controller
7967986024674	agras-t10-batteri
7967986090210	agras-t16-batteri
7967986122978	agras-t10-batteriladdare
7967986319586	mavic-3-cine-dji-care-refresh-1-ar
7967986352354	osmo-mobile-6-dji-care-refresh-1-ar
7967986385122	osmo-mobile-se-dji-care-refresh-1-ar
7967986417890	refresh-pocket-2-dji-care-refresh-1-ar
7967986450658	ronin-s-dji-care-refresh-1-ar
7967986516194	rs3-dji-care-refresh-1-ar
7967986548962	rs3-pro-dji-care-refresh-1-ar
7967986581730	air-2s-dji-care-refresh-2-ar
7967986614498	care-2-year-refresh-mavic-3-cine-dji-care-refresh-2-ar
7967986647266	osmo-mobile-se-dji-care-refresh-2-ar
7967986680034	rs3-dji-care-refresh-2-ar
7967986712802	rs3-pro-dji-care-refresh-2-ar
7967986811106	phantom-4-rtk-care-enterprise
7967987302626	zenmuse-l1-care-enterprise-upgradering-till-plus
7967987335394	matrice-30-care-enterprise-upgradering-till-plus
7967987368162	matrice-30t-care-enterprise-upgradering-till-plus
7967987400930	mavic-3e-care-enterprise-upgradering-till-plus
7967987433698	dji-care-enterprise-upg-bsctoplus-mavic-3t-1y
7967987466466	dji-care-enterprise-upgrade-basic-to-plus-h20
7967987499234	mavic-2-enterprise-advanced-care-enterprise-upgradering-till-plus
7967987532002	zenmuse-p1-care-enterprise-upgradering-till-plus
7967987564770	mavic-air-2-care-refresh-1-ar
7967987597538	osmo-mobile-3-care-refresh-1-ar
7967987695842	mavic-3-care-refresh-2-ar
7967987728610	mavic-3-classic-care-refresh-2-ar
7967987859682	focus-datakabel-2m
7967987892450	inspire-2-support-rig-till-handkontroll
7967987957986	osmo-action-laddningskit
7967988023522	action-2-magnetisk-skyddsfodral
7967988056290	om-3-magnetisk-telefonhallare
7967988089058	matrice-200-v2-maintenance-service-basic-plan
7967988121826	matrice-210-rtk-v2-maintenance-service-basic-plan
7967988154594	matrice-210-v2-maintenance-service-basic-plan
7967988187362	mavic-3e-maintenance-service-basic-plan
7967988220130	mavic-3t-maintenance-service-basic-plan
7967988252898	matrice-200-v2-maintenance-service-premium-plan
7967988285666	matrice-210-v2-rtk-maintenance-service-premium-plan
7967988318434	matrice-210-v2-maintenance-service-premium-plan
7967988351202	mavic-3e-maintenance-service-premium-plan
7967988383970	mavic-3t-maintenance-service-premium-plan
7967988416738	matrice-200-v2-maintenance-service-standard-plan
7967988449506	matrice-210-v2-rtk-maintenance-service-standard-plan
7967988515042	matrice-210-v2-maintenance-service-standard-plan
7967988547810	mavic-3e-maintenance-service-standard-plan
7967988580578	mavic-3t-maintenance-service-standard-plan
7967988613346	matrice-300-osdk-round-ribbon-cable-set
7967988646114	mini-bag
7967988678882	mini-bag-svart-och-gul
7967988744418	osmo-action-nd-filterkit
7967988809954	payload-sdk-skyport-2-0
7967988842722	pocket-2-microphone-transmitter
7967988875490	pro-dual-band-soft-antenna
7967988908258	agras-t16-20-propellrar-ccw-par
7967988941026	agras-t16-20-propellrar-cw-par
7967988973794	agras-t10-propellrar-ccw-par
7967989006562	agras-t10-propellrar-cw-par
7967989039330	inspire-2-prossd-1tb
7967989170402	ronin-4d-lidar-range-finder
7967989203170	ronin-4d-video-transmitter
7967989334242	ronin-s-switch-grip-dual-handle
7967989367010	ronin-s-sc-adjustable-monitor-mount
7967989399778	ronin-s-sc-l-bracket-plate-med-counterweight
7967989432546	ronin-sc-focus-motor-rod-mount
7967989465314	ronin-sc-rss-splitter
7967989498082	ronin-sc-s-camera-riser
7967989530850	ronin2-c-stand-barcket
7967989563618	ronin-rs-bg21-grip
7967989596386	ronin-rs-fokusmotor
7967989629154	mavic-air-2-2s-skyddskapa
7967989760226	u10-uav-based-laser-methane-leakage-detector
7967989858530	transmission
7967989891298	osmo-action-batteri
7967989924066	mavic-3-classic-dji-care-refresh-1-ar
7967989956834	mini-bag-bla-gul
7967990120674	110w-solpanel
7967990153442	lfp-batteri-5kwh-monteringsfaste
7967990186210	ac-kabel
7967990218978	delta-pro-adapter-for-smart-generator
7967990251746	100w-flexibel-solpanel
7967990350050	5-meter-mc4-xt60-kabel-till-solpanel
7967990382818	power-kits-rigid-solar-panel-mounting-feet-4-pack
7967990415586	lfp-batteri-2kwh-monteringsfaste
7967990513890	relamodul-13a
7967990546658	relamodul-16a
7967990677730	power-kits-30x-100w-solpanel
7967990710498	power-kits-30x-400w-solpanel
7967990874338	river-2
7967990907106	river-2-max
7967990972642	river-mini-wireless-210wh
7967991038178	kabel-for-delta-pro-extrabatteri-75cm
7967991103714	2-in-1-invisible-selfie-stick-tripod
7967991136482	one-rs-4k-mod
7967991169250	8k-vr-livestreaming-licens
7967991202018	insta360-pro-ac-adapter
7967991267554	go-2-adapterpaket
7967991333090	air-3d-kamera-usb-type-c
7967991398626	one-android-adaptor-micro-usb
7967991431394	one-android-adaptrar-typ-c
7967991562466	one-x2-batteri-1630mah
7967991595234	one-x3-batteri
7967991628002	one-r-batteriladdningshub
7967991660770	one-r-battery-boosted-base
7967991693538	one-r-batteriladdare
7967991726306	one-x2-batteriladdningshub
7967991759074	one-x-batteriladdningshubb
7967991824610	titan-batteriladdningshubb
7967991890146	pro-pro-2-batteri
7967991922914	titan-batteri
7967991988450	one-one-x-one-x2-go-2-bike-bundle
7967992021218	brostrem
7967992086754	one-x2-bullet-time-kabel
7967992119522	one-x-bullettime-handtag-och-pinne
7967992185058	one-one-x-bungee-bundle
7967992217826	one-x2-barvaska
7967992250594	one-one-x-climb-bundle
7967992283362	one-rs-cold-shoe
7967992381666	one-x-dive-case
7967992414434	one-r-360-dive-case
7967992447202	go2-dive-case
7967992479970	one-r-1-tum-dive-case
7967992512738	go-2-easy-clip
7967992545506	insta360-pro-farsight
7967992578274	one-r-one-x2-go-2-flytande-handgrepp
7967992611042	go-2-64-gb
7967992643810	handfaste-for-actionkamera
7967992676578	s9-holoframe
7967992742114	one-x-holoframe
7967992774882	xr-holoframe
7967992807650	xs-max-holoframe
7967992840418	hjalmfaste-for-actionkamera
7967992873186	one-jet-ski-bundle
7967992905954	one-kiteboard-bundle
7967992938722	one-rs-klisterfaste-for-lins
7967992971490	link-webbkamera
7967993004258	x3-linsoverdrag
7967993037026	go-2-magnetpendant
7967993135330	one-rs-mic-adapter-horisontal
7967993168098	one-rs-mic-adapter-vertikal
7967993200866	one-rs-monkey-tail-faste
7967993233634	one-rs-monteringsfaste
7967993266402	go2-x2-r-munfaste-for-pov
7967993299170	go-2-nd-filter-8-16-32-64
7967993331938	one-rs-objektivskydd
7967993364706	one-x-objektivskydd
7967993397474	one-r-360-1-tum
7967993430242	one-r-4k
7967993463010	one-r-android-lankkabel
7967993528546	one-r-lens-guard
7967993561314	one-r-lightning-kabel
7967993594082	one-rs-360
7967993659618	one-rs-4k
7967993692386	one-rs-osynlig-mikrofonfaste-for-rode-wireless-go
7967993757922	go-2-pivotstativ
7967993790690	pro-2
7967993823458	pro-2-with-farsight
7967993856226	x3-quick-reader
7967993888994	one-rs-quick-release-kit
7967993921762	rs-360-mod
7967993954530	ryggsacksfaste-for-tredje-person-perspektiv
7967993987298	one-x-x2-r-selfie-stick-3-meter
7967994020066	one-r-selfie-stick-70cm
7967994052834	one-one-x-skate-bundle
7967994085602	one-one-x-sky-bundle
7967994118370	one-x2-skydd-for-lins-over-vatten
7967994151138	skydd-for-linsen-till-one-x2-over-vatten
7967994183906	one-x3-snabbladdningshubb
7967994216674	one-x2-snabblasare-vertikal
7967994249442	one-r-snabblasare-horisontell
7967994282210	sphere
7967994347746	one-rs-batteri-standard
7967994446050	stativ
7967994478818	titan-pro-pro-2-sumo-stand
7967994511586	one-surf-bundle
7967994544354	titan-with-farsight
7967994577122	one-x-x2-r-rs-unicorn-mount-carbon
7967994609890	one-rs-vertikal-batteribas
7967994675426	vibrationsdampare
7967994708194	go-2-vaska
7967994740962	one-white-water-bundle
7967994773730	one-x3
7967994806498	one-x3-dykvaska
7967994839266	one-x3-utility-frame
7967994872034	120cm-invisible-selfie-stick
7967994904802	one-x2
7967994937570	action-camera-suction-cup
7967994970338	mavic-2-mindre-barvaska
7967995003106	action-2-nd-filterset-nd-8-16-32-64
7967995101410	mavic-2-pro-mrc-uv-filter
7967995134178	grepp-och-stativforlangningsstang
7967995166946	mantispod-2-0-svart
7967995199714	mavic-3-vnd-filter-2-till-5-stopp
7967995265250	mavic-air-2-uv-filter
7967995298018	mavic-air-2-vnd-filter-2-till-5-stopp
7967995330786	mavic-air-2-vnd-filter-6-till-9-stopp
7967995396322	mavic-air-2s-vnd-filter-6-till-9-stopp
7967995429090	osmo-action-camera-cage
7967995461858	osmo-pocket-pocket-2-uv-filter
7967995494626	ronin-s-sc-handgrip-mount
7967995527394	mavic-2-hardcase
7967995560162	lightning-kabel-35-cm
7967995592930	landningsplatta-for-dronare-55-cm
7967995625698	adapter-for-snaplock-platta-endast-adapter
7967995658466	mavic-3-barvaska
7967995691234	dji-action-2-cpl-filter
7967995724002	mavic-air-2-cpl-filter
7967995756770	mavic-3-cpl-filter
7967995789538	osmo-pocket-pocket-2-cpl-filter
7967995822306	osmo-pocket-nd-filterset-nd8-16-32-64
7967995855074	dji-mini-3-pro-forvaringsvaska
7967995887842	hallare-till-surfplattor
7967995920610	klisterfaste-for-actionkamera
7967995953378	landningsplatta-pro-v-2
7967995986146	dji-mini-3-pro-benforlangare
7967996018914	magic-arm
7967996051682	magnetfaste-for-actionkamera
7967996084450	mantispod-for-actionkameror
7967996117218	mantispod-pro-for-actionkameror
7967996149986	mavic-3-nd-pl-filterset
7967996182754	mavic-air-2s-ndpl-filterset-ndpl8-16-32-64
7967996215522	mavic-air-2s-nd-filterset-nd8-16-32-64
7967996248290	dji-mini-telefonhallare
7967996281058	dji-fpv-nd-filterset-nd4-8-16
7967996313826	osmo-pocket-pocket-2-nd-filterset-nd8-16-32-64
7967996346594	mavic-air-2-nd-filterset-nd8-16-32-64
7967996379362	action-2-nd-pl-filterset-ndpl8-16-32-64
7967996412130	osmo-pocket-pocket-2-nd-pl-filterset-nd8-16-32-64
7967996444898	dji-mini-3-pro-nd-pl-filterset-ndpl8-16-32-64
7967996477666	osmo-pocket-3-pack-filterset-nd8gr-nd16-4-nd32-8
7967996510434	mavic-mini-objektivskarm
7967996543202	onego-axelvaska-6l-svart
7967996575970	dji-fpv-hardcase
7967996608738	mavic-mini-propellervaska
7967996641506	mavic-mini-skydd-for-kontrollsticka
7967996674274	snaplock-actionkamerahallare-arca-swiss-kompatibel
7967996707042	snaplock-mini-reverse-ball-head
7967996772578	snaplock-nano-swivel-tilt-mount
7967996805346	snaplock-plate-adapter
7967996838114	snaplock-plate-arca-swiss-kompatibel
7967996870882	snaplock-platta-nano
7967996936418	universal-set-for-actionkamera
7967997001954	dji-mini-3-pro-uv-filter
7967997034722	mavic-3-uv-filter
7967997067490	mavic-air-2s-uv-filter
7967997100258	osmo-pocket-pocket-2-vlog-set
7967997165794	mavic-air-2s-vnd-filter-2-5-stopp
7967997231330	dji-avata-vaska
7967997329634	dji-avata-hardcase
7967997395170	osmo-action-3-camera-cage
7967997427938	osmo-action-3-cpl-filter
7967997460706	osmo-action-3-nd-8-16-32-64-filter-set
7967997493474	osmo-action-3-nd-pl-8-16-32-64-filter-set
7967997526242	osmo-action-3-silicone-rubber-case
7967997559010	osmo-action-3-uv-filter
7967997591778	dji-rc-protector
7967997624546	mavic-3-vnd-filter-6-till-9-stopp
7967997690082	onego-shoulder-bag-10l-svart
7967997722850	onego-shoulder-bag-10l-gra
7967997755618	onego-shoulder-bag-6l-bla
7967997788386	onego-solo-bla
7967997821154	onego-solo-svart
7967997853922	apex-minimalist-tripod-ball-head
7967997886690	apex-minimalist-tripod-base
7967997919458	basecamp-bluemorphic-filter
7967997952226	basecamp-goldmorphic-filter
7967997984994	basecamp-mist-filter
7967998017762	basecamp-mist-heavy-2-5-vnd
7967998050530	basecamp-mist-heavy-fliter
7967998083298	basecamp-mist-vnd-2-5-filter
7967998116066	basecamp-mist-vnd-6-9-filter
7967998148834	basecamp-nd4-gr-filter
7967998181602	basecamp-nd8-gr-filter
7967998214370	basecamp-rail-mount-light-fly
7967998247138	basecamp-rail-mount-lws-15
7967998279906	basecamp-rail-mount-studio-15
7967998312674	basecamp-stage-3-expansion
7967998345442	basecamp-thread-plate-67mm
7967998378210	basecamp-thread-plate-72mm
7967998410978	basecamp-thread-plate-77mm
7967998443746	basecamp-thread-plate-82mm
7967998476514	basecamp-thread-plate-95mm
7967998509282	basecamp-vnd-6-9-filter
7967998542050	basecamp-vnd-kit
7967998574818	basecampmist-heavy-6-9-vnd
7967998607586	belay-quick-release-camera-strap-mount-only
7967998640354	belay-quick-release-camera-strap-0-75-inch
7967998673122	belay-quick-release-camera-strap-1-5-inch
7967998705890	defender-lens-cap-114mm
7967998738658	defender-lens-cap-55-62mm
7967998771426	defender-lens-cap-67-72mm
7967998804194	defender-lens-cap-77-82mm
7967998836962	defender-lens-cap-95mm
7967998869730	dji-fpv-nd-filterset-shutter-collection-nd8-nd16-nd32
7967999197410	mavic-2-pro-filter-3-pack
7967999262946	mavic-3-filter-vnd-2-5-goldmorphic
7967999295714	mavic-3-filter-vnd-2-5-mist
7967999328482	mavic-air-2-vnd-2-5-6-9-stop-dual-combo
7967999361250	mavic-air-2-vnd-2-5-stop
7967999394018	mckinnon-recon-base-kit
7967999426786	mckinnon-recon-director-kit
7967999459554	pivot-shoulder-rig
7967999492322	pivot-shoulder-rig-120mm-plate-and-screws
7967999525090	pivot-shoulder-rig-200mm-plate-and-screws
7967999590626	pmvnd-mist-edition-ii-67mm-2-5-stop
7967999623394	pmvnd-mist-edition-ii-67mm-6-9-stop
7967999656162	pmvnd-mist-edition-ii-77-mm-2-5-stopp
7967999688930	pmvnd-mist-edition-ii-77mm-6-9-stop
7967999721698	pmvnd-mist-edition-ii-82-mm-2-5-stopp
7967999754466	pmvnd-mist-edition-ii-82mm-6-9-stop
7967999787234	pmvnd-signature-edition-ii-67mm-2-5-stop
7967999820002	pmvnd-signature-edition-ii-67mm-6-9-stop
7967999852770	pmvnd-signature-edition-ii-77-mm-2-5-stopp
7967999885538	pmvnd-signature-edition-ii-77mm-6-9-stop
7967999951074	pmvnd-signature-edition-ii-82-mm-2-5-stopp
7967999983842	pmvnd-signature-edition-ii-82-mm-6-9-stopp
7968000016610	quartzline-steo-up-ring-52mm-67mm
7968000049378	quartzline-step-up-ring-62mm-82mm
7968000082146	quartzline-filter-step-up-ring-72mm-77mm
7968000114914	quartzline-filter-46-nd16
7968000147682	quartzline-filter-46-nd8
7968000180450	quartzline-filter-46-uv
7968000213218	quartzline-filter-67-cp
7968000245986	quartzline-filter-67-nd1000
7968000278754	quartzline-filter-67-nd1000-pl
7968000311522	quartzline-filter-67-nd100k
7968000344290	quartzline-filter-67-nd100k-pl
7968000377058	quartzline-filter-67-nd16
7968000409826	quartzline-filter-67-nd16-pl
7968000442594	quartzline-filter-67-nd64
7968000475362	quartzline-filter-67-nd64-pl
7968000508130	quartzline-filter-67-nd8
7968000540898	quartzline-filter-67-nd8-pl
7968000573666	quartzline-filter-67-uv
7968000606434	quartzline-filter-77-cp
7968000639202	quartzline-filter-77-nd1000
7968000671970	quartzline-filter-77-nd1000-pl
7968000704738	quartzline-filter-77-nd100k
7968000737506	quartzline-filter-77-nd100k-pl
7968000770274	quartzline-filter-77-nd16
7968000803042	quartzline-filter-77-nd16-pl
7968000835810	quartzline-filter-77-nd64
7968000868578	quartzline-filter-77-nd64-pl
7968000901346	quartzline-filter-77-nd8
7968000934114	quartzline-filter-77-nd8-pl
7968000966882	quartzline-filter-77-uv
7968000999650	quartzline-filter-82-nd100k
7968001032418	quartzline-filter-82mm-cp
7968001065186	quartzline-filter-82mm-nd1000
7968001097954	quartzline-filter-82mm-nd16
7968001130722	quartzline-filter-82mm-nd16-pl
7968001163490	quartzline-filter-82mm-nd64
7968001196258	quartzline-filter-82mm-nd64-pl
7968001229026	quartzline-filter-82mm-nd8
7968001261794	quartzline-filter-82mm-nd8-pl
7968001294562	quartzline-filter-82mm-uv
7968001327330	quartzline-filter-82mmnd1000-pl
7968001392866	quartzline-fx-filter-67-bluemorphic
7968001425634	quartzline-fx-filter-67-goldmorphic
7968001458402	quartzline-fx-filter-67-mist
7968001491170	quartzline-fx-filter-67-mist-heavy
7968001523938	quartzline-fx-filter-77-bluemorphic
7968001556706	quartzline-fx-filter-77-goldmorphic
7968001589474	quartzline-fx-filter-77-mist
7968001622242	quartzline-fx-filter-77-mist-heavy
7968001655010	quartzline-fx-filter-82-bluemorphic
7968001687778	quartzline-fx-filter-82-goldmorphic
7968001753314	quartzline-fx-filter-82-mist
7968001786082	quartzline-fx-filter-82-mist-heavy
7968001818850	quartzline-step-up-ring-55mm-67mm
7968001851618	quartzline-step-up-ring-58mm-67mm
7968001884386	quartzline-step-up-ring-67mm-77mm
7968001917154	quartzline-step-up-ring-67mm-82mm
7968001949922	quartzline-step-up-ring-72mm-82mm
7968002015458	quartzline-step-up-ring-77mm-82mm
7968002048226	quartzline-step-up-ring-62mm-67mm
7968002080994	quartzline-step-up-ring-62mm-77mm
7968002113762	summit-filter-nd1000
7968002146530	summit-filter-nd100k
7968002179298	summit-filter-nd4-gr
7968002212066	summit-filter-nd4-hgr
7968002277602	summit-filter-nd8
7968002310370	summit-filter-nd8-hgr
7968002343138	summit-filter-nd8-rgr
7968002375906	summit-thread-plate-67mm
7968002408674	summit-thread-plate-72mm
7968002441442	summit-thread-plate-95mm
7968002474210	traverse-strap-mount
7968002572514	osmo-pocket-accessory-mount
7968002638050	osmo-pocket-controller-wheel
7968002670818	osmo-pocket-expansion-kit-part
7968002736354	osmo-pocket-3-5-mm-adapter
7968002834658	osmo-action-camera-frame-kit
7968002867426	osmo-pocket-extension-rod
7968002900194	osmo-pocket-anti-fog-inserts-part
7968002932962	osmo-action-mounting-kit-part
7968002998498	pocket-2-do-it-all-handle
7968003064034	pocket-2-waterproof-case
7968003096802	pocket-2-wide-angle-lens
7968003129570	pocket-2-micro-tripod
7968003227874	osmo-action-dji-care-refresh-1-ar
7968003260642	action-2-magnetic-ball-joint-adapter-mount
7968003293410	action-2-magnetic-adapter-mount
7968003326178	action-2-remote-control-extension-rod
7968003358946	action-2-waterproof-case
7968003391714	action-2-macro-lens
7968003424482	action-2-magnetic-headband
7968003457250	osmo-action-3-waterproof-case
7968003490018	osmo-action-3-battery-extreme
7968003522786	osmo-action-3-multifunctional-battery
7968003555554	osmo-action-3-adhesive-base-kit
7968003588322	osmo-action-3-lens-protective-cover
7968003621090	osmo-action-3-1-5m-extension-rod-kit
7968003653858	osmo-magnetic-ball-joint-adapter-mount
7968003686626	osmo-action-3-diving-accessory-kit
7968003719394	osmo-action-handle-bar
7968003752162	osmo-chest-strap-mount
7968003784930	osmo-helmet-chin-mount
7968003817698	osmo-action-biking-accessory-kit
7968003850466	osmo-action-suction-cup-mount
7968003916002	osmo-action-surfing-tethers
7968003948770	osmo-action-3-dji-care-refresh-1-ar
7968003981538	osmo-action-3-dji-care-refresh-2-ar
7968004014306	osmo-pocket-nd-filter-set
7968004047074	osmo-1-4-3-8-adapter-for-unimount
7968004210914	pocket-2
7968004276450	pocket-2-creator-combo
7968004309218	action-2-dual-screen-combo
7968004341986	action-2-power-combo
7968004374754	action-2-front-touchscreen-module
7968004407522	action-2-power-module
7968004440290	osmo-action-3-standard-combo
7968004473058	osmo-action-3-adventure-combo
7968004571362	mic
7968004604130	mavic-2-aircraft-sleeve
7968004636898	mavic-2-zoom-gimbal-protector
7968004669666	mavic-2-batteri-till-power-bank-adapter
7968004702434	mavic-2-rc-tablet-holder
7968004767970	mavic-2-enterprise-batteri
7968004800738	mavic-2-enterprise-fly-more-kit
7968004833506	d-rtk-2-base-station-tripod
7968004866274	mavic-2-enterprise-beacon
7968004899042	mavic-2-enterprise-spotlight
7968004931810	mavic-2-enterprise-speaker
7968004964578	d-rtk-2-base-station
7968004997346	inspire-2-180w-ac-kabel
7968005030114	tb55-batteri-matrice-200-v2-serien
7968005062882	matrice-200-single-upward-gimbal-connector
7968005095650	matrice-300-rtk-tb60-batteri
7968005128418	matrice-200-propeller-mounting-plate
7968005193954	wb37-batteri
7968005226722	zenmuse-x7-utan-lins
7968005259490	zenmuse-x7-35mm-lins
7968005292258	zenmuse-x7-50mm-lins
7968005325026	inspire-2-gps-module-for-rc
7968005357794	phantom-4-160w-batteriladdare
7968005390562	crystalsky-5-5-tum-monitor-hood
7968005423330	crystalsky-7-85-tum-monitor-hood
7968005488866	matrice-210-v2-single-upward-gimbal
7968005521634	multilink
7968005587170	cendence-control-stick-cover
7968005619938	cendence-rc-support-rig
7968005685474	cendence-s-rc
7968005718242	manifold-2-mini-network-switch
7968005751010	battery-powerbank-adapt-mavic-air
7968005783778	mavic-air-prop-guard
7968005816546	mavic-2-enterprise-dual-care-enterprise-renew
7968005849314	matrice-300-bs60-battery-station
7968005882082	zenmuse-h20
7968005914850	zenmuse-h20t
7968005947618	matrice-300-smart-controller-enterprise
7968006013154	zenmuse-p1
7968006111458	matrice-300-csm-radar
7968006176994	rc-plus
7968006209762	rc-plus-strap-bracket-kit
7968006242530	matrice-30-30t-battery-station
7968006308066	matrice-30-30t-tb30-batteri
7968006340834	matrice-30-30t-propellrar
7968006373602	matrice-30-30t-propellrar-high-altitude
7968006406370	psdk-mounting-bracket
7968006471906	zenmuse-h20n
7968006504674	fpv-remote-controller-mode-2
7968006570210	fpv-air-unit-3-in-1-cable
7968006602978	wingsland-z15-gimbal-spotlight
7968006635746	fpv-goggles-corrective-lenses-2-d
7968006668514	fpv-goggles-corrective-lenses-4-d
7968006701282	fpv-goggles-corrective-lenses-6-d
7968006734050	fpv-goggles-corrective-lenses-8-d
7968006766818	payload-software-development-kit-2-0
7968006799586	x-port
7968006832354	mavic-mini-prop-guard-360
7968006897890	mavic-mini-propellrar-par
7968006930658	mavic-mini-laddhubb
7968006963426	mavic-mini-diy-creative-kit
7968006996194	mavic-mini-charging-base
7968007028962	mavic-mini-snap-adapter
7968007061730	mavic-mini-prop-holder-beige
7968007094498	rc-n1-remote-controller-tablet-holder
7968007127266	rc-n1-monitor-hood
7968007160034	mavic-air-2-battery-to-powerbank-adapter
7968007192802	mavic-air-2-2s-laddhubb
7968007225570	mavic-air-2-2s-batteriladdare
7968007258338	mavic-air-2-2s-propellerskydd
7968007291106	mavic-air-2-2s-billaddare
7968007323874	rc-n1-lightning-kabel
7968007356642	rc-n1-micro-usb-kabel
7968007389410	rc-n1-usb-c-kabel
7968007422178	mavic-air-2-2s-batteri
7968007454946	mavic-air-2-gimbal-protector
7968007487714	air-2s-gimbal-protector
7968007848162	zenmuse-h20t-care-enterprise-upgrade-basic-to-plus
7968007880930	matrice-300-rtk-care-enterprise-upgrade-basic-to-plus
7968007913698	matrice-200-dual-downward-gimbal-connector
7968007946466	mini-2-batteri
7968008012002	mini-2-batterihubb
7968008044770	mini-2-dji-care-refresh-1-ar
7968008077538	inspire-2-cinessd-960gb
7968008110306	crystalsky-5-5-tum
7968008143074	cendence-mobile-device-holder
7968008175842	inspire-2-tb50-insulation-sticker
7968008208610	inspire-2-handwheel-2-rc-stand
7968008241378	inspire-2-battery-station-tb50
7968008274146	phantom-4-propellerskydd
7968008306914	phantom-4-batteri-high-capacity
7968008437986	phantom-4-battery-charging-hub
7968008634594	inspire-2-cinessd-station
7968008667362	inspire-2-handkontroll
7968008700130	zenmuse-x5s-balansring-for-0lympus-12mm-f2-0-17
7968008732898	zenmuse-x5s-balansring-for-0lympus-9-8mm-f4-5-6z
7968008863970	zenmuse-x5s-balansring-for-0lympus-17mm-f1-8-lens
7968008929506	matrice-600-tb48s-battery
7968008995042	focus-adjustment-gear
7968009027810	inspire-2-laddhubb
7968009093346	inspire-2-quick-release-propeller-plates
7968009126114	inspire-2-propellrar-high-altitude
7968009158882	inspire-2-carrying-case
7968009257186	goggles-sleeve
7968009289954	mavic-pro-battery-till-power-bank-adapter
7968009322722	spark-prop-guard
7968009355490	agras-t20-batteri
7968009388258	agras-t30-batteri
7968009486562	agras-spreading-system-2-0
7968009519330	agras-t30-spreading-system-3-0
7968009552098	agras-t30-propellrar-ccw-par
7968009584866	agras-t30-propellrar-cw-par
7968009650402	agras-t30-orchard-spray-package
7968009683170	mavic-2-enterprise-advanced-rtk-module
7968009748706	mavic-3e-t-batterikitt-3x-batterier-laddhubb
7968009781474	mavic-3e-t-hogtalare
7968009814242	mavic-3e-t-rtk-modul
7968009847010	dji-usb-c-laddare-100w
7968009912546	fpv-motion-controller
7968009945314	fpv-goggles-v2
7968009978082	fpv-fly-more-kit
7968010010850	fpv-drone-batteri
7968010043618	fpv-goggles-batteri
7968010076386	fpv-batterihubb
7968010109154	fpv-ac-power-adapter
7968010141922	fpv-billaddare
7968010174690	fpv-remote-controller-2
7968010207458	fpv-landing-gear
7968010240226	fpv-propellerskydd
7968010272994	fpv-gimbal-protector
7968010305762	fpv-goggles-power-cable-xt60
7968010338530	fpv-goggles-power-cable-usb-c
7968010371298	fpv-dji-care-refresh-1-ar
7968010404066	fpv-arm-bracers
7968010436834	rc-pro
7968010469602	mavic-3-batteri
7968010502370	mavic-3-batterihubb
7968010567906	mavic-3-billaddare-65w
7968010633442	mavic-3-storage-cover
7968010666210	mavic-3-dji-care-refresh-1-ar
7968010698978	mavic-3-fly-more-kit
7968010731746	mavic-3-classic-storage-cover
7968010764514	rc
7968010797282	mini-3-pro-fly-more-kit
7968010830050	mini-3-pro-batteri
7968010862818	mini-3-pro-batterihubb
7968010895586	mini-3-pro-wide-angle-lins
7968010928354	mini-3-pro-nd-filterset-nd16-64-256
7968010961122	mini-3-pro-styrspakar-for-rc
7968010993890	mini-3-pro-propellrar
7968011026658	o3-air-unit
7968011059426	avata-fly-more-kit
7968011092194	avata-batteri
7968011124962	avata-batterihubb
7968011157730	avata-propellrar
7968011190498	avata-upper-frame
7968011223266	avata-propellerskydd
7968011256034	o3-air-unit-camera-module
7968011288802	o3-air-unit-transmission-module
7968011321570	o3-air-unit-antenna
7968011354338	o3-air-unit-3-in-1-cable
7968011387106	goggles-2-foam-padding
7968011419874	goggles-2-battery
7968011485410	goggles-2-headband
7968011518178	goggles-2
7968011550946	mavic-2-enterprise-hardcase
7968011682018	mavic-mini-batteri
7968011714786	mavic-mini-vaska-svart-gul
7968011747554	mavic-mini-vaska-bla-gul
7968011780322	mavic-air-2-2s-shoulder-bag
7968011845858	mavic-3-convertible-carrying-bag
7968011878626	mavic-2-pro-nd-filterset-nd4-8-16-32
7968011911394	mavic-2-zoom-nd-filterset-nd4-8-16-32
7968011944162	zenmuse-x4s-nd8-filter
7968011976930	zenmuse-x7-lens-filter-nd4
7968012009698	zenmuse-x7-lens-filter-nd8
7968012042466	zenmuse-x7-lens-filter-nd16
7968012108002	zenmuse-x7-lens-filter-nd32
7968012140770	zenmuse-x7-lens-filter-nd64
7968012173538	zenmuse-x7-lens-filter-nd128
7968012206306	zenmuse-x7-lens-protector
7968012271842	fpv-goggles-linsskydd
7968012304610	mavic-air-2-nd-filterset-nd16-64-256
7968012337378	mavic-air-2-nd-filterset-nd4-8-32
7968012370146	air-2s-nd-filterset-nd4-8-32
7968012402914	air-2s-nd-filterset-nd64-128-256-512
7968012435682	phantom-4-pro-adv-nd4-filter
7968012468450	phantom-4-nd4-filter
7968012501218	phantom-4-nd8-filter
7968012533986	phantom-4-nd16-filter
7968012566754	mavic-3-nd-filterset-nd4-8-16-32
7968012599522	mavic-3-nd-filterset-nd64-128-256-512
7968012632290	mavic-3-classic-nd-filterset-nd8-16-32-64
7968012665058	avata-nd-filterset-nd8-16-32
7968012796130	phantom-4-propellrar-low-noise
7968012861666	matrice-300-rtk-dual-gimbal-connector
7968012894434	matrice-300-rtk-upward-gimbal-connector
7968012927202	matrice-300-rtk-propellrar
7968012959970	matrice-300-rtk-smart-controller-monitor-mounting-kit
7968012992738	matrice-300-rtk-propellrar-high-altitude
7968013025506	matrice-300-rtk-4g-dongel-zte
7968013058274	matrice-300-rtk-osdk-expansion-module
7968013091042	fpv-air-unit-antenna-mmcx-elbow
7968013156578	fpv-air-unit-antenna-mmcx-straight
7968013189346	fpv-air-unit-antenna-sma
7968013287650	fpv-air-unit-mmcx-elbow-to-sma-cable
7968013353186	fpv-air-unit-coaxial-cable
7968013418722	fpv-goggles-antenna
7968013451490	fpv-goggles-foam-padding
7968013484258	fpv-goggles-headband
7968013517026	fpv-goggles-sponge-foam-padding
7968013549794	air-2s-propellrar-low-noise
7968013648098	mini-2-propellrar-par
7968013680866	cendence-patch-antenna
7968013713634	phantom-4-pro-advanced-mounting-plate
7968013746402	phantom-4-mobile-device-holder
7968013877474	matrice-600-pro-arm-kit-m2
7968013910242	matrice-600-pro-arm-kit-m5
7968014139618	fpv-drone-propellrar
7968014172386	fpv-drone-gimbal-camera
7968014205154	fpv-drone-top-shell
7968014237922	fpv-drone-control-sticks
7968014270690	fpv-goggles-antenna-dual-band
7968014303458	rc-pro-styrspakar
7968014368994	matrice-300-gimbal-rubber-damper
7968014401762	phantom-4-rtk-dji-care-enterprise
7968014434530	mavic-2-dji-care-refresh-1-ar
7968014467298	phantom-4-advanced-dji-care-refresh-1-ar
7968014500066	phantom-4-pro-pro-v2-dji-care-refresh-1-ar
7968014532834	zenmuse-x7-dji-care-refresh-1-ar
7968014598370	mavic-mini-dji-care-refresh-1-ar
7968014631138	air-2s-dji-care-refresh-1-ar
7968014696674	mavic-pro-dji-care-refresh-1-ar
7968014729442	spark-dji-care-refresh-1-ar
7968014762210	inspire-2-dji-care-refresh-1-ar
7968014794978	mavic-2-zoom-maintenance-service-basic-plan
7968014827746	mavic-2-zoom-maintenance-service-standard-plan
7968014860514	mavic-2-zoom-maintenance-service-premium-plan
7968014893282	mavic-2-pro-maintenance-service-basic-plan
7968014958818	mavic-2-pro-maintenance-service-standard-plan
7968014991586	mavic-2-pro-maintenance-service-premium-plan
7968015319266	matrice-300-rtk-maintenance-service-basic-plan
7968015352034	matrice-300-rtk-maintenance-service-standard-plan
7968015384802	matrice-300-rtk-maintenance-service-premium-plan
7968015483106	aeroscope-annual-operation-maintenance-service
7968015581410	mini-3-pro-dji-care-refresh-1-ar
7968015614178	mini-3-pro-dji-care-refresh-2-ar
7968015646946	avata-dji-care-refresh-1-ar
7968015679714	avata-dji-care-refresh-2-ar
7968016236770	agras-t30
7968016433378	mavic-3e
7968016498914	mavic-3m
7968017285346	rs-2
7968017350882	ronin-2-pro-combo
7968017383650	rs3-pro
7968017416418	rs3-pro-combo
7968017449186	rs3
7968017481954	transmission-combo
7968017514722	rs3-combo
7968017547490	rs-briefcase-handle
7968017580258	rs-lidar-range-finder
7968017776866	ronin-s-focus-wheel
7968017842402	ronin-s-cam-control-cable-type-b
7968017875170	ronin-s-camera-riser
7968017907938	ronin-s-battery-adapter
7968017940706	ronin-s-dc-power-cable
7968017973474	ronin-s-cheese-plate
7968018006242	ronin-s-cam-control-usb-female-adapter
7968018071778	ronin-s-focus-motor-rod-mount
7968018137314	force-pro
7968018235618	ronin-2-top-acceleration-mount-plate
7968018301154	ronin-2-universal-tripod-adapter
7968018333922	ronin-2-can-bus-control-cable-30m
7968018399458	ronin-sc-multi-cam-control-cable-multi-usb
7968018432226	ronin-sc-multi-cam-control-cable-type-c
7968018464994	ronin-sc-multi-cam-control-adapter-type-c-till-micro-usb
7968018497762	osmo-mobile-3-grip-tripod
7968018596066	ronin-phone-holder
7968018628834	ronin-focus-motor
7968018890978	mini-hdmi-till-hdmi-cable-20-cm
7968018923746	mini-hdmi-till-mini-hdmi-kabel-20cm
7968018989282	ronin-expansion-base-kit
7968019022050	ronin-twist-grip-dual-handle
7968019054818	ronin-tethered-control-handle
7968019087586	ronin-roll-axis-counterweight-set
7968019120354	ronin-screw-kit
7968019153122	ronin-briefcase-handle
7968019218658	rs-2-dji-care-refresh-1-ar
7968019251426	ronin-3d-focus-system
7968019284194	ronin-lens-fastening-strap
7968019316962	rsc-2-dji-care-refresh-1-ar
7968019415266	ronin-arm-left-right-extender-50mm
7968019448034	ronin-s-cam-control-cable-mini-usb
7968019480802	ronin-s-command-unit
7968019513570	ronin-s-top-hotshoe-bracket
7968019546338	ronin-s-focus-motor
7968019939554	ronin-2-red-power-cable
7968019972322	ronin-2-2-pin-power-cable
7968020037858	ronin-2-dc-power-cable
7968020103394	ronin-2-mini-start-stop-cable
7968020136162	ronin-2-sdi-in-cable
7968020168930	ronin-2-power-cable-2m
7968020201698	ronin-2-15mm-rod
7968020234466	ronin-2-motion-block
7968020267234	ronin-2-water-protection-case
7968020332770	ronin-2-top-handle
7968020365538	ronin-2-lanc-control-cable
7968020398306	ronin-2-red-straight-power-cable
7968020431074	ronin-2-thump-controller
7968020496610	ronin-2-15mm-focusrod-mount
7968020529378	om-magnetic-phone-clamp-2
7968020562146	rs-2-pro-combo
7968020627682	osmo-mobile-6
7968020660450	forlangningskabel-mc4-till-solpanel-3m
7968020693218	xt60-stromadapter-for-bil
7968020758754	delta-max-vaska
7968020791522	delta-pro-vaska
7968020824290	delta-2-vaska
7968020857058	solar-tracker
7968020922594	delta-pro-remote-controller
7968020955362	solpanel-220w
7968020988130	delta-max-extra-batteri-vaska
7968021020898	grounding-adapter
7968021053666	infinity-cable
7968021086434	delta-mini
7968021119202	delta-max-2000
7968021151970	delta-max-1600
7968021184738	delta-pro
7968021217506	river-mini
7968021250274	delta-2
7968021283042	delta-2-extrabatteri
7968021315810	smart-gas-generator
7968021381346	adapter-for-actionkameror
7968021414114	osmo-pocket-cold-shoe-universal-mount
7968021446882	osmo-pocket-action-cam-hand-wirst-strap
7968021479650	osmo-pocket-action-cam-strap-holder
7968021545186	osmo-pocket-action-cam-bracket
7968021577954	osmo-pocket-mindre-tripod
7968021610722	osmo-pocket-phone-holder
7968021643490	osmo-pocket-data-port-universal-mount
7968021676258	osmo-pocket-act-cam-universal-mount-1-4
7968021709026	osmo-pocket-universal-mount-kit
7968021741794	osmo-pocket-screen-protector
7968021774562	hand-grip-tripod-for-actionkameror
7968021807330	universal-phone-holder-1-4-mount
7968021840098	osmo-pocket-gimbal-protector
7968021872866	osmo-pocket-phone-holder-set
7968021905634	osmo-pocket-stand
7968021938402	extension-pole-tripod-for-actionkameror
7968021971170	usb-c-till-usb-c-kabel-65cm
7968022003938	floating-hand-grip-for-actionkameror
7968022069474	usb-c-till-lightning-kabel-65cm
7968022102242	osmo-action-camera-chest-strap
7968022135010	mindre-vaska-till-actionkameror
7968022167778	vaska-till-actionkameror
7968022200546	linspenna-for-rengoring
7968022233314	hoj-och-sankbar-tripod-till-actionkameror
7968022266082	usb-tll-usb-c-kabel-35cm
7968022331618	stottalig-vaksa-till-actionkameror
7968022364386	osmo-action-tripod-adapter
7968022397154	osmo-action-vlog-set
7968022429922	osmo-action-travel-set
7968022462690	tripod-for-telefon
7968022495458	osmo-action-silikonskydd-svart
7968022528226	osmo-action-silikonskydd-rod
7968022560994	osmo-action-silikonskydd-bla
7968022593762	osmo-pocket-vlog-set
7968022626530	osmo-pocket-travel-set
7968022659298	adapter-till-actionkameror-for-anvandning-i-gimbals
7968022692066	cykelfaste-till-actionkameror
7968022724834	sjalvhaftande-faste-for-actionkamera
7968022757602	sugmontering-med-tre-armar
7968022790370	osmo-pocket-filter-mrc-uv
7968022823138	osmo-action-uv-filter
7968022855906	osmo-action-cpl-filter
7968022888674	osmo-action-filter-ndpl-filterset-ndpl8-16-32-64
7968022921442	osmo-pocket-filter-3-pack-cpl-nd8-nd16-pro
7968022986978	osmo-pocket-filter-ndpl-filterset-ndpl8-16-32-64
7968023019746	osmo-pocket-filter-snorkel
7968023052514	osmo-pocket-filter-pro-diving-set
7968023085282	osmo-action-ndpl-filter-gradient-set
7968023118050	osmo-action-snorkel-filter
7968023150818	osmo-action-diving-filter
7968023216354	fotograferingshandskar-l
7968023314658	onemo-axelvaska-svart
7968023380194	onemo-ryggsack-25l-axelvaska
7968023412962	onemo-ryggsack-25l-axelvaska-camo
7968023511266	onego-ryggsack-18l-svart
7968023544034	onemo-ryggsack-25l-utan-innerpase-svart
7968023576802	fodral-for-minneskort
7968023609570	mavic-2-led-propeller-guard
7968023675106	mavic-2-accessories-combo
7968023707874	mavic-2-landing-gear-extension
7968023740642	mavic-2-landing-gear-extension-headlamp
7968023773410	mavic-2-propeller-holder
7968023806178	mavic-2-control-stick-protector
7968023838946	mavic-air-accessories-combo
7968023904482	mavic-air-control-stick-protector
7968023937250	landningsplatta-for-dronare-75-cm
7968023970018	smart-controller-carrying-case
7968024002786	smart-controller-protector
7968024035554	mavic-2-fordral-med-smart-controller
7968024068322	mavic-propeller-holder
7968024101090	landningsplatta-for-dronare-110-cm
7968024133858	mavic-air-led-propeller-guard
7968024166626	mavic-pro-led-landing-gear-extensions
7968024199394	mavic-mini-mini-2-landing-gear-extensions
7968024264930	mavic-mini-2-nd-filterset-nd8-16-32-64
7968024297698	mavic-mini-2-carrying-case
7968024330466	mavic-air-2-ndpl-filterset-ndpl8-16-32-64
7968024363234	mavic-air-2-2s-safety-case
7968024396002	mavic-air-2-2s-propeller-holder
7968024494306	mavic-air-2-2s-landing-gear-extensions
7968024527074	mavic-3-hardcase
7968024559842	mini-3-pro-propellerskydd
7968024592610	avata-uv-filter
7968024625378	avata-ndpl-filterset-ndpl8-16-32-64
7968024658146	osmo-pocket-gimbal-lock
7968024723682	hero8-shutter-collection
7968024854754	osmo-action-cinema-vivid-collection
7968024887522	osmo-action-cinema-shutter-collection
7968024920290	osmo-action-cinematographers-collection-10-pack
7968024953058	osmo-action-cinema-circular-polarizer
7968024985826	osmo-pocket-cinema-shutter-collection
7968025018594	summit-essential-kit
7968025051362	slate-card-case-xqd-edition
7968025084130	mavic-air-2s-directors-collection-ndpl8-16-32-vnd2-5-6-9
7968025116898	mavic-air-2s-vnd-2-5-6-9-stop-dual-combo
7968025149666	mavic-air-2s-vivid-collection-ndpl8-16-32
7968025182434	mavic-air-2-vivid-collection-ndpl8-16-32
7968025215202	crystalsky-5-5-tum-skarmskydd
7968025247970	drone-pen-lens-cleaner
7968025280738	mavic-2-pro-cinema-vnd-6-9-stop
7968025313506	mavic-2-pro-cinema-vnd-combo
7968025346274	mavic-2-pro-cinema-6-pack
7968025379042	mavic-2-pro-cinema-gradient-collection
7968025411810	mavic-2-pro-stnd-filter-6-pack
7968025444578	mavic-2-pro-cinema-nd4
7968025477346	mavic-2-pro-cinema-nd8
7968025510114	mavic-2-pro-cinema-nd64-pl
7968025542882	mavic-2-zoom-cinema-shutter-collection
7968025575650	mavic-2-pro-cinema-nd10k
7968025608418	mavic-3-filter-directors-kit
7968025641186	mavic-3-filter-fx-3-pack
7968025673954	mavic-3-filter-vivid-collection
7968025706722	mavic-3-filter-vnd-2-pack
7968025739490	mavic-3-filter-cp
7968025772258	mini-3-pro-filter-fx-3-pack
7968025805026	mini-3-pro-shutter-collection
7968025837794	mini-3-pro-cp-filter
7968025870562	mavic-3-classic-vivid-collection
7968025903330	mavic-3-classic-shutter-collection
7968025936098	mavic-3-classic-3-6-stop-vnd
7968025968866	mavic-3-classic-circular-polar
7968026427618	agras-t16-t20-laddare-4-kanaler
7968026493154	kabel-mc4-till-xt60-35m-for-solpanel
7968026525922	sugproppar-for-solpanel
7968026558690	matrice-600-propellrar-cw-ccw
7968026689762	mc4-parallellanslutningskabel-for-solpanel
7968026788066	delta-max-extrabatteri-2016wh
7968026853602	agras-t30-laddstation
7968026886370	solpanel-160w
7968026919138	solpanel-400w
7968026984674	ev-x-stream-adapter
7968027017442	delta-pro-extrabatteri-3600wh
7968027115746	mavic-3-batterihubb-100w
7968027279586	zenmuse-l1-lidar
7968027345122	terra-electricity-12-manader-1-enhet
7968027443426	mavic-3e-t-propellrar-2-pack
7968027508962	aeroscope-stationary-programvarulicens-och-underhallstjanst
7968027541730	wb37-batterihubb
7968027607266	usb-c-laddare-65w
7989075607778	mavic-spark-range-extender-sr
7989075640546	smart-controller-range-extender-sr
7989075673314	dji-air-2s-range-extender-sr
7989075738850	mavic-spark-range-extender-xr
7989075771618	phantom-inspire-range-extender-xr
7989075804386	smart-controller-range-extender-xr
7989075837154	mavic-3-range-extender-sr
7989075902690	mini-2-mavic-air-2-range-extender-sr
7989075935458	phantom-inspire-range-extender-sr
7989075968226	yuneec-h520-range-extender-sr
7989076033762	yuneec-h520-range-extender-xr
7989076066530	4hawks-range-extender-raptor-sr-for-dji-rc-controller
7989076099298	dji-rc-range-extender-xr
7989076164834	metashape-professional
7989076263138	phone-clamp
7989076361442	sun-hood-for-tablets-168-mm
7989076426978	sun-hood-for-tablets-200-mm
7989076459746	sun-hood-for-tablets-270-mm
7989076525282	sun-hood-for-tablets-250-mm
7989076590818	mavic-air-mini-mavic-3-baldur-2-tablet-holder-combo
7989076623586	smart-controller-monitorfaste-tablet-holder-combo
7989076656354	smart-controller-monitorfaste
7989076689122	phantom-inspire-tablet-holder
7989076787426	mavic-air-mini-mavic-baldur-2-tablet-holder-combo
7989076820194	sun-hood-for-tablets-220-mm
7989076852962	mjolnir-utility-mount
7989076885730	quick-release-bracket
7989076951266	dji-rc-pro-plus-tripod-faste
7989076984034	tdw-tripod-och-faste-for-dji-rc
7989077016802	dji-smart-controller-enterprise-tripod-bracket
7989077049570	parrot-anafi-munin-tablet-phone
7989077082338	dji-rc-pro-plus-faste
7989077147874	lithium-6l-brandslackare
7989077180642	lithium-brandslackare-500ml
7989077213410	mavic-phantom-natsladd-100w
7989077246178	mavic-2-360-propellerskydd-inomhusbruk
7989077311714	phantom-4-360-propellerskydd-inomhusbruk
7989077344482	firehouse-tech-dji-mavic-mini-tactical-light-kit-extended
7989077410018	reach-rs-rs2-kabel-2-m-utan-andra-anslutning
7989077442786	reach-rs-rs2-kabel-2-m-db9-male-anslutning
7989077508322	reach-m2-gnss-antenn
7989077541090	reach-m2-uav-mapping-kit
7989077606626	reach-m2
7989077639394	reach-m2-m-lora-radio
7989077672162	reach-m
7989077737698	reach-rs2-extension-pole-15-cm
7989077770466	reach-m-camera-hot-shoe-adapter
7989077803234	reach-m-tallysman-multi-gnss-antenna
7989077868770	reach-m-jst-gh-6p-6p-cable-pixhawk-1
7989077901538	reach-m-jst-gh-6p-6p-cable-pixhawk-2
7989077934306	reach-m-m-antenna-extension-cable-2-m
7989077967074	reach-m-m-tnc-antenna-adapter-cable-2-m
7989078032610	reach-rs2-lora-antenn
7989078065378	lodstav-telefonhallare-63-5-mm-till-87-5-mm
7989078098146	multi-band-gnss-antenna
7989078130914	reach-m-uav-rtk-kit
7989078163682	usb-c-snabbladdare
7989078196450	reach-m-m-sma-antenna-adapter-cable-0-5-m
7989078261986	reach-rs2-survey-kit
7989078294754	reach-rs-rs-rs2-lodstav
7989078327522	reach-rs-rs-rs2-bipod
7989078393058	reach-rx
7989078425826	network-base-rover-kit
7989078458594	reach-rs2-thread-adapter
7989078491362	reach-rs-rs-rs2-tripod
7989078556898	hopfallbar-lodstav-teleskop
7989078589666	reach-rs-rs2-kabel-2-m-db9-female-connector
7989078622434	reach-rs2
7989078687970	smart-controller-magnetiskt-solskydd
7989078720738	mavic-phantom-landningsplatta-3ft-0-9m
7989078753506	ground-control-point-kit
7989078786274	dji-rc-plus-magnetiskt-solskydd
7989078851810	inspire-phantom-landningsplatta-5ft-1-5m
7989078884578	matrice-300-batterivaska
7989078917346	mavic-2-hard-backpack-smart-controller
7989078982882	smart-controller-monitor-combo-vaska
7989079015650	dji-fpv-combo-hard-case
7989079048418	d-rtk-2-mobile-station-hard-case
7989079081186	dji-ronin-s-hard-case
7989079179490	m30t-foam-kit-monterad-gimbal-batterier
7989079245026	mavic-mini-hardcase-backpack-special-edition
7989079277794	mavic-3-soft-backpack
7989079343330	mavic-2-pro-zoom-soft-backpack-smart-controller
7989079408866	matrice-300-rtk-hard-case
7989079441634	m30t-hard-case-monterad-gimbal-batterier
7989079474402	mavic-mini-hard-case
7989079507170	mavic-air-2-dji-air-2s-hard-case
7989079572706	dji-mini-3-pro-hard-case-dji-rc-rc-n1-fjarrkontroll
7989079605474	m30-hard-backpack-monterad-gimbal-batterier
7989079638242	phantom-4-rtk-multispectral-hard-case
7989079671010	rs3-pro-combo-hard-case
7989079736546	x-grip-hallare-mobil-b-kula
7989079769314	u-bultsbas-styren-ror-b-kula
7989079802082	arm-standardlangd-b-kula
7989079834850	double-socket-arm-b-kula
7989079900386	arm-lang-b-kula
7989079933154	rund-platta-med-kula-b-kula
7989079965922	x-grip-hallare-12-tums-surfplattor
7989080031458	x-grip-hallare-7-8-tums-surfplattor-b-kula
7989080064226	x-grip-hallare-9-10-tums-surfplattor
7989080096994	tough-claw-small-clamp-base-with-ball
7989080162530	tough-claw-medelstor-klamma-b-kula
7989080228066	dubbelkula-b-kula
7989080260834	m10-x-1-25-tum-ganga-b-kula
7989080293602	varselvast-dronarpilot
7989080391906	pro-plus-micro-sd-512gb-160mb-s
7989080424674	extreme-plus-micro-sd-256gb-100mb-s-u3
7989080457442	extreme-micro-sd-128gb-uhs-3-160mb-s-class-10
7989080522978	extreme-plus-micro-sd-64gb-160mb-s-u3
7989080555746	extreme-plus-micro-sd-32gb-100mb-s-u3
7989080588514	varningsskylt-dronarflygning-pagar
7989080621282	ugcs-expert
7989080686818	ugcs-pro
7989080719586	ugcs-enterprise
7989080752354	ugcs-mapper
7989080785122	2000w-power-station
7989080850658	mavic-falskarm
7989080883426	phantom-falskarm
7989080916194	matrice-300-rtk-falskarm
7989081047266	smart-controller-styrspakar-svarta
7989081080034	mavic-air-2-nd-filter-4-pack-nd4-pl-nd8-pl-nd16-pl-nd32-pl
7989081178338	phantom-4-pro-adv-gimbalskydd
7989081243874	flexibel-usb-till-micro-usb-kabel
7989081342178	dji-rc-n1-solskydd-for-telefon
7989081374946	mavic-air-2-nd-filter-3-pack-cpl-nd8-nd16
7989081407714	mavic-air-2-nd-filter-4-pack-nd4-nd8-nd16-nd32
7989081473250	dji-rc-n1-forlangare-for-telefonhallare
7989081506018	dji-rc-n1-styrspakar-svarta
7989081538786	dji-rc-n1-styrspakar-roda
7989081604322	dji-rc-n1-nackrem
7989081669858	dji-handkontroll-enklare-nackrem
7989081735394	dji-rc-n1-usb-c-till-micro-usb-kabel
7989081768162	dji-rc-n1-usb-c-till-usb-c-kabel
7989081866466	dji-rc-n1-telefonhallare-med-solskydd
7989081899234	mavic-2-propellerhallare-rod
7989081932002	mavic-2-propellerhallare-svart
7989081997538	led-lampa-med-1-4-skruvhal
7989082063074	mavic-micro-till-micro-kabel
7989082095842	mavic-micro-till-usb-c-kabel
7989082161378	smart-controller-styrspakar-roda
7989082194146	osmo-pocket-linsskydd
7989082226914	hardat-skyddsglas-dji-osmo-pocket
7989082259682	osmo-vaskhallare
7989082357986	smart-controller-signalforstarkare
7989082390754	smart-controller-skarm-styrspaksskydd
7989082456290	osmo-action-portabel-fraktvaska
7989082489058	autel-evo-2-portabel-fraktvaska
7989082521826	osmo-action-vaska
7989082587362	dji-spark-vikbara-propellrar-par-vit
7989082652898	mavic-pro-air-spark-nackrem
7989082685666	mavic-2-signalforstarkare
7989082751202	dji-rc-n1-tablet-holder-med-solskydd
7989082783970	dji-rc-n1-tablet-holder-crystalsky-holder
7989082816738	dji-rc-n1-usb-c-till-lightning-kabel
7989082915042	mavic-2-skarmskydd-plast-2st
7989082947810	dji-rc-n1-signalforstarkare-5-8-ghz
7989082980578	mavic-handkontroll-forstarkare
7989083013346	dji-rc-n1-propellerskydd-benforlangare
7989083111650	strobe-light-till-dronare
7989083144418	dji-rc-n1-vikbar-tablet-holder
7989083177186	dji-fpv-landningsskydd
7989083242722	landningsplatta-75-cm-bred
7989083275490	dji-spark-vikbara-propellrar-guld-par
7989083308258	dji-fpv-gimbalskydd-svart
7989083341026	dji-fpv-propellerforvaringslada
7989083406562	mavic-cykelhallare
7989083504866	dji-smart-controller-nackrem
7989083570402	mini-2-forlangningsben
7989083603170	handkontroll-vadderad-nackrem
7989083635938	mavic-3-vaska
7989083668706	mavic-3-tempererat-skyddsglas-for-linsen
7989083734242	dji-rc-pro-silikonskydd-med-solskydd
7989083767010	mavic-3-gimbal-och-sensorskydd
7989083799778	dji-rc-pro-vaska
7989083865314	mavic-handkontroll-micro-till-lightning-kabel
7989083898082	dji-air-2s-mavic-air-2-benforlangning
7989083930850	dji-mini-3-pro-landningsstall
7989083996386	mini-3-pro-nd-pl-filterset-nd4-pl-nd8-pl-nd16-pl-nd32-pl
7989084061922	dji-air-2s-mavic-air-2-smidig-vaska
7989084094690	dji-air-2s-mavic-air-2-propellerhallare-svart
7989084160226	mavic-mini-mini-2-nd4-pl-filter
7989084192994	mavic-mini-mini-2-nd16-pl-filter
7989084225762	mavic-mini-mini-2-nd8-filter
7989084291298	mavic-mini-mini-2-nd8-pl-filter
7989084324066	mavic-mini-mini-2-nd16-filter
7989084389602	mavic-mini-mini-2-nd4-filter
7989084422370	mini-2-smidig-vaska
7989084455138	dji-rc-tempererat-glasskydd
7989084520674	dji-rc-nackrem
7989084553442	dji-om-4-smidig-vaska
7989084586210	mini-2-smidig-vaska-plats-for-tillbehor
7989084651746	dji-rc-n1-smidig-vaska
7989084684514	osmo-pocket-smidig-vaska
7989084782818	rc-n1-silikonskydd
7989084815586	dji-rc-n1-tablet-holder-forlangare
7989084881122	airtag-hallare-for-dronare
7989084913890	dji-rc-n1-styrspakar-i-aluminium
7989084946658	dji-mini-3-pro-nd-filter-4-pack-nd4-nd8-nd16-nd32
7989084979426	mini-3-pro-vaska
7989085044962	dji-rc-n1-vaska
7989085077730	mini-3-pro-vaska-for-tillbehor
7989085143266	dji-rc-smart-controller-smidig-vaska
7989085176034	dji-rc-n1-cykelhallare
7989085208802	rc-n1-drone-handheld-gimbal-bracket-stabilizer-mount-gri
7989085241570	drone-take-off-fence-protector-dam-board
7989085307106	mini-3-pro-drone-light-bracket-sports-camera-holder-accessories
7989085339874	sunnylife-lens-hood-anti-glare-lens-cover-gimbal-protective-cap-drone-acce
7989085372642	dji-fpv-goggles-batterihallare
7989085405410	dji-fpv-goggles-v2-linsskydd-i-tempererat-glas
7989085470946	dji-fpv-goggles-v2-linsskydd-antennhallare
7989085536482	dji-fpv-goggles-v2-smidig-vaska
7989085569250	mavic-3-5-i-1-batteriladdare
7989085602018	vikbar-landningsplatta-55cm
7989085700322	dji-rc-n1-signalforstarkare-2-4-ghz
7989085765858	smart-controller-skarmskydd-hardat-glas-5-5
7989085798626	5-i-1-batteriladdare-inspire-2
7989085831394	dji-rc-rc-pro-nackrem
7989085864162	mavic-air-propellrar-bla-4-pack
7989085896930	mavic-air-propellrar-magenta-4-pack
7989085929698	mavic-pro-propellrar-vita-4-pack
7989085995234	spark-propellrar-grona-4-pack
7989086028002	mavic-air-propellrar-svarta-4-pack
7989086060770	mavic-air-propellrar-roda-4-pack
7989086126306	spark-propellrar-svarta-4-pack
7989086159074	mavic-2-propellrar-svarta-4-pack
7989086290146	mavic-2-propellrar-bla-4-pack
7989086322914	mavic-2-propellrar-vita-4-pack
7989086355682	mavic-pro-propellrar-svarta-4-pack
7989086421218	mavic-pro-propellrar-orange-4-pack
7989086453986	phantom-4-adv-pro-propellrar-svarta-4-pack
7989086486754	phantom-4-adv-pro-propellrar-bla-4-pack
7989086552290	phantom-4-adv-pro-propellrar-orange-4-pack
7989086585058	mavic-air-2-propellrar-svarta-4-pack
7989086617826	mavic-air-2-propellrar-bla-4-pack
7989086650594	mavic-air-2-propellrar-orange-4-pack
7989086748898	mavic-air-2-propellrar-roda-4-pack
7989086781666	mavic-2-propellrar-orange-4-pack
7989086814434	spark-propellrar-gula-4-pack
7989086847202	spark-propellrar-roda-4-pack
7989086912738	spark-propellrar-bla-4-pack
7989086945506	mini-2-propellrar-gula-4-pack
7989086978274	mini-2-propellrar-roda-4-pack
7989087011042	mini-2-propellrar-orange-4-pack
7989087076578	mini-2-propellrar-bla-4-pack
7989087109346	mini-2-propellrar-svarta-4-pack
7989087142114	air-2s-mavic-air-2-propellrar-gula-4-pack
7989087240418	air-2s-mavic-air-2-propellrar-roda-4-pack
7989087305954	air-2s-mavic-air-2-propellrar-orange-4-pack
7989087338722	air-2s-mavic-air-2-propellrar-bla-4-pack
7989087371490	air-2s-mavic-air-2-propellrar-svarta-4-pack
7989087437026	mini-3-propellrar-svarta-4-pack
7989087469794	mini-3-propellrar-grona-4-pack
7989087502562	mini-3-propellrar-orange-4-pack
7989087535330	matrice-200-210-210-rtk-hard-case
7989087568098	mavic-2-ryggsack-pro-zoom-enterprise-svart
7989087633634	air-module-dji-m200-m210-v2
7989087666402	safe-t-2-2-tethering-station
7989087699170	safe-t-2-2-kabelspole-100m-16g-m-1500w
7989087731938	safe-t-2-2-kabelspole-100m-20-5g-m-1800w
7989087797474	safe-t-2-2-kabelspole-100m-25g-m-2200w
7989087830242	safe-t-2-2-dual-coms-fiber-optics-bpl
7989087895778	safe-t-2-2-fiberoptisk-kabelspole-100m-27g-m
7989087961314	safe-t-2-2-transportvaska
7989087994082	air-module-12sd
7989088026850	air-module-6sd
7989088157922	air-module-8s
7989088223458	air-module-dji-m300
7989088256226	ligh-t-4-tethering-station
7989088288994	loggbok-for-dronarpiloter-rpas-uas-uav
8008425734370	dji-mini-3
8008426389730	dji-mini-3-dji-rc
8008426553570	dji-mini-3-fly-more-combo-dji-rc
8008490287330	mini-3-dji-care-refresh-1-ar
8008494612706	mini-3-pro-dji-care-refresh-2-ar-1
8010480287970	dji-mavic-3t-silverpaket
8016183492834	river-2-pro
8037056250082	lexar-633x-microsdhc-sdxc-wadap-v30-m8m
8037056315618	lexar-633x-microsdhcsdxc-med-adapat-w9t
8037056512226	lexar-pro-r1750-w1000-256gb
8037086527714	lexar-jumpdrive-m35-usb-30-32gb
8037086593250	lexar-jumpdrive-m35-usb-30-64gb
8037086691554	lexar-jumpdrive-m35-usb-30-128gb
8037087248610	lexar-jumpdrive-s80-flash-drive-usb-ao4
8037087412450	lexar-jumpdrive-dual-drive-d35c-typ-og3
8037087576290	lexar-jumpdrive-dual-drive-d35c-typ-jf4
8037087641826	lexar-jumpdrive-dual-drive-d35c-typ-gux
8037092393186	lexar-cardreader-lrw530u-cfexpress-e5k
8037093245154	lexar-cardreader-microsd-uhs-i-usb-31k
8038626820322	chasing-innovation-gladius-mini-rem-9o3
8038626853090	chasing-innovation-gladius-mini-rem-hiv
8038626918626	chasing-innovation-gladius-mini-lef-m09
8038627016930	chasing-innovation-gladius-mini-rig-iqu
8038627049698	chasing-innovation-gladius-mini-mid-xg7
8038627115234	chasing-innovation-gladius-mini-lef-qnt
8038627410146	chasing-innovation-gladius-mini-lef-mte
8038627475682	chasing-innovation-gladius-mini-rig-xlm
8038627541218	chasing-innovation-gladius-mini-rig-n34
8038627573986	chasing-innovation-gladius-mini-mid-5d0
8038627606754	chasing-innovation-gladius-mini-led-tyn
8038627934434	chasing-innovation-m2-100m
8038628098274	chasing-innovation-m2-200m
8038628294882	chasing-innovation-m2m2-prom2-pro-m-r2y
8038628393186	chasing-innovation-minimini-sm2m2-p-k5q
8038628458722	chasing-innovation-m2m2-pro-e-reel-e5c
8038628491490	chasing-innovation-m2-97wh-battery-sau
8038628557026	chasing-innovation-m2m2-pro-floodli-e3c
8038628655330	chasing-innovation-m2-hardcase
8038628688098	chasing-innovation-m2m2-pro-led-mod-904
8038628753634	chasing-innovation-m2-right-motor
8038628884706	chasing-innovation-m2-battery-locki-ykv
8038628983010	chasing-innovation-m2-back-frame
8038629015778	chasing-innovation-m2-front-frame
8038629048546	chasing-innovation-m2-rov-holder-sl-qw2
8038629081314	chasing-innovation-m2-rov-holder-fr-6tc
8038629146850	chasing-innovation-m2-rov-holder-ba-wl3
8038629212386	chasing-innovation-thether-socket-c-vcb
8038629277922	chasing-innovation-m2m2-pro-micro-s-3xg
8038629441762	chasing-innovation-m2m2-prom2-pro-m-v08
8038629540066	chasing-innovation-remote-control-b-mwc
8038629572834	chasing-innovation-remote-control-b-kut
8038629605602	chasing-innovation-m2-o-ring-for-se-m5r
8038629638370	chasing-innovation-m2-o-ring-for-se-5le
8038629736674	chasing-innovation-m2-o-ring-for-se-n8l
8038629834978	chasing-innovation-m2m2-pro-ac-adap-ibz
8038629867746	chasing-innovation-m2m2-pro-3-in-1-xlj
8038629900514	chasing-innovation-m2-motor-propell-gmr
8038629933282	chasing-innovation-m2-coversled-lig-xq1
8038629998818	chasing-innovation-m2-cabin-support-ojf
8038630031586	chasing-innovation-m2-cabin-support-zs7
8038630064354	chasing-innovation-m2-holder-parts-hyt
8038630195426	chasing-innovation-m2-pro-200m
8038630228194	chasing-innovation-m2-prom2-pro-max-2ct
8038630293730	chasing-innovation-m2-pro-700wh-bat-ye9
8038630424802	chasing-innovation-ac-power-supply-eu7
8038630490338	chasing-innovation-m2m2-pro-300m-ca-3i6
8038630523106	chasing-innovation-m2m2-pro-400m-ca-7oy
8038630818018	chasing-innovation-gladius-mini-s-1-e76
8038631112930	chasing-innovation-gladius-mini-s-2-bkd
8038631211234	chasing-innovation-m2m2-prom2-pro-m-bc1
8038631342306	chasing-innovation-m2m2-prom2-pro-m-q1j
8038631375074	chasing-innovation-circular-claw-fo-njf
8038631506146	chasing-innovation-sediment-sampler-g0j
8038631571682	chasing-innovation-m2-pro-300wh-bat-7sx
8038631866594	chasing-innovation-m2-prom2-pro-max-nx1
8038631964898	chasing-innovation-m2m2-prom2-pro-m-77q
8038632128738	chasing-innovation-gladius-mini-s-m-eo9
8038632325346	chasing-innovation-gladius-mini-s-m-g0h
8038632653026	chasing-innovation-f1-20m
8038632751330	chasing-innovation-f1-backpack
8038632816866	chasing-innovation-m2m2-prom2-pro-m-y6f
8038632882402	chasing-innovation-f1-battery
8038632980706	chasing-innovation-m2m2-pro-reel-30-fia
8038633046242	chasing-innovation-m2m2-pro-reel-40-cho
8038633308386	chasing-innovation-m2-pro-max-trite-xlq
8038633439458	chasing-innovation-m2-prom2-pro-max-779
8038633767138	chasing-innovation-reel-manual-wind-ji2
8038633963746	chasing-innovation-m2-valuepack-100-bx2
8038634815714	chasing-innovation-m2m2-pro-floodli-36c
8038634946786	chasing-innovation-m2-prom2-pro-max-bci
8038635110626	chasing-innovation-m2-service-kit
8038635274466	chasing-innovation-cm600-pool-clean-cu4
8038635372770	chasing-innovation-m2-pro-max-300wh-2xf
8038635503842	chasing-innovation-m2-pro-max-shore-fwt
8038635733218	chasing-innovation-m2-pro-max-shore-6b2
8038636388578	chasing-innovation-m2-pro-max-grabb-qyd
8038636454114	chasing-innovation-m2-pro-max-usbl-k1k
8038636552418	chasing-innovation-m2-pro-max-bluep-pur
8038636650722	chasing-innovation-m2-pro-max-trite-khf
8038636847330	chasing-innovation-m2-pro-max-laser-lut
8038636912866	chasing-innovation-m2-pro-max-dista-u3v
8038637076706	chasing-innovation-m2-pro-max-auxil-x5w
8038637109474	chasing-innovation-m2-pro-max-700wh-k48
8038637207778	chasing-innovation-salvage-circular-d4y
8038637273314	chasing-innovation-m2m2-prom2-pro-m-wvz
8038681477346	brinno-bac2000-creative-kit
8038681936098	brinno-ath2000-outdoor-camera-power-0si
8038682001634	brinno-acc1000p-camera-clamp-plus
8038682034402	brinno-bcc2000plus-construction-cam-eqc
8038682099938	brinno-tlc2020-time-lapse-camera-ho-hop
8038682132706	brinno-tlc2020-time-lapse-camera-mo-z1l
8038682231010	brinno-tlc2020-time-lapse-camera-co-xrj
8038682263778	brinno-awm100-wall-mount
8038682329314	brinno-tlc300-time-lapse-camera
8038682362082	brinno-tlc300time-lapse-camera-moun-9bg
8038682394850	brinno-tlc300-time-lapse-camera-con-o8w
8038761136354	feelworld-monitor-f6-plus-55
8038761627874	feelworld-monitor-lut7s-7-med-sdi
8038761726178	feelworld-monitor-lut7-7
8038761890018	feelworld-monitor-f5-pro-55
8038762119394	feelworld-monitor-lut6s-6-med-sdi
8038762283234	feelworld-monitor-lut6-6
8038762348770	feelworld-live-pro-l1-multi-format-vy0
8038762381538	feelworld-ac-adapter-12v-15a
8038762447074	feelworld-ac-adapter-12v-3a
8038762512610	feelworld-ac-adapter-15v-5a
8038762545378	feelworld-d-tap-kabel
8038762610914	feelworld-fw1018spv1-101-monitor
8038762741986	feelworld-f970-batteriplatta
8038762807522	feelworld-dummy-battery-adapter-ble-tvg
8038762873058	feelworld-dummy-battery-adapter-fz1-wwk
8038762905826	feelworld-dummy-batteriadapter-ep-5-1sh
8038762938594	feelworld-dummy-battery-adapter-dr-0yw
8038762971362	feelworld-fw50-dummy-batteriadapter
8038763004130	feelworld-fw279-solskydd
8038763036898	feelworld-lut-7-solskydd
8038763069666	feelworld-lut-6-solskydd
8038763200738	feelworld-tp10-teleprompter-dslr-su-q5o
8038763233506	feelworld-monitor-lut5-5
8038763331810	feelworld-monitor-t7-plus
8038763364578	feelworld-monitor-fw759-7
8038763430114	feelworld-l2-plus-multi-kamera-vide-oma
8038763495650	feelworld-poe20x-sdihdmi-ptz-camera-yr8
8038763561186	feelworld-ndi20x-ndi-poe-ptz-camera-xx0
8038763593954	feelworld-1080p-usb-20-ptz-kamera-m-g4s
8038763626722	feelworld-monitor-lut7s-pro-7-med-s-vx8
8038763692258	feelworld-kbc10-ptz-camera-controll-fzl
8038763790562	feelworld-monitor-lut11s
8038763823330	feelworld-wv207-usb-streaming-webca-3to
8038763856098	feelworld-hv10x-professional-stream-sj1
8038764019938	feelworld-fw568s-6-dslr-camera-fiel-i6m
8038764085474	feelworld-uhd4k12x-ptz-camera-with-2y9
8038764151010	feelworld-monitor-fw568-v3-6
8038764216546	feelworld-cut6-6-inspelningsmonitor-am3
8038764314850	feelworld-monitor-f6-plus-v2-6
8038764380386	feelworld-monitor-lut7-pro-7
8038764413154	feelworld-monitor-fw279-7
8038764478690	feelworld-fw703-7-sdi-monitor
8038764544226	feelworld-fw1018-v1-101-monitor
8038764642530	feelworld-monitor-dh101-101
8039528956130	nanlite-compac-20-3-ljuskit
8039529218274	nanlite-halo16-led-ringljus
8039529251042	nanlite-kamerabracket-fr-halo-serie-1om
8039529349346	nanlite-t12-hllare-fr-tv-rr-med-gng-18p
8039529414882	nanlite-softbox-60cm-med-fm-fste
8039529480418	nanlite-eggcrate-fr-sb-fmm-60
8039529709794	nanlite-parasoll-djup-silver-135-cm
8039529742562	nanlite-skymning-translucent-180-cm
8039529808098	nanlite-paraply-djup-translucent-16-h8z
8039529906402	nanlite-asymmetrisk-softbox-45x110-st4
8039529971938	nanlite-eggcrate-galler-fr-softbox-r8u
8039530037474	nanlite-fresnel-lins-fl-11
8039530070242	nanlite-batterihllare-fr-forza-60
8039530528994	nanlite-rc-1-fjrrkontroll
8039530594530	nanlite-dc-anslutningskabel-5m-fr-f-738
8039530627298	nanlite-batteri-2000-mah-np-f-typ
8039530660066	nanlite-4500mah-np-f-typ-batteri
8039530692834	nanlite-batteri-6000mah-np-f-typ
8039530725602	nanlite-3-axlig-bakgrundstdshisskit-2iz
8039530791138	nanlite-cn-58-2-1-laddare-fr-np-sti-t6h
8039530823906	nanlite-t12-klmma-fr-rr
8039530889442	nanlite-masterslave-linje
8039530922210	nanlite-brvska-fr-pavotube-15c-1-ki-bzz
8039530954978	nanlite-transportvska-fr-pavotube-3-cow
8039531020514	nanlite-15v-75a-adapter-med-kabel
8039531053282	nanlite-15v-3a-adapter-med-kabel
8039531118818	nanlite-diy-rrhllar-kit
8039531217122	nanlite-fl-20g-fresnel-fr-forza
8039531249890	nanlite-lg-a21-fjrrkontroll-fr-ledg-1cj
8039531282658	nanlite-6-axlad-bakgrundstgningslyf-kfp
8039531315426	nanlite-bowens-adapter-fr-forza-60
8039531348194	nanlite-pavotube-ii-6c-1-kit
8039531380962	nanlite-eggcrate-fr-pavotube-6c
8039531446498	nanlite-lt-120-lantern-softbox-120c-2z3
8039531512034	nanlite-mini-stativ-och-handtag-med-vd8
8039531577570	nanlite-vattentt-vska-fr-pavotube-6-azy
8039531675874	nanlite-lantern-softbox-fr-compac-1-1ap
8039531708642	nanlite-lantern-softbox-fr-compac-2-4q8
8039531741410	nanlite-forza-200
8039531839714	nanlite-compac-20-led-fotoljus
8039531872482	nanlite-koppling-fr-pavotube-6c
8039531938018	nanlite-mini-bollhuvud-med-14-och-h-m0d
8039532003554	nanlite-batterigrepp-bg-f550-med-us-t3y
8039532134626	nanlite-lumipad-25-led-2-ljuskit-me-jw1
8039532232930	nanlite-v-mount-batteri-148-v-160-w-y8v
8039532265698	nanlite-batteri-v-mount-26v-230-wh
8039532331234	nanlite-laddare-fr-enstaka-148-v-v-y6r
8039532593378	nanlite-litolite-5c-rgbww-led-fickl-m40
8039532757218	nanlite-t12-rrhllare-med-mini-kulhu-8yd
8039532822754	nanlite-15v-45a-adapter-med-sladd
8039532953826	nanlite-d-tap-till-55-mm-adapter-me-oml
8039532986594	nanlite-adapter-fr-14826-voltsbatte-r02
8039533019362	nanlite-batteri-4500mah-np-f-med-cn-6d1
8039533183202	nanlite-projektorfste-fr-fm-fste-me-ksl
8039533445346	nanlite-t12-hllare-fr-ett-rr-med-bo-yq0
8039533478114	nanlite-pavotube-ii-6c-2-ljuskit
8039534035170	nanlite-mira-26b
8039534133474	nanlite-halo19-led-ringljus-med-brv-kt0
8039534166242	nanlite-rektangelsoftbox-60-x-90-cm
8039534231778	nanlite-strip-softbox-140-x-30-cm
8039534264546	nanlite-mask-fr-strip-softbox-140-x-8kk
8039534297314	nanlite-t2-adapter-fr-stripljus
8039534362850	nanlite-19-lins-fr-fm-monteringspro-25k
8039534395618	nanlite-36-lins-fr-fm-monteringspro-80d
8039534461154	nanlite-forza-60-med-bowens-adapter-b4v
8039534559458	nanlite-fs-300-led-2-ljuskit-med-st-lsi
8039534657762	nanlite-600csa-bicolor-led-panel
8039534919906	nanlite-pavotube-ii-30x-1-ljuskit
8039535149282	nanlite-pavotube-ii-30x-2-ljuskit
8039535247586	nanlite-pavotube-ii-30x-4-ljuskit
8039535313122	nanlite-t12-klmma-fr-rr-med-stolpe-y0c
8039535345890	nanlite-15v-6a-adapter-fr-forza-60
8039535411426	nanlite-48v-84a-adapter-fr-forza-30-32w
8039535476962	nanlite-gobo-set-1-fr-pj-fmm
8039535542498	nanlite-gobo-uppsttning-2-fr-pj-fmm-73z
8039535771874	nanlite-barnskena-med-softbox-fr-mi-ko1
8039535902946	nanlite-barn-door-fr-mixpad-ii-11c
8039536066786	nanlite-barn-door-med-eggcrate-fr-p-ttt
8039536132322	nanlite-barn-door-med-eggcrate-fr-p-eb6
8039536165090	nanlite-vattentt-rr-fr-pavotube-ii-px2
8039536263394	nanlite-vattentt-rr-fr-pavotube-ii-tkf
8039536361698	nanlite-vattentt-rr-fr-pavotube-ii-yiy
8039536427234	nanlite-eye-bolt
8039536492770	nanlite-golvstativ-ls-fl-14-f-fr-ii-11s
8039536558306	nanlite-pavotube-transparent-t12-kl-twg
8039536722146	nanlite-pavotube-ii-6c-kit-brvska
8039536787682	nanlite-gldlampa-diffuser-fr-litoli-6u5
8039537410274	nanlite-3-ljuskit-900csa-med-trolle-8a9
8039537475810	nanlite-3-ljuskit-1200dsa-med-troll-94p
8039537639650	nanlite-900dsa-3-ljuskit-med-trolle-iu9
8039537770722	nanlite-3-ljuskit-1200csa-med-troll-jkw
8039537836258	nanlite-kit-3-ljuskit-600dsa-med-tr-egx
8039537934562	nanlite-softbox-fr-600sacsadsa-led-orh
8039538000098	nanlite-eggcrate-fr-600sacsadsa-sof-7ik
8039538262242	nanlite-softbox-fr-1200sa-csa-dsa-l-wyy
8039538393314	nanlite-ls-60-ljusstng
8039538622690	nanlite-ls-170-ljusstll
8039538688226	nanlite-ls-186-ljusstll
8039538786530	nanlite-ls-288-ljusstllning
8039539146978	nanlite-mira-26b-ls-kit
8039539212514	nanlite-nanlink-ws-tb1-sndarbox
8039539769570	nanlite-dmx-adapterkabel-med-flygko-9p3
8039539966178	nanlite-pavotube-ii-15x-8-ljuskit
8039540457698	nanlite-pj-bm-19-projektormontage-f-23m
8039540588770	nanlite-pj-bm-36-projektorfste-fr-b-61m
8039540654306	nanlite-pj-bm-ai-justerbar-iris
8039540719842	nanlite-gobo-set-1-fr-pj-bm
8039540883682	nanlite-gobo-set-2-fr-pj-bm
8039540949218	nanlite-lens-pj-bm-lens-19
8039540981986	nanlite-lens-pj-bm-lens-36
8039541080290	nanlite-brvska-fr-sa
8039541113058	nanlite-v-mount-batterigrepp-med-4-765
8039541276898	nanlite-ws-rc-c2-rgb-fjrrkontroll
8039541440738	nanlite-pavotube-t8-7x-1-ljuskit
8039542456546	nanlite-pavotube-t8-7x-4-ljuskit
8039542685922	nanlite-pavobulb-10c-1-ljuskit
8039542882530	nanlite-pavobulb-10c-4-ljuskit
8039543144674	nanlite-pavobulb-10c-12-ljuskit
8039543308514	nanlite-lantern-softbox-lt-80-qr-fd
8039543570658	nanlite-usb-till-usb-c-3-meter-frbi-q6q
8039543734498	nanlite-brvska-fr-fs-serien
8039543832802	nanlite-45-reflektor-med-fm-fste
8039543931106	nanlite-cob-skyddskpa-fr-fm-fste
8039544094946	nanlite-dmx-adapterkabel-med-35-mm
8039544160482	nanlite-brvska-fr-forza-300
8039544193250	nanlite-vska-fr-pavotube-ii-15x-fr-t7d
8039544258786	nanlite-vska-fr-pavotube-ii-30x-fr-1l6
8039544291554	nanlite-hard-case-fr-8-st-pavotube-plm
8039544389858	nanlite-hard-case-fr-8-st-pavotube-2er
8039544553698	nanlite-npf-batteriadapter-med-e27-uoz
8039544652002	nanlite-usb-c-till-dmx-kabelsplitte-lp0
8039544815842	nanlite-studsbouncer-med-sugkopp-fr-uwd
8039544946914	nanlite-studsbouncer-med-sugkopp-fr-aef
8039545077986	nanlite-studsare-med-sugkopp-fr-lju-m42
8039545143522	nanlite-75-v-2-a-strmadapter
8039545209058	nanlite-lumipad-11-led-padsljus
8039545274594	nanlite-cc-p-38-hrdvska
8039545438434	nanlite-2-ljuskit-600-csa-med-brvsk-7bc
8039545471202	nanlite-2-ljuskit-900csa-med-brvska-h12
8039545569506	nanlite-kit-2-ljuskit-1200dsa-med-b-nnk
8039545667810	nanlite-2-ljuskit-900dsa-med-brvska-dbj
8039545766114	nanlite-2-ljuskit-1200csa-med-brvsk-qt2
8039545798882	nanlite-kit-2-ljuskit-600dsa-med-br-njz
8039545995490	nanlite-forza-60c-rgblac-led-strlka-kbr
8039546028258	nanlite-be-rc-radiostyrning-fr-hiss-dtx
8039546126562	nanlite-forza-150b-led-bi-color-spo-4vx
8039546323170	nanlite-fs-300b-led-bi-color-spotli-a7a
8039650459874	nanlite-t12-hllare-fr-fyra-rr-med-b-b5v
8039650853090	nanlite-h-stll-ljusstng
8039655211234	nanlite-900csa-bicolor-led-panel
8039655309538	nanlite-trollyvska-st-85
8039655637218	nanlite-1200-dsa-5600k-led-panel-me-041
8039655702754	nanlite-900dsa-5600k-led-panel-med-gvr
8039655866594	nanlite-1200-csa-bicolor-led-panel
8039655997666	nanlite-600dsa-5600k-led-panel-med-2ge
8039656194274	nanlite-mixpad-27c-ii-rgbww-led-pan-2ly
8039656489186	nanlite-mixpad-11c-ii-rgbww-led-pan-gbb
8039656882402	nanlite-ggburk-fr-compac-100100b
8039657242850	nanlite-pavotube-ii-15x-1-ljuskit
8039657537762	nanlite-pavotube-ii-15x-2-ljuskit
8039664419042	nanlite-forza-klamma-med-krok
8039664582882	nanlite-multivinklig-fste-fr-pavotu-q9o
8039670677730	nanlite-forza-60-ii-led-spotlight
8039670841570	nanlite-forza-150-kit-med-fl-11-fre-fuk
8039670939874	nanlite-forza-60-kit-med-fl-11-fres-qgx
8039671103714	nanlite-golvstativ-fr-tube-light-t8-hve
8039671464162	nanlite-golvstativ-fr-tube-light-t1-3s1
8039671759074	nanlite-nanlux-cob-skyddskpa-evoke-azc
8039671955682	nanlite-8-pins-dc-anslutningskabel-a1a
8039672185058	nanlite-8-pins-dc-anslutningskabel-pgi
8039672250594	nanlite-lg-1822u-u-ram-grn-skrm-kit-b6f
8039672381666	nanlite-lg-3522u-u-ram-grnt-skrmkit-1tf
8039672709346	nanlite-lg-e60-4-ljus-led-studiokit
8039673004258	nanlite-forza-300-ii-dagsljus-led-s-s59
8039673430242	nanlite-forza-300b-ii-bicolor-led-s-9do
8039673757922	nanlite-fs-200b-bi-color-led-spotli-ngz
8039674020066	nanlite-fs-150b-bi-color-led-spotli-a8p
8039674347746	nanlite-pavotube-ii-15c-led-rgbww-r-7fb
8039674478818	nanlite-pavotube-ii-15c-led-rgbww-t-by5
8039674708194	nanlite-pavotube-ii-15c-led-rgbww-r-34f
8039675068642	nanlite-pavotube-ii-30c-led-rgbww-r-vxk
8039675232482	nanlite-pavotube-ii-30c-led-rgbww-r-utk
8039675560162	nanlite-pavotube-ii-30c-led-rgbww-r-o56
8039675691234	nanlite-forza-720-forza-200-kit
8039675855074	nanlite-forza-720b-forza-200-kit
8039676117218	nanlite-forza-500-ii-dagsljus-led-s-abk
8039676444898	nanlite-forza-500b-ii-bicolor-led-s-m43
8039915716834	nanlite-pavotube-30c-1kit
8040259977442	nanlite-barn-door-och-diffusor-fr-c-38x
8040275804386	nanlite-e27-magnetisk-basadapter
8040279015650	nanlite-vska-fr-pavotube-ii-30x-fr-9sb
8040279081186	nanlite-octangle-softbox-fr-mixpane-jhi
8040279113954	nanlite-15v-6a-adapter-med-kabel-xl-pal
8040279245026	nanlite-golvstativ-fr-pavotube-60x
8040279376098	nanlite-pavotube-15c-4-kit
8040354283746	feelworld-f6-plus-solskydd
8040355332322	feelworld-monitor-f7-pro-7-director-bzl
8040355365090	feelworld-canon-lp-e6-batteriplatta
8041712386274	nanlite-sb-pr-90-q-utomhus-lite-dif-iqi
8041712484578	nanlite-brvska-fr-sb-pr-90-q-softbo-ny6
8041712713954	smallrig-761-camera-cold-shoe-ballh-1ua
8041712779490	smallrig-828-double-head-stud-med-1-3mf
8041712845026	smallrig-838-quick-release-camera-f-69u
8041712877794	smallrig-851-15mm-carbon-fiber-rod-5v0
8041712910562	smallrig-860-single-railblock
8041712976098	smallrig-870-15mm-carbon-fiber-rod-7ee
8041713041634	smallrig-900-rod-connector-fr-15mm-f0w
8041713074402	smallrig-915-15mm-micro-rod-med-14-ye4
8041713107170	smallrig-942-super-lttvikt-15mm-rai-ct8
8041713172706	smallrig-1049-15mm-aluminiumlegerin-1sw
8041713205474	smallrig-1051-15mm-aluminiumlegerin-mak
8041713303778	smallrig-1053-15mm-aluminiumlegerin-b3j
8041713369314	smallrig-1054-15mm-aluminiumlegerin-qcs
8041713402082	smallrig-1089-thumb-screw-v2-med-14-vlz
8041713434850	smallrig-1091-cheese-bar-med-14-och-u1z
8041713467618	smallrig-1092-cheese-plate-multi-mo-q6o
8041713500386	smallrig-1124-ball-head-mount-och-c-mb7
8041713533154	smallrig-1135-multi-funktion-double-4na
8041713565922	smallrig-1138-dubbel-ballhead-med-k-fed
8041713631458	smallrig-1241-cold-shoe
8041713664226	smallrig-1409-qr-skerhets-rail-46mm-ud3
8041713795298	smallrig-1463-standard-dovetail-arr-ffc
8041713828066	smallrig-1493-15mm-klmma
8041713926370	smallrig-1547-batteriback
8041713959138	smallrig-1549-single-15mm-rail-clam-y18
8041714122978	smallrig-1610-trdadapt-14-38-trd-5s-4ui
8041714155746	smallrig-1617-15mm-rod-cap
8041714188514	smallrig-1631-cold-shoe-adpt-med-38-xzc
8041714286818	smallrig-1658-halvcage-versaframe
8041714417890	smallrig-1659-15mm-aluminiumlegerin-ra3
8041714548962	smallrig-1674-basplatta-med-15mm-ro-l8f
8041714647266	smallrig-1681-multifunktionsostplat-acu
8041714712802	smallrig-1690-15mm-carbon-fiber-rod-bpq
8041714811106	smallrig-1710-qr-platta-arca
8041715073250	smallrig-1819-strmkabel-f-bmcc-bm-v-ljc
8041715204322	smallrig-1831-mount-clamp-adapter-f-jec
8041715302626	smallrig-1846-v-lock-assembly-kit
8041715368162	smallrig-1848-hger-sida-plate-red
8041715466466	smallrig-1854-sidaplatta-fr-bm-ursa-fip
8041715564770	smallrig-1859-universiell-mik-shock-ju7
8041715663074	smallrig-1870-frlngningsarm-med-arr-9pe
8041715695842	smallrig-1871-15mm-carbon-fiber-rod-2od
8041715728610	smallrig-1872-15mm-carbon-fiber-rod-yx0
8041716056290	smallrig-1955-handtag-nato-action-s-jef
8041716089058	smallrig-1970-trhandtag-fr-sony-a65-b6e
8041716121826	smallrig-1973-nato-lock-clamp
8041716351202	smallrig-1995-15mm-rod-clamp
8041716416738	smallrig-2056-topplatta-fr-canon-c2-s4l
8041716449506	smallrig-2057-universell-axelkudde
8041716482274	smallrig-2058-super-clamp-med-14-oc-k6s
8041716515042	smallrig-2059-camera-cold-shoe-ball-rgd
8041716580578	smallrig-2060-cold-shoe-2-pack
8041716646114	smallrig-2061-super-lttvikt-15mm-ra-myw
8041716744418	smallrig-2065-articulating-arm-55-t-2ca
8041716777186	smallrig-2066-artikulerande-arm-95-jfb
8041716809954	smallrig-2069-15mm-rod-clamp-90-gra-jkx
8041717203170	smallrig-2143-qr-clamp-arca-typ
8041717301474	smallrig-2144-qr-clamp-och-plate-ar-1tj
8041717334242	smallrig-2146-qr-platta-arca
8041717367010	smallrig-2151-15mm-objektivsupport-mw0
8041717399778	smallrig-2157-magisk-arm-med-liten-ltd
8041717432546	smallrig-2158-univ-magiska-armar-me-27v
8041717465314	smallrig-2164-krabbshaped-klmma-med-1lb
8041717530850	smallrig-2165-handtag-arri-locating
8041717596386	smallrig-2169-vct-14-qr-tripod-plat-nw1
8041717727458	smallrig-2174-monitorfste-med-arri-yhx
8041717792994	smallrig-2200-evf-ext-arm-fr-fs5-oc-izr
8041717924066	smallrig-2203-cage-fr-bmpcc-4k6k
8041718022370	smallrig-2214-monteringsplatta-fr-r-r36
8041718087906	smallrig-2220-super-clamp
8041718153442	smallrig-2221-monteringsklammer-fr-byd
8041718415586	smallrig-2245-montering-fr-samsung-z9a
8041718481122	smallrig-2246-b-hdmiusb-c-kabelklam-0gq
8041718710498	smallrig-2247-linsmonteringsadapt-s-sfo
8041718743266	smallrig-1195-qr-skerhets-rail-70mm-8pl
8041718874338	smallrig-1638-topphandtag-med-cold-o13
8041718907106	smallrig-1684-dogbone-arri-rosette-mu6
8041718972642	smallrig-1807-arri-frlngningsarm
8041719005410	smallrig-1898-15mm-rod-clamp-med-ar-k69
8041719038178	smallrig-2002-handtag-kit-rosette-c-193
8041719103714	smallrig-2879-cold-shoe-frlngning
8041719202018	smallrig-2070-artikulerande-arm-med-ew1
8041719431394	smallrig-2093-handtag-universal-sid-18f
8041719660770	smallrig-2187-sido-handtag-tr-nato
8041719759074	smallrig-2284-vikt-100g-fr-ronin-s-hn1
8041719791842	smallrig-2285-vikt-200g-fr-ronin-s-eoz
8041719988450	smallrig-2335-mini-kabelklammer-fr-w0q
8041720283362	smallrig-2361-stativfste-ring-fr-ca-is6
8041720414434	smallrig-2352-shotgun-mic-holder-co-fue
8041720578274	smallrig-2222-handtag-tr-djizhiyun-4jz
8041720611042	smallrig-2250-dubbel-handtag-dji-ro-ryc
8041720742114	smallrig-2277-viktmonteringsplatta-vfp
8041720807650	smallrig-2283-viktmonteringsplatta-jb9
8041720905954	smallrig-2328-monteringsklmma-fr-mo-jdf
8041720938722	smallrig-2403-offset-kit-fr-bmpcc-4-gx0
8041721135330	smallrig-2436-acc-mount-plate-fr-cr-kt0
8041721299170	smallrig-2336-hllare-fr-portabla-po-zow
8041721331938	smallrig-2260-cold-shoe-mount-med-a-9p6
8041721528546	smallrig-2422-cage-fr-canon-g7x-mar-7lz
8041721987298	smallrig-2409-cage-kit-och-solskydd-ao4
8041722052834	smallrig-2254-halvcage-fr-bmdpcc-4k-qr1
8041722118370	smallrig-2320-cage-fr-gopro-hero765-3bf
8041722249442	smallrig-2272-universal-15mm-rail-s-n3a
8041722282210	smallrig-2280-qr-klammer-platta-arc-2iz
8041722544354	smallrig-2425-aluminium-universal-s-v4h
8041722577122	smallrig-2362-handtag-roterande-nat-ej8
8041722642658	smallrig-2439-nato-top-handle
8041722937570	smallrig-2265-t-cine-support-fr-gh5-mq9
8041722970338	smallrig-2393-top-handle-univ-fr-ci-vjc
8041723068642	smallrig-2428-kameraxlars-rem
8041723166946	smallrig-2269-solhtta-fr-atomos-nin-bu7
8041723232482	smallrig-2045-pro-acc-kit-fr-fs7fs7-yft
8041723396322	smallrig-2128-qr-kit-touch-and-go
8041723429090	smallrig-2102-pro-acc-kit-fr-red-ds-0w8
8041723560162	smallrig-2278-l-std-fr-a7-iia7r-iia-dvs
8041723625698	smallrig-102-pro-univ-axelskydd-kit
8041723789538	smallrig-2506-qr-klmma-fr-ronin-ssc-cdb
8041723953378	smallrig-2521-nato-rail-48mm-med-ar-994
8041723986146	smallrig-2501-nato-rail-35mm-med-ar-a1n
8041724149986	smallrig-2458-qr-plate-manfrotto-50-j56
8041724412130	smallrig-2483-low-profile-nato-rail-o59
8041724477666	smallrig-2484-lg-profil-nato-rail-9-no7
8041724510434	smallrig-2520-monteringsplatta-fr-s-4q7
8041724674274	smallrig-2487-mount-plate-och-hdmi-uae
8041724772578	smallrig-2475-cage-fr-dji-osmo-acti-18t
8041725034722	smallrig-2636-handtag-fr-weebill-s
8041725198562	smallrig-2414-pro-mobil-cage-fr-iph-6bq
8041725329634	smallrig-2455-pro-mobile-cage-fr-ip-v1x
8041725395170	smallrig-2512-pro-mobile-cage-fr-ip-h43
8041725493474	smallrig-2471-pro-mobil-cage-fr-iph-f59
8041725591778	smallrig-2628-pocket-mobil-cage-fr-bhp
8041725657314	smallrig-2430-pocket-mobil-cage-fr-0m1
8041725722850	smallrig-2454-pro-mobil-cage-fr-sam-xyc
8041725919458	smallrig-2441-pro-mobil-cage-fr-sam-mvw
8041726050530	smallrig-2380-mobiltelefonhuvud
8041726148834	smallrig-2381-mobiltelefon-utvidgni-221
8041726214370	smallrig-2395-nato-rail-fr-mobiltel-4x2
8041726345442	smallrig-2390-mobiltelefonkabelklmm-2k3
8041726542050	smallrig-2681-universallinsstd-15mm-ck3
8041726574818	smallrig-2668-buckle-apt-med-arca-q-r40
8041726607586	smallrig-2627-vlog-cold-shoe-plate-jak
8041726738658	smallrig-2680-universell-linsstd-15-jik
8041727000802	smallrig-2482-universal-qr-mount-ki-5ot
8041727230178	smallrig-2807-lcd-solskydd-nikon-z6-pk4
8041727262946	smallrig-2823-lcd-skrmskydd-fr-a600-oxz
8041727557858	smallrig-2711-cold-shoe-mount-fr-ro-yvv
8041727623394	smallrig-2804-arri-std-rosette-bolt-2w3
8041727820002	smallrig-2831-rosette-adapter-fr-ha-h9v
8041727951074	smallrig-2684-monitor-cage-med-sols-c7n
8041728278754	smallrig-2826-monteringsplatta-fr-a-ezz
8041728344290	smallrig-2827-kamerahjningsplatta-f-z89
8041728508130	smallrig-2828-focus-motor-rod-mount-bbu
8041728835810	smallrig-2713-universala-fllbara-mu-ngz
8041728901346	smallrig-2456-handrem
8041729392866	smallrig-2773-pro-mobile-cage-fr-ip-b0t
8041729589474	smallrig-2100-monitorhllare-med-nat-5kx
8041730277602	smallrig-2841-bakre-insertplatta-fr-snr
8041730539746	smallrig-2799-fste-fr-lacie-portabl-39k
8041730670818	smallrig-2236-halvcage-med-arca-l-b-b2t
8041730801890	smallrig-2825-fx9-kabelklammer-f-tr-v93
8041731064034	smallrig-2792-cage-med-sunhoodhdmi-fc9
8041731162338	smallrig-2881-dubbel-cold-shoe-frln-a3t
8041731424482	smallrig-2914-mini-sidhandtag-arri-fbk
8041731457250	smallrig-2913-mini-sidhandtag-tr
8041731653858	smallrig-2790-universell-powerbankh-vyl
8041731686626	smallrig-2791-universell-mobiltelef-fvv
8041731752162	smallrig-2903-svng-och-tiltjusterba-0ym
8041731784930	smallrig-2904-swivel-och-tilt-juste-q1h
8041731883234	smallrig-2906-svng-och-justerbar-mo-1r2
8041732047074	smallrig-2797-cold-shoe-mount-multi-4v6
8041732079842	smallrig-2916-mini-sidhandtag-14-sk-bqd
8041732112610	smallrig-2772-l-w-sidhandtag-fr-sma-yhn
8041732145378	smallrig-2947-l-bracket-fr-nikon-z5-4bt
8041732309218	smallrig-3000-hdmi-usb-c-kabelklamm-05h
8041732374754	smallrig-2999-kameraskl-fr-sony-a7s-6qr
8041732735202	smallrig-3008-professional-kit-fr-s-w0v
8041732800738	smallrig-3009-master-kit-fr-sony-a7-zg7
8041732997346	smallrig-115-vlogg-kit-fr-sony-rx10-gmu
8041733095650	smallrig-113-vlogg-kit-fr-gopro-her-h81
8041733357794	smallrig-2889-justerbar-monitorfste-3n4
8041733521634	smallrig-2457-trhandtag-med-quick-r-yf8
8041733587170	smallrig-2920-2-pin-laddningskabel-s4c
8041733718242	smallrig-2922-batteriladdningskabel-fte
8041733751010	smallrig-2802-dual-15mm-rod-batteri-pbd
8041733816546	smallrig-2933-strmfrsrjningslsning-j87
8041733947618	smallrig-2994-monteringsklamma-fr-c-35t
8041733980386	smallrig-2995-sidomontageplatta-fr-dzg
8041734045922	smallrig-2983-bur-fr-panasonic-s5
8041734078690	smallrig-2801-mini-v-lock-assembly-ewc
8041734144226	smallrig-2951-monteringsadapter-fr-msp
8041734439138	smallrig-3005-sling-grip-fr-crane-2-rg8
8041734504674	smallrig-3081-cage-fr-sony-a7c
8041734897890	smallrig-3027-dubbel-handtag-fr-ron-rdn
8041735061730	smallrig-3028-handtag-fr-ronin-rs2r-npk
8041735127266	smallrig-3031-frlngd-qr-plate-fr-ro-yrl
8041735160034	smallrig-3032-nato-rail-fr-ronin-ss-7hq
8041735225570	smallrig-3061-qr-plate-fr-ronin-rs2-wcz
8041735389410	smallrig-3125-universala-counter-we-lt7
8041735422178	smallrig-2850-lng-lins-mount-fr-ron-0x5
8041735586018	smallrig-3087-kpa-fr-fujifilm-x-s10-l94
8041735651554	smallrig-2939-l-bracket-fr-sony-a7r-w2q
8041735782626	smallrig-2918-light-cage-fr-a7iii-a-oyj
8041735815394	smallrig-2835-shoulderpad-vct-fr-so-cfv
8041735946466	smallrig-3006-qr-frlngningsfste-fr-v4s
8041736208610	smallrig-2418-univ-fjderkabelklmma-478
8041736274146	smallrig-3155-universal-mob-phone-h-3tm
8041736437986	smallrig-3089-l-bracket-fr-sony-a7c-azk
8041736601826	smallrig-3041-hdmi-kabel-ultra-slim-kty
8041736667362	smallrig-2930-tablet-mount-fr-ipad
8041736765666	smallrig-2929-tabletmontering-fr-ip-8h3
8041736863970	smallrig-3021-hdmi-adpt-kabel-ultra-b3e
8041736995042	smallrig-3020-hdmi-adpt-kabel-ultra-mud
8041737093346	smallrig-3019-hdmi-adpt-kabel-ultra-1h0
8041737388258	smallrig-3074-pro-mobil-cage-fr-iph-a12
8041737584866	smallrig-2988-batteriplatta-v-mount
8041737683170	smallrig-2989-battery-plate-mini-v-t9a
8041737748706	smallrig-2991-batteriplatta-v-mount-2q2
8041737781474	smallrig-3016-batteriplatta-v-mount-oom
8041737912546	smallrig-2803-cage-fr-canon-eos-r
8041737978082	smallrig-3040-hdmi-kabel-4k-35cm-c-av3
8041738010850	smallrig-3042-hdmi-kabel-4k-35cm-d-9lq
8041738076386	smallrig-3033-table-top-minitripod
8041738141922	smallrig-2788-silikonhandtag-fr-son-2ad
8041738371298	smallrig-3162-utvidgad-arca-typ-qui-c0k
8041738436834	smallrig-2990-batteri-platta-v-moun-v3e
8041738535138	smallrig-2969-bakmodul-fr-z-cam
8041738830050	smallrig-3158-qr-plate-fr-dji-rs-2-x3l
8041738862818	smallrig-3176-handheld-videorig-kit-kkg
8041738928354	smallrig-3175-handhllen-videorig-ki-16m
8041738961122	smallrig-3077-pro-mobile-cage-fr-ip-9jg
8041739092194	smallrig-3131-professionell-cage-ki-rtm
8041739190498	smallrig-3135-cage-tophandle-kit-fr-f9p
8041739354338	smallrig-2326-skruvset-fr-kameratil-8v2
8041739518178	smallrig-3182-rode-wireless-go-hand-1c8
8041739616482	smallrig-3184-skruv-och-hexnyckel-l-hfp
8041739714786	smallrig-3183-lttviktsbrstkydd-med-bkc
8041739780322	smallrig-2979-ipad-tablet-cage
8041740009698	smallrig-3093-batteriadapterplatta-1nj
8041740206306	smallrig-3082-topphandtag-fr-sony-x-6zm
8041740271842	smallrig-3224-handhllen-rig-fr-sony-c52
8041740337378	smallrig-3225-pro-kit-fr-sony-fx6
8041741156578	smallrig-3231-l-bracket-fr-fujifilm-idw
8041741484258	smallrig-3209-professionell-kit-fr-zg0
8041742008546	smallrig-3274-skrmskydd-fr-bmpcc-6k-3fb
8041742500066	smallrig-3234-black-mamba-kit-fr-ca-xq2
8041742532834	smallrig-3083-cage-fr-gopro-hero-91-x4c
8041742663906	smallrig-3010-follow-focus-mini
8041742794978	smallrig-3011-rod-clamp-med-nato-ra-op7
8041742958818	smallrig-3227-cage-kit-fr-sigma-fp-bt8
8041743712482	smallrig-3459-axelsats-fr-sony-fx6
8041743843554	smallrig-3403-handgrip-rosette-adap-163
8041744040162	smallrig-3389-simorr-wave-l1-lavali-7rw
8041744105698	smallrig-3260-roterande-nato-handta-a6u
8041744302306	smallrig-3490-frlngningsrigg-fr-son-8bz
8041744367842	smallrig-3248-dummy-batteri-dmw-blf-e1f
8041744400610	smallrig-3247-dummy-batteri-en-el15
8041744466146	smallrig-3246-dummy-batteri-np-w235
8041744498914	smallrig-3323-sidspaka-tr-med-start-b6d
8041744564450	smallrig-3322-topphandtag-nato-med-q6s
8041745055970	smallrig-3523-frlngningsgrepp-fr-so-vbz
8041745219810	smallrig-3524-frlngningshandtag-fr-l3c
8041745383650	smallrig-3526-cold-shoe-adapter-med-c9h
8041745580258	smallrig-3530-vindavvisare-fr-sony-d6r
8041745711330	smallrig-3467-lavalier-microphone-f-uvu
8041745809634	smallrig-3111-phone-cage-universal-lzi
8041745940706	smallrig-3485-lder-kamera-halsrem
8041746137314	smallrig-3324-rosette-sida-handtag-svi
8041746202850	smallrig-3199-enkel-skugga
8041746268386	smallrig-3483-simorr-dual-cold-shoe-f93
8041746497762	smallrig-3510-simorr-vlog-kit-vigor-wd9
8041746563298	smallrig-3561-mobilt-video-cage-fr-g2c
8041746890978	smallrig-3637-hdmi-kabelklammer-fr-nu3
8041746956514	smallrig-3409-silikon-donut-med-114-ext
8041747087586	smallrig-3456-monitor-cage-kit-fr-a-pal
8041747480802	smallrig-3498-batteriadapterplatta-xnz
8041747644642	smallrig-3582-master-kit-fr-bmpcc-6-99d
8041747808482	smallrig-3517-full-cage-fr-bmpcc-6k-a3e
8041748136162	smallrig-3507-justerbar-evf-mount-m-8wa
8041748562146	smallrig-3575-mini-matte-box-lite
8041748627682	smallrig-3447-skrmskydd-fr-atomos-n-y5a
8041748758754	smallrig-3448-silicon-fall-kit-fr-a-swc
8041748857058	smallrig-3454-silicon-case-kit-fr-a-z3z
8041749283042	smallrig-3320-filterbricka-4x4
8041749414114	smallrig-3468-on-camera-mikrofon-fo-870
8041749774562	smallrig-3667-full-cage-fr-sony-a7r-l1v
8041749807330	smallrig-3668-grundlggande-kit-fr-s-upo
8041749905634	smallrig-3669-avancerad-kit-fr-sony-lxr
8041750462690	smallrig-3727-universell-smartphone-fkg
8041750626530	smallrig-3728-universell-smartphone-l5y
8041750757602	smallrig-3729-universal-smartphone-fwk
8041750823138	smallrig-3745-universell-smartphone-mjj
8041750921442	smallrig-3672-solskrm-fr-canon-eos-o9v
8041751019746	smallrig-3611-universal-lite-video-gsd
8041751412962	smallrig-3515-drop-in-hawklock-mini-byd
8041751478498	smallrig-3600-drop-in-hawklock-mini-s1z
8041751740642	smallrig-3662-magnetisk-adapterfste-c50
8041751838946	smallrig-3663-magnetisk-laddningsfs-i6h
8041751871714	smallrig-3694-nd-filter-kit-fr-dji-h5t
8041752002786	smallrig-3639-halvcage-fr-sony-a7iv-m8m
8041752166626	smallrig-3719-handhllen-kit-fr-sony-hzd
8041752232162	smallrig-3720-handheld-kit-fr-sony-egw
8041752625378	smallrig-3722-handhllen-kit-fr-cano-vko
8041752789218	smallrig-3715-cage-kabelklmma-fr-fu-cnr
8041752854754	smallrig-3723-handhllen-kit-fr-fuji-s9k
8041752920290	smallrig-3716-handhllen-kit-fr-pana-v4k
8041753116898	smallrig-3577-adapter-mini-cold-sho-3jg
8041753182434	smallrig-3724-krabbshaped-klmma-mag-cf7
8041753280738	smallrig-3725-krabbshaped-klmma-mag-nwi
8041753346274	smallrig-3609-universell-video-kit-wuz
8041753411810	smallrig-3735-handhllen-video-kit-f-0xk
8041753575650	smallrig-3597-sidoflagga
8041753706722	smallrig-3615-rc-120b-cob-light
8041753805026	smallrig-3585-ra-d55-softbox-parabo-key
8041753936098	smallrig-3586-ra-d85-softbox-parabo-sgz
8041754034402	smallrig-3754-ra-l65-lantern-softbo-u6z
8041754067170	smallrig-3676-ra-v1-v-mount-batteri-6r6
8041754132706	smallrig-3786-top-handle-black-mamb-p2i
8041754165474	smallrig-3747-handhllen-video-kit-f-l0w
8041754296546	smallrig-3457-lttvikts-fluid-videoh-bqi
8041754362082	smallrig-3783-cage-kit-fr-sony-a7c
8041754394850	smallrig-3674-skrmskydd-fr-canon-eo-cqc
8041754427618	smallrig-3675-skrmskydd-fr-canon-eo-yv1
8041754460386	smallrig-3250-adapterkabel-0b302-0b-y15
8041754591458	smallrig-3251-power-pass-through-pl-l6u
8041754755298	smallrig-3466-forevala-u60-usb-mikr-6q0
8041754984674	smallrig-3785-cage-kit-fr-panasonic-0jt
8041755148514	smallrig-3598-single-rod-clamp-1215-l4s
8041755345122	smallrig-3788-cage-kit-fr-atomos-ni-dpw
8041755574498	smallrig-3665-halvcage-fr-bmpcc-6k-sgi
8041755738338	smallrig-3760-video-tripod-ct180
8041755803874	smallrig-3618-rc-220d-cob-light
8041755902178	smallrig-3621-rc-220b-cob-light
8041755967714	smallrig-3169-sony-vct-14-universal-ajd
8041756393698	smallrig-3837-monitor-cage-kit-fr-f-o5i
8041756426466	smallrig-3764-topphandtag-med-cold-ahv
8041756492002	smallrig-3765-arri-locating-top-han-tzk
8041756590306	smallrig-3766-nato-top-handle
8041756623074	smallrig-3848-hand-strap-black-mamb-x8t
8041756983522	smallrig-3827-simorr-vlog-kit-vigor-xx6
8041757049058	smallrig-3809-monitor-mount-lite-me-zts
8041757114594	smallrig-3685-camera-kabelklammer
8041757180130	smallrig-3866-kameraskl-fr-nikon-z6-ste
8041757442274	smallrig-3563-universell-cage-fr-ip-wb9
8041757507810	smallrig-3736-ra-s280-ljusstng-air-3x2
8041757540578	smallrig-3737-ra-s280-ljusstng-luft-v06
8041757868258	smallrig-3932-ra-l90-lantern-softbo-rnm
8041757999330	smallrig-3841-67mm-filterring-adapt-mtk
8041758392546	smallrig-3192-memory-case
8041758654690	smallrig-3771-arri-dovetail-plate-1-s1n
8041759080674	smallrig-3899-handhllen-kit-fr-cano-273
8041759277282	smallrig-3922-vndbar-sidohandtag
8041759375586	smallrig-3495-wave-w1-c-trdls-laval-npr
8041759408354	smallrig-3928-l-bracket-fr-fujifilm-3ue
8041759539426	smallrig-3934-krna-fr-fujifilm-x-h2-dvg
8041759604962	smallrig-3566-suction-cup-portable-t7w
8041759965410	smallrig-3953-handhllen-ring-med-tr-nx4
8041760555234	smallrig-3641-lttvikts-modulr-mattb-j89
8041760620770	smallrig-3645-lttvikt-multifunktion-wqs
8041760915682	smallrig-3647-sido-flagga-kit-95mm-65o
8041760981218	smallrig-3648-filterbricka-4x4
8041761243362	smallrig-3652-dubbel-rod-support
8041761603810	smallrig-3990-topplatta-fr-sony-fx3-2r0
8041761931490	smallrig-3858-krna-fr-nikon-z30
8041761997026	smallrig-3859-skydd-och-cold-shoe-a-cur
8041762062562	smallrig-3860-l-bracket-fr-nikon-z3-08b
8041762160866	smallrig-4002-15mm-dovplt-basplt
8041762423010	smallrig-3986-universal-tripod-doll-jdy
8041762554082	smallrig-3873-magic-arm-med-dual-ba-ejq
8041762652386	smallrig-3874-magisk-arm-med-dubbla-ial
8041762783458	smallrig-3875-magisk-arm-med-dubbel-7e1
8041763078370	smallrig-3808-rgb-videolight-rm120-we9
8041763176674	smallrig-3838-sidhandtag-med-trdls-0vk
8041763274978	smallrig-3894-sidhandtag-fr-smartph-tl9
8041763406050	smallrig-3992-skrivbordsfste-med-hl-eil
8041763569890	smallrig-3770-arri-dovetail-plate-8-jf6
8041764192482	smallrig-3818-np-fw50-batteri-ladda-35g
8041764454626	smallrig-3821-lp-e6nh-batteri-ladda-dn0
8041764520162	smallrig-3822-np-w235-batteri-ladda-rst
8041764815074	smallrig-3823-np-f970-batteri-ladda-soq
8041765437666	smallrig-4088-ram-fr-insta36-x3
8041765667042	smallrig-4059-carbon-fiber-tripod-k-dd6
8041765765346	smallrig-4060-carbon-fiber-tripod-k-3dp
8041766617314	smallrig-4091-follow-focus-markerin-dm9
8041766682850	smallrig-3777-batteriplatta
8041766813922	smallrig-3266-usb-c-till-d-tap-kabe-a9h
8041767043298	smallrig-4139-handhllen-cage-kit-fr-bul
8041767469282	smallrig-3926-universell-wrist-stra-mjt
8041767502050	smallrig-3927-halvskal-och-handleds-fkh
8041767534818	smallrig-4135-cage-multifunktionell-oet
8041767633122	smallrig-4136-l-form-grip-fr-fujifi-spq
8041767665890	smallrig-4137-l-bge-fr-fujifilm-x-t-t58
8041767698658	smallrig-4147-kabelklammer-hdmiusb-m75
8041767862498	smallrig-2727-universell-objektivsu-hwv
8041767928034	smallrig-4095-grundlggande-cage-kit-mj7
8041768026338	smallrig-4096-black-mamba-kit-fr-ca-swh
8041768124642	smallrig-4097-handhllen-cage-kit-fr-o81
8041768255714	smallrig-4132-ram-fr-insta360-x3-li-5eo
8041768354018	smallrig-3499-batteriadapterplatta-tln
8041768452322	smallrig-3961-rc-350d-cob-light
8041768517858	smallrig-3966-rc-350b-cob-light
8041768616162	smallrig-3971-rc-450d-cob-light
8041768714466	smallrig-3976-rc-450b-cob-light
8041768812770	smallrig-4126-cirkel-reflektor-56cm-y99
8041768911074	smallrig-4127-cirkelreflektor-56cm-lng
8041769009378	smallrig-4128-cirkelreflektor-80cm-zjd
8041769042146	smallrig-4129-cirkelreflektor-80cm-anf
8041769173218	smallrig-4130-cirkelreflektor-107cm-9hc
8041769271522	smallrig-4131-cirkelreflektor-107cm-198
8041769402594	smallrig-3913-multifunktionell-quic-img
8041769599202	smallrig-4067-topphandtag-extension-qaz
8041769697506	smallrig-4055-video-light-vibe-p108-44m
8041770025186	smallrig-4114-suction-cup-6-med-kam-s2m
8041770123490	smallrig-4087-batteriladdare-fr-np-a6i
8041770287330	smallrig-4085-batteriladdare-fr-np-n0m
8041770418402	smallrig-4084-batteriladdare-fr-lp-l9t
8041770549474	smallrig-4083-batteriladdare-fr-en-jc5
8041770615010	smallrig-4081-batteriladdare-fr-np-agj
8041770713314	smallrig-4074-kamera-batteri-np-fz1-x9w
8041770746082	smallrig-4073-kamera-batteri-np-f97-95q
8041770778850	smallrig-4072-kamerabatteri-np-w235
8041770844386	smallrig-4071-kamerabatteri-lp-e6nh
8041771106530	smallrig-4107-minneskortfodral-fr-s-7w6
8041771434210	smallrig-4140-ra-d120-softbox-parab-7el
8041771565282	smallrig-3980-kontrollpanel-fr-rc-3-1qr
8041771630818	smallrig-3984-foldbar-l-form-monter-n4p
8041771696354	smallrig-4146-handtag-fr-sony-zv-1f-ztb
8041771761890	smallrig-3959-rosette-arm-11
8041771892962	smallrig-4150-mount-plate-quick-rel-ibt
8041772024034	smallrig-4149-bur-fr-airtag
8041772253410	smallrig-3708-rhinoceros-basic-cage-0zh
8041772318946	smallrig-3710-rhinoceros-avancerad-5sp
8041772417250	smallrig-4143-cage-kit-fr-panasonic-yeh
8041772613858	smallrig-4024-black-mamba-cage-kit-nz2
8041772679394	smallrig-4023-black-mamba-cage-fr-p-9la
8041772777698	smallrig-4170-video-head-ch20-med-n-piu
8041793618146	hikmicro-alpex-cmos-tube-scope-ir-l-42k
8041793683682	hikmicro-alpex-ir-fste-fr-ir-lampa-ev4
8041794535650	hikmicro-gryphon-ir-fste-hm-gryphon-0cs
8041794666722	hikmicro-gryphon-lrf-gh25l-termisk-3df
8041794863330	hikmicro-gryphon-lrf-gh35l-termisk-j6t
8041795715298	hikmicro-thunder-pro-tq50c-termisk-tt4
8041795846370	hikmicro-hm-outdoor-vska
8041797189858	hikmicro-alpex-a50tn-cmos-tubescope-9ka
8041797550306	hikmicro-raptor-rh50ln-termisk-bino-5uv
8041798172898	hikmicro-kikkare-tillbehr-kikkare-r-xfk
8042049962210	smallrig-3025-monteringsplatta-fr-r-pqs
8042050027746	smallrig-3357-universal-lws-basplat-ube
8042050748642	smallrig-3287-simorr-video-led-ligh-xo0
8042051535074	smallrig-3291-fokus-gear-ring-seaml-n3w
8042051633378	smallrig-3292-focus-gear-ring-smls-e7k
8042051666146	smallrig-3293-focus-gear-ring-smls-4mm
8042051698914	smallrig-3294-focus-gear-ring-smls-sxk
8042051797218	smallrig-3295-focus-gear-ring-smidi-m37
8042051862754	smallrig-3296-focus-gear-ring-smls-cmz
8042052026594	smallrig-3067-lttviktsbasplatta-med-chn
8042052452578	smallrig-3383-adapterringar-kit-52-p4h
8042052747490	smallrig-3856-l-bracket-kit-fr-sony-w2n
8042055500002	chasing-innovation-m2-pro-max-bluep-i8v
8042055532770	chasing-innovation-m2-pro-max-bluep-dmm
8042055565538	chasing-innovation-m2-pro-max-bluep-70i
8042055598306	chasing-innovation-m2-pro-max-trite-jsq
8042055794914	chasing-innovation-m2-pro-service-k-7p0
8042055827682	chasing-innovation-m2-pro-max-servi-aig
8042907074786	think-tank-video-tripod-manager-44-d05
8042907140322	think-tank-stand-manager-52-black
8042907205858	think-tank-logistics-manager-30-v20-qxv
8042907238626	think-tank-production-manager-40-v2-nup
8042907271394	think-tank-production-manager-50-v2-bm7
8042907336930	think-tank-airport-takeoff-v20-blac-dol
8042907762914	think-tank-airport-advantage-xt-bla-cg2
8042907795682	think-tank-airport-international-v3-rk5
8042907828450	think-tank-airport-security-v30-bla-lwy
8042907926754	think-tank-essentials-convertible-r-0ny
8042907992290	think-tank-turnstyle-5-v20-blue-ind-a3r
8042908221666	think-tank-retrospective-4-v20-pine-3dd
8042908254434	think-tank-retrospective-4-v20-blac-3mz
8042908287202	think-tank-retrospective-5-v20-pine-md7
8042908319970	think-tank-retrospective-5-v20-blac-ih1
8042908352738	think-tank-retrospective-7-v20-pine-k98
8042908385506	think-tank-retrospective-7-v20-blac-446
8042908418274	think-tank-retrospective-10-v20-pin-ykh
8042908483810	think-tank-retrospective-10-v20-bla-fem
8042908516578	think-tank-retrospective-20-v20-pin-wnv
8042908549346	think-tank-retrospective-20-v20-bla-y0o
8042908582114	think-tank-retrospective-30-v20-pin-2io
8042908614882	think-tank-retrospective-30-v20-bla-lob
8042908844258	think-tank-mirrorless-mover-10-dark-6sn
8042909958370	think-tank-lens-case-duo-30-black
8042910220514	think-tank-pixel-pocket-rocket
8042910253282	think-tank-pee-wee-pixel-pocket-roc-uew
8042910286050	think-tank-sd-pixel-pocket-rocket
8042910548194	think-tank-cable-management-10-v20-ah5
8042910580962	think-tank-cable-management-20-v20-e87
8042910613730	think-tank-cable-management-30-v20-pcp
8042910744802	think-tank-camera-strap-v20-blackgr-3c5
8042910777570	think-tank-camera-support-straps-v2-5ff
8042910875874	think-tank-red-whips-v20-red
8042911301858	think-tank-digital-holster-20-v20-b-kd4
8042911367394	think-tank-digital-holster-30-v20-b-a8m
8042911432930	think-tank-digital-holster-40-v20-b-wgc
8042911465698	think-tank-digital-holster-50-v20-b-itv
8042911531234	think-tank-pro-speed-belt-v30-s-m-b-35v
8042911629538	think-tank-pro-speed-belt-v30-m-l-b-t93
8042911695074	think-tank-pro-speed-belt-v30-black-55h
8042911727842	think-tank-pixel-racing-harness-v30-fge
8042911760610	think-tank-thin-skin-belt-v30-black-28l
8042911891682	think-tank-lens-changer-15-v30-blac-tbc
8042912022754	think-tank-lens-changer-25-v30-blac-0h7
8042912055522	think-tank-lens-changer-35-v30-blac-fn1
8042912088290	think-tank-lens-changer-50-v30-blac-m9p
8042912121058	think-tank-lens-changer-75-pop-down-xra
8042912186594	think-tank-lens-changer-150-600-v30-5sm
8042912219362	think-tank-skin-50-v30-black
8042912252130	think-tank-skin-75-pop-down-v30-bla-yep
8042912317666	think-tank-skin-changer-pop-down-v3-vuz
8042912481506	think-tank-stuff-it-blackgrey
8042912514274	think-tank-little-stuff-it-blackgre-hdn
8042912579810	think-tank-speed-changer-v30-blackg-80r
8042912612578	think-tank-hydrophobia-d-24-70-v3
8042912645346	think-tank-hydrophobia-d-70-200-v3
8042912678114	think-tank-hydrophobia-m-70-200-v3
8042912710882	think-tank-hydrophobia-dm-300-600-v-kil
8042912743650	think-tank-emergency-rain-cover-sma-u59
8042912776418	think-tank-emergency-rain-cover-med-yuc
8042912874722	think-tank-emergency-rain-cover-lar-5tc
8042912907490	think-tank-ep-f-hydrophobia-eyepiec-6v4
8042912940258	think-tank-hydrophobia-eyepiece-for-z0m
8042912973026	think-tank-ep-nsi-hydrophobia-eyepi-72m
8042913005794	think-tank-ep-n-hydrophobia-eyepiec-yee
8042913038562	think-tank-ep-s-hydrophobia-eyepiec-zty
8042913071330	think-tank-ep-15-hydrophobia-eyepie-uns
8042913104098	think-tank-ep-20-hydrophobia-eyepie-er9
8042913169634	think-tank-pixel-sunscreen-v20
8042913300706	think-tank-road-warrior-kit
8042913399010	think-tank-mindshift-rotation-22l-b-zg1
8042913464546	think-tank-mindshift-rotation-34l-b-uly
8042913497314	think-tank-mindshift-rotation-pro-5-xcj
8042913530082	think-tank-mindshift-rotation-22l-r-vj6
8042913628386	think-tank-mindshift-phone-holster
8042916053218	think-tank-mindshift-photocross-13-9ad
8042916184290	think-tank-mindshift-photocross-15-stk
8042916577506	think-tank-mindshift-photocross-10-i7p
8042916839650	think-tank-mindshift-photocross-13-1ka
8042917527778	think-tank-mindshift-stash-master-1-uz8
8042918609122	think-tank-mindshift-filter-nest-bl-ykm
8042918772962	think-tank-mindshift-filter-nest-mi-uoj
8042918871266	think-tank-mindshift-filter-hive-mi-akl
8042918969570	think-tank-freeway-longhaul-50-grey-ufr
8042919035106	think-tank-freeway-longhaul-75-grey-jbx
8042919133410	think-tank-retrospective-duffel-50-dw7
8042919166178	think-tank-retrospective-duffel-75-uxq
8042919297250	think-tank-mindshift-gear-holster-5-n15
8042919330018	think-tank-mindshift-gear-holster-3-m72
8042919362786	think-tank-mindshift-gear-holster-1-0tp
8042919493858	think-tank-mindshift-gear-exposure-jdj
8042919559394	think-tank-mindshift-gear-holster-2-ad4
8042919854306	think-tank-mindshift-gear-signature-ott
8042919919842	think-tank-mindshift-gear-signature-gjw
8042920050914	think-tank-vision-10-dark-olive
8042920214754	think-tank-vision-13-dark-olive
8042920313058	think-tank-speedtop-crossbody-10-gr-dde
8042920345826	think-tank-speedtop-crossbody-15-gr-tvi
8042920476898	think-tank-retrospective-weekender
8042920542434	think-tank-retrospective-tote
8042920607970	think-tank-retrospective-laundry-ba-cd7
8042920640738	think-tank-hydrophobia-eyepiece-son-vyb
8042920739042	think-tank-freeway-tote
8042920837346	think-tank-freeway-organizer-cubes-4d9
8042921033954	think-tank-retrospective-edc-backpa-isk
8042935550178	think-tank-urban-access-sling-10-da-bfd
8042935746786	think-tank-backstory-13-graphite
8042936107234	think-tank-backstory-15-graphite
8042936434914	think-tank-retrospective-backpack-1-7el
8042936664290	think-tank-retrospective-backpack-1-ffo
8042936828130	think-tank-glass-limo-blackgrey
8042937057506	think-tank-shape-shifter-17-v20-bla-8ft
8042937155810	think-tank-streetwalker-v20-black
8042937352418	think-tank-streetwalker-pro-v20-bla-nsd
8042937811170	think-tank-airport-essentials-black-sab
8042937843938	think-tank-airport-commuter-black
8042937975010	think-tank-airport-accelerator-blac-n7a
8042938138850	think-tank-urban-access-backpack-13-jee
8042938269922	think-tank-urban-access-backpack-15-yh9
8042938433762	think-tank-urban-approach-15-black
8049884430562	think-tank-stash-master-s
8049884463330	think-tank-stash-master-m
8049884528866	think-tank-stash-master-m-pro
8049884561634	think-tank-stash-master-l
8049884659938	think-tank-stash-master-l-pro
8049884692706	think-tank-edc-tech-pouch-5
8049884758242	think-tank-edc-tech-pouch-10
8049898258658	think-tank-edc-tech-pouch-20
8049909006562	bw-outdoor-case-type-500-svart-with-zd5
8049909104866	bw-outdoor-case-type-500-svart-m-sk-nxu
8049909203170	bw-outdoor-case-type-500-gul-utan-i-z7q
8049909268706	bw-type-1000-svart-without-interior-gs0
8049909367010	bw-type-1000-svart-with-foam-plasti-nkl
8049909432546	bw-outdoor-cases-type-1000-gre-rpd-9jy
8049909530850	bw-type-1000-orange-without-interio-2v4
8049909629154	bw-type-3000-svart-with-foam-plasti-kqg
8049909694690	bw-type-3000-orange-without-interio-6vt
8049909792994	bw-type-4000-svart-without-interior-bsn
8049909924066	bw-type-4000-svart-with-foam-plasti-xzi
8049909989602	bw-type-5000-svart-without-interior-sxv
8049910087906	bw-type-5000-svart-with-foam-plasti-mor
8049910153442	bw-type-5000-orange-without-interio-d9s
8049910284514	bw-type-5500-svart-without-interior-zz0
8049910350050	bw-type-5500-svart-with-foam-plasti-19h
8049910481122	bw-type-6000-svart-without-interior-rx7
8049910579426	bw-type-6000-svart-with-foam-plasti-cyb
8049910677730	bw-type-6040-svart-without-interior-yib
8049910776034	bw-type-6600-svart-without-interior-okb
8049910972642	bw-type-6600-svart-with-foam-cushio-hoe
8049911103714	bw-type-6700-svart-without-interior-4ia
8049911234786	bw-type-6700-orange-without-furnish-x4t
8049911300322	bw-type-6800-svart-without-interior-tm0
8049911431394	bw-outdoor-cases-pre-cut-foam-si-fo-jm0
8049911595234	bw-outdoor-cases-pre-cut-foam-si-fo-3qu
8049911693538	bw-outdoor-cases-pre-cut-foam-si-fo-33a
8049911824610	bw-outdoor-cases-pre-cut-foam-si-fo-rqt
8049911922914	bw-outdoor-cases-pre-cut-foam-si-fo-5el
8049912119522	bw-outdoor-cases-pre-cut-foam-si-fo-tkl
8049912316130	bw-outdoor-cases-pre-cut-foam-si-fo-k92
8049912414434	bw-outdoor-cases-pre-cut-foam-si-fo-bs7
8049912676578	bw-outdoor-cases-pre-cut-foam-si-fo-p82
8049912807650	bw-outdoor-cases-pre-cut-foam-si-fo-bpn
8049912905954	bw-outdoor-cases-pre-cut-foam-si-fo-3po
8049913004258	bw-outdoor-cases-pre-cut-foam-si-fo-mce
8049913069794	bw-outdoor-cases-divider-system-rpd-kcu
8049913135330	bw-outdoor-cases-divider-system-rpd-x4o
8049913200866	bw-outdoor-cases-divider-system-rpd-bcn
8049913266402	bw-outdoor-cases-divider-system-rpd-f6t
8049913331938	bw-outdoor-cases-divider-system-rpd-6as
8049913397474	bw-outdoor-cases-divider-system-rpd-fse
8049913463010	bw-outdoor-cases-divider-system-rpd-hap
8049913528546	bw-outdoor-cases-divider-system-rpd-41w
8049913626850	bw-outdoor-cases-divider-system-rpd-itc
8049913692386	bw-outdoor-cases-divider-system-rpd-70i
8049913757922	bw-outdoor-cases-divider-system-rpd-9v8
8049913823458	bw-outdoor-cases-shoulder-strap-for-gld
8049913921762	bw-outdoor-cases-shoulder-strap-for-9z0
8049913987298	bw-outdoor-cases-shoulder-strap-for-ehk
8049914151138	bw-outdoor-cases-lp-lid-pocket-lp-f-sil
8049914347746	bw-outdoor-cases-lp-lid-pocket-type-dk6
8049914478818	bw-outdoor-cases-lp-lid-pocket-lp-f-431
8049914609890	bw-outdoor-cases-lp-lid-pocket-lp-f-ao2
8049914806498	bw-outdoor-cases-lp-lid-pocket-lp-f-pu6
8049914937570	bw-outdoor-cases-lp-lid-pocket-lp-f-swu
8049915068642	bw-outdoor-cases-lp-lid-pocket-lp-f-7jo
8049915166946	bw-outdoor-cases-lp-lid-pocket-type-sqz
8049915265250	bw-outdoor-cases-meshbag-mb-for-typ-7sd
8049915363554	bw-outdoor-cases-meshbag-mb-for-typ-6un
8049915429090	bw-outdoor-cases-meshbag-mb-for-typ-kld
8049915527394	bw-outdoor-cases-meshbag-mb-for-typ-p7k
8049915625698	bw-outdoor-cases-meshbag-mb-for-typ-m7g
8049915724002	bw-outdoor-cases-meshbag-mb-for-typ-1kl
8049915789538	bw-outdoor-cases-meshbag-mb-for-typ-dog
8049915855074	bw-outdoor-cases-meshbag-mb-for-typ-hjo
8049916018914	bw-outdoor-cases-panel-frame-pf-for-7n2
8049916149986	bw-outdoor-cases-panel-frame-pf-for-pfc
8049916313826	bw-outdoor-cases-panel-frame-for-ty-92h
8049916444898	bw-outdoor-cases-panel-frame-pf-for-065
8049916608738	bw-outdoor-cases-panel-frame-type-6-j6e
8049916772578	bw-outdoor-cases-panel-frame-alupfa-lpv
8049916969186	bw-outdoor-cases-panel-frame-alupfa-l1z
8049917165794	bw-outdoor-cases-panel-frame-alupfa-fmt
8049917329634	bw-outdoor-cases-backpack-system-bp-8iz
8049917395170	bw-outdoor-case-type-3000-black-for-c8u
8049917460706	bw-outdoor-cases-meshbag-mb-for-typ-kd0
8049917559010	bw-outdoor-cases-lp-lid-pocket-lp-f-mlt
8049917624546	bw-outdoor-quick-release-hinge-case-ozk
8049917886690	bw-outdoor-cases-type-6500-with-med-sst
8049918050530	bw-outdoor-cases-type-6000-with-med-dma
8049918279906	bw-outdoor-cases-type-6000-with-med-lix
8049918410978	bw-outdoor-cases-type-3000-for-2-go-ovw
8049918705890	bw-outdoor-cases-type-200-with-foam-fk6
8049919918306	bw-outdoor-case-type-4000-for-gopro-1yg
8049920049378	bw-outdoor-case-type-6000-empty-ora-97v
8049920147682	bw-outdoor-case-type-6000-with-pre-922
8049920278754	bw-outdoor-case-type-6000-with-divi-b6t
8049920573666	bw-outdoor-case-type-1000-for-gopro-niv
8049920737506	bw-outdoor-case-type-1000-for-gopro-m96
8049920901346	bw-outdoor-case-type-1000-for-gopro-nra
8049922080994	bw-outdoor-case-type-6000-with-samy-c5w
8049922179298	bw-outdoor-cases-type-5000-with-cus-glz
8049922277602	bw-outdoor-cases-type-5040-blk-empt-bci
8049922343138	bw-outdoor-cases-type-5040-blk-si-p-nr0
8049922441442	bw-outdoor-cases-backpack-system-bp-hsv
8049922605282	bw-outdoor-cases-type-4000-for-dji-xkj
8049922736354	bw-outdoor-cases-type-4000-for-dji-e5s
8049922834658	bw-outdoor-case-type-5500-with-cust-ogu
8049922900194	bw-outdoor-case-type-6000-with-cust-aug
8049922965730	bw-outdoor-case-type-5000-with-cust-4ga
8049923588322	bw-cases-type-2000-for-dji-osmo-act-iun
8049923719394	bw-bw-cases-type-2000-for-osmo-acti-pdl
8049923850466	bw-outdoor-case-type-7300-with-foam-bjw
8049923916002	bw-outdoor-cases-pre-cut-foam-si-fo-ftc
8049929322722	bw-type-6700-svart-with-foam-plasti-f42
8049929421026	bw-outdoor-cases-pre-cut-foam-si-fo-v7w
8049929552098	bw-outdoor-cases-pre-cut-foam-si-fo-c3c
8049929650402	bw-outdoor-cases-type-200-with-foam-lg2
8049929814242	bw-outdoor-case-type-2000-for-gopro-7av
8049930010850	bw-outdoor-case-type-2000-for-gopro-0zh
8049930764514	bw-outdoor-case-type-7300-empty-bla-2p5
8049930862818	bw-outdoor-case-type-6040-li-ion-ac-lmz
8049931518178	bw-outdoor-cases-type-5000-custom-f-uaq
8355826270548	nisi-mavic-pro-natural-night-filter-d8y
8355826630996	nisi-mavic-2-pro-nd16-filter
8355826794836	nisi-mavic-2-pro-nd64-filter
8355827122516	nisi-mavic-2-pro-soft-gnd8-filter
8355827155284	nisi-mavic-2-pro-polarizing-filter-jxs
8355827220820	nisi-mavic-2-pro-enhanced-polarizin-6hr
8355827351892	nisi-mavic-2-pro-nd4pl-filter
8355827450196	nisi-mavic-2-pro-nd8pl-filter
8355827679572	nisi-mavic-2-pro-nd64pl-filter
8355827974484	nisi-mavic-2-pro-professional-kit
8355828007252	nisi-mavic-2-pro-gnd-add-on-kit
8355828072788	nisi-mavic-2-pro-dark-nd-add-on-kit-i2j
8355828171092	nisi-mavic-air-2-starter-kit-filter-n8b
8355828236628	nisi-mavic-air-2-professional-kit
8355828269396	nisi-mavic-air-2s-nd8-filter
8355828400468	nisi-mavic-air-2s-nd32-filter
8355828466004	nisi-mavic-air-2s-nd64-filter
8355828793684	nisi-mavic-air-2s-nd32pl-filter
8355828826452	nisi-mavic-air-2s-nd64pl-filter
8355828924756	nisi-mavic-air-2s-advanced-kit
8355828990292	nisi-mavic-air-2s-professional-kit-9wr
8355829121364	nisi-mavic-3-nd16-filter
8355829252436	nisi-mavic-3-nd64-filter
8355829285204	nisi-mavic-3-nd1000-filter
8355829317972	nisi-mavic-3-black-mist-14-filter-kmv
8355829350740	nisi-mavic-3-black-mist-18-filter-z5v
8355829383508	nisi-mavic-3-natural-night-filter
8355829514580	nisi-mavic-3-filmmaker-kit-filter
8355829547348	nisi-mavic-3-black-mist-kit-filter-usb
8355829612884	smallrig-3994-encore-multifunktione-swn
8355831906644	vallerret-ws-nordic-fotohandskar-xs-92o
8355833413972	vallerret-milford-fleece-handskar-x-woz
8355834397012	vallerret-markhof-pro-v3-fotohandsk-r7k
8355837477204	velbon-ex-mini
8355837509972	velbon-ex-macro
8355837608276	velbon-quick-release-plate-qb-32
8355837673812	velbon-videomate-638
8355837739348	velbon-videomate-438
8355837804884	velbon-ultra-stick-super-8
8355838067028	velbon-ex-630
8355838296404	velbon-m45-med-3-way-panhead
8355838427476	velbon-ut-3ar
8355838460244	velbon-snabbplatta-qb-42
8355838493012	velbon-makro-arm-v4-unit-ii
8355838755156	velbon-pole-pod-ex
8355838820692	velbon-precision-leveler
8355838853460	velbon-quick-release-adapter-qra-5
8355838951764	velbon-quick-release-adapter-qra-4
8355839050068	velbon-hide-clamp-ii
8355839115604	velbon-center-column-monopod-28
8355839148372	velbon-fhd-43m
8355839213908	velbon-phd-33m
8355839312212	velbon-super-mag-plate-ii
8355839344980	velbon-s3
8355839377748	velbon-angle-changer-d
8355839410516	velbon-qhd-s4m
8355839541588	velbon-phd-65d
8355839607124	velbon-br-d
8355839639892	velbon-br-m
8355839738196	velbon-fhd-63d
8355839770964	velbon-qhd-g7as
8355839803732	velbon-qb-3as
8355839967572	velbon-chd-22
8355840065876	velbon-fhd-53d
8355840131412	velbon-fhd-81
8355840164180	velbon-geo-n543d
8355840262484	velbon-monitoring-pole-tripod-exp
8355840295252	velbon-monitoring-pole-3000
8355840360788	velbon-qb-6as
8355840557396	velbon-qhd-u4q
8355840655700	velbon-qra-grip
8355840688468	velbon-thd-23
8355840721236	velbon-ultra-tr-563d
8355842654548	velbon-portable-multi-function-led-cn7
8355842687316	velbon-ef-41
8355842752852	velbon-pro-geo-v640
8355843506516	velbon-ex-650-med-smartphone-holder
8355843768660	delkin-sd-power-2000x-u3-32gb
8355843866964	delkin-sd-power-2000x-u3-128gb
8355844030804	delkin-microsd-advantage-660x-u3-32-w5d
8355844129108	delkin-microsd-advantage-660x-uhs-i-ow2
8355844587860	delkin-microsd-black-rugged-32gb
8355844718932	delkin-microsd-black-rugged-64gb
8355844981076	delkin-cfexpress-power-128gb
8355845079380	delkin-cfexpress-power-256gb
8355845144916	delkin-cfexpress-power-512gb
8355845243220	delkin-microsd-black-rugged-128gb
8355845275988	delkin-microsd-black-rugged-256gb
8355845341524	delkin-juggler-usb-31type-c-ssd-2tb-c8t
8355845603668	delkin-cardreader-cfexpress-aluminu-i6s
8355845865812	delkin-fat-gecko-triple-suction
8355845996884	delkin-cfexpress-power-2tb
8355846095188	delkin-sd-black-rugged-uhs-ii-32gb
8355846193492	delkin-sd-black-rugged-uhs-ii-64gb
8355846259028	delkin-sd-black-rugged-uhs-ii-128gb
8355846685012	delkin-trail-cam-sdhc-16gb
8355847012692	delkin-trail-cam-hyperspeed-microsd-jmr
8355847471444	delkin-fat-gecko-dual-suction
8355848126804	delkin-fat-gecko-mini-suction
8355848290644	delkin-fat-gecko-mini-w-gopro-adapt-m8h
8355849175380	delkin-fat-gecko-stealth-suction
8355849535828	delkin-fat-gecko-vise
8355849634132	delkin-fat-gecko-gopro-adapter
8355849994580	delkin-fat-gecko-tablet-ipad-bracke-bmg
8355850092884	delkin-fat-gecko-extension-kit
8355850453332	delkin-fat-gecko-quick-release-kit
8355850551636	delkin-cfexpress-black-80gb-type-a-4e4
8355851239764	delkin-cardreader-cfexpress-type-a-4b8
8355851436372	delkin-cardreader-cfexpress-type-b-q7t
8355851567444	delkin-cardreader-sd-microsd-a2
8355851665748	delkin-cfexpress-black-75gb
8355851731284	delkin-cfexpress-black-150gb
8355851796820	delkin-cfexpress-black-325gb
8355851993428	delkin-trail-cam-hyperspeed-microsd-3gu
8355852124500	energizer-alkaline-a76-lr44-2-pack
8355852190036	energizer-industriell-9v-12-pack
8355852288340	energizer-hardcase-hybrid-spotlight
8355852386644	energizer-magnet-led-2aa-1-pack
8355852419412	energizer-ultimate-lithium-9v-b2b-1-vmb
8355852583252	energizer-ultimate-lithium-aa-b2b-1-9nu
8355852681556	energizer-ultimate-lithium-aaa-b2b-n8z
8355852747092	energizer-alkaline-lr41392384-1-pac-sja
8355852779860	energizer-lithium-photo-123-2-pack
8355852845396	energizer-hardcase-pro-3led-2aa-1-p-ktb
8355853042004	energizer-alkaline-a11e11a-2-pack
8355853173076	energizer-power-aa-4-pack
8355853304148	energizer-power-aa-10-pack-tray
8355853369684	energizer-power-aaa-4-pack
8355853631828	energizer-power-c-2-pack
8355853730132	energizer-nergizer-power-d-2-pack-f-vfa
8355853795668	energizer-power-9v-1-pack
8355853959508	energizer-hardcase-headlight-med-fs-35f
8355854254420	energizer-alkaline-a23e23a-2-pack
8355854385492	energizer-alkaline-lr1e90-2-pack
8355854483796	energizer-alkaline-lr54189-2-pack
8355854844244	energizer-pro-charger-4x2000-mahs-e-xjm
8355855073620	energizer-value-led-2aa
8355855106388	energizer-value-led-2d
8355855302996	energizer-x-focus-led-2aa
8355855466836	energizer-2-i-1-lantern
8355855532372	energizer-camping-lantern-3aa
8355855860052	energizer-fusion-folding-lantern
8355855958356	energizer-hl-hardcase-pro-magnet-he-xng
8355856187732	energizer-vision-headlight-hd-focus-023
8355856253268	energizer-led-lantern
8355856384340	energizer-lithium-miniature-cr2430-hhz
8355856449876	energizer-lithium-miniature-cr2450-cim
8355856843092	energizer-recharge-extreme-eco-aa-2-n8y
8355857236308	energizer-vision-hd-metal-3aaa-270-s1z
8355857301844	energizer-recharge-extreme-eco-aaa-v73
8355857367380	energizer-vattentt-ficklampa-enr-2a-elt
8355857498452	energizer-ultimate-lithium-cr2016-2-j4m
8355857596756	energizer-hardcase-multi-use
8355857629524	energizer-max-plus-aaa-10-pack
8355857760596	energizer-max-plus-aa-dp20
8355857826132	energizer-max-plus-d-dp20
8355857924436	energizer-max-plus-c-dp20
8355858219348	energizer-vision-ultra-rechargeable-cab
8355858350420	energizer-max-9v-1-pack
8355858415956	energizer-max-9v-2-pack
8355858547028	energizer-max-c-2-pack
8355858710868	energizer-max-d-2-pack
8355858841940	energizer-max-45-1-pack
8355858973012	energizer-rechargerbar-tactical-lig-fof
8355859071316	energizer-inspektion-penlight
8355859202388	energizer-power-aa-16-pack-tray
8355859300692	energizer-power-aaa-16-pack-tray
8355859464532	energizer-max-plus-aaa-4-pack
8355859497300	energizer-max-plus-aa-4-pack
8355859530068	energizer-max-plus-aa-10-pack
8355859562836	energizer-max-aa-4-pack
8355859693908	energizer-max-aa-8-pack
8355859824980	energizer-max-aa-12-pack
8355859857748	energizer-max-aa-2-pack
8355859890516	energizer-power-aa-16-pack-hanging
8355859923284	energizer-power-aaa-16-pack-hanging
8355859956052	energizer-max-aaa-4-pack
8355859988820	energizer-max-aaa-8-pack
8355860054356	energizer-max-aaa-12-pack
8355860185428	energizer-max-aaa-2-pack
8355860218196	energizer-ultimate-lithium-aaa-4-pa-99u
8355860349268	energizer-rech-9v-175mah-1-pack
8355860447572	energizer-alkaline-lr43186-2-pack
8355860545876	energizer-silver-oxide-315-mbl1
8355860939092	energizer-silver-oxide-319-mbl1
8355861135700	energizer-silver-oxide-321-mbl1
8355861201236	energizer-silver-oxide-329-mbl1
8355861234004	energizer-silver-oxide-335-mbl1
8355861332308	energizer-silver-oxide-337-mbl1
8355861397844	energizer-silver-oxide-344350-mbl1
8355861463380	energizer-silver-oxide-357303-mbl1
8355861528916	energizer-silver-oxide-362361-mbl1
8355861594452	energizer-silver-oxide-364363-mbl1
8355861659988	energizer-silver-oxide-371370-mbl1
8355861692756	energizer-silver-oxide-373-mbl1
8355861758292	energizer-silver-oxide-377376-mbl1
8355861791060	energizer-silver-oxide-379-mbl1
8355861823828	energizer-silver-oxide-386301-mbl1
8355861856596	energizer-silver-oxide-390389-mbl1
8355861954900	energizer-silver-oxide-391381-mbl1
8355861987668	energizer-silver-oxide-392384-mbl1
8355862053204	energizer-silver-oxide-393309-mbl1
8355862118740	energizer-silver-oxide-394380-mbl1-0jh
8355862282580	energizer-silver-oxide-395399-mbl1
8355862315348	energizer-silver-oxide-397396-mbl1
8355862380884	energizer-alkaline-a23e23a-1-pack
8355862413652	energizer-alkaline-a5444lr44-2-pack-39r
8355862511956	energizer-booklight-batt-new
8355862544724	energizer-alkaline-lr1e90-1-pack
8355862643028	energizer-alkaline-lr9epx625g-1-pac-5t8
8355862675796	energizer-lithium-miniature-br1225-9lh
8355862741332	energizer-lithium-miniature-cr1216-n3o
8355862774100	energizer-lithium-miniature-cr1220-rcm
8355862806868	energizer-lithium-miniature-cr1616-94m
8355862839636	energizer-lithium-miniature-cr1620-f9r
8355862872404	energizer-lithium-miniature-cr1632-tbx
8355862937940	energizer-lithium-miniature-cr2016-f2g
8355862970708	energizer-lithium-miniature-cr2025-2kb
8355863003476	energizer-lithium-miniature-cr2032-38x
8355863036244	energizer-lithium-photo-2cr5-1-pack
8355863069012	energizer-lithium-photo-cr2-1-pack
8355863134548	energizer-lithium-photo-123-1-pack
8355863167316	energizer-lithium-photo-223-1-pack
8355863200084	energizer-ultimate-lithium-aa-2-pac-nqq
8355863232852	energizer-ultimate-lithium-aa-4-pac-lq8
8355863265620	energizer-ultimate-lithium-aaa-2-pa-azt
8355863363924	energizer-hearing-aid-10-8-pack
8355863429460	energizer-alkaline-aaaa-2-pack
8355863462228	energizer-rech-c-2500mah-2-pack
8355863691604	energizer-lithium-miniature-cr2016-w7b
8355863757140	energizer-lithium-miniature-cr2032-ld9
8355863789908	energizer-industriell-c-12-pack
8355863822676	energizer-ultimate-lithium-9v-1-pac-1jo
8355863855444	energizer-small-metal-light-3aaa
8355863953748	energizer-silver-oxide-341-mbl1
8355864019284	energizer-metal-led-2aa
8355864084820	energizer-hearing-aid-675-4-pack
8355864117588	energizer-industriell-aa-dp10120
8355864150356	energizer-hearing-aid-312-8-pack
8355864183124	energizer-hearing-aid-13-8-pack
8355864314196	smallrig-2981-hdmi-usb-c-kabelklmma-pbi
8355864510804	smallrig-4148-roterbar-horisontell-6i9
8355865100628	zendure-superbase-1000m
8355865395540	zendure-superbase-600m
8355886694740	vallerret-hatchet-lder-fotohandskar-ssb
8355890889044	vallerret-alta-arctic-mitt-svart-7xn
8355891085652	velbon-qhd-65d
8355891904852	velbon-ex-547-med-smartphone-holder
8355892560212	energizer-silver-oxide-317-mbl1
8355892855124	energizer-industrial-aaa-10-pack
8355893051732	energizer-industrial-d-12-pack
8355898786132	vallerret-hatchet-lder-fotohandskar-va4
8358336004436	smallrig-3212-cage-med-sidohandtag-f-akj
8358336037204	smallrig-4022-cage-fr-panasonic-lumi-e94
8358336201044	smallrig-2808-cage-fr-fujifilm-x-t4
8358336495956	smallrig-3762-cage-fr-dji-action-2-g-lph
8358336627028	smallrig-3195-cage-fr-nikon-z9
8358336725332	smallrig-3532-cage-fr-freefly-wave
8358336790868	smallrig-3538-cage-med-grepp-fr-sony-yyv
8358336856404	smallrig-3531-cage-fr-sony-zv-e10
8358337085780	smallrig-3226-cage-fr-sigma-viewfind-kds
8358337118548	smallrig-3211-cage-fr-sigma-fp-serie-0ac
8358337216852	smallrig-3230-cage-fr-fujifilm-x-e4
8358337446228	smallrig-3084-cage-fr-gopro-hero-9
8358337577300	smallrig-3007-cage-och-kabelklammer-yno
8358337610068	smallrig-2765-cage-fr-bmpcc-4k-6k-me-ln7
8358337642836	smallrig-2937-cage-med-trhandtag-fr-0em
8358337839444	smallrig-2493-cage-fr-sony-a6600
8358338036052	smallrig-2305-cage-fr-atomx-5-shinob-6r3
8358338068820	smallrig-2434-cage-fr-sony-rx100-vii-3b1
8358338167124	smallrig-2410-cage-fr-s1s1r-med-bgs1-me7
8358338298196	smallrig-2087-cage-fr-sony-a7riii
8358338396500	smallrig-2130-cage-fr-canon-eos-m3-o-pgs
8358338560340	smallrig-1661-cage-fr-sony-a6000a630-sup
8360821784916	avata-explorer-combo
8360822604116	avata-pro-view-combo-dji-rc-motion-2
8360823128404	goggles-integra
8360826765652	rc-motion-2
8360828436820	matrice-30t-maintenance-service-basic-plan
8360829976916	matrice-30t-maintenance-service-standard-plan
8360831582548	matrice-30t-maintenance-service-premium-plan
8360835875156	matrice-30-maintenance-service-basic-plan
8360836530516	matrice-30-maintenance-service-standard-plan
8360837120340	matrice-30-maintenance-service-premium-plan
8360905376084	inspire-3
8362532372820	zenmuse-x7-x9-24mm-lins
8363925897556	forberedande-dr-narutbildning-a1-a3-a2
8379150532948	mavic-3-pro-fly-more-combo-dji-rc
8379158069588	mavic-3-pro-fly-more-combo-dji-rc-pro
8379168358740	mavic-3-pro-cine-premium-combo
8379172847956	dji-mavic-3-pro-gimbalskydd
8379177697620	mavic-3-pro-nd-filterset-nd8-16-32-64
8379179434324	mavic-3-pro-vidvinkellins
8379180777812	mavic-3-pro-propellerskydd
8379411431764	mavic-3-pro-dji-care-refresh-2-ar
8379413102932	mavic-3-pro-dji-care-refresh-1-ar
8379416346964	mavic-3-pro-cine-dji-care-refresh-1-ar
8379550597460	dji-goggles-integra-motion-combo-1
8379725152596	mini-2-se-dji-care-refresh
8380139209044	mini-2-se-dji-care-refresh-2-ar
8380179349844	ronin-4d-flex
8385834123604	chasing-innovation-m2-pro-max-water-brk
8385834189140	chasing-innovation-water-sampler-ex-tgp
8385834615124	feelworld-cut6s-6-recording-monitor-by7
8385835237716	lexar-jumpdrive-fingerprint-usb-30-j2l
8385835303252	lexar-jumpdrive-fingerprint-usb-30-112
8385835401556	nanlite-bakgrundsrr-3-meter
8385835532628	nanlite-barndoor-with-eggcrate-fr-p-iub
8385835565396	nanlite-barndoor-with-eggcrate-fr-p-vvj
8385835598164	nanlite-batteriladdare-fr-dubbel-26-3pw
8385835630932	nanlite-ac-splitter-fr-8-ljuskit-pa-abt
8385835696468	nanlite-gobo-hllare-fr-fmm-projekto-yrg
8385835729236	nanlite-gobo-hllare-fr-bm-projektor-yy7
8385836482900	smallrig-4195-arca-swiss-mount-plat-pfe
8385836745044	smallrig-4196-utkad-vertikal-suppor-dx1
8385836876116	smallrig-4184-handhllen-cage-kit-fr-df2
8385837531476	smallrig-4104-video-head-med-monter-vau
8385837629780	smallrig-4211-vikbar-l-formad-monte-isj
8385837760852	smallrig-4212-cage-fr-canon-eos-r8
8385837859156	smallrig-4213-vlogging-tripod-kit-f-yzy
8385838121300	smallrig-4214-cage-fr-canon-eos-r50-j34
8385838514516	bw-energycase-pro-500-500-watt-svar-wo4
8385838973268	bw-energycase-pro-500-300-watt-gul-o48
8385839071572	bw-energycase-kabel-ecplug-fr-anslu-uhn
8385839202644	bw-energycase-billaddare-eccar1-fr-zbg
8385839235412	bw-energycase-kabel-eccar2-fr-drift-32k
8385839268180	bw-energycase-ecmc4-kabel-fr-anslut-lok
8385839366484	bw-energycase-kabel-ecmc4y-fr-anslu-huy
8385839399252	bw-energycase-kabel-ecy-fr-att-ansl-n67
8385839497556	bw-energycase-kabel-ec7flow-fr-seri-n82
8385839726932	bw-energycase-solpanel-100w
8385839792468	bw-energycase-solpanel-200w
8385840021844	delkin-microsd-hyperspeed-r100w75-3-82d
8385840087380	delkin-microsd-hyperspeed-1tb
8385840218452	delkin-sd-black-rugged-uhs-ii-512gb
8385840251220	delkin-sd-prime-2000x-u3-64gb
8385840644436	hikmicro-thunder-20-clipon-adapter-fmm
8385840677204	delkin-microsd-hyperspeed-256gb
8385840808276	hikmicro-thunder-20-clipon-adapter-269
8385840906580	hikmicro-thunder-20-batteri
8385842610516	feelworld-teleprompter-support-rod
8385842741588	hikmicro-thunder-20-te19cr-termisk-7b8
8385843724628	smallrig-4165-videohuvud
8385844019540	smallrig-4151-rod-clamp
8385844314452	smallrig-4124-cage-kit-fr-sony-fx6
8385844478292	smallrig-3942-l-formad-monteringssk-ob6
8385844543828	smallrig-3941-cage-kit-fr-nikon-z8
8385844576596	smallrig-3940-cage-fr-nikon-z8
8385845199188	think-tank-mindshift-firstlight-46l-32z
8385845363028	think-tank-speedtop-20-backpack
8385845592404	think-tank-speedtop-30-backpack
8385845789012	nanlite-pavotube-t8-7x-pavobulb-10c-pcw
8385845952852	nanlite-pavotube-t8-7x-4-light-kit-w9h
8385846182228	nanlite-pavotube-6c-ii-pavobulb-10c-qy0
8385846411604	nanlite-forza-720-led-spotljus-med-3ma
8385846640980	nanlite-forza-720b-led-spotljus-med-dyz
8385846837588	smallrig-2092-universal-15mm-rail-s-wl4
8385846870356	smallrig-2905-svngbar-och-lutningsj-7q4
8385847656788	smallrig-3405-rm-01-led-videoljus
8385847820628	smallrig-3989-heavy-duty-carbon-fib-sh4
8385847853396	smallrig-4167-freeblazer-heavy-duty-a6y
8385847918932	smallrig-3852-silikon-gear
8385848115540	smallrig-4200-la-r30120-softbox-str-fp8
8385848213844	smallrig-4125-shoulder-rig-kit-fr-s-cb3
8385848246612	smallrig-3982-cage-fr-nikon-z8-med-vgp
8385848344916	smallrig-4189-power-supply-mount-pl-y86
8385849065812	think-tank-mindshift-firstlight-35l-0ev
8385849164116	think-tank-retrospective-organizer-1tb
8385849229652	think-tank-retrospective-organizer-0rs
8385849295188	think-tank-retrospective-luggage-ta-e6h
8385849360724	think-tank-retrospective-organizer-lb5
8385849426260	think-tank-retrospective-organizer-9kr
8385849459028	velbon-super-mag-slider
8385849557332	chasing-innovation-waterlinked-dvl-xn0
8385849786708	chasing-innovation-m2-pro-ping-360-6lm
8385849819476	chasing-innovation-m2-max-ping-360-jcs
8385849852244	nanlite-cc-pt-37-hardcase
8394716479828	osmo-action-quick-release-adapter-mount
8394729488724	barvaska-for-dji-rs-3
8394744299860	ronin-2-extended-top-cross-bar
8394817536340	remote-monitor-expansion-plate-sdi-hdmi-dc-in
8394830971220	mavic-3-classic-ndpl-filterset-professional-nd-pl8-16-32-64
8394847879508	mini-3-mini-3-pro-sottalig-transportvaska
8394902339924	wave-2
8394972528980	glacier
8395856183636	glacier-batteri
8395871846740	glacier-hjul-spak
8395980308820	blade
8396192940372	blade-lovsamlare
8396200149332	wave-2-extrabatteri
8396207489364	river-2-serien-vaska
8396741935444	inspire-3-care-pro-1-ar-plastkort-fysisk-leverans
8396763693396	copy-of-inspire-3-care-pro-2-ar-plastkort-fysisk-leverans
8396798918996	dji-rc-plus-hojdjusterbara-styrspakar
8396827590996	zenmuse-x7-x9-18mm-f2-8-ls-asph-lins
8396845154644	inspire-3-tb51-laddhubb
8396861997396	inspire-3-propellerskydd
8396866486612	inspire-3-propellrar-for-hog-hojd
8396868813140	inspire-3-propellrar
8396877463892	inspire-3-dji-rc-plus
8396934709588	inspire-3-tb51-intelligent-flygbatteri
8398075920724	matrice-350-rtk
8398168424788	matrice-350-tb65-batteri
8398185824596	matrice-350-e-port-development-kit
8398216200532	matrice-350-batteristation-for-tb65
8402290442580	manifold-2c
8402298732884	dji-manifold-2-g
8402423742804	matrice-350-propellrar
8402426265940	matrice-350-propellrar-for-hog-hojd
8402503205204	high-bright-remote-monitor
8403018056020	swepos-ntrip-abonnemang
8405333639508	chasing-innovation-m2-s-100m
8405333672276	delkin-trail-cam-hyperspeed-microsd-7s4
8405333705044	hikmicro-explorer-e20-plus-termisk-m88
8405333934420	lexar-cfexpress-pro-silver-series-r-w9w
8405333967188	lexar-cfexpress-pro-gold-r1750-w150-20l
8405333999956	lexar-cfexpress-pro-gold-r1750-w150-58m
8405334425940	smallrig-4216-magease-magnetisk-cpl-lki
8405334655316	smallrig-4215-magease-magnetisk-vnd-cc4
8405335114068	smallrig-4257-cage-kit-fr-sony-zv-e-bn1
8405335376212	smallrig-4258-vlogging-tripod-kit-f-0sg
8405335769428	smallrig-4219-2-i-1-52mm-magnetisk-3ml
8405335834964	smallrig-4218-magease-magnetisk-sta-p7m
8405335966036	smallrig-4217-magease-magnetic-14-e-r2u
8405336523092	smallrig-4231-l-formad-monteringspl-6m1
8405336654164	smallrig-4232-lderfodral-fr-fujifil-h4g
8405445378388	dji-ronin-4d-6k-combo
8405963178324	copy-of-metashape-professional-floating
8405963735380	metashape-professional-node-locked
8406279553364	mavic-3e-guldpaket
8410229670228	mavic-3e-silverpaket
8465973018964	air-3-dji-care-refresh-1-ar
8465982194004	air-3-dji-care-refresh-2-ar
8466000118100	air-3-intelligent-flygbatteri
8466004771156	air-3-nd-filterset-nd8-16-32-64
8466005786964	air-3-batteriladdhubb
8466007163220	air-3-propellrar-low-noise
8466009194836	rc-2
8466010210644	air-3-gimbalskydd
8470640263508	osmo-action-4-standard-combo
8470733488468	osmo-action-4-adventure-combo
8470767927636	osmo-backpack-strap-mount
8470781329748	osmo-action-hanging-neck-mount
8470789161300	osmo-action-nd-filter-kit
8470792012116	osmo-action-surfing-tether-kit
8471329833300	osmo-action-bike-seat-rail-mount
8471331012948	osmo-action-curved-adhesive-base-kit
8471333175636	osmo-action-mini-extension-rod
8471334355284	osmo-action-360-wrist-strap
8471344283988	osmo-action-bite-mount
8471346774356	osmo-action-mini-handlebar-mount
8471349068116	osmo-action-4-glass-lens-cover
8471352639828	osmo-action-road-cycling-accessory-kit
8471380001108	osmo-action-gps-bluetooth-remote-controller
8476132311380	delkin-cfexpress-power-r1780w1700-1-q2e
8476132704596	delkin-cfexpress-power-256gb-g4
8476132802900	delkin-cfexpress-power-325gb-g4
8476134375764	smallrig-3026-monitor-mount-fr-roni-d8v
8476134834516	smallrig-4249-super-clamp-med-arri-chn
8476135293268	smallrig-4016-side-handle-with-arri-ga5
8476135719252	smallrig-4263-l-format-handtag-fr-n-ncn
8476136440148	smallrig-4193-portabel-sugkoppsfste-88v
8476136505684	bw-samyang-v-af-t19-sony-feoutdoor-cht
8476137750868	chasing-innovation-m2-s-100m-value-0o2
8476138406228	chasing-innovation-m2-s-200m-value-5m9
8476138537300	delkin-microsd-hyperspeed-128gb
8476139782484	hikmicro-trailcamera-m15
8476139880788	hikmicro-lenscover-lynx-le10
8476139946324	hikmicro-lenscover-for-lynx-lh19-lh-1lg
8476140011860	hikmicro-owl-oh25-lenscover-hm-oh25-bpb
8476140077396	hikmicro-owl-oh35-oq35-lenscover
8476140110164	hikmicro-gryphon-gh35lgq35l-lenscov-0dl
8476140142932	hikmicro-gryphon-gh35-gq35-lenscove-nw2
8476140208468	hikmicro-thunder-panther-cheetah-le-uyb
8476140241236	hikmicro-thunder-tq50-tq50c-lenscov-71d
8476140306772	hikmicro-lenscover-for-alpex-a50t-s-vjn
8476140372308	hikmicro-lenscover-for-falcon-fh35-k4a
8476140437844	hikmicro-falcon-fq50-lenscover
8476140503380	hikmicro-raptor-50mm-lenscover
8476140536148	hikmicro-raptor-75mm-lenscover
8476140634452	hikmicro-thunder-20-35mm-lenscover
8476140699988	hikmicro-thunder-20-50mm-lenscover
8476140765524	hikmicro-stellar-sh35-sq35-lenscove-j7i
8476140863828	hikmicro-thunder-tq50-tq50c-lenscov-to4
8476140929364	hikmicro-panther-ph35l-pq35l-lensco-5c5
8476140962132	hikmicro-panther-ph50l-pq50l-lensco-ewf
8476140994900	hikmicro-falcon-series-lenscover-la-ql4
8476141093204	hikmicro-lenscover-label-for-falcon-677
8476141125972	hikmicro-falcon-fh35-lenscover-labe-d50
8476141158740	hikmicro-falconfq50-lenscover-label
8476141224276	hikmicro-falcon-fq35-lenscover-labe-5tf
8476141289812	hikmicro-stellar-sh35-sq35-lenscove-1az
8476141322580	hikmicro-stellar-sh50-sq50-lenscove-u0h
8476141388116	hikmicro-alpex-a50t-a50tn-lenscover-cjk
8476141420884	hikmicro-lens-capcord-owl
8476141551956	hikmicro-gryphon-lens-cap-with-cord
8476141617492	hikmicro-lynx-eyepiece-rubber
8476141650260	hikmicro-owl-eyepiece-rubber
8476141683028	hikmicro-gryphon-eyepiece-rubber
8476141781332	hikmicro-stellar-alpex-eyepiece-rub-wi8
8476141814100	hikmicro-falcon-series-eyepiece-rub-647
8476141879636	hikmicro-raptor-eyepiece-rubber
8476141977940	hikmicro-gryphon-battery-cover-gh35-r2p
8476142010708	hikmicro-stellar-sh35sq35sh50sq50al-4pa
8476142076244	hikmicro-panther-ph35lpq35lph50lpq5-mwe
8476142109012	hikmicro-lynx-owl-wrist-band
8476142141780	hikmicro-owl-wrist-band
8476142174548	hikmicro-gryphon-wrist-band
8476143124820	lexar-cfexpress-pro-gold-r900-w800-mzy
8476143550804	smallrig-2026-magic-arm-med-anti-ro-nai
8476144959828	smallrig-3905-flexible-vlog-tripod-qdd
8476145844564	smallrig-4266-camera-battery-usb-c-yjr
8476147089748	smallrig-4264-camera-battery-usb-c-z0e
8476147482964	smallrig-4260-l-formad-grepp-fr-fuj-bcl
8476148662612	smallrig-4308-cage-kit-rhinoceros-f-1a8
8476149186900	smallrig-4222-lightweight-travel-tr-o12
8476149252436	smallrig-4274-pro-shoulder-rig-kit
8476149449044	smallrig-4224-cine-filter-4x565-nd0-axx
8476149547348	smallrig-4225-cine-filter-4x565-nd0-qf4
8476149678420	smallrig-4226-cine-filter-4x565-nd1-cbc
8476149809492	smallrig-4227-cine-filter-4x565-nd1-z18
8476151644500	smallrig-4302-clamp-for-seamless-fo-alb
8476152955220	smallrig-4252-d-tap-till-lp-e6nh-du-5wf
8476153348436	smallrig-3588-cine-filter-4x565-nd0-unt
8476153741652	smallrig-3589-cine-filter-4x565-nd1-v9r
8476154495316	smallrig-4163-heavy-duty-aluminium-kg0
8476193751380	smallrig-4198-cage-kit-fr-sony-a7-i-2w4
8477225582932	atomos-connect
8477226729812	atomos-zato-usb
8477226959188	atomos-ultrasync-blue
8477227221332	atomos-ultrasync-one-till-bnc-tidko-c1y
8477227286868	atomos-dubbelriktad-kabel
8477227352404	atomos-kabel-fr-att-extrahera-tidsk-4zb
8477227417940	atomos-kabel-fr-att-mata-in-tidskod-67j
8477227450708	atomos-kabel-fr-att-mata-mic-niv-ti-oky
8477227483476	atomos-kabel-fr-att-mata-bde-tidsko-f5d
8477227581780	atomos-svart-silikonfodral-med-kard-4ik
8477227647316	atomos-svart-silikonfodral-med-14-m-g62
8477227745620	atomos-tillbehrssats-inferno-och-fl-1g9
8477227778388	atomos-tillbehrssats-shogun-7
8477227909460	atomos-atomx-power-kit
8477227942228	atomos-atomx-solskydd-fr-ninja-vv-o-rau
8477227974996	atomos-atomx-solskydd-fr-shogun-7-s-kz0
8477228007764	atomos-atomx-skrmskydd-fr-ninja-v-v-4hi
8477228073300	atomos-atomx-usb-c-31-driven-dockni-jri
8477228106068	atomos-atomx-batteri-eliminator
8477228171604	atomos-atomx-5-7-monitorfste
8477228237140	atomos-atomx-snabb-batteriladdare-o-ubv
8477228302676	atomos-solhuv-fr-19-sumo-sumo-se-ho-t5s
8477228368212	atomos-sumo-skrmskydd
8477228433748	atomos-7800mah-6-cell-batteri-np-96-hyw
8477228499284	atomos-usb-till-seriell-2m-kalibrer-698
8477228597588	atomos-coiled-mini-till-full-hdmi-3-w3a
8477228630356	atomos-spiralkabel-mini-till-full-h-g3c
8477228663124	atomos-coiled-full-till-full-hdmi-3-r6j
8477228892500	atomos-coiled-micro-till-full-hdmi-2x2
8477228990804	atomos-coiled-mikro-till-full-hdmi-sgw
8477229023572	atomos-xlr-inut-balanserad-xlr-brea-h35
8477229056340	atomos-xlr-endast-ingng-balanserad-e79
8477229089108	atomos-usb-c-till-seriell-kalibreri-2f5
8477229121876	atomos-hdmi-4k60p-micro-till-full-3-xit
8477229187412	atomos-hdmi-4k60p-mikro-till-full-4-az1
8477229384020	atomos-hdmi-4k60p-mini-till-full-40-7hm
8477229416788	atomos-hdmi-4k60p-full-till-full-30-aay
8477229482324	atomos-hdmi-4k60p-full-till-full-40-uos
8477229515092	atomos-master-caddy-ii-5-pack
8477229580628	atomos-d-tap-till-dc-lst-kontaktspo-bx2
8477229613396	atomos-usb-20-30-dockningsstation-yzv
8477229678932	atomos-lsbar-ac-strmadapter
8477229711700	atomos-knappflt-kompatibelt-med-neo-b7o
8477229941076	atomos-ninja-mega-bundle-atomx-cast-0x7
8477230039380	chasing-innovation-m2m2-s-charger
8477230399828	chasing-innovation-m2-s-left-motor
8477230432596	chasing-innovation-m2-s-right-motor
8477230530900	chasing-innovation-m2-s-propeller-k-kha
8477230629204	chasing-innovation-m2-s-handle-with-ctj
8477230727508	chasing-innovation-m2-s-bracket-kit-ntd
8477230793044	chasing-innovation-m2-s-handle-no-l-wzg
8477230858580	delkin-microsd-power-2000x-uhs-ii-6-r90
8477230989652	delkin-microsd-power-2000x-uhs-ii-2-j0s
8477231219028	lexar-jumpdrive-dual-drive-d400-typ-klw
8477231350100	lexar-jumpdrive-dual-drive-d400-typ-xeg
8477231481172	lexar-jumpdrive-dual-drive-d400-typ-6hs
8477231612244	lexar-jumpdrive-dual-drive-d400-typ-i2e
8477232300372	smallrig-4276-fullfrg-mini-led-vide-j2e
8477232726356	smallrig-4338-basplatta-fr-sony-a67-qz3
8477233021268	smallrig-4337-halvbur-fr-sony-a6700-r59
8477233578324	smallrig-4275-portabel-sugkoppsfste-7wf
8477233742164	smallrig-4204-ra-bd08-barndoors-8-b-qap
8477748724052	smallrig-4336-cage-kit-fr-sony-a670-8e7
8477857481044	smallrig-4003-black-mamba-bur-fr-ca-3jq
8477857612116	gomatic-40l-resvska-v2
8477857775956	gomatic-30l-resvska-v2
8477857972564	gomatic-travel-pack-v2
8477858070868	gomatic-everyday-backpack-v2
8477858300244	gomatic-messenger-bag-v2
8477858496852	gomatic-garment-bag-v2
8477858660692	gomatic-tech-case
8477859840340	gomatic-packing-cube-v2-medium
8477860036948	gomatic-packing-cube-v2-large
8477860168020	gomatic-shirt-organizer-v2
8477860331860	gomatic-toiletry-bag-20-large-v2
8477860528468	gomatic-shoe-cube
8477861019988	gomatic-black-wallet-v2
8477861052756	gomatic-mint-wallet-v2
8477861183828	gomatic-grey-wallet-v2
8477861478740	gomatic-peter-mckinnon-kamerapaket-prw
8477861708116	gomatic-peter-mckinnon-cube-pack
8477861839188	gomatic-peter-mckinnon-tillbehrsfod-nhr
8477861937492	gomatic-peter-mckinnon-filterfodral
8477861970260	gomatic-peter-mckinnon-batterifodra-szp
8477862101332	gomatic-peter-mckinnon-minneskortsf-zv2
8477862265172	gomatic-peter-mckinnon-accessory-st-k71
8477862363476	gomatic-peter-mckinnon-litet-avdela-7q5
8477862461780	gomatic-peter-mckinnon-stort-avdela-08l
8477862691156	gomatic-peter-mckinnon-tillbehrsblt-4ba
8477862756692	gomatic-navigator-reseryggsck-32l-s-mys
8477862986068	gomatic-navigator-ryggsck-15l-svart-f3v
8477863215444	gomatic-navigator-sling-6l-svart
8477863412052	gomatic-navigator-sling-1l-svart
8477863608660	gomatic-navigator-collapsible-pack-rwb
8477863772500	gomatic-navigator-tech-organizer-sv-hc2
8477863805268	gomatic-navigator-regnskydd-stor-sv-9uk
8477863936340	gomatic-peter-mckinnon-regnskydd-me-n80
8477864919380	gomatic-packing-cube-v2-small
8477865214292	gomatic-tvttpse
8477865410900	gomatic-toiletry-bag-20-small-v2
8477866000724	gomatic-peter-mckinnon-everyday-day-612
8477866852692	gomatic-peter-mckinnon-everyday-day-mpq
8477867770196	gomatic-peter-mckinnon-everyday-day-kwg
8477868523860	gomatic-peter-mckinnon-everyday-day-ewf
8477869244756	gomatic-peter-mckinnon-everyday-day-e90
8477869867348	gomatic-peter-mckinnon-everyday-sli-kgf
8477870391636	gomatic-peter-mckinnon-everyday-tec-lwx
8477870555476	gomatic-peter-mckinnon-everyday-div-x64
8477871276372	gomatic-peter-mckinnon-everyday-sma-f4o
8477871833428	gomatic-peter-mckinnon-everyday-lar-916
8478661083476	peak-design-resestativ-aluminium
8478661214548	peak-design-resestativ-kol
8478661312852	peak-design-universellt-huvudadapte-jn8
8478661640532	peak-design-spikftter-set
8478661673300	peak-design-ultraltt-konverteringsk-5rw
8478661738836	peak-design-capture-svart
8478661804372	peak-design-capture-silver
8478661837140	peak-design-capture-endast-klipp-sv-045
8478661935444	peak-design-capture-endast-klipp-si-71u
8478662033748	peak-design-pov-kit-fr-capture
8478662459732	peak-design-objektivkit-nikon
8478662525268	peak-design-linskit-canon
8478662623572	peak-design-linskit-sony
8478662689108	peak-design-propad
8478662754644	peak-design-standardplatta
8478662787412	peak-design-reserv-capture-bolt-pac-o4i
8478662820180	peak-design-extra-capture-bolt-pack-n1d
8478662918484	peak-design-dubbelplatta
8478663115092	peak-design-slide-svart
8478663180628	peak-design-slide-ask
8478663475540	peak-design-slidelite-ask
8478664065364	peak-design-leash-svart
8478664261972	peak-design-leash-frg-sage
8478664589652	peak-design-manschett-svart
8478665474388	peak-design-clutch
8478665605460	peak-design-ankarmontage
8478665670996	peak-design-ankare-4-pack
8478665736532	peak-design-ankare-4-pack-svart
8478666031444	peak-design-shell-small
8478666129748	peak-design-shell-medium
8478666260820	peak-design-shell-storlek-large
8478669013332	peak-design-everyday-ryggsck-20l-zi-eik
8478669177172	peak-design-everyday-ryggsck-20l-zi-yed
8478669373780	peak-design-everyday-ryggsck-20l-zi-d56
8478670520660	peak-design-everyday-sling-6l-v2-mi-py9
8478672159060	peak-design-everyday-hftblte-v2-mid-6te
8478672191828	peak-design-everyday-hftblte-v2-sag-s19
8478673404244	peak-design-tech-pouch-frg-bone
8478676582740	peak-design-reservdelar-v2-everyday-729
8478676648276	peak-design-reservdelar-v2-extern-b-7sw
8478676681044	peak-design-reservdelar-v2-extern-b-agz
8478676779348	peak-design-reservdelar-v2-extern-b-zqi
8478676877652	peak-design-reservdelar-v2-extern-b-vro
8478676910420	peak-design-reservdelar-v2-extern-b-z2p
8478677008724	peak-design-reservdelar-v2-extern-b-dtr
8478677107028	peak-design-reservdelar-v2-everyday-llr
8478677139796	peak-design-reservdelar-v2-everyday-0q5
8478677172564	peak-design-reservdelar-v2-everyday-l9e
8478677205332	peak-design-reservdelar-v2-everyday-p3r
8478677238100	peak-design-reservdelar-v2-everyday-mno
8478677303636	peak-design-reservdelar-v2-everyday-4nz
8478677434708	peak-design-reservdelar-v2-everyday-33t
8478677467476	peak-design-reservdelar-v2-everyday-q3z
8478677533012	peak-design-reservdelar-v2-everyday-ct9
8478677598548	peak-design-reservdelar-v2-everyday-buh
8478677631316	peak-design-reservdelar-v2-everyday-1z3
8478677795156	peak-design-reservdelar-v2-everyday-8bx
8478678024532	peak-design-reservdelar-v1-ersttnin-fll
8478678090068	peak-design-reservdelar-v1-ersttnin-0k5
8478678319444	peak-design-reservdelar-v1-everyday-cmt
8478678384980	peak-design-reservdelar-v1-everyday-hqv
8478678417748	peak-design-reservdelar-v1-stabilis-iun
8478678483284	peak-design-reservdelar-v1-ersttnin-wl0
8478678516052	peak-design-reservdelar-v1-everyday-xr6
8478678548820	peak-design-reservdelar-v1-everyday-eo8
8478678581588	peak-design-reservdelar-v1-ersttnin-l0b
8478678614356	peak-design-reservdelar-v1-extern-b-nh8
8478678647124	peak-design-reservdelar-v1-brstrem-s57
8478678679892	peak-design-reservdelar-v1-nyckelba-bfk
8478678745428	peak-design-reservdelar-v1-ryggscks-pp0
8478678778196	peak-design-reservdelar-v1-ryggsck-tau
8478678810964	peak-design-reservdelar-v1-ryggsck-psf
8478678843732	peak-design-reservdelar-v1-ryggsck-p71
8478678876500	peak-design-reservdelar-mobil-bilfs-ou8
8478678909268	peak-design-reservdelar-till-resvsk-0ez
8478678942036	peak-design-reservdelar-till-resvsk-8mj
8478679007572	peak-design-reservdelar-till-resvsk-bll
8478679073108	peak-design-reservdelar-till-resvsk-0c4
8478679105876	peak-design-reservdelar-till-resvsk-f7h
8478679171412	peak-design-reservdelar-till-resvsk-hv0
8478679204180	peak-design-reservdelar-kit-fr-byte-bkd
8478679269716	peak-design-reservdelar-till-travel-plc
8478681629012	peak-design-slide-midnatt
8478681727316	peak-design-slidelite-svart
8478683529556	peak-design-reservdelar-v1-brstrem-eaz
8478683758932	peak-design-mikro-clutch-l-plate
8479687672148	hollyland-solidcom-c1-pro-hub-bas
8479687770452	polaroid-objektivlock-37mm
8479687835988	polaroid-objektivlock-405mm
8479687934292	polaroid-bakre-lock-fr-olympus-micr-oqe
8479687967060	polaroid-skruvfast-linskap-52mm
8479687999828	polaroid-skruva-p-linslock-55mm
8479688032596	polaroid-skruva-p-linslock-58mm
8479688098132	polaroid-skruva-p-linslock-67mm
8479688196436	polaroid-skruva-p-linslock-72mm
8479688425812	polaroid-mint-sx-70-blixtlampa
8479689015636	polaroid-frgfilm-fr-600-5-pack
8479689048404	polaroid-svartvitt-film-fr-600
8479689179476	polaroid-svartvitt-film-fr-i-type
8479689539924	polaroid-frgfilm-fr-sx-70
8479689605460	polaroid-svartvitt-film-fr-sx-70
8479689802068	polaroid-frgfilm-fr-8x10
8479689998676	polaroid-svartvitt-film-fr-8x10
8479690424660	polaroid-filmskydd-fr-boxtyp
8479690785108	polaroid-film-skydd-fr-vikbar-typ
8479691637076	polaroid-box-kameravska-vit
8479691997524	polaroid-frgfilm-fr-600-2-pack
8479692226900	polaroid-frgfilm-fr-i-type
8479693341012	polaroid-fotoalbum-litet-svart
8479693963604	polaroid-hi-print-fodral
8479695962452	polaroid-kamera-rem-rund-regnbge
8479696585044	polaroid-kamerarem-flat-rainbow-vit
8479696650580	polaroid-kamerarem-flat-rainbow-sva-m51
8479697305940	polaroid-magnetisk-displaystjrna-8-9d0
8479698125140	polaroid-go-kamera-klipp-vit
8479699272020	polaroid-go-foto-tag-vit
8479699468628	polaroid-go-kamera-klipp-rd
8479699534164	polaroid-go-kamera-klipp-svart
8479699894612	polaroid-go-kameravska-rd
8479699992916	polaroid-justerbar-kamera-rem-vit
8479700058452	polaroid-justerbar-kamerarem-svart
8479700091220	polaroid-go-handledsrem-svart
8479700123988	polaroid-go-handledsrem-vit
8479700156756	polaroid-go-handledsrem-rd
8479700353364	polaroid-zink-media-2x3-30-pack
8479700386132	polaroid-zink-media-2x3-50-pack
8479700713812	polaroid-stort-fotoalbum-vit
8479700812116	polaroid-fotoalbum-litet-vitt
8479701270868	polaroid-go-svart
8479702057300	polaroid-frgfilm-fr-i-type-summer-e-r39
8479702090068	polaroid-frgfilm-fr-600-tervunnen-e-hvr
8482350727508	polaroid-frgfilm-fr-600
8482350891348	polaroid-i-type-frgfilm-golden-mome-pzm
8482350989652	polaroid-go-film-dubbelpack-16-foto-6xr
8482351055188	polaroid-go-film-multipack-48-bilde-4gx
8482351186260	polaroid-go-filters-3-pack
8482351350100	polaroid-go-e-box-vit
8482352202068	polaroid-go-red
8482352824660	polaroid-frgfilm-fr-i-typ-frgad-ram-1re
8482353152340	polaroid-go-e-box-svart
8482355380564	polaroid-frgfilm-fr-i-type-david-bo-rr9
8482530165076	atomos-z-mount
8482531770708	saramonic-uwmic9-tx9-tx9-rx9
8482532327764	saramonic-sndare-fr-uwmic9-system
8482532622676	saramonic-handhllen-mikrofon-uwmic9-lxx
8482535440724	saramonic-uwmic9-kit-12-tx9-sp-rx9-eky
8482536784212	saramonic-umic-m2-gshals-omnidirekt-8fg
8482537668948	saramonic-blink-500-b5-txrx-uc-1-ti-11t
8482539798868	saramonic-vmic-pro-ii-avancerad-hag-2ic
8482540847444	saramonic-35mm-hane-trs-till-lightn-agm
8482541994324	saramonic-blink-500-pro-b3-24ghz-tr-7xq
8482542616916	saramonic-blink-500-pro-b6-24ghz-tr-4u7
8482543173972	saramonic-uwmic9s-kit-2-dubbel-snda-6cb
8482544157012	saramonic-smartmic5-riktad-mikrofon-k79
8482545762644	saramonic-blink-800-b1-58ghz-robust-txv
8482546188628	saramonic-blink-800-b3-58ghz-metall-fst
8482546286932	saramonic-blink-500-pro-tx-sndare-r-bs3
8482547794260	saramonic-blink-500-pro-rxdi-mottag-x2k
8482548810068	saramonic-vlink2-kit2-24ghz-tvvgsko-uh8
8482549432660	saramonic-mikrofonbomarm-sr-hc2
8482549858644	saramonic-lavmicrodc-lavaliermikrof-d69
8482550120788	saramonic-lavmicro-u3b-lavalier-mik-av4
8482550382932	saramonic-lavmicro-u3c-lavaliermikr-r5y
8482550743380	saramonic-lavmicro-u1b-lavaliermikr-vyw
8482551103828	saramonic-lavmicro-u1c-lavalier-mik-t76
8482552512852	saramonic-blink-500-pro-b8-trdlst-2-0qt
8482553987412	saramonic-blink-100-b2-txtxrx-2-til-uqo
8482554675540	saramonic-blink-100-b3-24-ghz-trdls-5mh
8482555822420	saramonic-blink-100-b4-2-till-1-35m-0gi
8482556248404	saramonic-blink-100-b5-txrx-uc-trdl-yrr
8482556445012	saramonic-blink-100-b6-2-till-1-35m-9hv
8482556936532	saramonic-sr-c2019-dubbel-35mm-trs-iap
8482557198676	saramonic-sr-c2020-dubbel-35mm-trs-21z
8482557985108	saramonic-kabeladapter-c-xlr-35mm-h-kdd
8482577973588	saramonic-vmic-mini-kompakt-mikrofo-tq6
8482578465108	saramonic-vmic-ii-supercardioid-rik-ugg
8482578989396	saramonic-smartrig-di
8482579448148	saramonic-lc-c35-adapter-frn-35-mm-bhf
8482580136276	saramonic-sr-fw3-ersttnings-skumvin-zjj
8482580201812	saramonic-blink900-pro-hm-handhllen-25j
8482580332884	saramonic-blink-500-prox-b1-trdlst-vb6
8482581348692	saramonic-blink-500-prox-q10-24ghz-9if
8482582200660	saramonic-blink-500-prox-q20-trdlst-9go
8482582757716	saramonic-blinkme-b2
8482582790484	saramonic-dk6e-headsetmikrofon-ta4f-kdk
8482582888788	saramonic-dk6b-headsetmikrofon-med-kp3
8482726609236	seetec-atem156-156-video-monitor-me-l3j
8482728051028	seetec-p133-9hsd-133-tum-monitor
8482729263444	seetec-p150-3hsd-15-tums-monitor
8482731065684	seetec-4k156-9hsd-156-tum-monitor
8482732409172	seetec-p173-9hsd-173-monitor
8482733588820	seetec-lut215-215-tum-monitor
8482734473556	seetec-p215-9hsd-215-tum-monitor
8482735587668	seetec-fs215-s4k-215-tum-monitor
8482737127764	seetec-4k280-9hsd-co-28-tums-brbar-iot
8482737783124	seetec-t51-3x5-tum-2ru-monitor
8482738569556	seetec-monitor-t51-h-3-x-5-2ru-35-t-u1l
8482739355988	seetec-d71-h-monitor-dual-7-3ru-27-wko
8482739749204	seetec-p133-9hsd-rm-133-tum-rackmon-i32
8482740437332	seetec-p173-9hsd-rm-173-rackmontera-vsu
8482740994388	seetec-215-tums-rack-mount-monitor
8482742960468	seetec-sc173-hd-56-173-tum-pull-out-s3q
8482744009044	seetec-173-tums-utdragbar-rackmonit-veu
8482745614676	seetec-p173-9hsd-co-173-brbar-monit-bp4
8482746597716	seetec-p215-9hsd-co-brbar-sndningsr-8bd
8482746696020	seetec-atem215s-co-215-monitor-med-tgh
8482746761556	seetec-atem173s-co-173-monitor-med-v3h
8482746859860	seetec-atem156s-co-156-monitor-med-08d
8482746925396	seetec-fs173-s4k-173-tums-monitor
8499014041940	atomos-ninja-5-tums-1000nit-hdr-mon-p79
8499014336852	atomos-ninja-ultra-5-tums-1000nit-h-uvu
8499014795604	energizer-universal-charger-eu-utan-5rw
8499014861140	smallrig-4191-styrfsteklmma-fr-acti-a33
8499014926676	smallrig-4161-kamerabur-black-mamba-9b0
8499014992212	smallrig-4319-videostativ-ct190-alu-awj
8499017908564	yololiv-yolobox-pro
8499019546964	yololiv-instream
8499019809108	yololiv-yolomax
8499124011348	mavic-3t-guldpaket
8499337265492	correlator3d
8499381633364	transmission-standard-combo
8499516178772	flighthub-2-professional-version-1-ar
8500484407636	pix4dmapper
8500494270804	pix4dmapper-essentials-onlinekurs
8500536443220	pix4dsurvey
8505481527636	pix4dreact
8505493750100	pix4dmatic
8505517605204	pix4dfields
8505541132628	pix4dcloud
8505549160788	pix4dcloud-advanced
8507823685972	power-kit-lfp-batterikabel-1-5m
8507840594260	dual-fuel-smart-generator
8507865465172	delta-2-max-extrabatteri
8507888173396	ecoflow-28-tilt-mount-bracket
8509102063956	delta-pro-jordningskabel-c20
8509113663828	smart-plug
8509227336020	solar-angle-guide
8509246636372	delta-eb-kabel-0-4m
8509256991060	river-eb-kabel-0-4m
8509260333396	river-eb-kabel-0-4m-1
8509313679700	solpanel-60w
8510493196628	rs-3-mini
8512133235028	solar-till-xt60i-laddningskabel
8512156172628	super-flat-cable
8512164757844	extra-battery-cable
8512172491092	wave-2-vaska
8512195756372	wave-2-exhaust-ducts
8512247660884	matrice-30-30t-hogtalare-stralkastare
8512316703060	matrice-300-200-spotlight-plus
8512338985300	matrice-30-30t-czi-gl60-mini-spotlight
8512435061076	mavic-3e-t-spotlight
8518442484052	reach-rs3
8525297811796	matrice-300-fallskarm
8525307674964	matrice-350-fallskarm
8525353582932	mavic-serien-manti-3-fallskarm
8525362102612	mavic-serien-manti3-fallskarm-suit-version
8525375504724	manti3-ersattningsfallskarm
8525393625428	matrice-30-30t-owl-30-fallskarm
8525430751572	matrice-30-30t-owl-30-fallskarm-suit-version
8525554549076	anafi-ai
8525568770388	parrot-anafi-usa
8525569294676	parrot-anafi-usa-se
8525569687892	anafi-usa-ge-med-sky-kontroller
8525577093460	parrot-anafi-usa-batteri
8525578961236	anafi-usa-propeller-pack
8525590004052	anafi-usa-rc-sticks-pair
8525595607380	anafi-usa-repair-kit-arms-motors-antenna
8526559674708	czi-sound-broadcast-sound-pickup-system-for-mavic-3e-t
8526913601876	matrice-300-tradat-ryggsackssystem
8526923923796	matrice-210-300-mp130-hogtalare
8528242082132	matrice-300-200-spotlight
8528274620756	matrice-300-200-spotlight-zoom
8528329179476	matrice-300-gl300-spotlight
8528340517204	matrice-300-200-ir10-infrarod-laser-zoom-spotlight
8529902076244	matrice-300-blinkljus-rod-bla
8529904632148	matrice-300-200-throwing-hook-drop-system-v2
8530277269844	rededge-p
8532293648724	altum-pt
8538681213268	mini-4-pro
8540247785812	mini-4-pro-dji-rc-2
8540275769684	mini-4-pro-fly-more-combo-dji-rc-2
8545970028884	mini-4-pro-360-propellerskydd-1
8545983201620	mini-4-pro-nd-filterset-nd16-64-356
8546007744852	mini-4-pro-vidvinkellins
8546040873300	mini-4-pro-batteri
8546132656468	mini-4-pro-dji-care-refresh-1-ar
8546138653012	mini-4-pro-dji-care-refresh-2-ar
8556671598932	emlid-reach-rs3-swepos-ntrip-abonnemang
8556783862100	fpv-explorer-combo
8556983255380	mid-360
8557284294996	reach-rs3-uhf-antenn
8557306937684	reach-lora-antenn
8559746253140	survey-pole-ersattningsspets
8559764472148	telefonhallare-till-lodstav
8559785967956	flow-survey-plan-1-ar
8559810249044	action-floating-handle
8559822209364	om-fill-light-phone-clamp
8559894659412	pocket-2-barbar-laddningsstation
8572359475540	ronin-multi-camera-control-cable
8572365078868	ronin-quick-release-platta-upper
8572368486740	ronin-2-camera-base-plate
8572371304788	ronin-raveneye-image-transmission-system
8572379824468	ronin-s-extended-lens-support
8572441690452	ronin-4d-hand-grips-combo
8572450439508	inspire-2-tb50-batteri
8572619293012	dji-ryze-tello-batteri
8572619948372	dji-ryze-tello-charging-hub
8572620505428	dji-ryze-tello-propellrar
8572633842004	dji-rc-plus-rem-midjestd
8573000876372	insta360-go-3-pivot-stand
8573001498964	insta360-go-3-magnet-halsband
8573001728340	insta360-go-3-quick-release-mount
8573001892180	insta360-go-3-carry-case
8573002318164	insta360-go-3-lens-guard
8573002482004	insta360-go-3-carry-bag
8573002547540	insta360-go-3-magnet-pendant-safety-kq7
8573002580308	insta360-go-3-dive-case
8573002711380	insta360-go-3-fetch-stick
8573003006292	insta360-go-3-nd-filter-set
8573003202900	insta360-go-3-64gb
8573003628884	insta360-go-3-32gb
8573003956564	insta360-go-3-128gb
8575383175508	dji-3-channel-follow-focus-controll-go2
8575383568724	livox-mid-70-lidar
8575383765332	livox-avia
8575384027476	livox-three-wire-aviation-connector
8575388352852	livox-tele-15
8578639790420	atomos-nexus-hdmi-till-usb-konverte-z4q
8578639855956	bw-frskurna-skum-fr-fodral-typ-cf40-iii
8578640347476	feelworld-teleprompter-tp16
8578640609620	nanlite-litolite-8f-led-fresnelljus
8578641264980	nanlite-pavotube-ii-15xr-1-kit-led-tf6
8578641494356	nanlite-pavotube-ii-15xr-2-kit-led-yo4
8578642215252	nanlite-pavotube-ii-15xr-4-kit-led-saq
8578644050260	nanlite-pavotube-ii-15xr-8-kit-led-tes
8578645754196	nanlite-pavotube-ii-30xr-1-kit-led-blr
8578647523668	nanlite-pavotube-ii-30xr-2-kit-led-onl
8578648834388	nanlite-pavotube-ii-30xr-4-kit-led-aul
8578649030996	nanlite-pavotube-ii-30xr-8-kit-led-npd
8578649391444	nanlite-pavotube-ii-60xr-2-kit-s-le-3sm
8578649751892	nanlite-pavotube-ii-60xr-4-kit-s-le-84l
8578650210644	nanlite-cc-s-fz300ii-brpse-fr-forza-ahf
8578650276180	nanlite-trolleyvska-fr-2-ljus-forza-0fm
8578650341716	peak-design-reservdelar-till-resevs-jip
8578650374484	peak-design-reservdelar-till-resvsk-7ls
8578650407252	peak-design-reservdelar-till-resvsk-9l9
8578650440020	peak-design-reservdelar-till-resvsk-x9t
8578650505556	peak-design-reservdelar-till-resvsk-wfz
8578650538324	peak-design-reservdelar-resvska-fr-634
8578650571092	peak-design-reservdelar-resefot-til-dza
8578650603860	peak-design-reservdelar-resefot-cen-ijz
8578650669396	peak-design-reservdelar-resefot-cen-icl
8578650702164	peak-design-reservdelar-resefot-bol-2l1
8578650734932	peak-design-reservdelar-fotset-trav-lfx
8578650767700	peak-design-reservdelar-ben-helt-mo-e4j
8578650800468	peak-design-reservdelar-fullt-monte-7fx
8578650833236	peak-design-reservdelar-utsttningsk-jml
8578651029844	polaroid-go-gen-2-svart
8578651226452	polaroid-go-gen-2-vit
8578651488596	polaroid-go-gen-2-rd
8578651652436	saramonic-blink-500-prox-rxdi-dubbe-g20
8578652537172	smallrig-4102-super-clamp-med-360-b-r9b
8578655846740	smallrig-4306-roterbart-horisontell-x48
8578657583444	smallrig-4300-roterbart-horisontalt-byw
8578658566484	smallrig-4244-roterbart-horisontell-bt7
8578863956308	nanlite-forza-500-ii-2-kit-led-spot-5ra
8578864382292	nanlite-forza-500b-ii-2-kit-led-spo-2s2
8578864775508	nanlite-forza-300b-ii-2-kit-led-spo-nk1
8578865398100	nanlite-pavotube-ii-60xr-8-kit-led-uyf
8578866479444	nanlite-forza-300-ii-2-kit-led-spot-y6x
8580999577940	dji-bg30-handle
8581000560980	dji-rsc2
8581001609556	dji-dl-pz-17-28-t30-asph
8581002527060	dji-mic-1-tx-1-rx
8581003313492	hoodman-magnetiskt-skrmskydd-till-s-96a
8583592345940	atomos-shogun-7-tums-hdr-monitor-in-h7a
8583592411476	atomos-shogun-ultra-7-hdr-monitor-r-2xu
8583592509780	brinno-asp1000-p-solar-power-kit
8583592542548	bw-outdoor-case-typ-6000-med-anpass-iqi
8583592608084	bw-samyang-xeen-meister-ef-canonout-2lm
8583592640852	bw-outdoor-case-typ-6000-med-anpass-yi0
8583592673620	chasing-innovation-f1f1-pro-battery-ak2
8583592771924	delkin-cfexpress-black-r1800-325gb
8583592902996	delkin-cfexpress-black-r1800w1560-1-gbn
8583593066836	hikmicro-kit-hikmicro-trailcamera-m-aut
8583593132372	hollyland-mars-4k-solidcom-c1-pro-4-1kz
8583593263444	lexar-ssd-e6-portable-r1050w1000-1t-fb4
8583593296212	lexar-ssd-e6-portable-r1050-w1000-2-3ly
8583593525588	nanlite-fc-300b-led-bi-color-spotli-4rs
8583593623892	nanlite-fc-500b-led-bi-color-spotlj-mv7
8583593656660	nanlite-trolleyvska-fr-2-ljus-forza-zur
8583597785428	peak-design-reservdelar-extern-brse-vbc
8583599358292	polaroid-frgfilm-fr-i-type-runda-ra-9d0
8583602733396	smallrig-3047-cage-2203b-hood-2299-stl
8583603257684	smallrig-4192-selfie-stick-support-o7z
8583603552596	smallrig-4307-video-tripod-freeblaz-swj
8583603650900	smallrig-4385-skruvset-med-skruvmej-cpw
8583603847508	smallrig-4299-universal-snabbfrigri-7gn
8583604175188	smallrig-4203-l-formad-monteringspl-0wy
8583604535636	smallrig-4292-v-mount-mini-vb99-pro-ocq
8583604928852	smallrig-4262-l-format-handtag-fr-n-h3q
8583605027156	smallrig-4441-nato-topphandtag-med-5jr
8583605289300	smallrig-4234-monteringssats-univer-52z
8583605485908	smallrig-4233-hjdjusterbart-monteri-c56
8583607288148	smallrig-4015-sidohandtag-med-14-sk-vqt
8583608238420	smallrig-4424-horisontell-till-vert-60w
8583609286996	smallrig-4346-sidohandtag-med-tv-i-n7p
8583611515220	smallrig-4288-stativ-med-sidocentre-52r
8583612989780	vallerret-skadi-zipper-mitt-lrs-sva-095
8583613317460	vallerret-skadi-zipper-mitt-lrs-sva-j4n
8583613612372	vallerret-skadi-zipper-mitt-lrs-sva-qey
8583613776212	vallerret-skadi-zipper-mitt-lrs-grn-9ws
8583613808980	vallerret-skadi-zipper-mitt-lrs-grn-q7h
8583613874516	vallerret-skadi-zipper-mitt-lrs-grn-v8b
8583615086932	kupo-356-universellt-golvstativ
8583615250772	kupo-485-tungt-wind-up-stativ-med-l-1yz
8583615381844	kupo-721-jumbo-stativ-med-2-sektion-cds
8583615578452	kupo-013bs-backlite-basstativ
8583616135508	kupo-021r-2-i-1-stativ
8583617053012	kupo-070ac-mini-click-ljusstativ
8583617282388	kupo-123b-teleskopisk-stng
8583617642836	kupo-135m-midi-max-baby-kit-stativ
8583617872212	kupo-155m-hgt-baby-stativ
8583619150164	kupo-161mb-slider-stand-svart
8583620034900	kupo-162mb-monitorstativ-ii
8583620657492	kupo-185m-lgt-mighty-baby-stand
8583620886868	kupo-195s-baby-kit-stand-med-fyrkan-94r
8583621149012	kupo-198ac-universellt-stativ-med-l-h6m
8583621673300	kupo-223k-bakgrundspappersstativset
8583621902676	kupo-226m-master-combo-hd-stand-sil-32f
8583622132052	kupo-226mb-master-combo-hd-stativ-s-hjf
8583622295892	kupo-227mb-master-combo-alu-senior-h17
8583624196436	kupo-229mb-hgt-view-stand-svart
8583624622420	kupo-300m-hg-roller-stand
8583624819028	kupo-310m-lgt-mighty-stativ
8583625474388	kupo-390m-stlkolumn-rullstativ
8583625605460	kupo-483t-3-sektions-wind-up-stativ-55c
8583625703764	kupo-542m-master-cine-stand-silver-epo
8583625769300	kupo-542mb-master-cine-stand-svart-qix
8583625834836	kupo-543m-master-high-cine-stand-si-v51
8583625900372	kupo-543mb-master-high-cine-stand-s-i8h
8583626096980	kupo-600mr-hgt-overhead-roller-stan-xkc
8583626195284	kupo-610mr-medium-stl-overhead-roll-wlv
8583626260820	kupo-620m-bred-bas-hgt-overheadstat-bdh
8583626326356	kupo-cl-20m-20-master-c-stand-med-g-kj3
8583626391892	kupo-cl-20m-20-master-c-stand-med-g-a42
8583626621268	kupo-cl-20mk-20-master-c-stand-med-k5b
8583626719572	kupo-cl-20mk-20-master-c-stand-med-1cq
8583626785108	kupo-cl-30m-30-master-c-stand-med-g-zfn
8583626850644	kupo-cl-30m-30-master-c-stand-med-g-gnc
8583626916180	kupo-cl-30mk-30-master-c-stand-med-xy5
8583627014484	kupo-cl-30mk-30-master-c-stand-med-sep
8583627243860	kupo-cl-40m-40-master-c-stand-med-g-mab
8583627374932	kupo-cl-40mb-40-master-c-stand-med-9xe
8583627440468	kupo-cl-40mk-40-master-c-stand-med-614
8583627538772	kupo-cl-40mkb-40-master-c-stand-med-jts
8583627669844	kupo-cs-30m-30-master-c-stand-med-g-u8u
8583627866452	kupo-cs-30m-30-master-c-stand-med-g-c5z
8583627931988	kupo-cs-30m-30-master-c-stand-med-g-3h3
8583628095828	kupo-cs-40mb-40-master-c-stand-med-qwa
8583628194132	kupo-cs-40mk-40-master-c-stand-med-c52
8583628325204	kupo-ct-20m-20-master-c-stand-med-t-28o
8583628456276	kupo-ct-20mb-20-master-c-stand-med-k4a
8583628521812	kupo-ct-20mb-tube-c-stand-hjdsjuste-9ll
8583628554580	kupo-ct-20mk-20-master-c-stand-med-sob
8583628587348	kupo-ct-20m-tube-c-stand-riser-colu-n5l
8583628816724	kupo-ct-30m-kompakt-turtle-base-sil-9cb
8583628882260	kupo-ct-30mb-compact-turtle-base-sv-ms7
8583628947796	kupo-ct-30mb-rrfrlngningsstng-svart-ppe
8583628980564	kupo-ct-30mkb-30-c-stand-med-turtle-dqz
8583629046100	kupo-ct-30m-silverfrgad-frlngningss-x8h
8583629111636	kupo-ct-40m-40-master-c-stand-med-t-jbk
8583629209940	kupo-ct-40mb-40-master-c-stand-med-w5s
8583629308244	kupo-ct-40mk-40-master-c-stand-med-5rg
8583629406548	kupo-ct-40m-tube-c-stand-riser-colu-ozs
8583629537620	kupo-ct-bs-skldpaddsbas-silver
8583629603156	kupo-ct-sbs-kompakt-turtle-base-sil-5j1
8583629766996	kupo-kab-001-apple-box-pancake-20-x-2dq
8583629898068	kupo-kab-002-apple-box-kvart-20-x-1-u8i
8583630094676	kupo-kab-004-apple-box-halv-20-x-12-wdj
8583630258516	kupo-kab-008-fullstor-apple-box-20-zuj
8583630422356	kupo-kab-008-bst-brunmlad-apple-box-ls6
8583630782804	kupo-kab-013-kameraassistent-frontl-p38
8583630881108	kupo-kab-015-apple-box-set
8583631176020	kupo-kab-023-sitsdyna-fr-apple-box-0w3
8583631438164	kupo-kab-41k-4-i-1-sats-med-apple-b-7hf
8583631536468	kupo-kc-080r-75mm-caster-med-broms-pbm
8583631667540	kupo-kc-080s-75mm-hjul-med-broms-22-9yj
8583631700308	kupo-kc-100-100mm-hjul-med-broms-m1-dam
8583631798612	kupo-kc-100g-100mm-hjul-med-broms-o-lc9
8583632093524	kupo-kc-100m-100mm-hjul-med-broms-2-zcu
8583632224596	kupo-ks215s-8-215mm-hjul-med-broms-y7c
8583632519508	kupo-kcp-100b-tv-junior-c-klmma-med-qyo
8583632716116	kupo-kcp-101-max-arm-med-justerbart-kgr
8583633076564	kupo-kcp-102r-vision-arm-med-avtagb-lad
8583634616660	kupo-kcp-350b-mini-alli-clamp-svart-jh3
8583634714964	kupo-kcp-354-bk-4-tums-stlfjder-a-k-eiz
8583634813268	kupo-kcp-356-bk-6-tum-stl-fjderklmm-oqv
8583635009876	kupo-kcp-359-bk-9-tum-stl-fjderklmm-nbh
8583636025684	kupo-kcp-410-58-svngbart-super-grep-lrf
8583636943188	kupo-kcp-411-offset-kvinnlig-baby-m-2o3
8583637795156	kupo-kcp-412-58-svngbart-super-grip-h3u
8583638352212	kupo-kcp-413-kino-flo-fluorescent-l-bxc
8583639400788	kupo-kcp-414-super-grip-finger-med-pjv
8583640056148	kupo-kcp-419-super-grip-kulhuvud
8583640482132	kupo-kcp-450-4-12-grip-head-med-jun-0mt
8583640875348	kupo-kcp-600-4-super-viser-clamp
8583641235796	kupo-kcp-601-9-super-viser-clamp
8583641530708	kupo-kcp-602-super-viser-clamp-med-5dp
8583641760084	kupo-kcp-604-4-tums-super-viser-cla-6ba
8583642186068	kupo-kcp-605-6-kedjeklmma-med-dubbl-bch
8583642349908	kupo-kcp-607-9in-super-viser-clamp-cnf
8583642382676	kupo-kcp-610-foamcore-gaffel-med-ba-7nk
8583642480980	kupo-kcp-612-rr-boom-rig-kit
8583642710356	kupo-kcp-621b-aluminium-baby-boom-m-z06
8583643038036	kupo-kcp-640m-baby-boom-stl
8583643267412	kupo-kcp-641b-aluminium-baby-boom
8583644610900	kupo-kh-06-6ft-x-6ft-fjrilsram-kit
8583644709204	kupo-kh-08-8ft-x-8ft-butterfly-fram-1vk
8583644807508	kupo-kh-12-12ft-x-12ft-butterfly-ra-3qz
8583644905812	kupo-kh-20-20ft-x-20ft-butterfly-ra-xfj
8583645233492	kupo-kh-55xlb-ku-hand-grip-handskar-gr7
8583645331796	kupo-kh-b1824-tr-cucoloris-cookie-p-qkz
8583645495636	kupo-kh-b2436-tr-cucoloris-cookie-p-pj2
8583645593940	kupo-kh-c1824-tr-cucoloris-cookie-b-bie
8583645659476	kupo-kh-c2436-tr-cucoloris-cookie-b-79f
8583645921620	kupo-kp-ds01-bakgrundspappersdrivse-lrz
8583645987156	kupo-kp-ks01-enkelkrokset-fr-bakgru-vgl
8583646150996	kupo-kp-ks02-trippelkrokset-med-kup-56z
8583646216532	kupo-kp-ks03w-vit-plastkedja-35m-11-rrr
8583646380372	kupo-kp-ks04-vikt-fr-drivkedja-till-0os
8583646478676	kupo-kp-ks05-baby-stand-adapter-fr-pjv
8583646576980	kupo-kp-l2137bd-kupole-utvidgbar-fr-98v
8583646675284	kupo-kp-m1527pd-kupole-utvidgas-frn-6a7
8583646806356	kupo-kp-x245p-aluminiumskrna-fr-sml-bu8
8583647002964	kupo-ks-003-baby-58-snap-in-pin
8583647134036	kupo-ks-007-gngad-sockel-m10-x-30
8583647363412	kupo-ks-014-hex-stud-med-38-16-hane-3x7
8583647494484	kupo-ks-014r-rund-stud-med-38-16-ha-2pv
8583647691092	kupo-ks-017-universal-58-16mm-stud-9oc
8583647887700	kupo-ks-017sb-universal-58-16mm-stu-un0
8583648215380	kupo-ks-023-monteringsplatta-med-38-r7a
8583648280916	kupo-ks-023h-hex-monteringsplatta-3-nqe
8583648444756	kupo-ks-024-monteringsplatta-med-14-m5j
8583648608596	kupo-ks-025-hex-stud-fr-kamera-38-1-uh4
8583648772436	kupo-ks-026-kamera-hex-stud-14-20-m-4bv
8583648969044	kupo-ks-027-58-manlig-adapter-m10-fkk
8583649001812	kupo-ks-030-28mm-stlspigot-med-m10-ec7
8583649165652	kupo-ks-031-snap-in-hger-vinkel-pin-0wn
8583649263956	kupo-ks-032-28mm-stlspigot-med-m12-hfk
8583649296724	kupo-ks-034-28mm-stlspigot-med-m10-8di
8583649460564	kupo-ks-038-hex-adapter
8583649526100	kupo-ks-0412bk-stativbensskydd-set-hur
8583649624404	kupo-ks-0412bl-stativbensskydd-set-7l3
8583649689940	kupo-ks-0412og-stativbensskydd-set-uyy
8583649788244	kupo-ks-0412pk-stativbensskydd-set-7rt
8583649853780	kupo-ks-0412r-stativbensskydd-set-o-48b
8583649984852	kupo-ks-043-hger-vinkel-baby-vggpla-26h
8583650148692	kupo-ks-044-9in-baby-platta
8583650246996	kupo-ks-045-6-tums-baby-platta
8583650279764	kupo-ks-047-baby-mottagare-vggplatt-xfl
8583650378068	kupo-ks-048-junior-vggplatta-med-ju-bn5
8583650509140	kupo-ks-049r-skrapa
8583650574676	kupo-ks-052-adapter-38-16-hona-till-8zh
8583650771284	kupo-ks-053-adapter-set-38-16-femal-mz4
8583650869588	kupo-ks-054-adapter-med-38-16-hane-g2n
8583650935124	kupo-ks-057-offset-baby-vggplatta
8583651033428	kupo-ks-060-mottagare-58-16mm-med-1-y20
8583651164500	kupo-ks-061-14-20-d-ring-skruvar-se-z9n
8583651295572	kupo-ks-062-58-mottagare-med-38-16-rzc
8583651492180	kupo-ks-064-kvinnlig-14-20-till-man-bim
8583651819860	kupo-ks-065-metall-snabbfste-gopro-dnn
8583652770132	kupo-ks-069-metall-gopro-stativfste-9qt
8583653163348	kupo-ks-070-dubbel-kvinnlig-adapter-931
8583653622100	kupo-ks-071-dubbel-baby-mottagare-a-t1c
8583654179156	kupo-ks-073-manlig-adapterstift-58-5rb
8583654605140	kupo-ks-074-lng-dubbel-stud-58
8583654900052	kupo-ks-075-adapterstift-till-38-16-yt8
8583654965588	kupo-ks-076-58-16mm-stud-med-14-20-um0
8583655686484	kupo-ks-077-35in-lng-58-baby-stud-m-7m7
8583656407380	kupo-ks-078-35in-lng-58-baby-stud-m-ybp
8583656669524	kupo-ks-085-snabbkopplingsadapter-s-8bz
8583657357652	kupo-ks-088-monitorarm-med-hex-baby-adg
8583658144084	kupo-ks-091-baby-58-16mm-stud-425-l-6v2
8583658504532	kupo-ks-096-58-stud-med-38-16-kvinn-jw7
8583660405076	kupo-ks-136-gopro-tripod-mount-med-yed
8583660601684	kupo-ks-137-gopro-stativfste-med-58-3sw
8583660699988	kupo-ks-138-konverteringsadapter-1-g8u
8583660863828	kupo-ks-139-mikrofonstativsadapter-obo
8583661027668	kupo-ks-142-14-d-ring-kamera-monter-sb3
8583661224276	kupo-ks-143-kallskomount-med-14-gng-1kf
8583661355348	kupo-ks-144-58-baby-mottagare-till-3i0
8583661388116	kupo-ks-145-baby-cheater-vggplatta
8583661617492	kupo-ks-146-hger-vinkel-baby-adapte-mly
8583661814100	kupo-ks-147-baby-mottagare-till-che-vb8
8583661912404	kupo-ks-148-3-vgs-baby-adapter
8583662141780	kupo-ks-150-38-16-kamera-skruv
8583662436692	kupo-ks-154-freefly-toad-hane-fste
8583662600532	kupo-ks-164b-panel-offset-arm
8583662764372	kupo-ks-168bl-6x8in-kamera-t-marker-7rp
8583662797140	kupo-ks-168p-6x8in-kamera-t-marker-alv
8583663059284	kupo-ks-195-frlngningsarm-6-tum-med-8kn
8583663288660	kupo-ks-200-junior-till-baby-adapte-shv
8583663518036	kupo-ks-201-junior-baby-adapter
8583663583572	kupo-ks-229-monitorfstplatta-med-ba-6xi
8583663780180	kupo-ks-303b-tethermate-large-fr-ma-2dw
8583664009556	kupo-ks-308-monitorarm-med-baby-mot-p51
8583664075092	kupo-ks-312b-tethermate-small-fr-ma-czx
8583664501076	kupo-ks-406-super-knuckle-hex-stud-ic4
8583664697684	kupo-ks-408-super-knuckle-vesa-moni-5sj
8583664861524	kupo-ks-410-super-knuckle-universel-5cn
8583665090900	kupo-ks-415-super-knuckle-ball-med-p88
8583667122516	kupo-ksw-10-wrap-go-shot-bag-46kg-z36
8583667220820	kupo-kt-1824fbd-18x-24-full-frame-f-qx1
8583667548500	kupo-kt-1824k-18x-24-ppna-ndflaggss-jnr
8583667777876	kupo-kt-2436fbd-24x-36-full-frame-f-gvn
8583668171092	kupo-kt-2436k-24x-36-ppen-flaggkit-ybv
8583668564308	kupo-kt-2436odbb-24x-36-ppen-flaggr-8da
8583668793684	kupo-kt-2436osbb-24x-36-ppen-ndflag-8h6
8583669023060	kupo-kt-2436ow-24x-36-ppen-ndflaggs-fiu
8583669285204	kupo-sw-01-skerhetstrd-75cm-35mm-di-4o2
8583669514580	kupo-sw-03-skerhetstrd-100-cm-lng-5-a4o
8583669842260	kupo-ws-140-wingnut-multi-spanner
8583670628692	kupo-ks-046-3in-baby-platta
8583671185748	kupo-ct-bsb-skldpaddsbas-svart
8583672758612	kupo-484-tungt-wind-up-stativ-med-l-yuo
8583673217364	kupo-ct-30mk-30-c-stand-med-turtle-1td
8583674626388	kupo-cs-30mkb-30-master-c-stand-med-u34
8583677411668	kupo-ks-090-tv-till-filmadapter
8583677739348	kupo-ks-153-38-16-1413-kamera-skruv-tmo
8583678034260	kupo-ks-162-3-vgs-monteringsadapter-xw4
8583678067028	kupo-ks-163-rund-platta-med-38-16-k-09h
8583678263636	kupo-ks-165-kameraskruv-14-20-14x17-31e
8583678493012	kupo-ks-167-14-20-kamera-skruv-med-vxi
8583678624084	kupo-ks-170-skruvknopp-38-16x18mm-m-geq
8583678689620	kupo-ks-171-hex-socket-cap-screw-se-rr5
8583678787924	kupo-ks-176-hexagon-nylonlsmutter-s-7kj
8583679410516	kupo-ks-177-set-med-5-hexagon-nylon-c8w
8583680098644	kupo-ks-183-14m-m10-38m-gngad-skruv-iq3
8583680262484	kupo-ks-235-hgtalaradapter
8583680491860	kupo-ks-252-steadicam-sled-dockning-1i3
8583681966420	kupo-ks-255-vsthllare
8583683211604	kupo-ks-283-d-formade-aluminiumkarb-6ib
8583684325716	kupo-ks-286-58-16mm-baby-pin-med-tr-jq9
8583684784468	kupo-ks-341-14-20-manlig-gnga-fr-ro-4jw
8583685275988	kupo-ks-342-38-16-manlig-gnga-fr-ro-gky
8583686095188	kupo-ks-343-14-manlig-twist-to-lock-75y
8583686881620	kupo-ks-344-twist-to-lock-skruv-38-ef8
8583687700820	kupo-ks-346-58-16mm-baby-pin-fr-roc-4l0
8583688388948	kupo-ks-347-58-16mm-hex-stud-fr-kcp-frb
8583688946004	kupo-ks-403-kulled-med-14-20-fr-sup-8ul
8583689175380	kupo-ks-417-super-knuckle-bollhuvud-6xv
8583689503060	kupo-ks-421-tabletthllare-med-kulle-ipn
8583689568596	kupo-ks-474-3-dubbeluttagsarm-med-k-k3k
8583690125652	kupo-ks-570-tabletthllare-med-baby-vtr
8583690486100	kupo-ks-575-aluminium-tabletthllare-c94
8583690682708	kupo-ks-710-sidmonteringsfste
8583690813780	kupo-ks-712-regnskydd-fr-arri-wcu4
8583691075924	kupo-ksb-161-vska-fr-161mb-slider-s-dlh
8583691108692	kupo-ksf-30-shot-bag-136kg
8583691600212	kupo-mh-004-universellt-aluminium-s-nyt
8583691731284	kupo-sw-02-skerhetstrd-70-cm-lng-20-oat
8583691895124	kupo-sw-04-skerhetstrd-75cm-lng-32m-4v3
8583692026196	kupo-kcp-906-burgerkopplare-med-16m-zcg
8583692157268	kupo-483sh-kort-3-sektions-wind-up-uxc
8583692321108	kupo-482t-2-sektioners-wind-up-stat-xvu
8583692616020	kupo-ks-1010m-mitchell-osttallrik-1-yjo
8583693107540	kupo-ks-396-super-knuckle-shell-med-ws5
8583693664596	kupo-ks-399-super-knuckle-6-dubbelu-g3w
8583694385492	kupo-ks-412-super-knuckle-fyrkantig-h9p
8583695401300	kupo-ks-161-universellt-sprnda
8583695728980	kupo-khs-c112-fogrrsadapter
8583696253268	kupo-gt-2540bk-gaffer-tape-hllare-m-uub
8583696548180	kupo-kgc-030-combo-stand-grip-vagn
8583696843092	kupo-kgc-020-delux-c-stand-grip-car-2vp
8583697891668	kupo-elastisk-kabelbindare-5-10st-b-rz0
8583698809172	kupo-kcp-648-junior-boom-arm
8583699792212	kupo-351-mighty-runway-basstativ
8583700709716	kupo-kab-61k-apple-box-6-i-1-nestin-mp1
8583700906324	kupo-ks-366-gummibelagd-magnet-med-efb
8583701037396	kupo-195-baby-kit-stativ
8583701594452	kupo-kcb-3024-klappbrda-30x24-cm
8583701823828	kupo-kd-b001-vattenpassrrklmma-40-4-xqp
8583701922132	kupo-kcp-831b-half-coupler-passar-f-ji2
8583702118740	kupo-kcp-741-super-convi-clamp-med-xaw
8583702249812	kupo-kcp-401-t12-lampklips-set-om-2-nmu
8583702446420	kupo-ks-202b-dubbelndad-spigot-juni-a60
8583702970708	kupo-ks-207-svngbart-junior-mottaga-w2t
8583703069012	kupo-ks-470-super-knuckle-med-hex-b-5aj
8583703331156	kupo-ksb-011-radio-brstpackning
8583703560532	kupo-kd-c50p-kupole-takadapter
8583703822676	kupo-kcb-1514-klappbrda-15x14-cm
8583703986516	kupo-kcp-847-fatledsfrbindare
8583704183124	kupo-kcp-857-mktig-svngkoppling
8583704215892	kupo-kcp-834-koppling-med-28mm-juni-xtq
8583704281428	kupo-kcp-834-koppling-med-28mm-juni-n9b
8583704478036	kupo-ks-640-amaran-p60c-yoke
8583705395540	kupo-ks-254-steadicam-dockningsfste-tm9
8583706837332	kupo-kcp-150-svngbart-rr-c-klmma
8583707590996	kupo-c-26-titanklmma-med-16mm-baby-sa3
8583708442964	kupo-kcp-680b-grip-hjlpare
8583709262164	kupo-ks-190-fjderbelastad-glidarm
8583710081364	kupo-ks-004-m10-x-30-stud
8583710310740	kupo-ks-020b-kompakt-aluminium-snap-3dn
8583712538964	kupo-080ac-midi-click-light-stand-3-3s8
8583712637268	kupo-kcp-629b-alu-baby-handhllna-bo-p0f
8583712899412	kupo-kcp-440-45-grepphuvud-med-juni-s7z
8583715357012	kupo-120m-junior-stand-frlngning
8583715455316	kupo-145m-heavy-duty-baby-stand
8583716503892	kupo-160mb-360-sfrisk-kamera-stativ-tnd
8583716733268	kupo-169m-master-classic-stand
8583716995412	kupo-175m-master-shorty-stativ
8583717192020	kupo-194-midi-baby-kit-stand
8583717421396	kupo-228-master-combo-stand-silver-71i
8583717716308	kupo-228mb-master-combo-stand-med-h-4sv
8583718011220	kupo-310mb-lgt-mighty-stand-svart-0gt
8583718273364	kupo-320m-baby-roller-stand
8583718437204	kupo-330m-senior-roller-stand
8583718601044	kupo-360m-aluminium-studio-stativ
8583718830420	kupo-380m-stl-studio-stativ
8583719059796	kupo-382m-2sct-lgbas-wind-up-stativ-254
8583719289172	kupo-470-fljstrlestativ
8583719387476	kupo-470b-followspot-stand-svart
8583719682388	kupo-473b-hgt-stativ-svart
8583719944532	kupo-481-2-sektions-wind-up-fljespo-av6
8583720272212	kupo-653mr-stlseniorstativ
8583720796500	kupo-744-jumbo-stand-4-sektioner
8583720862036	kupo-bf40-4-ft-kvadratiskt-rr-fr-bu-pco
8583720960340	kupo-bf45-4-ft-kvadratiskt-rr-fr-ma-435
8583721058644	kupo-bf60-6-kvadratisk-rr-hona-fr-b-jne
8583721255252	kupo-bf65-6-kvadratisk-rr-man-fr-fj-zjc
8583721517396	kupo-cs-20m-master-20-c-stativ-med-r7r
8583721779540	kupo-cs-20mb-master-20-c-stand-med-bd3
8583722107220	kupo-cs-20mk-20-c-stand-med-glidand-96q
8583722369364	kupo-cs-20mkb-20-c-stand-med-glidan-mmn
8583722697044	kupo-cs-40mkb-40-c-stativ-med-glida-kqx
8583722926420	kupo-ez0810-kamera-usb-portskydd
8583722991956	kupo-ez-tie-kabel-2cm-x-41cm-svart-9ex
8583723024724	kupo-ez-tie-kabelgrepp-2cm-x-41cm-b-50u
8583723057492	kupo-ez-tie-cable-grip-2cm-x-41cm-r-6my
8583723090260	kupo-ez-tie-cable-grip-2cm-x-41cm-v-kzm
8583723123028	kupo-ez-tie-cable-grip-5cm-x-60cm-s-7cv
8583723188564	kupo-ez-tie-cable-grip-5cm-x-60cm-b-oin
8583723221332	kupo-ez-tie-kabelgrepp-5cm-x-60cm-r-x4h
8583723254100	kupo-ez-tie-kabelgrepp-5cm-x-60cm-v-pm6
8583723319636	kupo-ez-tie-kabelgrepp-5cm-x-60cm-g-4eg
8583723352404	kupo-fc15a-hrn-fr-butterfly-ram
8583723385172	kupo-fc15b-hrn-med-mutter-fr-butter-nhd
8583723483476	kupo-fc30-3-vgs-ramhrn-fr-30mm-kvad-kw1
8583723549012	kupo-fc40-t-ramhrn-fr-30mm-kvadrati-pbh
8583723614548	kupo-fh10-ramstd-fr-butterfly-ram
8583723647316	kupo-fh20-ramstd-med-rr-fr-butterfl-ap8
8583723909460	kupo-fh30-snabbutlsande-stdram-fr-b-4t6
8583723942228	kupo-fh32-snabbfste-ramstd-dubbel-r-s6k
8583724040532	kupo-fh35-c-boom-klmma-fr-32mm35mm-k6h
8583724073300	kupo-glove-strap-med-alligator-clip-dfz
8583724171604	kupo-glove-strap-med-alligator-clip-z70
8583724466516	kupo-gt-2540bn-gaffers-tape-holder-ool
8583724794196	kupo-kab-018-oktogon-hi-hat-trplatt-xgn
8583725547860	kupo-kab-020-kameravagga
8583726956884	kupo-kab-128-lsbar-skjutbar-tckning-va4
8583727055188	kupo-kcp-101cb-max-arm-med-kamerast-tfk
8583727087956	kupo-kcp-101k-max-arm-kit-inklusive-4ef
8583727284564	kupo-wheel-handle-max-arm-med-snabb-d1w
8583727546708	kupo-kcp-104-universal-smartphone-h-7kq
8583727841620	kupo-kcp-114-4-c-type-clamp-med-bab-cdd
8583728431444	kupo-kcp-116-10-c-type-med-baby-stu-3hg
8583728955732	kupo-kcp-117-4-c-type-clamp-med-trd-l9v
8583729480020	kupo-kcp-129-avtagbar-heavy-duty-c-k4f
8583730266452	kupo-kcp-141-c-klmma-med-1-14-rrhll-04p
8583731347796	kupo-kcp-144-teleskopisk-driftsstng-dhe
8583733117268	kupo-kcp-151-ratcheting-jaw-c-clamp-vuw
8583733674324	kupo-kcp-170-hybridhuvud
8583734100308	kupo-kcp-172-mini-articulerad-arm-e-5fv
8583734493524	kupo-kcp-173-mini-articulated-arm-d-mxm
8583735509332	kupo-kcp-190-19-gag-grip-huvud-fr-5-e7w
8583736131924	kupo-kcp-192-u-grip-huvud-19
8583736197460	kupo-kcp-193-u-grip-head-med-enkel-7m6
8583736426836	kupo-kcp-194-58-lsbar-svngbar-stngk-c1m
8583736820052	kupo-kcp-195-5816mm-rod-clamp-med-5-0nr
8583736951124	kupo-kcp-196-multi-58-mottagarkonta-ctx
8583737213268	kupo-kcp-198-dubbelt-multio-58-mott-470
8583737344340	kupo-kcp-206-teleskopiskt-driftsstn-1m5
8583737704788	kupo-kcp-215-grip-arm-support
8583738065236	kupo-kcp-216-boom-arm-support
8583738130772	kupo-kcp-210-grip-head-med-fast-bab-lde
8583738261844	kupo-kcp-225b-2-12-grip-head-fr-25m-y0p
8583738327380	kupo-kcp-230-griphead-med-svngbart-1hu
8583738425684	kupo-kcp-235-pivoting-light-stand-b-f7m
8583738851668	kupo-kcp-246-super-grip-arm
8583738982740	kupo-kcp-252-rrmonteringskoppling-d-a13
8583740916052	kupo-kcp-360b-alli-clamp-svart
8583741309268	kupo-kcp-360-alli-clamp-silver
8583741538644	kupo-kcp-384-led-ljusrrsklmma-3842m-40s
8583741833556	kupo-kcp-386-led-rrljusklmma-3842mm-g0b
8583742488916	kupo-kcp-387-universell-enkel-led-r-5ep
8583743144276	kupo-kcp-388-universal-enkel-led-rr-lzk
8583743504724	kupo-kcp-390-off-kamera-blixtklmma-itv
8583744848212	kupo-kcp-402-twist-lock-monteringsp-bx0
8583745110356	kupo-kcp-409-super-grip-finger-med-jre
8583745438036	kupo-kcp-415-offset-monteringsplatt-od5
8583746060628	kupo-kcp-416-twist-lock-bakmonterin-2vh
8583746617684	kupo-kcp-417-svngbart-monteringspla-tlt
8583746978132	kupo-kcp-418-twist-lock-bakmonterin-frk
8583747600724	kupo-kcp-421-monteringsplatta-med-s-bzi
8583748419924	kupo-kcp-433-super-riser
8583748747604	kupo-kcp-614-justerbar-poly-hllare
8583748878676	kupo-kcp-616-duck-bull-klmma
8583748911444	kupo-kcp-620p-petite-clamp-fr-16mm-mwn
8583749370196	kupo-kcp-630-junior-drop-down
8583749534036	kupo-kcp-631-baby-drop-down-pin
8583749697876	kupo-kcp-632-coupler-junior-drop-do-igq
8583749796180	kupo-kcp-645-svngbar-bomarmsklmma
8583749992788	kupo-kcp-646-tungt-lutningshuvud-me-zer
8583750156628	kupo-kcp-651-2-koppling-med-kameraf-mr7
8583750254932	kupo-kcp-652-2-koppling-med-14cm-ln-pm8
8583750615380	kupo-kcp-656-2-koppling-med-heavy-d-bbm
8583750779220	kupo-kcp-664b-mini-super-viser-clam-vb1
8583751008596	kupo-kcp-700-lds-l-formad-tiny-clam-6v0
8583751139668	kupo-kcp-703-scenklmma-med-16mm-stu-5hv
8583751172436	kupo-kcp-704-scenklmma-med-28mm-sti-mxu
8583751237972	kupo-kcp-705-scenklmma-med-28mm-soc-pds
8583751336276	kupo-kcp-712tsa-teleskopisk-adapter-dsu
8583751467348	kupo-kcp-712tsk-teleskopisk-vggspre-fwg
8583751631188	kupo-kcp-714-vggutbredare-set-fr-rr-yfc
8583751729492	kupo-kcp-714tsa-teleskopisk-adapter-krz
8583751795028	kupo-kcp-714tsk-teleskopisk-vggspre-hwt
8583751926100	kupo-kcp-715p-toothy-convi-clamp-me-wwf
8583752253780	kupo-kcp-724-vggutbredare
8583753204052	kupo-kcp-730ar-pan-bar-clamp-till-a-22d
8583753531732	kupo-kcp-734b-super-claw-kulkopf
8583754088788	kupo-kcp-735-kikareklmma
8583755137364	kupo-kcp-736b-super-convi-klmma-med-odv
8583756120404	kupo-kcp-739-super-convi-clamp-med-p9u
8583757168980	kupo-kcp-740-super-convi-clamp-med-apr
8583761854804	kupo-kp-ks03o-plastkedja-35m-l-oran-ufh
8583761953108	kupo-kp-ks03mt-metallkedja-med-kedj-mc5
8583762149716	kupo-kp-ks06-14-20-gnga-38-stud-fr-jmw
8583762182484	kupo-kp-s1017bd-kupole-svart-utstrc-pzw
8583762280788	kupo-kp-s1017pd-kupole-frlngning-fr-62j
8583762444628	kupo-kp-sp01-vit-gummipad
8583762608468	kupo-kp-sp02-vit-topp-gummiskydd
8583762805076	kupo-kp-sp03-vit-botten-gummiskydd
8583762936148	kupo-kp-sp04-svart-toppgummiskydd
8583763099988	kupo-kp-sp05-svart-botten-gummiskyd-ma8
8583763296596	kupo-kp-x15b-frlngningsrr-15m-svart-poa
8583763460436	kupo-kp-x15p-frlngningsrr-15m-silve-wit
8583763493204	kupo-kp-x20b-frlngningsrr-20m-svart-97l
8583763558740	kupo-kp-x20p-frlngningsrr-20m-silve-3la
8583763755348	kupo-ks-001-38-snap-in-pin
8583763951956	kupo-ks-002-12-snap-in-pin
8583764541780	kupo-ks-006-m12-x-35-gngad-sockel
8583764672852	kupo-ks-008-kopplingsstiftsvngbar
8583764902228	kupo-ks-009-150mm-frlngning
8583765164372	kupo-ks-010-frskjuten-arm
8583765459284	kupo-ks-011-kvadratisk-monteringspl-yfh
8583765950804	kupo-ks-012-svngbar-u-krok
8583766147412	kupo-ks-013-dia-17m-spigot-med-bric-aec
8583766442324	kupo-ks-013f-17mm-spigot-krombelagd-4oz
8583766704468	kupo-ks-013fs-17mm-spigot-krombelag-54h
8583767097684	kupo-ks-016-9045-freningsstud
8583767884116	kupo-ks-019-svngbar-frlngningsarm-m-btn
8583768408404	kupo-ks-020-58-kompakt-alu-snap-in-nz6
8583768506708	kupo-ks-033-5-grepparm-pin
8583768801620	kupo-ks-034-t-28mm-stud-med-12-13-g-t90
8583769391444	kupo-ks-037-16mm-hane-adapter-38
8583770014036	kupo-ks-038dr-dot-mottagare
8583770833236	kupo-ks-039-justerbart-kallskofste
8583771291988	kupo-ks-040-28mm-pin-med-m10-gnga-p-blp
8583771717972	kupo-ks-041-hot-shoe-adapter-38-14-li8
8583771881812	kupo-ks-042-28mm-pin-med-m12-gnga-p-lx2
8583771980116	kupo-ks-050-flagghllare
8583772176724	kupo-ks-052st-rostfritt-stl-hona-gn-xfc
8583772275028	kupo-ks-055-junior-multi-header
8583772569940	kupo-ks-056-6-lantern-t-bar
8583772602708	kupo-ks-058-baby-offset-arm
8583772701012	kupo-ks-059-junior-offset-arm
8583772864852	kupo-ks-066-baby-triple-header
8583773094228	kupo-ks-079-baby-light-adapter-fr-e-8hn
8583773126996	kupo-ks-080-bollrace-m10-stud
8583773192532	kupo-ks-081-snabbkopplingsadapter-1-a8a
8583773323604	kupo-ks-082-kullager-m12-stud
8583773487444	kupo-ks-083-snabbkopplingsadapter-1-7xm
8583773585748	kupo-ks-084-snabbfstningsadapter-14-on0
8583773684052	kupo-ks-086-snabbfste-adapter-58-me-oxl
8583773913428	kupo-ks-087-snabbkopplingsadapter-5-1hl
8583774011732	kupo-ks-092-58-hane-adapter-fr-4-vg-xzd
8583774110036	kupo-ks-093-58-kvinnlig-adapter-fr-j09
8583774273876	kupo-ks-094-snap-in-hger-vinkel-pin-efc
8583774372180	kupo-ks-095-u-krok-fr-3-vgs-4-vgs-k-4im
8583774536020	kupo-ks-097lb-baby-ballhead-adapter-xwh
8583774863700	kupo-ks-099-fste-med-hex-stud-fr-va-kju
8583775060308	kupo-ks-100-bagua-multiflash-fste
8583775420756	kupo-ks-100ea-frlngningsblixtadapte-rf7
8583775682900	kupo-ks-101-paraply-vridbart-fste
8583777878356	kupo-ks-101rp-rolypoly-balanserad-p-q3o
8583778271572	kupo-ks-102-svngbar-paraplyadapter
8583778599252	kupo-ks-104-mngsidig-svngbar-adapte-fmb
8583779156308	kupo-ks-105-mngsidig-sviveladapter-9sn
8583779746132	kupo-ks-107-avtagbar-anti-spin-58-1-0ie
8583780172116	kupo-ks-109-fllbart-blixtfste-med-e-res
8583780467028	kupo-ks-111-adapter-5816mm-fr-38-vik
8583781122388	kupo-ks-113-17mm-spigot-med-14-20-h-vs3
8583781351764	kupo-ks-116-baby-receiver-med-14-20-2ri
8583781613908	kupo-ks-117-baby-mottagare-med-14-2-k1k
8583782007124	kupo-ks-118b-stativhngare-svart
8583782269268	kupo-ks-118bt-stativhngare-fr-lttvi-xt4
8583782531412	kupo-ks-118bg-stativhngare-fr-tunga-8ad
8583782728020	kupo-ks-118bv-stativhngare-fr-mediu-4h5
8583782957396	kupo-ks-121-12-tums-china-ball-fste-qef
8583783022932	kupo-ks-121pl-12-tums-papperslykta-98p
8583783088468	kupo-ks-123-adapter-38-14
8583783219540	kupo-ks-125-plast-lob-knopp-med-gum-ahx
8583783481684	kupo-ks-126-baby-socket-58-med-knob-2un
8583783743828	kupo-ks-130-hex-adapter-med-38-16f-srh
8583783907668	kupo-ks-131-gopro-stativfste-med-1-632
8583784038740	kupo-ks-135-d-ring-skruvar-14-20-8m-n94
8583784137044	kupo-ks-140-adapter-med-kallsko-fr-8fr
8583784202580	kupo-ks-141-14-hane-till-14-hon-skr-c0x
8583784268116	kupo-ks-151-dubbelknopp-16-till-17m-euo
8583784431956	kupo-ks-152-profoto-stand-adapter-p-f15
8583784530260	kupo-ks-155-gla-bult-3-16x-14mm
8583784726868	kupo-ks-155l-ringbult-38-16-x-20mm-d4w
8583784890708	kupo-ks-156-roterbar-ringbult-38-16-cwg
8583785251156	kupo-ks-157-snabbfste-frog-ls-karbi-mv4
8583785349460	kupo-ks-158b-baby-justerbart-offset-3vn
8583785546068	kupo-ks-159b-junior-justerbar-offse-04v
8583785709908	kupo-ks-160bk-korvformad-kameramark-bn7
8583785808212	kupo-ks-160g-korvformad-kameramarkr-4cs
8583785873748	kupo-ks-160p-korv-kamera-markerare-5k3
8583785972052	kupo-ks-160r-korvformad-kameramarkr-vic
8583786037588	kupo-ks-160bl-korvformad-kameramark-olx
8583786135892	kupo-ks-160w-korvformad-kameramarkr-y2r
8583786201428	kupo-ks-160y-korvformad-kameramarkr-dhr
8583786430804	kupo-ks-166-rrspinnande-gag-fr-5816-xdj
8583786561876	kupo-ks-168p-kamera-t-marker-6x-8-l-18o
8583786692948	kupo-ks-168bl-kamera-t-marker-6x-8-iyq
8583786791252	kupo-ks-168w-kamera-t-mrke-6x-8-vit-xn6
8583786889556	kupo-ks-168y-kamera-t-markerare-6x-qlr
8583787741524	kupo-ks-169-skerhetsnl-av-fjdertyp-w8o
8583788265812	kupo-ks-172-skruvset-38-1614-20-p1h
8583788986708	kupo-ks-173-set-screw-14-20
8583789543764	kupo-ks-174-skruvset-38-16
8583790100820	kupo-ks-175-skruv-mutter-14-20
8583790461268	kupo-ks-178-rostfritt-stlskruvset-3-lig
8583790526804	kupo-ks-180-hex-flat-head-screwnut-d3u
8583790821716	kupo-ks-181-18-china-ball-bracket-m-q4p
8583791116628	kupo-ks-181pl-18-papperslykta-set-o-syn
8583791477076	kupo-ks-182-18-kina-bollfste-med-e2-1zz
8583792525652	kupo-ks-184-rostfritt-stl-flat-huvu-pgw
8583793377620	kupo-ks-185-kamera-handledsrem-med-xhg
8583794098516	kupo-ks-186-rostfritt-stlrunt-baby-6ln
8583794688340	kupo-ks-187-38-16-stl-hex-skruv-med-ko2
8583795016020	kupo-ks-188-datakabelankaradapter
8583795147092	kupo-ks-1901-rostfritt-stl-t-mutter-gbw
8583795310932	kupo-ks-1902-rostfritt-stl-t-mutter-zvr
8583795442004	kupo-ks-191-rostfritt-stlrr-16mm-10-4lf
8583795605844	kupo-ks-1912t-rostfritt-stl-t-mutte-q5j
8583795704148	kupo-ks-192-gla-med-aluminiumgjuten-hda
8583795835220	kupo-ks-193-slitsad-snkhuvudskruv-1-8ma
8583796195668	kupo-ks-1938t-rostfritt-stl-t-mutte-a0i
8583796359508	kupo-ks-194-slitsad-snkhuvudskruv-3-xvh
8583796588884	kupo-ks-196-slitsad-snkskruv-38-16-yff
8583796752724	kupo-ks-197-hex-socket-cap-screw-14-6pm
8583796916564	kupo-ks-198-hex-cap-bolt-nut-1-14t-6rt
8583797178708	kupo-ks-199-multifunktionellt-v-mou-9b1
8583797309780	kupo-ks-203-cucoloris-handtag
8583797637460	kupo-ks-205-sats-med-anslutningsklm-okr
8583797702996	kupo-ks-206-rund-platta-med-38-16-h-9sf
8583797899604	kupo-ks-208-rostfritt-stl-sexkantsb-gs7
8583798096212	kupo-ks-209-aluminium-t-knob-14-20-p0a
8583798128980	kupo-ks-210-balansjusteringsfste
8583798194516	kupo-ks-211-l-format-toppkrok-fr-te-p1h
8583798260052	kupo-ks-212-spigot-adapter-58m-till-ydm
8583798358356	kupo-ks-214-spigot-adapter-58-f-til-kwm
8583798653268	kupo-ks-215-stirrup-head-dia-50mm-t-0hs
8583798915412	kupo-ks-215b-bghuvud-dia-50mm-rr-sv-y0z
8583799505236	kupo-ks-216-2-dubbelkrok-stud
8583800717652	kupo-ks-220-aluminiumsratt-med-m6-k-iw0
8583800914260	kupo-ks-225-16mm-diameter-50cm-frln-6hv
8583802257748	kupo-ks-230-steadicam-stand-bricka
8583802487124	kupo-ks-231-snabbfstningsadapter-me-t2e
8583802683732	kupo-ks-232-snabbfste-adapter-med-p-nxx
8583803011412	kupo-ks-233-aluminium-t-knob-med-38-76e
8583804354900	kupo-ks-236-slpvagnskopplingsadapte-8bn
8583805894996	kupo-ks-237-easylink-easyrig-grodkl-ts9
8583806124372	kupo-ks-238-lglgefste-34-adapter-se-tpl
8583806189908	kupo-ks-239-58-stud-med-14-20m-gnga-4q8
8583806681428	kupo-ks-240-bilhuvudstdsfste
8583806943572	kupo-ks-241-kina-bollfste-24-med-e2-6rt
8583807271252	kupo-ks-241pl-24-papperslykta-set-o-ug7
8583807402324	kupo-ks-242-kina-ball-fste-24-med-e-un4
8583807500628	kupo-ks-244-speed-rail-shim-5138mm-2wh
8583807566164	kupo-ks-245-frlngningsstng-100cm-16-dw2
8583807828308	kupo-ks-248-dockningsfste-fr-easyri-yeb
8583808057684	kupo-ks-249-skerhetsfste-fr-easyrig-fqh
8583808418132	kupo-ks-250-paraplyhllare-fr-easyin-ztr
8583808876884	kupo-ks-251k-steadicam-hrd-monterin-rvh
8583809139028	kupo-ks-253-kolumnarm
8583809237332	kupo-ks-256-mitchell-cheese-plate-t-qc9
8583809663316	kupo-ks-257-kopplingspom-adapter
8583811891540	kupo-ks-277-rymdbelysningskjol-mont-pdd
8583812350292	kupo-ks-278-baby-adapter-med-cheese-3i7
8583812448596	kupo-ks-279-linchpin-set-set-om-5
8583812743508	kupo-ks-280-press-snap-clip-med-14-94s
8583812907348	kupo-ks-281-catch-release-clip-set-x7j
8583813136724	kupo-ks-282-frog-locking-carabiner-15g
8583813169492	kupo-ks-284k-sortimentssats-med-ins-bbx
8583813431636	kupo-ks-285-dubbelplatta-snabbfste-2lc
8583813595476	kupo-ks-288-rostfritt-stl-hexhuvuds-bnj
8583813693780	kupo-ks-289-38-16-x-58-rostfritt-st-e7i
8583813923156	kupo-ks-290-rostfritt-stlvingmutter-3se
8583814119764	kupo-ks-291-38-16-rostfritt-stl-vin-1w1
8583814185300	kupo-ks-292-m4-rfflad-axel-i-stl-tu-hov
8583814349140	kupo-ks-293-rostfritt-hex-flat-head-pv7
8583814447444	kupo-ks-294-rostfritt-stl-hex-socke-xwp
8583814480212	kupo-ks-295-m318mm-rostfritt-stl-he-3kg
8583814644052	kupo-ks-296-m616mm-rostfritt-stl-he-kdj
8583814807892	kupo-ks-297-m818mm-rostfritt-stl-he-s3l
8583814906196	kupo-ks-298-rostfritt-stl-hex-socke-xvm
8583815102804	kupo-ks-301b-aluminiumsbord-fr-lapt-fl3
8583815266644	kupo-ks-302-hrddiskhllare-fr-ks-300-aig
8583815627092	kupo-ks-304-halkskyddspad-fr-tether-2jx
8583815856468	kupo-ks-305b-tethermate-fr-imac
8583816872276	kupo-ks-306b-hrddiskhllare
8583817429332	kupo-ks-307-multifunktionsbricka
8583817724244	kupo-ks-309-musmatta
8583817953620	kupo-ks-310b-skrmsolskydd
8583818248532	kupo-ks-311b-sidobord-fr-mus
8583824212308	kupo-ks-363-stl-tumskruv-rfflat-huv-au3
8583824277844	kupo-ks-364-aluminium-tumskruv-m630-mhl
8583824343380	kupo-ks-365-rostfritt-stl-m625mm-to-77h
8583827292500	kupo-ks-528-gasfjderarm-med-5816mm-xdp
8583827325268	kupo-ks-529-adapter-fr-kcp-700-supe-1wz
8583827390804	kupo-ks-529c-adapter-med-coupker
8583827554644	kupo-ks-530-padmate-fr-ipad-air-2-a-y62
8583827652948	kupo-ks-540-justerbar-surfplattehll-0tx
8583827751252	kupo-ks-550-bordshllare-med-baby-mo-0gu
8583827849556	kupo-ks-580-imac-stativmonteringsad-8cf
8583828013396	kupo-ks-590-imac-truss-mount-clamp
8583828275540	kupo-ks-600b-tether-arm
8583828472148	kupo-ks-610-axelfrlngningsadapter
8583829193044	kupo-ks-612-30cm-oststng-monterings-n86
8583829455188	kupo-ks-614-45cm-cheese-monteringsp-0n5
8583829684564	kupo-ks-620-hrdmonterat-kvinnligt-b-vq4
8583830110548	kupo-ks-650-euro-mount-female-to-mi-zmf
8583830208852	kupo-ks-652-euro-mount-female-till-15i
8583831257428	kupo-ks-657-75mm-mitchell-till-bowl-vv2
8583831814484	kupo-ks-658-adapter-frn-100mm-mitch-koi
8583832699220	kupo-ks-659-adapter-frn-150mm-mitch-jg0
8583833157972	kupo-ks-660-elemack-starter
8583833485652	kupo-ks-660m-elemackeuro-starter-m1-lyn
8583833616724	kupo-ks-661m-dubbelndad-elemackeuro-w2a
8583834173780	kupo-ks-662-mitchell-till-elemack-a-n1y
8583834632532	kupo-ks-662m-mitchell-till-elemacke-ca9
8583835025748	kupo-ks-663-euro-mount-adapter-kvin-8ev
8583835091284	kupo-ks-664-adapter-fr-1-18-28mm-ju-pii
8583835287892	kupo-ks-664m-junior-pin-till-elemac-rmf
8583835517268	kupo-ks-665-adapter-fr-ostplatta-me-mao
8583835550036	kupo-ks-666-paddelmontering-euro-ad-d66
8583835615572	kupo-ks-666m-paddle-mount-euro-adap-wqc
8583835779412	kupo-ks-667-elemackeuro-kvinnlig-ad-bms
8583835877716	kupo-ks-668-sunrise-adapter
8583836369236	kupo-ks-670-euro-female-clamp-till-ucx
8583836467540	kupo-ks-671-platt-basstativadapter-y5v
8583836565844	kupo-ks-673-kamera-riser-post-3-dia-4q9
8583836729684	kupo-ks-676-kamerahjare-post-6-dia2-am0
8583836827988	kupo-ks-679-kamera-riser-post-9-dia-lqw
8583836893524	kupo-ks-680-rund-mitchell-platta-me-tg5
8583837122900	kupo-ks-681-kamerahjare-3-mitchell-g3w
8583837155668	kupo-ks-682-cheese-plate-mitchell-h-oen
8583837319508	kupo-ks-683-rund-mitchell-platta-me-7j5
8583837450580	kupo-ks-684-kamera-riser-6-mitchell-82h
8583837548884	kupo-ks-685-kamera-riser-12-mitchel-8xi
8583837843796	kupo-ks-687-mitchell-till-mitchell-ki0
8583837974868	kupo-ks-688-100mm-hi-hat-med-ostpla-88g
8583838138708	kupo-ks-689-mitchel-trdad-krage-med-co2
8583838335316	kupo-ks-690-mitchell-gngad-krage
8583838368084	kupo-ks-690cs-mitchell-gngad-krage-tfl
8583838499156	kupo-ks-691-mitchell-slottsmutter
8583838564692	kupo-ks-692-mitchell-gngad-krage-me-xih
8583838728532	kupo-ks-693-komplett-mitchell-gngad-o91
8583838925140	kupo-ks-695-gimbal-till-manlig-mitc-pev
8583839318356	kupo-ks-696-mitchell-mount-med-2-ko-awm
8583839547732	kupo-ks-697-kamerafstknopp-med-38-h-tws
8583839580500	kupo-ks-698-150mm-sklbindning
8583839940948	kupo-ks-699-mitchell-till-rrfste
8583840498004	kupo-ks-700-snabbutlsnings-skerhets-92a
8583840596308	kupo-ks-702-snabbutlsning-skerhetsn-ntq
8583840727380	kupo-ks-707-tilta-nucleus-m-monitor-six
8583840891220	kupo-ks-708-vit-fokusring-fr-wcu4
8583841055060	kupo-ks-711-balansstift-dia-12-set-ck7
8583841186132	kupo-ks-713-balansstift-med-diamete-5n0
8583841382740	kupo-ks-714-front-docking-gaffel-di-89k
8583841612116	kupo-ks-715-7-monitorhuv
8583841841492	kupo-ks-717-5-tums-monitorhuv
8583842103636	kupo-ks-718-armkrok-8mm
8583842791764	kupo-ks-734-arri-rossette-bolt-on-m-w6n
8583842824532	kupo-ks-736-arri-rossette-bolt-on-m-tsk
8583842922836	kupo-ks-738-arri-38-positioneringsp-8kr
8583842955604	kupo-ks-760-kameravagnsfrlngning-ac-oqd
8583843021140	kupo-ks-762-kameravagn-frlngningsac-lhg
8583843217748	kupo-ks-764-kamera-vagn-frlngningst-k00
8583843250516	kupo-ks-766-kamera-vagn-frlngningst-fwd
8583843381588	kupo-ks-768-steadicam-sttdmpande-pa-m2w
8583843643732	kupo-ks-831-kamerakopplingsfste
8583844102484	kupo-ks-836-mitchell-adapter
8583844168020	kupo-ks-838-euro-adapter
8583844200788	kupo-ks-900-plasthuvud-tumskruv-14-k5y
8583844266324	kupo-ks-902-plasthuvud-tumskruv-14-k0o
8583844659540	kupo-ks-0406-hex-ostbricka-fr-6-sug-687
8583844888916	kupo-ks-0606l-l-cheese-plate-6-152c-kzc
8583845151060	kupo-ks-1014m-ostbricka-10x14x12-me-kxo
8583845445972	kupo-ks-1016c-l-cheese-plate-10254c-ccv
8583845708116	kupo-ks-1212-12x12-kvadratisk-ostbr-v8n
8583845937492	kupo-ks-1212m-ostmnstrad-platta-14x-hqa
8583846068564	kupo-ks-2439c-mini-l-cheese-plate-m-hl3
8583846330708	kupo-ks-2439cs-bilsete-till-cheese-gc9
8583846560084	kupo-ks-2439l-mini-l-cheese-plate-2-cl8
8583846789460	kupo-ks-3139l-midi-l-cheese-plate-3-p8i
8583846986068	kupo-ks-3922-mini-monteringsplatta-fz1
8583847215444	kupo-ks-5520-55x-20-rektangulr-chee-tq1
8583847444820	kupo-ks-6011-rektangulr-cheeseplate-zvt
8583847706964	kupo-ks-7510-rektangulr-cheeseplate-vfd
8583847903572	kupo-ksb-002-verktygsblte
8583850361172	kupo-ksb-013-brpse-fr-clapper-board-wx0
8583851016532	kupo-ksb-015-brbar-vska-fr-macbook-y5u
8583852163412	kupo-ksb-025-klappbrdevska
8583852425556	kupo-ksb-050-gelrulle
8583852491092	kupo-ksb-085-magnetisk-mugg-hllare-51u
8583852753236	kupo-ksc-04-sugkopp-med-fast-baby-p-aqh
8583852851540	kupo-ksc-05-sugkopp-med-svngbart-ad-25u
8583852982612	kupo-ksc-06-sugkopp-med-svngbar-bab-7uy
8583853113684	kupo-ksc-09-sugkopp-med-pumpfunktio-v3m
8583853211988	kupo-ksc-10-sugkopp-med-svngbart-16-57v
8583853310292	kupo-ksc-12-6-sugkopp-med-fast-baby-pt4
8583853375828	kupo-ksc-13-5-sugkopp-med-38-16-k7d
8583853506900	kupo-ksc-13r-45-sugkopp-med-38-16-umt
8583853539668	kupo-ksc-14-3-sugkopp-med-14-20-gng-l0w
8583853703508	kupo-ksc-16-3-sugkopp-med-16mm-baby-ozg
8583853801812	kupo-ksc-18-sugkopp-med-pumpfunktio-37l
8583853900116	kupo-ksc-19-sugkopp-med-pumpfunktio-bmc
8583854031188	kupo-ksc-33-6-tums-sugkopps-med-svn-z7e
8583854358868	kupo-ksc-60-kamerabilfste
8583854522708	kupo-ksc-100r-10-vakumsugkopp-med-t-i7z
8583854653780	kupo-ksc-101-6-vakumsugkoppar-med-k-6nv
8583854752084	kupo-ksc-102-10-tums-vakumsugkopp-m-8hi
8583855014228	kupo-ksc-106-10-vakuum-sugkopp-med-emw
8583855178068	kupo-ksc-106cp-rund-ostbricka-fr-10-zu5
8583855243604	kupo-ksc-130-mini-kamera-kulnivelle-0g6
8583855440212	kupo-ksc-140-universellt-kamera-kul-btk
8583855735124	kupo-ksc-150-mini-4-vgs-nivellering-qwx
8583856030036	kupo-ksc-160-4-vgs-nivkameramonteri-h4q
8583856259412	kupo-ksc-170-mitchell-4-vgs-nivelle-f1g
8583856292180	kupo-ksc-175-70mm-hg-nivelleringsba-1uk
8583856619860	kupo-ksc-200-kameravinkelskiva
8583856783700	kupo-ksc-300-euro-till-mitchell-3-v-xd2
8583857045844	kupo-ksc-320-4-vgs-nivellerande-mit-5hq
8583857209684	kupo-ksc-340-4-vgs-nivellering-euro-zgl
8583857307988	kupo-ksc-280k-serveringsbricka-kit
8583857537364	kupo-ksc-400k-bilrigg-shot-kit
8583857602900	kupo-ksc-430-bilmonteringskit-fr-ac-jpe
8583857701204	kupo-ksc-pin-kamera-stdadaptrar
8583857865044	kupo-ks-cb04-bilfnster-pod
8583857963348	kupo-ks-cb08-14-20-snabbfste-fr-skr-4en
8583858159956	kupo-ks-cb09-mini-bollhuvud-med-17m-ncf
8583858291028	kupo-ks-cb10-bilfnsterfste-med-midi-2of
8583858585940	kupo-ks-cb11-86cm-lngt-snabbspnnpla-s68
8583858782548	kupo-ks-cb12-rapid-connect-adapter-9ub
8583858946388	kupo-ks-cb13-arri-style-38-16-space-n3p
8583859044692	kupo-ks-cb15-vision-lock-med-arri-s-3jx
8583859274068	kupo-ks-cb16
8583859405140	kupo-kt-1824bag-brpse-fr-18x24-flag-0gd
8583859503444	kupo-kt-1824fw-18x-24-full-frame-ko-ie4
8583859601748	kupo-kt-1824odbb-18x24-ppen-ram-med-2g8
8583859700052	kupo-kt-1824odwb-18x24-ppen-ram-med-j1z
8583859798356	kupo-kt-1824oq-18x24-ppen-ram-i-kva-tt1
8583859831124	kupo-kt-1824osbb-18x24-ram-med-ppen-i9h
8583859863892	kupo-kt-1824ow-18x24-ppen-ram-vit-k-ms0
8583859994964	kupo-kt-1824oswb-18x24-ppna-ndram-m-ggg
8583860126036	kupo-kt-2436bag-brpse-fr-24x36-flag-omi
8583860191572	kupo-kt-2436fw-24x36-full-frame-kon-58u
8583860224340	kupo-kt-2436odwb-24x36-ppen-ram-med-5ub
8583860355412	kupo-kt-2436oq-24x36-ppen-ndram-med-qdj
8583860486484	kupo-kt-2436oswb-24x36-ppen-ndram-m-w04
8583860748628	kupo-kt-3636tf-36x36-topphngd-floop-a14
8583860978004	kupo-kt-4848tf-48x48-vre-gngjrn-flo-p7e
8583861371220	kupo-kths-0306-stigbygel-3-6-fot-90-mls
8583861436756	kupo-kths-0408-stirrup-4-8-feet-120-lis
8583861567828	kupo-kths-0510-stigbygel-5-10-fot-1-asm
8583862714708	kupo-kwm-0304-3-x-4-ft-vindnt-mobil-zm2
8583862813012	kupo-kwm-0406-4-x-6-ft-vindnt-mobil-fjf
8583863238996	kupo-kwt-0304-vindnt-90cmx120cm
8583863566676	kupo-kwt-0406-vindnt-120cmx180cm
8583863894356	kupo-mez220-b-mez-tie-2cm-x-20cm-sv-yoe
8583864123732	kupo-mez220-bl-mez-tie-2cm-x-20cm-b-hlf
8583864451412	kupo-mez220-r-mez-tie-2cm-x-20cm-rd-t4b
8583864746324	kupo-mez220-w-mez-tie-2cm-x-20cm-vi-hym
8583865008468	kupo-mez220-y-mez-tie-2cm-x-20cm-gu-l5i
8583865303380	kupo-mez-po1w-ez-tie-petite-7-st-vi-si4
8583865663828	kupo-mez-p01b-ez-tie-petite-7-st-sv-c76
8583866155348	kupo-mez-s1605b-mezstrap-16mm-x-5m-vms
8583866515796	kupo-mez-s3005b-mezstrap-30mm-x-6m-dna
8583867236692	kupo-rs-rs2530-bilmonteringsratschr-jzb
8583868547412	kupo-rs-rs2550-ratchet-strap-gul-br-26w
8583869661524	kupo-rs-rs2551-ratchet-strap-med-fl-zug
8583869759828	kupo-rs-rr1408-14-ratchet-rope-lngd-vcw
8583869858132	kupo-rs-rr3807-38-ratchet-rope-lngd-8ta
8583869890900	kupo-sw-tb-skerhetstrd-fr-kh-20-but-ym8
8583870054740	kupo-tl-17-verktygssnodd
8583870349652	kupo-ws-229-mitchell-spanner-wrench
8583870546260	kupo-kcp-831tha-koppling-med-platsp-1kn
8583870644564	kupo-ks-534-vesa-monteringsadapter-4bu
8584072724820	polaroid-go-gen-2-e-lda-vit
8584073085268	polaroid-go-gen-2-e-lda-svart
8584074625364	smallrig-3990-topplatta-fr-sony-fx3-myq
8584076001620	smallrig-4267-kamera-batteri-usb-c-8fo
8584077607252	smallrig-4330-kamera-batteri-usb-c-cpl
8584079212884	smallrig-4331-kamera-batteri-usb-c-u2k
8584081899860	smallrig-4333-kamera-batteri-usb-c-o8p
8584082063700	smallrig-3150-cold-shoe-mount-tripo-4dc
8584082227540	smallrig-3146-15mm-railblock-och-ro-qjc
8584082489684	smallrig-2735-explorer-skruvdrivare-ndz
8584082587988	smallrig-4438-bottom-mount-plate-fr-ukp
8584082686292	smallrig-4439-bottenmonteringsplatt-3mh
8584082817364	smallrig-4422-cage-kit-fr-sony-a7ci-aex
8584083013972	smallrig-4416-sidohandtag-arca-typ
8584083439956	vallerret-skadi-zipper-mitt-lrs-sva-qj2
8584083767636	vallerret-skadi-zipper-mitt-lrs-sva-m4e
8584084095316	vallerret-skadi-zipper-mitt-lrs-sva-bc5
8584085537108	vallerret-markhof-pro-v3-fotohandsk-414
8584085668180	vallerret-ull-halsvrmare-100-merino-mxv
8584087044436	kupo-121-click-stand-stativ-med-avt-069
8584087175508	kupo-193-medium-baby-kit-stand
8584087273812	kupo-198-universellt-stativ
8584087568724	kupo-340-snabbtgrds-roller-stand-me-h33
8584087765332	kupo-350-runway-stand-base
8584088846676	kupo-322m-monitorstativ
8584089010516	kupo-346m-junior-boom-roller-stand
8584089076052	kupo-483bt-svart-stlvridstativ-med-w2z
8584089665876	kupo-546m-junior-boom-stand
8584089731412	kupo-ct-40mkb-40-master-c-stand-med-oyp
8584089895252	kupo-kab-025-sitskudde-fr-apple-box-57x
8584090026324	kupo-kcp-101w-max-arm-med-handhjul
8584090255700	kupo-kcp-110-10-rocks-arm
8584090550612	kupo-kcp-200-grip-head-med-stort-ha-jv4
8584090616148	kupo-kcp-200b-2-12-grepphuvud-med-s-w2u
8584090714452	kupo-kcp-220-50-cm-frlngningsgrepar-1zg
8584090779988	kupo-kcp-220b-20-frlngningsgrepparm-5bv
8584090845524	kupo-kcp-221-20-frlngningsgrepparm-cg4
8584090911060	kupo-kcp-221b-20-frlngningsgrepparm-3d4
8584091009364	kupo-kcp-240-40-frlngningsgreparm-s-qbk
8584091074900	kupo-kcp-240b-40-frlngningsgrepparm-9tx
8584091107668	kupo-kcp-241-40-frlngningsgrepparm-w3f
8584091238740	kupo-kcp-241b-40-frlngningsgrepparm-6rf
8584091337044	kupo-kcp-260b-grip-head-med-hex-stu-0oe
8584091533652	kupo-kcp-270b-super-convi-clamp-gri-u36
8584092221780	kupo-kcp-310-ez-grip-finger-med-bab-1uf
8584093008212	kupo-kcp-330-liten-klmma-med-14-20-7p0
8584093925716	kupo-kcp-340-babyplatta-med-ez-grip-byi
8584094286164	kupo-kcp-350-mini-alli-clamp-silver-eag
8584094843220	kupo-kcp-500-stort-gaffer-grip
8584095269204	kupo-kcp-601-l-175-super-viser-clam-ly6
8584095924564	kupo-kcp-606-10-tums-kedjeklmma
8584097235284	kupo-kcp-628b-stl-heavy-duty-baby-b-e0g
8584098611540	kupo-kcp-653-3-axis-kameramontering-fp3
8584099463508	kupo-kcp-660b-mini-viser-clamp-med-eip
8584099660116	kupo-kcp-662b-mini-viser-clamp-med-atd
8584099791188	kupo-kcp-667b-mini-viser-clamp-med-fy4
8584099955028	kupo-kcp-700-convi-clamp-silver
8584100053332	kupo-kcp-700b-convi-clamp-svart
8584100675924	kupo-kcp-700-fbp-frontbox-montering-8jz
8584101101908	kupo-kcp-700-prm-psu-rail-mount-ada-ry0
8584101232980	kupo-kcp-701-convi-clamp-med-tnder-g7t
8584101331284	kupo-kcp-710-convi-clamp-med-juster-t0f
8584101495124	kupo-kcp-710b-convi-clamp-med-juste-ys4
8584101593428	kupo-kcp-710b-26-convi-clamp-kit
8584101822804	kupo-kcp-712-vggspreader-set-fr-rr-wud
8584101921108	kupo-kcp-720-dubbel-convi-clamp-sil-arp
8584101986644	kupo-kcp-720b-dubbel-convi-clamp-sv-p4f
8584102183252	kupo-kcp-730b-super-claw
8584102216020	kupo-kcp-738-super-convi-clamp-med-p8c
8584102281556	kupo-kcp-844b-tv-kopplare-svart
8584102347092	kupo-kd-cf16p-baby-drop-takfste-bab-qvr
8584102478164	kupo-kd-cm16p-baby-drop-ceiling-ada-elw
8584102510932	kupo-kp-l2137pd-kupole-utkas-frn-21-tpe
8584102773076	kupo-ks-005-m10-x-25-stud
8584102936916	kupo-ks-015-hex-stud-med-38-16-kvin-est
8584103723348	kupo-ks-114-konverteringsadapter-1-08e
8584104214868	kupo-ks-124-metall-gopro-stativfste-otg
8584104280404	kupo-ks-127-adapter-fr-inflld-ljusf-i00
8584104411476	kupo-ks-128-adapter-spigot-38-38-ha-nhe
8584104608084	kupo-ks-129-extra-lng-58-baby-stud-fd7
8584104771924	kupo-ks-133-gopro-stativfste-med-ku-9a3
8584104935764	kupo-ks-134-gopro-stativfste-med-ho-aso
8584105165140	kupo-ks-149-baby-pin-med-14-20-male-rsx
8584105263444	kupo-ks-168bk-kamera-t-markr-6x8in-88x
8584105558356	kupo-ks-018h-hex-16mm-stud-med-m10-b47
8584105820500	kupo-ks-416-super-knuckle-58-16mm-b-eid
8584106017108	kupo-ks-420-super-knuckle-dubbelbol-yxo
8584106049876	kupo-ks-422-super-knuckle-3-tums-su-bf9
8584106475860	kupo-ks-425-super-knuckle-ball-med-l7g
8584106738004	kupo-ks-426-super-knuckle-ball-med-0eo
8584106901844	kupo-ks-479-super-knuckle-vesa-moni-gzv
8584107000148	kupo-ks-704-arri-monitorfste-fr-wcu-s8h
8584107262292	kupo-ks-706-arri-wcu-4-monitorfste-6f6
8584107295060	kupo-ks-722-assistentens-frontldemo-4dv
8584107491668	kupo-ks-724-frontlda-fste
8584107786580	kupo-ksb-010-utility-ac-vska
8584108474708	kupo-ksb-036-click-stand-vska-stor-8d5
8584108605780	kupo-ksc-03-6tum-pump-cup-med-38-16-zm5
8584108671316	kupo-ks-cb01-kamerafste
8584108933460	kupo-ks-cb02-snabbkopplingsplatta-f-lx0
8584109326676	kupo-ks-cb03-mini-bollhuvud-med-bli-gus
8584114930004	kupo-kc-160-160mm-hjul-med-broms-se-psz
8584115355988	kupo-kc-215a-215mm-pneumatiska-hjul-05t
8584115847508	kupo-kcp-103-7-mini-vision-arm-med-l2b
8584116339028	kupo-kcp-349-verktygshandskeklipp
8584117616980	kupo-kcp-636b-big-boom-36-meter
8584118075732	kupo-kcp-879-monitor-arm-med-burger-58x
8584118305108	kupo-kd-b002-liten-vattenpass
8584118436180	kupo-kp-m1527bd-kupole-frlngning-fr-crj
8584119976276	kupo-023ac-midi-pro-stand-med-luftk-1iy
8584120303956	kupo-027m-junior-stand-frlngning-45-bxg
8584120435028	kupo-ez-tie-kabelgrepp-2cm-x-41cm-g-ijo
8584120795476	kupo-kcp-253-rrfste-koppling-dia-25-ori
8584121057620	kupo-kcp-253ar-universal-gimbal-ada-a69
8584121483604	kupo-kcp-253bh-rrtillbehr-med-kulhu-xum
8584121680212	kupo-kcp-253sp-rrfste-coupler-dia25-jo3
8584121811284	kupo-kcp-254-movi-speedrail-fste
8584121876820	kupo-kcp-265-grip-head-med-halv-kop-u87
8584121975124	kupo-kcp-280b-double-gag-grip-head-oq5
8584122073428	kupo-kcp-290b-svart-gag-grip-huvud
8584122302804	kupo-kcp-300-ledad-arm
8584122433876	kupo-kcp-320-ez-grip-twins
8584122597716	kupo-kcp-322-teleskopiskt-bordstopp-mtm
8584122859860	kupo-kcp-335-kraftig-klmma
8584122925396	kupo-kcp-343-flex-arm-kit-fr-dots-f-9m1
8584123122004	kupo-kcp-344-flexarm
8584123220308	kupo-kcp-345-franska-flaggarm
8584123285844	kupo-kcp-346-franskt-flagg-40-cm-x-ihh
8584123515220	kupo-kcp-348-multiclip
8584123646292	kupo-kcp-352b-liten-fjderklmma-svar-ca2
8584123842900	kupo-kcp-611-skumkrnsklmma
8584123973972	kupo-kcp-654-2-koppling-med-roteran-x0x
8584124137812	kupo-kcp-7sdl-super-convi-clamp-sad-wsu
8584124432724	kupo-kcp-930p-3-vgs-klmma-fr-25mm-t-tcu
8584124662100	kupo-kcp-950p-4-vgs-klmma-fr-35mm-t-a0j
8584124694868	kupo-kcp-f1824-flaggrame-18-x-24
8584124727636	kupo-kcp-f2436-flaggram-24-x-36
8584124957012	kupo-kcp-ff1824-1845cmx2460cm-platt-dog
8584125186388	kupo-kcp-ff2436-2460cmx3690cm-flat-14f
8584125415764	kupo-kcp-ff3036-3076cmx3690cm-platt-04p
8584126071124	kupo-kcp-ff3636-flat-flag-frame-30x-v0q
8584126300500	kupo-kcp-of1824-open-end-flag-frame-yzk
8584126595412	kupo-kcp-of2436-ppen-ndflaggsram-24-pfg
8584127775060	kupo-kcw-04-motvikt-4kg-88-lb
8584128233812	kupo-kd-300-projektorfste
8584128889172	kupo-kgc-bsk01-stlnt-korg-fr-c-stan-a5s
8584129577300	kupo-kh-06-sk-6x6-ft-fjril-textil-k-d1z
8584130593108	kupo-kh-06-wt-6x6-ft-vindnt-med-nyl-5d5
8584131805524	kupo-kh-08-sk-8x8-ft-fjril-textil-k-1uh
8584132297044	kupo-kh-08-wt-8x8-ft-vindnt-med-nyl-eaa
8584132493652	kupo-kh-12-sk-12x12-ft-butterfly-te-0c0
8584132657492	kupo-kh-12-wt-12x12-ft-vindnt-med-n-b45
8584132788564	kupo-kh-20-sk-12x12-ft-butterfly-te-x22
8584132952404	kupo-kh-20-wt-20x20-ft-vindnt-med-n-rir
8584134099284	kupo-ks-260-mitchell-rund-montering-55w
8584134132052	kupo-ks-261-handhllen-kameraadapter-xz6
8584134263124	kupo-ks-262-steadicam-set-med-hgtlg-hab
8584134295892	kupo-ks-264-armstolpe-diameter-157m-5l8
8584134689108	kupo-ks-265-vattentt-armskyddsverdr-tcy
8584134721876	kupo-ks-266-aluminium-rund-knopp-38-3sj
8584134852948	kupo-ks-267-ringmutter-14-20-stl-sv-shr
8584134885716	kupo-ks-268-ringmutter-38-16-stl-sv-ffl
8584134951252	kupo-ks-269-ringmutter-14-20-12mm-s-3zn
8584134984020	kupo-ks-270-v-ls-kil
8584135278932	kupo-ks-271-v-lock-bas
8584135344468	kupo-ks-272-v-lock-frlngningshandta-xuo
8584135442772	kupo-ks-273-v-ls-set
8584135967060	kupo-ks-274-v-mount-batteribltesklm-3w1
8584136098132	kupo-ks-275-dubbel-v-lock-adapter
8584136163668	kupo-ks-276-v-mount-batteriadapter-jso
8584136425812	kupo-ks-314b-v-mount-batterihllare-6of
8584136556884	kupo-ks-315b-mugg-hllare-fr-tetherm-dgc
8584136720724	kupo-ks-317-datakabel-ankarport
8584136819028	kupo-ks-319-arca-swiss-typ-bas-fr-t-h6n
8584136851796	kupo-ks-320-boom-grip-stng-hllare-9ub
8584137179476	kupo-ks-325-tilt-head-fr-monopods-m-x0n
8584137703764	kupo-ks-327-nylon-e27-lampinnehllar-sdo
8584137933140	kupo-ks-332-rr-till-easyrig-t-fste-2zc
8584137998676	kupo-ks-334-koppling-fr-rr-till-eas-rec
8584138490196	kupo-ks-340-anslutningssats-fr-head-84w
8584139145556	kupo-ks-374-kroppsstartare-med-38-g-2nj
8584139276628	kupo-ks-376-klmma-med-38-16-hane-gn-b9a
8584139637076	kupo-ks-377-knppklmma-die-down
8584140194132	kupo-ks-378-bred-klmma-med-38-16-ha-f1z
8584140652884	kupo-ks-379-wide-pinch-clamp-die-do-ge1
8584141144404	kupo-ks-382-enkel-klmma-med-1-12-st-8m3
8584141603156	kupo-ks-384-enkel-klmma-med-1-14-st-95b
8584141996372	kupo-ks-405-silikonskydd-fr-super-k-lp8
8584142979412	kupo-ks-409-kulhuvud-med-14-20-hons-b77
8584143208788	kupo-ks-413-aluminiumsfste-med-plas-1vk
8584143667540	kupo-ks-418-bilkopphllare-med-kulhu-xun
8584144421204	kupo-ks-419-kullhuvud-fr-convi-clam-8sm
8584145437012	kupo-ks-423-rund-plattform-kulkopf-7po
8584145994068	kupo-ks-427-rund-platta-klotled-fr-a3v
8584146616660	kupo-ks-440-bollfste-fr-nackstd-och-0qo
8584146714964	kupo-ks-441-26mm-boll-med-14-20-skr-zo6
8584146747732	kupo-ks-466-gummibelagd-magnet-med-040
8584146846036	kupo-ks-472-super-knuckle-med-baby-urw
8584147206484	kupo-ks-508-48mm-x-80mm-lng-alumini-3sf
8584147239252	kupo-ks-510-padmate-fr-surfplatta-7-2rt
8584147403092	kupo-ks-512-vesa-monteringsadapter-vxg
8584147632468	kupo-ks-520-padmate-fste-med-14-20-fkc
8584148517204	kupo-ks-524-icke-vesa-monitorfste
8584170701140	kupo-080ac-midi-click-ljusstativ
8584170996052	kupo-163mb-steadicam-stativ
8584171225428	kupo-163mbc-steadicam-stativ-med-pn-fvo
8584171618644	kupo-kcp-111-11-rocks-arm
8584171749716	kupo-ks-015r-rund-stud-med-38-16-fe-85u
8584171880788	kupo-ks-018-58-stud-med-m10-gnga
8584172110164	kupo-ks-022-baby-5-tum-grip-arm-pin
8584172175700	kupo-ks-051-adapter-med-14-20-hane-05z
8584172437844	kupo-ks-063-adapter-38-16-hane-till-cay
8584172536148	kupo-ks-097-baby-ball-head-adapter
8584172634452	kupo-ks-098-adapterstift-58-mottaga-z5s
8584173322580	kupo-ks-103-dubbelkullageradapter-m-z8j
8584174043476	kupo-ks-407-super-knuckle-ball-med-ole
8584175485268	kupo-ksb-030-click-stand-vska-liten-g28
8584176206164	kupo-ks-cb05-midi-bollhuvud
8584177090900	kupo-ks-cb07-midi-bollhuvud-med-hot-a8f
8584177615188	kupo-ks-cb14-vision-lock-snabbfste-ozm
8584178303316	kupo-ksd-1680l-sandbag-max-belastni-cbe
8584178762068	kupo-ksd-1680m-terfyllningsbar-sand-m93
8584179155284	kupo-ksd-1680s-terfyllbar-sandbag-6-ihx
8584179908948	kupo-ksd-1680xl-sandbag-max-last-50-w43
8584180793684	kupo-ksd-77-sandpse-max-belastning-u21
8584181023060	kupo-ksf-15-shot-bag-69kg
8584181055828	kupo-ksf-25-shot-bag-115kg
8584181481812	kupo-ksw-05-wrap-go-shot-bag-23kg-0ce
8584181645652	kupo-ct-20mkb-20-c-stand-med-turtle-248
8584181776724	kupo-ct-40mb-tube
8584182038868	kupo-kab-048bst-brunbetsad-ppellda-mwp
8584182169940	kupo-kcp-550-justerbar-gaffer-grip
8584182464852	kupo-cs-40m-40-master-c-stand-med-g-zme
8584182563156	kupo-ct-sbsb-liten-century-stand-ba-7io
8584183316820	kupo-df-30k-dot-finger-kit-med-brvs-i4k
8584183382356	kupo-kc-100s-100mm-hjul-med-broms-s-pb1
8584183546196	kupo-kc-150-150mm-hjul-med-broms-se-znj
8584183939412	kupo-ks-348-38-16mm-kvinnlig-spets-dub
8584184463700	kupo-ks-411-universellt-surfplatteh-g7q
8584184594772	kupo-370m-lowboy-junior-roller-stud-o8e
8584185053524	kupo-kcp-732b-super-claw-med-anti-s-gxr
8584185708884	kupo-070ac-mini-click-ljusstativ-3-6yu
8584186691924	kupo-kab-81k-verktygslda-apple-box
8584186954068	kupo-ksj-500b-stativhngarrack-12-x-pz8
8584187281748	kupo-df-500-digi-flkt
8584188461396	kupo-ks-247-steadicam-lutningsdockn-6pl
8584188985684	kupo-166b-teleskopisk-kolumn-med-58-2yc
8584189182292	kupo-ks-089-28mm-mottagarspigot
8584189444436	kupo-ks-089b-28mm-mottagarspigg-sva-i08
8584192622932	kupo-013-a-stng-fr-vikbart-miniatyr-jam
8584193671508	kupo-kcp-347-tr-c47-fjdertyp-kldnyp-gha
8584194425172	kupo-khm-112-fste-fr-huva-fr-1-12-r-5fb
8584194916692	kupo-khm-114-fstesats-fr-huva-fr-1-rbb
8584195244372	kupo-kh-55xxlb-ku-hand-xxl
8584195539284	kupo-khs-e112-ramra-fr-rr-1-12-sche-5al
8584195670356	kupo-khs-l112-ramhrn-fr-rr-1-12-sch-fjg
8584195834196	kupo-khs-112-rund-rrformad-fjrilsra-tgd
8584195866964	kupo-klhs-0103-kort-lttvikts-telesk-kms
8584195965268	kupo-klhs-0204-medium-lttviktsteles-3ay
8584196030804	kupo-klhs-0306-lng-lttviktig-telesk-8zc
8584196194644	kupo-klhb-0103-kort-lttvikts-telesk-g2h
8584196325716	kupo-klhb-0204-medium-lttviktigt-te-jwx
8584196424020	kupo-klhb-0306-lng-lttviktig-telesk-7ac
8584196489556	kupo-kp-ds01mt-bakgrundspappersdriv-a8z
8584196653396	kupo-kp-ks03b-plastkedja-35m-l-svar-tm2
8584196751700	kupo-kp-ks03bl-plastkedja-35m-l-bl-3ln
8584197013844	kupo-ks-258-mitchell-rund-montering-fq5
8584197570900	kupo-ks-259-gimbals-dockningsfste
8584197898580	kupo-ks-350-automatisk-handsanitize-9gg
8584198521172	kupo-ks-359b-pennbricka-fr-tetherma-qcm
8584198750548	kupo-ks-360-universellt-gummiftter-u9u
8584198947156	kupo-ks-361-rostfritt-stl-slitsat-p-myt
8584198979924	kupo-ks-362-rostfritt-stl-korspannh-5ab
8584199078228	kupo-ks-370-rundkroppstartare-med-3-mgs
8584199307604	kupo-ks-372-mini-flat-body-starter-iub
8584199471444	kupo-ks-525-48mm-x10250mm-lngt-alum-t6z
8584199733588	kupo-ks-661-dubbelndad-elemackeuro-m4y
8584200225108	kupo-ks-669-euro-paddle-mount
8584200618324	kupo-ks-830-stege-offset-kamerafste-kl6
8584201011540	kupo-ks-834-adapter-fr-150mm-skl
8584203403604	kupo-ksb-007-monitorvska
8584204190036	kupo-kthu-0306-universalhuvud-3-6-f-5ff
8584204386644	kupo-kthu-0408-universellt-huvud-4-jt5
8584204681556	kupo-kthu-0510-universalhuvud-5-10-yfa
8584204878164	kupo-kthu-0712-universalhuvud-7-12-m1v
8585123037524	kupo-756-jumbo-stand-med-bromsade-h-gcq
8591720218964	pgytech-air-3-hardcase
8591720677716	dji-wireless-video-receiver
8591721038164	pgytech-dji-rc-dji-rc-2-skrmskydd-rob
8591721955668	polarpro-air-3-vivid-collection-ndp-s54
8591723200852	polarpro-air-3-shutter-collection-p-hr0
8591724609876	pgytech-onemo-fpv-backpack-space-bl-jmo
8591724904788	polarpro-95mm-peter-mckinnon-signat-q6m
8591725232468	polarpro-95mm-peter-mckinnon-signat-lxm
8591725494612	polarpro-95mm-peter-mckinnon-mist-e-ggt
8591726248276	polarpro-quartzline-fx-mist-filter-nbh
8591727133012	polarpro-quartzline-fx-mist-heavy-f-9y8
8591728181588	polarpro-86mm-quartzline-bluemorphi-p11
8591728705876	polarpro-86mm-quartzline-goldmorphi-lgr
8591728935252	polarpro-95mm-quartzline-circular-p-byg
8591729033556	polarpro-quartzline-fx-mist-filter-9yn
8591729131860	polarpro-quartzline-fx-mist-heavy-f-8sz
8591729197396	polarpro-95mm-quartzline-bluemorphi-8hl
8591729328468	polarpro-95mm-quartzline-goldmorphi-r37
8591729361236	polarpro-brass-step-up-ring-77-95mm-tf8
8591729426772	polarpro-brass-step-up-ring-82-95mm-8w5
8591729557844	polarpro-brass-step-up-ring-86-95mm-owg
8591729623380	polarpro-95mm-course-thread-adapter
8591729656148	polarpro-thread-plate-for-helix-mag-c1i
8591729721684	polarpro-thread-plate-for-helix-mag-1dh
8591729852756	polarpro-thread-plate-for-helix-mag-glx
8591729885524	polarpro-thread-plate-for-helix-mag-gyp
8591729983828	polarpro-helix-defender-plate
8591730147668	polarpro-helix-peter-mckinnon-editi-y7o
8591730213204	polarpro-helix-variable-nd-kit
8591730278740	polarpro-helix-bluemorphic-streak-f-rmn
8591730311508	polarpro-helix-goldmorphic-streak-f-l7z
8591730344276	polarpro-helix-mist-14-filter
8591730442580	polarpro-helix-mist-heavy-12-filter-30t
8591730671956	polarpro-helix-variable-neutral-den-fos
8591730803028	polarpro-helix-variable-neutral-den-yza
8591731229012	polarpro-helix-variable-nd-mist-fil-vvh
8591731687764	polarpro-helix-variable-nd-mist-fil-4qi
8591732244820	polarpro-helix-maglock-burkard-edit-ce7
8591732605268	polarpro-helix-maglock-burkard-edit-j28
8591733686612	dji-lidar-range-finder-to-transmitt-p42
8591734014292	parrot-skycontroller-4
8593658741076	zenmuse-l2-lidar
8594207506772	dji-zenmuse-l2-dji-care-enterprise-6wh
8596885897556	dji-osmo-mobile-se
8596886126932	micasense-dls-2
8596887077204	micasense-gen2-quick-mount
8596887503188	micasense-calibrated-reflectance-pa-898
8596887994708	micasense-rededge-mx-and-dls-2-wire-qgo
8596888060244	micasense-rededge-p-dual
8596888125780	micasense-60cm-dls2-cables-for-altu-4fq
8596888191316	micasense-60cm-dls2-cables-for-rede-92b
8596888289620	micasense-inspire-2-dls2-mount
8596888650068	micasense-matrice-300-dls2-mount
8596888912212	micasense-dji-skyport-for-matrice-3-et3
8596889174356	micasense-dji-skyport-for-matrice-3-141
8597203124564	wingtra-batterypilot-case
8597203452244	wingtra-sony-rgb61-payload-kit-gen-hjt
8597204402516	wingtra-one-gen-ii
8597205057876	wingtra-camera-sd-card-128gb
8597205647700	wingtra-propeller-pair-wingtraone
8597206401364	wingtra-field-charging-equipment-fo-s5g
8597206991188	wingtra-tablet-charging-equipment
8597207777620	wingtra-nose-cover-for-wingtraone
8597207974228	wingtra-ppk-dongle-gray-and-orange-bs0
8597208727892	wingtra-drivetrain-replacement-equi-efx
8597209416020	wingtra-side-stands-pair
8597209645396	wingtra-middle-stands-pari
8597210038612	wingtra-battery-cable4-ink-8-zip-ti-f7c
8597210464596	wingtra-tablet-sd-adapter-usb-c
8597210792276	wingtra-sony-rx1-rii-payload-kit
8597210857812	wingtra-telemetry-tablet-cable
8597210956116	wingtra-rededge-mxpaltum-top-cover-dlt
8597211447636	wingtra-top-cover-rgb-cameras
8597211775316	wingtra-spare-drone-wingtraone-geni-3a8
8597212135764	wingtra-sony-a6100-payload-kit-geni-fhk
8597212201300	wingtra-ppk-premium-activation-lice-kbp
8597212528980	wingtra-hardcase-for-wingtraone-gen-tss
8597212594516	wingtra-rx1-mount-only-gen-ii
8597212660052	wingtra-samsung-tablet-w-wingpilot
8597213151572	wingtra-charger-for-wingtraone-batt-u7m
8597213217108	wingtra-one-accidental-damage-prote-stx
8597213282644	wingtra-pilot-blue-suas-perpetual
8597213348180	wingtra-genii-advanced-online-train-4r3
8597213413716	wingtra-warranty-extension-2nd-year
8597213938004	wingtra-position-light-for-wingtrao-k8n
8597214396756	wingtra-battery-set-2-st
8597214462292	wingtra-micasense-rededge-p-payload-9n6
8597214527828	wingtra-one-package-rx1rii-ppk-soft-58b
8602225049940	hikmicro-thunder-20-zoom-th50z-term-q8h
8602226000212	hikmicro-thunder-20-zoom-tq60z-term-d27
8602231308628	nanlite-trolly-case-fr-forza-720720-cns
8602231865684	smallrig-2495-fllbar-skruvmejsel-ki-sle
8602232619348	smallrig-3259-compact-fluid-head-ch-eds
8602233405780	smallrig-3666-baseplate-fr-sony-a7-zo2
8602235732308	smallrig-3168-batteriadapterplatta-y0j
8602238058836	think-tank-cable-management-5-v30-b-zhx
8602238681428	think-tank-cable-management-10-v30-0ob
8602239172948	think-tank-cable-management-20-v30-z9v
8602239598932	think-tank-cable-management-30-v30-jtf
8602240090452	think-tank-venturing-observer-m2-ro-8z7
8602240123220	think-tank-venturing-observer-l2-ro-3is
8602240188756	think-tank-clothing-cube-m-by-think-685
8602240221524	think-tank-clothing-cube-l-by-think-mo8
8602240287060	think-tank-shoe-cube-by-think-tank
8602240483668	think-tank-hydrophobia-eyepiece-for-sts
8602243236180	think-tank-venturing-observer-20l-b-xlw
8610792800596	dji-osmo-pocket-3
8610797617492	dji-osmo-pocket-3-black-mist-filter
8610799583572	dji-osmo-mini-tripod
8610800861524	dji-osmo-pocket-3-magnetic-nd-filte-f2u
8610802663764	dji-osmo-pocket-3-wide-angle-lens
8610804498772	dji-osmo-pocket-3-carrying-bag
8610804924756	dji-osmo-pocket-3-dji-care-refresh-sca
8610805219668	dji-osmo-pocket-3-dji-care-refresh-m7m
8610809282900	dji-osmo-pocket-3-creator-combo
8610810397012	dji-osmo-pocket-3-battery-handle
8610811674964	dji-osmo-pocket-3-expansion-adapter
8622530593108	jlid-pts4-lastkrok-matrice-300-matr-2nw
8628970881364	czi-matrice-300350-czi-c30n-vrmekam-fum
8642413625684	polaroid-boxvska-fr-now-och-i-2-sva-ud3
8642413855060	polaroid-boxvska-fr-now-och-i-2-spe-2wn
8642414018900	polaroid-boxvska-fr-now-och-i-2-mul-6nd
8642414412116	polaroid-boxvska-fr-now-och-i-2-vit-ghy
8642416640340	polaroid-nu-gen-2-e-box-svart-golde-bbm
8642421686612	polaroid-vska-fr-go-black
8642422178132	polaroid-vska-fr-go-spectrum
8642422473044	polaroid-vska-fr-go-multi
8642422735188	polaroid-vska-fr-go-vit
8642423161172	polaroid-vska-fr-now-svart
8642423619924	polaroid-vska-fr-now-white
8642424996180	polaroid-ripstop-ryggsck-svartmulti-ik0
8642430370132	polaroid-tpu-hinkvska-svart
8642430632276	polaroid-tpu-hinkvska-rd
8642430927188	polaroid-kamerarem-flat-svart-vit
8642431189332	polaroid-silikonkamera-skydd-fr-go-4k0
8642431811924	polaroid-silikonkameraskal-fr-go-ye-e0d
8642432139604	polaroid-silikonkamera-fr-go-skin-o-lvl
8642432598356	polaroid-keps-5-panel-rd
8642432827732	polaroid-svart-mssa
8642433155412	polaroid-mssa-rd
8642433679700	polaroid-hinkhatt-rd
8642434040148	polaroid-cap-go-svart
8642434433364	polaroid-cap-go-rd
8642434924884	saramonic-vmiclink5-trdlst-system-t-mex
8642437644628	smallrig-4396-mobilvideobur-fr-ipho-h07
8642439709012	smallrig-4398-mobil-videokit-enkel-qrb
8642440200532	smallrig-4391-mobilvideobur-fr-ipho-ix9
8642440593748	smallrig-4392-mobilvideokit-dubbel-av4
8642442068308	smallrig-4395-universell-montering-zme
8642443903316	smallrig-4403-sidohandtag-med-snabb-llg
8642444656980	smallrig-4406-audio-enkel-adapter-t-ubb
8642446393684	think-tank-presspass-20-crossbody-s-rg5
8642448621908	think-tank-presspass-sling-bag-by-t-7zi
8642450227540	vallerret-skadi-zipper-mitt-lrs-sva-xmv
8642451407188	vallerret-skadi-zipper-mitt-lrs-sva-eyg
8642451865940	vallerret-skadi-zipper-mitt-lrs-sva-opx
8642452357460	vallerret-skadi-zipper-mitt-lrs-sva-o5f
8642453111124	vallerret-skadi-zipper-mitt-lrs-sva-hyi
8642453700948	vallerret-skadi-zipper-mitt-lrs-sva-ktx
8662699540820	bw-dji-air-3-outdoor-case-typ-3000-x2l
8662700786004	bw-dji-air-3-outdoor-case-typ-3000-8fw
8662701179220	bw-dji-air-3-outdoor-case-typ-3000-h4u
8662701375828	bw-outdoor-case-typ-1000-utan-inred-g81
8662701572436	bw-outdoor-case-typ-2000-bronsgrn-u-abr
8662701769044	bw-outdoor-case-typ-3000-bronsgrn-u-r5g
8662701932884	bw-outdoor-case-typ-4000-utan-inred-opu
8662702424404	bw-outdoor-case-typ-5000-utan-inred-lze
8662703079764	bw-outdoor-case-typ-5040-utan-inred-hkl
8662703571284	bw-outdoor-case-typ-5500-utan-inred-ntc
8662704128340	bw-outdoor-case-typ-6000-bronsgrn-u-1tf
8662704587092	bw-outdoor-case-typ-6040-utan-inred-lni
8662704816468	bw-outdoor-case-typ-6700-utan-inred-oo5
8662705078612	bw-outdoor-case-typ-6800-bronsgrn-u-cwo
8662705373524	bw-outdoor-case-typ-7800-utan-inred-cc6
8662705406292	bw-outdoor-case-typ-500-bronsgrn-me-sw7
8662705570132	bw-outdoor-case-typ-1000-bronsgrn-m-7fs
8662705668436	bw-outdoor-case-typ-2000-bronsgrn-m-hi7
8662705865044	bw-outdoor-case-typ-3000-bronsgrn-m-mch
8662706061652	bw-outdoor-case-typ-4000-bronsgrn-m-em8
8662706192724	bw-outdoor-case-typ-5000-bronsgrn-m-070
8662706422100	bw-outdoor-case-typ-5040-bronsgrn-m-355
8662706553172	bw-outdoor-case-typ-5500-bronsgrn-m-ofc
8662706749780	bw-outdoor-case-typ-6000-bronsgrn-m-4ix
8662706815316	bw-outdoor-case-typ-6040-bronsgrn-m-xwp
8662706946388	bw-outdoor-case-typ-6700-bronsgrn-m-yzj
8662707241300	bw-outdoor-case-typ-6800-med-inredn-i0h
8662707568980	bw-outdoor-case-typ-7800-bronsgrn-m-ag3
8662707634516	bw-outdoor-case-typ-1000-bronsgrn-m-ccv
8662707765588	bw-outdoor-case-typ-2000-bronsgrn-m-gcr
8662707929428	bw-outdoor-case-typ-3000-bronsgrn-m-27f
8662707994964	bw-outdoor-case-typ-4000-bronsgrn-m-ivp
8662708093268	bw-outdoor-case-typ-5000-med-delnin-9c3
8662708322644	bw-outdoor-case-typ-5500-bronsgrn-m-0o1
8662708486484	bw-outdoor-case-typ-6000-bronsgrn-m-5f3
8662708748628	bw-outdoor-case-typ-6700-bronsgrn-m-0c4
8662708912468	bw-outdoor-case-typ-6800-bronsgrn-m-pj8
8662709371220	bw-apple-macbook-pro-16-tumoutdoor-fn8
8662709829972	chasing-innovation-dory-flash-pack
8662709895508	hikmicro-thunder-20-gonstycke-hm-th-o21
8662711533908	kupo-090-click-stand-med-avtagbar-m-qre
8662711828820	kupo-092-baby-stand-frlngning-med-3-se8
8662713139540	kupo-017-super-riser-column-13-till-ocy
8662715007316	kupo-045-medium-stativ
8662715334996	nanlite-pavotube-ii-6c-kit-med-eggc-lpy
8662715662676	nanlite-pavotube-t8-7x-2-ljuskit
8662718021972	smallrig-2957-hdmi-kabel-ultra-slim-bbn
8662720774484	smallrig-kit-rc-450d-cob-light-rekt-u77
8662721003860	smallrig-kit-rc-450b-cob-light-rekt-f8d
8662721233236	smallrig-kit-rc-450d-cob-light-soft-4pz
8662721528148	smallrig-kit-rc-450b-cob-ljus-softb-qev
8662723330388	yololiv-yolobox-ultra-smart-portabe-ggp
8662723854676	smallrig-3757-krabbformad-klmma-med-gnb
8662724280660	smallrig-4473-special-mobile-video-c8i
8662724641108	smallrig-4407-special-mobile-video-wk6
8662724739412	smallrig-kit-rc-350d-cob-ljus-rc-12-lxx
8662724772180	smallrig-kit-rc-350b-cob-light-rc-1-8jc
8662724870484	smallrig-kit-rc-350d-cob-light-soft-ks8
8662724968788	smallrig-kit-rc-350b-cob-light-soft-are
8662725034324	smallrig-kit-rc-350d-cob-light-soft-6cw
8662725198164	smallrig-kit-rc-350b-cob-light-soft-uv9
8662725394772	smallrig-kit-rc-350d-cob-light-soft-0z8
8662725591380	smallrig-kit-rc-350b-cob-ljus-rekta-p74
8662725656916	smallrig-kit-rc-350d-cob-light-soft-z12
8662725787988	smallrig-kit-rc-350b-cob-light-soft-fgh
8662725886292	smallrig-kit-rc-450d-cob-ljus-rc-22-b8s
8662726050132	smallrig-kit-rc-450b-cob-light-rc-2-qrm
8662726148436	smallrig-kit-rc-450d-cob-light-soft-sef
8662726312276	smallrig-kit-rc-450b-cob-light-soft-dvf
8662726377812	smallrig-kit-rc-450d-cob-light-soft-vco
8662726443348	smallrig-kit-rc-450b-cob-light-soft-iz5
8664561189204	dronelink
8664603885908	sunnylife-mcuv-filter-fr-dji-mini-4-q8j
8664603951444	sunnylife-nd8-filter-fr-dji-mini-4-0c7
8664603984212	sunnylife-nd16-filter-fr-dji-mini-4-mro
8664604049748	sunnylife-nd32-filter-fr-dji-mini-4-nr0
8664604115284	sunnylife-nd256-filter-fr-dji-mini-pzq
8664604148052	sunnylife-nd8pl-filter-fr-dji-mini-1wb
8664604180820	sunnylife-nd16pl-filter-fr-dji-mini-uo6
8664604213588	sunnylife-nd32pl-filter-fr-dji-mini-0w9
8664604279124	sunnylife-nd64pl-filter-fr-dji-mini-qtj
8664604344660	sunnylife-cpl-filter-fr-dji-mini-4-27l
8664604377428	sunnylife-4-pack-nd-filter-fr-dji-m-1a8
8664604475732	sunnylife-gimbalskydd-fr-dji-mini-4-vog
8664604541268	sunnylife-linsskydd-fr-dji-mini-4-p-kao
8664604639572	sunnylife-landningsstll-fr-dji-mini-3x5
8664604672340	sunnylife-vska-fr-dji-mini-4-pro
8664604705108	sunnylife-dji-mini-4-pro-vska-easy-275
8664604836180	sunnylife-dji-mini-4-pro-vska-combo-ygz
8664604868948	sunnylife-4-pack-ndpl-filter-fr-dji-pih
8664605786452	insta360-one-rs-twin
8664606802260	hprc-transportvska-fr-mini-4-pro
8664607064404	transportvska-fr-mavic-3-mavic-3-c-znk
8675968713044	delkin-trail-cam-hyperspeed-microsd-h3p
8675968844116	hikmicro-panther-20-lrf-pq35l-termi-81d
8675969368404	hollyland-mars-m1-enhanced-55-trdls-ex4
8675969401172	hollyland-mars-m1-enhanced-dubbel-5-i4p
8675969466708	lexar-pro-1800x-sdxc-u3-v60-uhs-ii-a1r
8675969597780	lexar-microsd-gold-uhs-ii-r280-w100-j9p
8675969892692	lexar-microsd-gold-uhs-ii-r280-w100-cmz
8675971727700	nanlite-pavoslim-60b-led-panel
8675971989844	nanlite-pavoslim-120b-led-panel
8675972219220	nanlite-pavoslim-60c-rgbww-led-pane-5s4
8675972383060	nanlite-pavoslim-120c-rgbww-led-pan-485
8675972579668	polaroid-duochrome-film-fr-600-svar-wxj
8675972677972	polaroid-duochrome-film-fr-8x10-sva-6dl
8675973103956	smallrig-843-enkel-rod-clamp-15mm
8675973235028	smallrig-859-big-double-head-stud-m-g9d
8675973300564	smallrig-871-15mm-kolfiberstav-45cm-u3q
8675973398868	smallrig-1050-15mm-aluminiumlegerin-9tk
8675974021460	smallrig-1093-multi-mount-platta-me-6g7
8675974152532	smallrig-1125-universell-klmma-med-eq5
8675974349140	smallrig-1262-dubbelhuvud-konverter-1rc
8675975332180	smallrig-1720-handtag-qr-cheese
8675975627092	smallrig-1875-ball-head-med-avtagba-107
8675977265492	smallrig-1960-cold-shoe
8675977593172	smallrig-1961-top-handle-nato-fr-re-ini
8675977625940	smallrig-2055-19mm-till-15mm-rod-cl-fow
8675978445140	smallrig-2113-evf-mount-med-nato-rl-sle
8675978641748	smallrig-2152-15mm-universell-linss-zd5
8675979002196	smallrig-2161-clamp-med-dubbel-ball-3po
8675979231572	smallrig-2228-cage-fr-fujifilm-x-t2-7rd
8675979493716	smallrig-2233-cage-fr-feelworld-t7-n8f
8675979592020	smallrig-1810-handgrepp-arri-rosett-4eo
8675979886932	smallrig-1889-cage-fr-sony-a6500a63-0wv
8675979985236	smallrig-2129-bur-fr-nikon-d850
8675980280148	smallrig-2213-verktygssats-med-skru-epi
8675980640596	smallrig-2363-folding-skruvmejsel-k-32d
8675982934356	smallrig-2314-handtag-fr-dji-ronin-msb
8675983163732	smallrig-2342-cold-shoe-adapter-fr-u86
8675984081236	smallrig-2304-dovetail-plate-20cm-l-yrm
8675984474452	smallrig-2270-nato-handtag-fr-samsu-k2g
8675984736596	smallrig-2299-solhuva-fr-bmpcc-4k-6-6ek
8675984998740	smallrig-2640-arri-loceringshandtag
8675985129812	smallrig-2644-15mm-lws-universal-le-khm
8675985260884	smallrig-2757-vnster-sida-trgrepp-m-tv5
8675985785172	smallrig-2769-lens-adapter-std-fr-c-t9y
8675990962516	smallrig-2504-batteriadapterplatta-kml
8675992207700	smallrig-2819-roterbart-cold-shoe-m-v0o
8675992371540	smallrig-2978-trsida-handtag-nato-m-mro
8675992535380	smallrig-sa0008-handhllna-tillbehr-q45
8675992699220	smallrig-fx0004-ny-design-bur-kit-f-m8w
8675993354580	smallrig-2794-kamera-nackrem-lite
8675994861908	smallrig-2996-tv-i-ett-fste-fr-wl-m-nd1
8675995124052	smallrig-3086-l-bracket-fr-fujifilm-n9j
8675995779412	smallrig-2917-ltt-bur-fr-a7r-iv-a9i-lpl
8675996205396	smallrig-3034-panoramisk-bollhuvud
8675996434772	smallrig-3139-cage-kit-fr-canon-r5r-j63
8675997188436	smallrig-3193-halvbur-fr-sony-a7s-i-f7j
8675999777108	smallrig-3157-led-ljus-pix-m160-rgb-h12
8676001546580	smallrig-3489-simorr-vibe-p96l-rgb-g2w
8676002136404	smallrig-3574-frgglad-flygtillbehrs-2np
8676002726228	smallrig-3711-bur-fr-dji-action-2
8676003610964	smallrig-3707-basiskit-fr-canon-eos-p5q
8676004135252	smallrig-3828-simorr-vlog-kit-vigor-8js
8676004168020	smallrig-3903-flexibelt-vlog-stativ-cct
8676004692308	smallrig-3824-np-fz100-batteri-ladd-ilf
8676005151060	smallrig-4390-dmx-adapter
8676005544276	smallrig-4112-universell-roterande-qw1
8676005839188	smallrig-4317-cage-kit-night-eagle-ltr
8676006232404	smallrig-4316-cage-night-eagle-fr-n-dtb
8676006920532	smallrig-4323-v-mount-batteri-monte-rcr
8676008034644	smallrig-4340-np-f-batteri-adapter-vwd
8676009345364	smallrig-4341-np-f-batteriadapter-m-szs
8676009869652	smallrig-4246-fresnel-lens-ra-f150
8676037493076	smallrig-4379-ljusstativ-ra-s200
8697030082900	sunnylife-mini-3-propellerskydd
8697030443348	sunnylife-dji-rc-2-solskydd
8697030771028	sunnylife-vikbar-landningsplatta-80-qrt
8697031164244	sunnylife-vikbar-landningsplatta-11-i3d
8697031393620	sunnylife-dji-rc-plus-skrmskydd-2-p-cbj
8697031688532	sunnylife-dji-rc-plus-nackrem
8697032048980	sunnylife-dji-rc-pro-solskydd
8697032278356	sunnylife-dji-rc-solskydd
8697032540500	sunnylife-rc-n1rc-n2-solskydd-spaks-4ok
8697032835412	sunnylife-dji-air-3-propellerskydd-nwj
8697033130324	sunnylife-dji-rc-plus-solskydd-spak-dxc
8697033261396	dji-mavic-3et-propellrar-fr-c2-klas-eam
8697511706964	bw-dji-mini-4-prooutdoor-case-typ-2-9sn
8697512231252	feelworld-video-mixer-l4
8697512264020	feelworld-monitor-sh7
8697512296788	feelworld-monitor-lut11h
8697512362324	feelworld-monitor-l7s
8697513148756	kupo-ksb-011-radio-brstvska
8697513771348	kupo-013-fllbart-ministaiv
8697515147604	lexar-microsd-high-endurance-micros-oy4
8697515344212	lexar-microsd-high-endurance-micros-0jn
8697516032340	lexar-microsd-high-endurance-micros-ia4
8697518129492	smallrig-3601-drop-in-hawklock-mini-jqt
8697518948692	smallrig-3751-video-stativ-heavy-du-d91
8697519341908	smallrig-3755-krabbformad-klmma
8697520193876	smallrig-4119-bur-fr-dji-osmo-actio-bbx
8697520488788	smallrig-4197-sling-handle-fr-dji-r-0xo
8697520587092	smallrig-4358-mini-parabolisk-softb-abw
8697521078612	smallrig-4353-freespeed-resestativ
8697521242452	hikmicro-thunder-20-te19-termisk-si-ta7
8697521668436	hikmicro-thunder-20-tq35-termisk-si-mu4
8697522159956	hikmicro-thunder-20-tq50-termisk-si-2p6
8697522422100	hikmicro-thunder-20-klipp-p-adapter-42j
8697522585940	hikmicro-thunder-20-klipp-p-adapter-soq
8697522651476	hikmicro-thunder-20-klipp-p-adapter-qru
8697522782548	hikmicro-thunder-20-clipon-adapter-ofk
8697522946388	hikmicro-thunder-20-klmma-adapter-6-j8i
8697523011924	hikmicro-thunder-20-batteriladdare-eq4
8697562366292	hikmicro-thunder-20-te25-termisk-si-o1a
8699399307604	dronelink-growth
8707014394196	4hawks-raptor-20m-extension-cable
8707014492500	4hawks-raptor-15m-extension-cable
8707014590804	4hawks-raptor-10m-extension-cable
8707014754644	4hawks-raptor-5m-extension-cable
8707014820180	4hawks-raptor-3m-extension-cable
8707014918484	4hawks-raptor-2m-extension-cable
8707014951252	4hawks-raptor-1m-extension-cable
8707015180628	4hawks-raptor-xr-fr-dji-rc-plus
8707016393044	anker-prime-27650mah-power-bank-250-m90
8707016720724	anker-prime-20000mah-power-bank-200-55n
8707017015636	anker-737-power-bank-powercore-24k-oud
8707018031444	anker-prime-27650mah-power-bank-250-8zg
8712357413204	insta360-ace-pro
8712357577044	insta360-aceace-pro-vertical-horizo-ocr
8712357806420	insta360-aceace-pro-type-c-to-c-cab-wwq
8712357970260	insta360-aceace-pro-battery
8712358166868	insta360-aceace-pro-cold-shoe
8712358363476	insta360-aceace-pro-standard-mount
8712358494548	insta360-aceace-pro-fast-charge-hub-om2
8712358756692	insta360-aceace-pro-mic-adapter
8712359084372	insta360-aceace-pro-quick-reader
8712359248212	insta360-aceace-pro-carry-case
8712359412052	insta360-aceace-pro-float-guard
8712359608660	insta360-ace-pro-nd-filter-set
8712359706964	insta360-ace-pro-screen-protector
8712359903572	insta360-ace-pro-usb-cover
8712360264020	insta360-ace-pro-dive-case
8727923458388	dji-p-tap-till-dc-in-power-cable-05-ajr
8727923556692	dji-agras-ac-cable-for-battery-char-nco
8727923687764	dji-zenmuse-l2-care-enterprise-upgr-6a1
8727924146516	dji-matrice-350-rtk-care-enterprise-06v
8727924277588	dji-matrice-350-rtk-maintenance-ser-chq
8727924441428	dji-matrice-350-rtk-maintenance-ser-tvd
8727924638036	dji-matrice-350-rtk-maintenance-ser-kd7
8727924769108	dji-mavic-3e-maintenance-service-ba-kyg
8727925260628	dji-high-bright-remote-monitor-cont-8s1
8727925981524	ecoflow-micro-inverter-800w
8727926243668	insta360-dual-suction-cup-car-mount
8727926276436	insta360-triple-suction-cup-car-mou-him
8727926604116	insta360-motorcycle-accessories-bun-tso
8727926899028	insta360-3-prong-to-14-adapter
8727927357780	pgytech-mantispod-20-vlogging-tripo-t9x
8727927947604	pgytech-mantispod-20-vlogging-tripo-dtp
8727928832340	pgytech-mantis-rc-m1-wireless-remot-p6s
8727930569044	pgytech-handgrip-mount
8727931552084	pgytech-osmo-action-34-camera-cage
8727932141908	pgytech-caplock-action-camera-quick-2hb
8727932862804	pgytech-caplock-action-camera-ball-h83
8727933583700	pgytech-caplock-action-camera-exten-uhw
8727934402900	pgytech-caplock-action-camera-magne-0a9
8727934566740	pgytech-caplock-action-camera-handl-ewx
8727934796116	pgytech-action-camera-suction-cup-m-0u3
8727935091028	pgytech-3-arm-suction-mount-with-ca-h9o
8727935189332	pgytech-action-camera-helmet-mount-wjo
8727935353172	pgytech-caplock-mantispod-z-tripod-lq0
8727935942996	pgytech-caplock-action-camera-neck-tnu
8727936893268	pgytech-camera-shoulder-strap-dark-7ni
8727937581396	pgytech-camera-shoulder-strap-rock-5xn
8727938072916	pgytech-camera-wrist-strap-oak-gray-7cf
8727938367828	pgytech-backpack-camera-straps
8727938597204	pgytech-quick-beads
8727938892116	pgytech-quick-connectors-with-quick-cyw
8727939645780	pgytech-createmate-high-speed-card-ukm
8727940104532	pgytech-quick-release-clamp-for-ron-24y
8727940366676	pgytech-pgytech-protective-wrap-gee-jh6
8727940792660	pgytech-onemo-sling-black-7l
8727941120340	pgytech-onemo-sling-black-11l
8727941775700	pgytech-backpack-for-dji-ronin-4d
8727942365524	pgytech-onemo-2-backpack-gray-camo-gt5
8727943905620	pgytech-onego-air-backpack-20l-obsi-wzj
8727944659284	pgytech-onego-air-backpack-25l-obsi-myt
8727945380180	pgytech-tech-organizer-twilight-bla-nj7
8727946035540	pgytech-tech-organizer-moss-green
8727946658132	pgytech-tech-organizer-smoky-grey
8727947149652	pgytech-mini-tech-organizer-twiligh-m2g
8727947772244	pgytech-mini-tech-organizer-moss-gr-bnd
8727948198228	pgytech-mini-tech-organizer-smoky-g-wvy
8727949050196	pgytech-carrying-case-fr-mavic-3
8727949410644	pgytech-uv-filter-fr-dji-mavic-3-pr-9tr
8727949508948	pgytech-circular-polarizer-filter-f-0ba
8727949607252	pgytech-pgytech-ndpl-filters-fr-dji-yqd
8727949771092	pgytech-uv-filter-fr-dji-mini-3
8727949967700	pgytech-cpl-filter-fr-dji-mini-3
8727950098772	pgytech-nd-filter-set-fr-dji-mini-3-z97
8727950262612	pgytech-cpl-nd-pl-filter-set-fr-dji-1a0
8727950360916	pgytech-uv-filter-fr-dji-mavic-3-cl-h8v
8727950524756	pgytech-cpl-filter-fr-dji-mavic-3-c-w5q
8727950688596	pgytech-variable-nd-filter-fr-dji-m-t5z
8727950721364	pgytech-variable-nd-filter-for-dji-w4p
8727951409492	pgytech-propeller-guards-for-dji-ma-7bw
8727951901012	pgytech-dji-rc-pro-protector
8727952458068	pgytech-osmo-mobile-magsafe-adapter
8727952851284	pgytech-backpack-rain-cover-25l
8727953375572	polarpro-vivid-collection-ndpl-filt-8xr
8727953768788	polarpro-shutter-collection-nd-filt-xcp
8727954030932	polarpro-95mm-peter-mckinnon-mist-e-zey
8727954227540	polarpro-helix-maglock-burkard-edit-88o
8727956029780	polarpro-nano-4x5-matte-box-with-11-8qd
8727956619604	polarpro-basecamp-4-x-565-filter-ad-sco
8727956980052	polarpro-armor-uv-filter-4-x-565-w2l
8727957307732	polarpro-bluemorphic-4-x-565-filter-66q
8727957635412	polarpro-goldmorphic-4-x-565-filter-0uu
8727957864788	polarpro-silvermorphic-4-x-565-filt-npk
8727958389076	polarpro-mist-light-18-4-x-565-filt-iod
8727958683988	polarpro-mist-14-4-x-565-filter
8727958880596	polarpro-mist-heavy-12-4-x-565-filt-qof
8727959175508	polarpro-nd2-4-x-565-filter
8727959339348	polarpro-nd4-4-x-565-filter
8727959535956	polarpro-nd8-4-x-565-filter
8727959765332	polarpro-nd16-4-x-565-filter
8727960158548	polarpro-nd64-4-x-565-filter
8727960518996	polarpro-nd128-4-x-565-filter
8727960781140	polarpro-nd256-4-x-565-filter
8727961403732	polarpro-circular-polarizer-filter-ydz
8727961862484	polarpro-vivid-collection-filter-se-3tg
8727962321236	polarpro-shutter-collection-filter-ggo
8744539980116	dji-zenmuse-x9-8k-gimbal-camera
8744541454676	dji-ronin-4d-8k-combo
8779342250324	master-airscrew-dji-air-3-stealth-u-3eg
8779342578004	master-airscrew-dji-air-3-stealth-u-hj4
8779343593812	master-airscrew-dji-air-3-stealth-u-s45
8779345166676	master-airscrew-dji-air-3-stealth-u-8i0
8779346051412	master-airscrew-dji-mini-3-pro-mini-04p
8779346575700	master-airscrew-dji-mini-3-pro-mini-ys2
8779346739540	master-airscrew-dji-mini-3-pro-mini-lsz
8779347165524	master-airscrew-dji-mavic-3-stealth-nou
8779347427668	master-airscrew-dji-mavic-3-stealth-v6x
8779347657044	master-airscrew-dji-mavic-3-stealth-4mt
8779347886420	master-airscrew-dji-mavic-3-stealth-8jh
8779348181332	master-airscrew-dji-mavic-3-stealth-6ao
8798528536916	dji-mic-2-2-tx-1-rx-charging-case-rzq
8798530634068	dji-mic-2-1-tx-1-rx
8798531420500	dji-mic-2-transmitter-shadow-black-6xd
8798532108628	dji-mic-2-transmitter-pearl-white
8798532731220	dji-mic-2-charging-case
8798557438292	dji-lavalier-mic
8814157037908	hprc-transportvska-fr-dji-mavic-2-p-b3d
8814157693268	sunnylife-handledsrem-till-osmo-mob-89p
8814157988180	autel-transportvska-fr-autel-evo-2-ycl
8814158217556	4hawks-dji-rc-plus-range-extender-r-fwr
8814158512468	emlid-utbytesspets-till-lodstav-st1-r22
8814158709076	dji-mini-hdmi-till-micro-hdmi-cable-aji
8814159331668	autel-billaddare-till-autel-evo-2
8814159429972	sunnylife-telefonhllare-fr-osmo-poc-5gf
8814159790420	autel-propellerskydd-fr-autel-evo-2-lb0
8814160314708	dji-matrice-600-propellrar-2-pack-c-m3r
8814160675156	dji-extern-gps-modul-fr-matrice-200-wgr
8814160970068	dji-inspire-2-part-23-vibration-abs-w7t
8814161396052	dji-mavic-2-batterihubb
8814161854804	sunnylife-kamera-lampfste-till-mavi-68u
8814162116948	sunnylife-linsskydd-till-mavic-air-gv7
8814162968916	pgytech-fjrrkontrollspnne-fr-dji-ma-92v
8814164574548	dji-propellerskydd-fr-tello
8814165295444	dji-propellrar-fr-mavic-air-2-air-2-yl3
8814165524820	dji-mavic-2-propeller-1xccw
8814165721428	dji-mavic-2-propeller-1xcw
8819871744340	dji-dji-props-2112-high-altitude-m3-fpo
8819871940948	dji-matrice-30t-renewed-dji-care-en-2tf
8819872039252	insta360-flow-smartphone-gimbal-sta-u5h
8819872104788	dji-zenmuse-x9-e-mount-unit
8819872170324	dji-transmission-high-gain-antenna-o4j
8819872334164	dji-zenmuse-p1-care-enterprise-basi-mkm
8819991740756	atomos-5200mah-4-cells-batteri-np-7-qtb
8819991871828	energizer-panasonic-lithium-cr3032-g10
8819991937364	feelworld-remote-controller-for-tp2-kwz
8819992297812	hollyland-svampantenn-fr-mars-och-c-5hb
8819994984788	smallrig-2832-minneskortsfodral
8819995345236	smallrig-3043-ultra-slim-4k-hdmi-ka-92s
8819995771220	smallrig-3730-drop-in-hawklock-mini-0pf
8819999048020	smallrig-4363-omvnd-vikbar-live-str-m9p
8819999277396	smallrig-4456-live-desktop-kamerafs-0ii
8820000260436	smallrig-4289-aluminium-mini-stativ-nhc
8820000588116	smallrig-4382-metall-telefonhllare-gxy
8820001046868	smallrig-4347-sugkopp-monteringsstd-ttc
8820001472852	smallrig-4248-wrist-support-fr-dji-eal
8820001833300	smallrig-4301-telefonhllare-fr-dji-ql3
8820002324820	think-tank-presspass-20-crossbody-s-ppa
8820005437780	kupo-kgc-012r-gripvagn-fr-12-st-c-s-4ye
8820006289748	nanlite-justerbar-iris-diafragma-fr-h76
8820007436628	nanlite-bouncer-med-sugkopp-fr-ljus-m8j
8820007895380	nanlite-bouncer-med-sugkopp-fr-gldl-x73
8820007928148	nanlite-ersttnings-sb-pr-120-q-exte-f9u
8820007960916	nanlite-ersttning-sb-pr-120-q-exter-g3t
8820007993684	nanlite-brkpa-fr-sb-pr-120-q-softbo-yhv
8820008583508	smallrig-2786-sidohandtag-fr-stabil-7ai
8820011073876	smallrig-3861-vibe-p96l-rgb-videobe-ife
8820013007188	think-tank-hydrophobia-eyepiece-for-e3u
8820013367636	bw-dji-osmo-pocket-3-creator-comboo-zjc
8820013760852	bw-dji-osmo-pocket-3-creator-comboo-c3t
8820014055764	bw-dji-osmo-pocket-3-creator-comboo-mk7
8820014186836	bw-dji-osmo-pocket-3-creator-comboo-pgu
8820014285140	bw-dji-osmo-pocket-3-creator-comboo-qy4
8820014416212	bw-osmo-pocket-3-creator-combooutdo-zu1
8820014547284	bw-dji-osmo-pocket-3-creator-comboo-o5e
8820014711124	bw-dji-osmo-pocket-3-creator-comboo-gzr
8820014973268	hikmicro-habrok-hh35l-850nm
8820017693012	hollyland-mars-400s-pro-ii-sdihdmi-ikz
8820017725780	hollyland-35mm-till-dubbel-xlr-ljud-fkx
8820018774356	vallerret-merino-wool-crew-sock-gre-m8l
8820019921236	vallerret-merino-wool-crew-sock-gre-iek
8820020150612	nitecore-18650-2600mah-teruppladdni-jbs
8820020379988	nitecore-18650-3400mah-terladdnings-mhr
8820021231956	atomos-ninja-och-atomos-connect-bun-blv
8820021264724	atomos-ninja-ultra-och-atomos-conne-8bd
8820021297492	atomos-batterieliminatorstll-fr-nin-h4n
8820021363028	atomos-universellt-tillbehrsset
8820021395796	atomos-master-caddy-iii-5-pack
8820022608212	lexar-633x-microsdhcsdxc-with-adapt-99l
8820023394644	saramonic-mikrofonklmma-fr-dk3-seri-7gi
8820025262420	smallrig-4362-mikevisuals-frlngning-f4x
8820025360724	smallrig-4475-video-tripod-kit-ct21-h43
8820025459028	smallrig-4529-silikon-diffuser-fr-r-3pa
8820025819476	smallrig-4505-v-mount-batteri-fste-22t
8820026179924	smallrig-4360-mini-l-formad-monteri-nak
8820030308692	hikmicro-alpex-a50el-4k-tube-scope-0ef
8820030406996	hikmicro-lenscover-condor-35mm
8820030439764	hikmicro-condor-50mm-linslock
8820030472532	hikmicro-gummikikare-condor-hm-cond-a5e
8820030505300	hollyland-mars-m1-enhanced-mars-4k-bsc
8820031455572	hollyland-lark-m2-lightning-trdls-l-x5u
8820031783252	hollyland-lark-m2-kamera-trdls-lava-8wq
8820032897364	kupo-012-baby-stand-frlngning-12-tu-ta4
8820034306388	seetec-monitor-wpc215
8820034535764	smallrig-3840-52mm-filter-ring-adap-230
8820036796756	smallrig-4386-magease-magnetisk-vnd-98q
8820037026132	smallrig-4388-magease-magnetiskt-cp-v7z
8820037189972	smallrig-4468-triple-magnetisk-sugk-oaw
8820038959444	hollyland-solidcom-c1-pro-trdbunden-246
8859701805396	dronarkurs-i-termografering
8862251352404	flycart-30-winch-system-kit
8862251417940	flycart-30-batteri-db2000
8862251450708	flycart-30-dji-rc-plus
8862251516244	flycart-30-batteristation-fr-db200-r2d
8862251876692	dji-flycart-30
8862259413332	matrice-350-zenmuse-l2-guldpaket
8872906129748	skapa-foeretagskonto
8873371173204	dronarkurs-heldag
8877286818132	bluemark-dronebeacon-db120-remoteid-viv
8889095684436	hikmicro-lynx-le10s-termisk-monokul-bq6
8889096700244	hikmicro-lynx-le15s-termisk-monokul-l1l
8889099387220	hikmicro-lynx-lh25-20-termisk-monok-8jh
8889100239188	hikmicro-alpex-a50e-4k-tube-scope-k-clc
8889100271956	hikmicro-alpex-a50el-4k-tubkikare-k-xm9
8889100370260	hollyland-35mm-till-xlr-ljudkabel
8889100632404	nanlite-forza-60c-rgblac-led-3-ljus-1ku
8889100927316	nanlite-fs-200b-bi-color-2-ljuskit-elz
8889101353300	nanlite-fs-300b-bi-colour-2-ljuskit-3i8
8889102074196	nanlite-magnetisk-basadapter-med-14-5ty
8889105219924	nanlite-batteri-v-mount-148v-300wh
8889105973588	polaroid-hi-print-gen-2-svart
8889106071892	polaroid-hi-print-gen-2-patron-20-a-u68
8889106202964	polaroid-hi-print-gen-2-patron-60-a-kxp
8889106334036	polaroid-hi-print-gen-2-e-box-svart
8889106628948	smallrig-1993-universal-shotgun-mic-go4
8889106792788	smallrig-2956-hdmi-kabel-ultra-slim-bor
8889107251540	smallrig-3565-allt-i-ett-4-armad-su-3bo
8889107677524	smallrig-4063-v-mount-batteri-monte-1tr
8889107939668	smallrig-4253-d-tap-till-np-fz100-d-9lc
8889110167892	smallrig-4287-professionell-videohu-uaq
8889112035668	smallrig-4369-smartphone-vlog-stati-i3i
8889112330580	smallrig-4367-smartphone-vlog-stati-jep
8889112592724	smallrig-4366-lttlastad-snabbvxlar-3sz
8889112789332	smallrig-4364-smartphone-vlog-tripo-hf3
8889113117012	smallrig-4117-mini-snabbkopplingsta-odg
8889113936212	think-tank-mirrorless-mover-5-v2-co-3yx
8889114591572	think-tank-mirrorless-mover-5-v2-ca-rgp
8889116459348	think-tank-mirrorless-mover-10-v2-c-b9b
8889117770068	think-tank-mirrorless-mover-10-v2-c-iqs
8889117966676	think-tank-mirrorless-mover-10-v2-m-1st
8889118228820	think-tank-mirrorless-mover-10-v2-c-15w
8889118589268	think-tank-mirrorless-mover-20-v2-i-zh2
8889118785876	think-tank-mirrorless-mover-20-v2-c-hd0
8889119572308	think-tank-mirrorless-mover-20-v2-c-c95
8889119768916	think-tank-mirrorless-mover-25-v2-i-i9j
8889120129364	think-tank-mirrorless-mover-25-v2-c-jq6
8889122292052	think-tank-mirrorless-mover-25-v2-m-2fi
8889123570004	think-tank-mirrorless-mover-25-v2-c-q7o
8889124356436	think-tank-mirrorless-mover-30-v2-c-gx9
8889124454740	think-tank-marine-blue-mirrorless-m-m5a
8889124585812	think-tank-mirrorless-mover-30-v2-c-939
8889125142868	think-tank-battery-holder-4-wallet-i5f
8889125503316	smallrig-3464-bur-fr-canon-eos-r5r6-kom
8889125732692	bw-cykeloutdoor-case-foldoncase
8889129894228	smallrig-4557-cage-retro-fr-fujifil-hks
8889129992532	smallrig-4558-lderfodral-kit-fr-fuj-0hb
8889130058068	smallrig-4559-tumgrepp-fr-fujifilm-98p
8977970692436	sunnylife-propellerskydd-till-dji-m-tkf
8978011914580	mavic-3t-renewed-dji-care-enterprise-basic-1-ar
8981680783700	hollyland-lark-max-duo-inklusive-2x-y3y
8981681799508	nanlite-fs-150b-bi-color-2-ljuskit-u0p
8981683929428	nanlite-dual-panel-kopplingskit-med-1b3
8981687664980	nanlite-batteri-v-mount-26v-489wh
8981692318036	polaroid-hi-print-gen-2-e-box-vit
8981693464916	smallrig-3203-batteriadapterplatta-fbv
8981696610644	smallrig-4269-dummy-batteri-med-str-2u6
8981701656916	think-tank-mirrorless-mover-5-v2-co-ge4
8981702574420	think-tank-mirrorless-mover-5-v2-ma-nhi
8981710340436	think-tank-marine-blue-mirrorless-m-hvq
8981717123412	think-tank-mirrorless-mover-30-v2-i-4fr
8981719122260	think-tank-battery-holder-2-wallet-ixm
8981720662356	energizer-vision-hd-metal-6aa-1500-rdb
8981726888276	smallrig-4555-l-formad-grepp-fr-fuj-gxh
8981728395604	smallrig-4566-thumb-grip-fr-fujifil-41t
8981728428372	bw-outdoor-case-typ-5000-fr-samyang-0bq
8981728526676	chasing-innovation-kit-gladius-mini-re0
8981728985428	hollyland-trdlst-tally-system-8-lju-70d
8981730328916	hollyland-trdlst-tally-system-4-lju-rvy
8981730525524	kupo-cxst01-axelrem-fr-click-stands-rrq
8981731311956	lexar-ssd-sl500-usb32-gen2x2-r2000-k08
8981732163924	lexar-ssd-sl500-usb32-gen2x2-r2000-44o
8981732819284	nanlite-babypin-hllare-fr-pavoslim-7yi
8981732917588	nanlite-universell-hllare-fr-pavosl-pj6
8981732983124	nanlite-pavoslim-75m-dc-kabel
8981736194388	seetec-monitor-p238-9hsd
8981736325460	smallrig-2896-bas-shoulder-kit
8981736718676	smallrig-3286-videobelysning-led-p9-lx4
8981736915284	smallrig-3660-l-bracket-fr-sony-a7-i98
8981737144660	smallrig-3845-52mm-magnetisk-filter-edq
8981737505108	smallrig-4265-kamera-batteri-usb-c-eek
8981737800020	smallrig-4465-pro-video-carbon-stat-qjz
8981737898324	smallrig-4280-led-video-light-cob-r-h2m
8981742059860	velbon-smartphone-holder-iii
9031982612820	dji-matrice-30t-care-enterprise-bas-mvr
9031983268180	dji-cellular-4g-dongel
9031983759700	phaseone-rsm-80mm-af-lins
9031984578900	phaseone-rsm-150mm-af-lins
9031987102036	phaseone-p3-100mp-fr-matrice-300350-ahe
9031989035348	dji-rs-4
9031990182228	dji-rs-4-pro
9031991460180	dji-rs-4-combo
9031992312148	dji-rs-4-pro-combo
9031993295188	dji-rs-bg70-high-capacity-battery-g-2dx
9031994835284	dji-rs-upper-quick-release-plate-20-l0w
9031997194580	dji-rs-lower-quick-release-plate-20-31t
9032001421652	dji-focus-pro-creator-combo
9032003387732	dji-focus-pro-all-in-one-combo
9032005255508	dji-focus-pro-motor
9032006173012	dji-focus-pro-lidar
9032007254356	dji-focus-pro-grip
9032009023828	dji-focus-pro-hand-unit
9032039268692	phaseone-rsm-35mm-lins
9032040972628	phaseone-p3-100mp-fr-matrice-300350-f6n
9032042381652	dji-rs-pro-lower-quick-release-plat-eaz
9032508604756	dji-avata-2
9032511193428	dji-rc-motion-3
9032513421652	dji-goggles-3
9032515420500	dji-fpv-remote-controller-3
9032517550420	dji-avata-2-batteri
9032519123284	dji-avata-2-propeller
9032523579732	dji-avata-2-batterihubb
9032527348052	dji-avata-2-nd-filterset-nd8-nd16-n-7na
9032529609044	dji-avata-2-sling-bag-vska
9032530002260	dji-avata-2-dji-care-refresh-1-r
9032530166100	dji-avata-2-dji-care-refresh-2-r
9032531640660	dji-avata-2-fly-more-combo-ett-batt-yud
9032533737812	dji-avata-2-fly-more-combo-tre-batt-y4o
9063658619220	dji-power-1000
9063659897172	dji-power-solar-panel-adapter-modul-p88
9063662387540	dji-zignes-120w-solar-panel
9063664157012	dji-power-sdc-till-matrice-30-serie-9cg
9063666483540	dji-power-sdc-till-dji-mavic-3-seri-dam
9063667499348	dji-power-sdc-till-dji-air-3-fast-c-xu5
9063667958100	dji-power-sdc-till-dji-inspire-3-fa-vms
9063668678996	dji-power-sdc-till-xt60-power-cable-7oh
9063669367124	dji-power-sdc-till-car-charger-plug-mkd
9063669956948	dji-power-1000-protective-storage-b-sv0
9063670907220	dji-power-car-power-outlet-till-sdc-99g
9063850312020	insta360-third-person-bike-handleba-f5j
9063850934612	insta360-2290mah-batteri-fr-x4-kame-992
9063851426132	insta360-x4-invisible-dive-case
9063851852116	insta360-carry-case-fr-x4
9063852409172	insta360-microphone-wind-muff-set-f-39u
9063853359444	insta360-utility-frame-fr-x4
9063854965076	insta360-thermo-grip-cover-fr-x4
9063856701780	insta360-standard-lens-guard-set-fr-cfp
9063858471252	insta360-premium-lens-guard-set-fr-ow8
9063859945812	insta360-usb-cover-fr-x4
9063860732244	insta360-fast-charge-hub-fr-x4
9063861158228	insta360-quick-reader-fr-x4
9063861944660	insta360-lens-cap-fr-x4
9063862370644	insta360-x4-camera
9064037876052	insta360-microphone-adapter-fr-x4
9064095547732	test
9072520855892	mavic-3m-guldpaket
9072521380180	mavic-3m-silverpaket
9105054433620	now-gen-2-e-box-svart
9139305218388	emlid-pix4d-emlid-scanning-kit-stan-xcs
9139305808212	pix4d-pix4dcatch
9143384113492	dji-zenmuse-h30
9143384867156	dji-zenmuse-h30t-infrared-density-f-hbh
9143385522516	dji-zenmuse-h30t
9187413197140	insta360-flexible-adhesive-mount
9187415327060	ecoflow-50-tilt-mount-bracket
9187415556436	dji-care-enterprise-basic-m30t-1r
9187416244564	insta360-head-strap
9187418440020	insta360-x3-horizontal-action-mount
9187419357524	insta360-selfie-stick-sleeve-1m
9187419881812	dji-matrice-3d3td-batteri
9187420012884	dji-rc-pro-enterprise
9187420307796	dji-m3d3td-batteriladdare-kit
9187421258068	dji-osmo-action-vska
9187421978964	dji-zenmuse-x9-l-mount-unit
9187423912276	dji-rs4-pro-dji-care-refresh-1r
9187424174420	dji-rs4-pro-dji-care-refresh-2r
9187424567636	dji-rs4-dji-care-refresh-1r
9187425026388	dji-rs4-dji-care-refresh-2r
9187425747284	ecoflow-glacier-protection-bag
9187427877204	insta360-x4-screen-protector
9187431186772	dji-rc-plus-extern-rc-antenn
9187431383380	dji-agras-t50-batteri-db1560
9187431874900	dji-agras-t50-spreading-system
9187432268116	dji-agras-t25-batteri-db800
9187432464724	dji-agras-t25-spreading-system
9187433120084	dji-agras-t50
9187434168660	insta360-single-suction-cup-mount
9187434627412	dji-mic-2-kameraadapter
9187458908500	dji-agras-t25
9187530113364	insta360-go-3-screen-protector
9232043016532	mini2
9232049635668	eco-v
9232060350804	insta360-floating-hand-grip-one-ron-0r8
9232061137236	ecoflow-adjustable-ground-suspended-ezq
9232061464916	ecoflow-solar-panel-2x-200w-flexibl-fc3
9232061890900	insta360-x3-standard-removable-lens-df0
9232062513492	insta360-selfie-stick-sleeve-85114c-d7r
9232062775636	ecoflow-kabel-mc4-till-xt60-solar-5-vmu
9232062939476	ecoflow-delta-max-extra-battery-con-n8o
9232063299924	insta360-invisible-selfie-stick-inc-1bu
9232063430996	dji-zenmuse-h20-dji-care-enterprise-102
9232063725908	dji-zenmuse-h20t-dji-care-enterpris-4s1
9232064020820	dji-zenmuse-l1-dji-care-enterprise-5wm
9232064250196	dji-matrice-350-rtk-dji-care-enterp-6er
9232064414036	dji-agras-t50-battery-charger-c1000-0p4
9232064643412	dji-agras-t50-atomized-sprinkler-pa-jvn
9232064708948	dji-agras-t25-atomized-sprinkler-pa-esn
9232066412884	b21l
9232214557012	b20-handhallen-varmekamera
9232231137620	pocket2-handhallen-varmekamera
9232393371988	makrolins-for-b-serien
9232411263316	mjuk-vaska-for-handhallen-varmekamera
9232451567956	makrolins-for-pocket-serien
9233885036884	monteringsfaste-for-pocket-och-mini-serien
9558044311892	bw-insta360-x3-outdoor-case-typ-500-vz0
9558045950292	bw-insta360-x3-outdoor-case-typ-500-878
9558047129940	bw-insta360-x3-outdoor-case-typ-500-grl
9558047555924	bw-insta360-x3-outdoor-case-typ-500-29n
9558048080212	bw-insta360-x3-outdoor-case-typ-500-2ol
9558048538964	bw-insta360-x3-outdoor-case-typ-500-to8
9558049030484	bw-insta360-x3-outdoor-case-typ-500-6cw
9558049456468	bw-insta360-x3-outdoor-case-typ-500-nim
9558049947988	polaroid-keps-5-panel-svart
9558050996564	polaroid-fotoram-akryl-3-pack
9558051586388	polaroid-go-akrylram-bl
9558052110676	polaroid-go-akrylram-svart
9558052831572	polaroid-fotoalbum-stort-svart
9558057353556	think-tank-pixel-pocket-rocket-plat-5k5
9558058271060	think-tank-pixel-pocket-rocket-plat-9d3
9558059549012	think-tank-pixel-pocket-rocket-plat-2ki
9558060892500	think-tank-secure-pocket-rocket-pla-lpm
9558062072148	think-tank-secure-pocket-rocket-pla-ibb
9558063481172	think-tank-secure-pocket-rocket-min-cjb
9558064759124	think-tank-secure-pocket-rocket-min-kma
9558066069844	think-tank-kort-och-batteriplnbok-r-kg7
9558067315028	think-tank-kort-och-batteriplnbok-s-o9m
9558068166996	think-tank-aa-batterihllare-gr
9558071411028	atomos-sun-dragon-5m
9558071509332	bw-starlinkcase-1500-satellitintern-7lp
9558076981588	bw-avata-2-outdoor-case-typ-4000-gu-4tq
9558077931860	bw-avata-2-outdoor-case-typ-4000-br-e4v
9558080192852	gomatic-peter-mckinnon-luma-kamerap-dw1
9558081274196	gomatic-peter-mckinnon-luma-kamerap-qwm
9558082126164	gomatic-peter-mckinnon-luma-kamerap-ae7
9558083797332	gomatic-peter-mckinnon-luma-kamerap-2tu
9558084583764	gomatic-peter-mckinnon-luma-camera-u6d
9558086811988	gomatic-peter-mckinnon-luma-camera-095
9558088384852	gomatic-peter-mckinnon-luma-kamera-6hp
9558089072980	gomatic-peter-mckinnon-luma-camera-phb
9558089793876	gomatic-peter-mckinnon-luma-camera-f1o
9558090482004	gomatic-peter-mckinnon-luma-camera-bfy
9558091366740	gomatic-peter-mckinnon-luma-camera-6bi
9558091628884	gomatic-peter-mckinnon-luma-accesso-t3t
9558092939604	hikmicro-habrok-4k-he25l-850nm
9558094184788	hikmicro-habrok-4k-he25ln-940nm
9558094676308	hollyland-mars-4k-bullet-styled-ant-tqt
9558096609620	hollyland-blade-soft-antenna-fr-cos-oqa
9558096970068	hollyland-mars-m1-capsule-antenna
9558097068372	hollyland-solidcom-c1-pro-hub4s-enc-q9z
9558097494356	hollyland-walkie-talkie-converter-2-29u
9558098837844	hollyland-solidcom-c1-pro-trdls-ste-hin
9558100738388	hollyland-solidcom-c1-pro-trdls-ste-g0q
9558100869460	hollyland-walkie-talkie-converter-b-6g1
9558101033300	hollyland-2-core-walkie-talkie-ansl-5rq
9558101197140	hollyland-8-krnig-walkie-talkie-ans-j2e
9558101459284	hollyland-k-lemo-walkie-talkie-ansl-oo2
9558101819732	hollyland-hl-wts-ts01-fr-trdlst-tal-tks
9558102311252	hollyland-hl-wts-tl01-fr-trdlst-tal-mc6
9558102475092	hollyland-hl-hatn01-trdls-tally-sys-x0m
9558102540628	hollyland-hl-tcb01-db25-male-till-d-79o
9558103032148	hollyland-hl-tcb02-db25-male-till-d-gkq
9558103163220	hollyland-hl-tcb03-db25-male-till-d-3bb
9558103523668	hollyland-hl-tcb04-db25-male-to-db9-wer
9558103851348	hollyland-hl-tcb05-db25-male-till-d-n6h
9558103884116	hollyland-hl-tcb06-db25-male-till-h-h3b
9558104277332	hollyland-hl-tcb07-db25-male-till-h-etf
9558104637780	hollyland-hl-tcb08-db25-male-till-g-0ia
9558104867156	hollyland-hl-tcb09-db25-male-till-d-iyk
9558105489748	hollyland-hl-tcb10-db25-male-till-d-6tk
9558105948500	hollyland-hl-tcb11-rj45-tally-kabel
9558106341716	hollyland-hl-hcs01-tally-hrd-transp-kfy
9558106767700	hollyland-hl-ns01-number-stickers
9558110339412	hollyland-pyro-h-trdls-videosndare-fww
9558112207188	hollyland-pyro-h-trdls-videomottaga-5c8
9558112797012	hollyland-skruvfste-fr-stabilisator-tvn
9558113124692	hollyland-roterbart-cold-shoe-fste
9558113517908	hollyland-cylindrisk-antenn-24ghz-o-etx
9558118629716	hollyland-pyro-s-tx-trdls-videosnda-m9i
9558119022932	hollyland-hl-atn14-paddle-antenna-2-g9e
9558119416148	kupo-psu-fr-df-500-digi-flkt
9558122594644	lexar-ssd-sl600-usb32-gen2x2-r2000-bgi
9558123938132	lexar-ssd-sl600-usb32-gen2x2-r2000-n9k
9558125379924	lexar-ssd-sl600-usb32-gen2x2-r2000-cpj
9558126297428	lexar-ssd-sl500-usb32-gen2x2-r2000-7mn
9558126985556	lexar-ssd-sl500-usb32-gen2x2-r2000-e6e
9558128460116	lexar-ssd-sl700-armor-usb32-gen2x2-x2h
9558130065748	lexar-ssd-sl700-armor-usb32-gen2x2-1ge
9558131540308	lexar-ssd-sl700-armor-usb32-gen2x2-9tg
9558134292820	nanlite-extern-dimmer-fr-lg-e60-str-89g
9558134456660	nanlite-vikbar-softbox-med-eggcrate-t4d
9558134554964	nanlite-vikbar-softbox-med-eggcrate-agy
9558134587732	nanlite-snabbkopplings-softbox-med-b78
9558134751572	nanlite-snabbkoppling-softbox-med-e-vqw
9558138978644	nanlite-pavoslim-240c-rgbww-led-pan-kva
9558140944724	nanlite-pavoslim-240b-led-panel
9558143304020	nanlite-fc-60b-led-bi-color-spotlju-sjj
9558145237332	nanlite-fc-120b-led-bi-color-spotlj-man
9558145827156	nanlite-barn-door-set-fr-fl-20g
9558146777428	peak-design-slidelite-frg-coyote-t9l
9558147563860	peak-design-slide-frg-coyote
9558148055380	peak-design-leash-frg-coyote
9558148514132	peak-design-manschett-frg-coyote-ind
9558154150228	saramonic-blink-500-b1-txrx-1-till-xhw
9558155362644	saramonic-blink-500-rx-24-ghz-trdls-hhi
9558155755860	saramonic-blink-500-rx-di-mottagare-g74
9558156247380	saramonic-blink-500-rx-uc-trdls-mot-ktw
9558157295956	saramonic-blink-500-tx-24-ghz-trdls-717
9558159294804	saramonic-blink-500-pro-b1-24ghz-tr-ivx
9558160114004	saramonic-blink-500-pro-hm-handhlle-14z
9558161326420	saramonic-blink-500-pro-b3-24ghz-tr-l4k
9558162440532	saramonic-blink-500-pro-b5-trdlst-2-jw0
9558163161428	saramonic-blink-500-pro-rxuc-mottag-gnq
9558163685716	saramonic-laddningsbox-fr-blink-500-jcg
9558163718484	saramonic-laddningslda-fr-blink-500-aed
9558163784020	saramonic-blink-500-pro-laddningsld-siy
9558165619028	saramonic-blink-500-b2-txtxrx-24-gh-ik5
9558165717332	saramonic-blink-500-prox-tx-sndare-03b
9558167257428	seetec-238-tums-4k8k-broadcast-hdr-vif
9558168437076	seetec-27-tums-4k-8k-broadcast-prod-orj
9558168568148	seetec-32-tums-4k-8k-broadcast-prod-sc5
9558168764756	seetec-reservdel-fr-monitor-p173-9h-300
9558170042708	seetec-monitor-p215-9ah-215-med-lju-ryj
9558172270932	smallrig-4293-v-mount-battery-vb212-bkb
9558175154516	smallrig-4569-l-bracket-for-sony-al-xob
9558180462932	smallrig-4576-camera-battery-usb-c-yeb
9558182658388	smallrig-4577-camera-battery-usb-c-ztj
9558184001876	smallrig-4539-hawklock-quick-releas-8z6
9558185115988	smallrig-4603-universal-t-mount-to-v0a
9558186066260	smallrig-4609-h11-quick-release-ada-fzd
9558187245908	smallrig-4610-rotatable-quick-relea-90s
9558188523860	smallrig-4463-heavy-duty-carbon-fib-n09
9558189048148	smallrig-4464-heavy-duty-video-head-4qi
9558189506900	smallrig-4507-ground-spreader-for-t-z2j
9558191309140	smallrig-4601-samsung-galaxy-s24-ul-wsc
9558192030036	smallrig-4476-bowens-mount-adapter-tw3
9558196912468	smallrig-4697-hot-shoe-cover-for-fu-cxh
9558198190420	smallrig-4699-leather-half-case-kit-ocg
9558199107924	smallrig-4700-leather-half-case-kit-lje
9558202384724	smallrig-4633-octagonal-softbox-la-y0s
9558204776788	smallrig-4784-wooden-l-shape-grip-f-saa
9558206251348	smallrig-4735-wooden-l-shape-grip-f-qyl
9558210806100	smallrig-4712-silicone-l-shape-hand-ogv
9558211821908	smallrig-4716-l-shape-mount-plate-f-wws
9558212739412	smallrig-4715-cage-kit-for-fujifilm-0vo
9558214771028	smallrig-4714-retro-cage-for-fujifi-5ps
9558215754068	smallrig-4709-leather-half-case-kit-p6x
9558216900948	smallrig-4710-leather-half-case-kit-dj8
9558218178900	smallrig-4711-leather-half-case-kit-gbm
9558219620692	smallrig-4585-attachable-filter-ada-fuc
9558220865876	smallrig-4587-attachable-filter-ada-x0l
9558222438740	smallrig-4581-attachable-vnd-filter-vg9
9558223880532	smallrig-4582-attachable-cpl-filter-xby
9558225355092	smallrig-4583-attachable-14-effect-vtx
9558226633044	smallrig-4724-attachable-vnd-filter-3ag
9558228304212	smallrig-4725-attachable-vnd-filter-sra
9558228402516	smallrig-4726-5-in-1-attachable-fil-kk3
9558229516628	smallrig-4727-attachable-cpl-filter-m0i
9558230368596	smallrig-4728-attachable-cpl-filter-xye
9558231941460	smallrig-4515-cage-for-panasonic-lu-hfd
9558233514324	smallrig-4517-l-shape-handle-for-pa-o9u
9558234366292	smallrig-4703-leather-half-case-for-kpk
9558236070228	smallrig-4454-crab-shaped-super-cla-ea7
9558238069076	smallrig-4785-camera-cage-for-black-9cw
9558239117652	smallrig-4575-advanced-cage-kit-for-0b5
9558241247572	smallrig-4574-basic-cage-kit-for-bl-y2r
9558242885972	smallrig-4481-hawklock-quick-releas-vyx
9558244655444	smallrig-4491-hawklock-h21-universa-e11
9558245900628	smallrig-4486-hawklock-h38-arca-swi-o15
9558247211348	smallrig-4483-hawklock-h21-quick-re-uen
9558249111892	smallrig-4485-hawklock-h21-quick-re-6xi
9558250586452	smallrig-4538-hawklock-quick-releas-i6s
9558252552532	smallrig-4487-hawklock-h21-quick-re-8ck
9558254289236	smallrig-4488-hawklock-h21-quick-re-yim
9558255698260	smallrig-4489-hawklock-h21-quick-re-t6h
9558257303892	smallrig-4490-hawklock-h21-quick-re-gv8
9558258843988	smallrig-4500-hawklock-h18-quick-re-nzj
9558400336212	gomatic-peter-mckinnon-luma-camera-3uf
9573252989268	pockete-handhallen-varmekamera
9577472688468	325-1a1c-53w-pd-billaddare
9591589470548	matrice-3d-3td-propellrar
9591633772884	matrice-3d-ink-rc-pro-enterprise
9591640359252	matrice-3td-ink-rc-pro-enterprise
9597423518036	m11w-handhallen-varmekamera
9597436690772	m11-handhallen-varmekamera-1
9597444620628	m20w-handhallen-varmekamera
9597447176532	m20-handhallen-varmekamera-1
9611147805012	insta360-multi-mount
9622329426260	ecoflow-800w-alternator-charger-eu-ef9
9622329721172	ecoflow-mc4-till-xt60-solpanel-kabe-yuf
9622330048852	insta360-go-3s-64gb-arctic-white
9622330343764	insta360-go-3s-128gb-arctic-white
9622330769748	insta360-go-3s-64gb-midnight-black-ik9
9622331031892	insta360-go-3s-128gb-midnight-black-4sr
9622331294036	insta360-go-33s-mic-wind-muff
9622331720020	insta360-go-33s-easy-clip
9622331916628	insta360-go-33s-pivot-stand
9622332080468	insta360-go-3s-lens-guard
9622332375380	insta360-go-33s-magnet-pendant
9622332604756	insta360-go-33s-vertical-horizontal-p01
9622332834132	insta360-go-33s-pet-harness-mount-s-ji8
9622333063508	insta360-go-33s-pet-harness-mount-m-wir
9622333227348	insta360-go-33s-magnet-pendant-safe-s8d
9622333489492	insta360-go-33s-magnet-pendant-safe-4o7
9622333686100	insta360-go-3s-nd-filter-set
9622333981012	insta360-go-33s-quick-reader
9622334308692	insta360-go-33s-dive-case
9622334472532	insta360-invisible-mic-cold-shoe-fr-ogd
9622334701908	insta360-motorcycle-u-bolt-mount
9622334931284	insta360-dash-cam-mount
9622335226196	anker-eufy-s220-solcellsdriven-sker-nio
9622335553876	anker-eufy-e340-drrklocka-med-2k-vi-j8v
9622335848788	anker-eufy-s120-solcellsdriven-vggl-t0i
9622336209236	anker-soundcore-p30i-tws-svart
9622336569684	anker-soundcore-p30i-tws-vit
9622336930132	anker-soundcore-a30i-tws-svart
9622337061204	parrot-anafi-ai-propellrar
9622337192276	parrot-anafi-ai-batteri-6800mah
9622337257812	parrot-anafi-ai-skycontroller-4
9622337487188	dji-air-3-vidvinkellins
9622337585492	livox-aviation-connector-extension-zs7
9622337683796	livox-aviation-connector-extension-lp8
9622337880404	livox-m12-circular-connector
9622338109780	livox-part3-extension-cable-coupler-s7n
9622338240852	livox-hap-tx
9622338371924	livox-hap-cable-kit
9644585812308	dji-sdr-transmission-combo
9644585910612	dji-sdr-transmission-phone-holder-k-9co
9644586041684	dji-sdr-transmission-receiver
9644586139988	dji-sdr-transmission-tablet-holder-2gm
9644586467668	dji-sdr-transmission-transmitter
9683149848916	atomos-shinobi-ii-5-1500-nit-hdmi-m-ian
9683150733652	bw-insta360-x4outdoor-case-typ-1000-jjn
9683151225172	bw-insta360-x4-outdoor-case-typ-100-7wx
9683151618388	bw-insta360-x4outdoor-case-typ-1000-3zf
9683152372052	bw-insta360-x4outdoor-case-typ-1000-pzh
9683153322324	hollyland-35mm-trs-to-type-cdsp-pat-9c2
9683153813844	hollyland-pyro-7-7-wireless-transce-j41
9683154927956	hollyland-g-mount-batteriplatta-pas-af8
9683155124564	hollyland-v-mount-batteriplatta-fr-4ut
9683155255636	hollyland-d-tap-to-locking-dc-power-4rp
9683155353940	hollyland-sid-och-bottenmonterat-al-ksx
9683155419476	hollyland-dual-rosewood-handles-7-f-hfb
9683155616084	hollyland-axelrem-fr-pyro-7
9683155681620	kupo-kcp-819-adjustable-junior-side-cwo
9683156173140	lexar-microsdhc-high-endurance-uhs-kho
9683156402516	lexar-microsdxc-high-endurance-uhs-h0a
9683156730196	lexar-microsdxc-high-endurance-uhs-jp0
9683156926804	lexar-cardreader-sd-microsd-sdhc-sd-own
9683157483860	lexar-cardreader-dual-slot-usb-ac-l-p4a
9683158860116	nanlite-lt-fmm-60-lantern-softbox-6-zl5
9683159089492	nanlite-forza-quick-release-clamp-f-jxx
9683159810388	nanlite-10-lins-fr-projektionsfste-9y4
9683160301908	nanlite-batteri-och-kontrollstation-ar9
9683161350484	nanlite-fs-300c-led-rgbw-spotljus
9683162333524	nanlite-fc-500c-led-rgbw-spotlight
9683163218260	peak-design-tech-pouch-small-svart-jfn
9683164102996	peak-design-tech-pouch-small-frg-ko-33g
9683164823892	peak-design-tech-pouch-small-frg-mi-tmb
9683165446484	peak-design-tech-pouch-small-frg-sa-bc4
9683165643092	peak-design-ultraltt-mesh-packkub-b-s1k
9683165806932	peak-design-ultraltt-packkub-bundle-y40
9683166298452	peak-design-ultraltt-mesh-packkube-z2i
9683166921044	peak-design-ultraltt-mesh-packkub-l-wbh
9683167052116	peak-design-ultraltt-mesh-packkub-x-0xc
9683167215956	peak-design-ultraltt-mesh-packkub-x-6q2
9683167379796	peak-design-ultraltt-mesh-packkub-l-6oo
9683167543636	peak-design-ultraltt-mesh-packkub-x-p8j
9683167838548	peak-design-ultraltt-mesh-packkub-x-6tm
9683168100692	peak-design-ultraltt-mesh-packkub-l-euz
9683168264532	peak-design-ultraltt-packkub-xx-sma-zza
9683168428372	peak-design-ultraltt-packkub-x-smal-4uv
9683168690516	peak-design-ultraltt-packkub-liten-aco
9683169313108	peak-design-ultraltt-packkub-xx-sma-xm7
9683169804628	peak-design-ultraltt-packkub-x-smal-a7p
9683170066772	peak-design-ultraltt-packkub-liten-ym5
9683170230612	peak-design-ultraltt-packkub-xx-sma-qfg
9683170361684	peak-design-ultraltt-packkub-x-smal-hio
9683170459988	peak-design-ultraltt-packkub-liten-gx6
9683170525524	peak-design-ultraltt-packkub-xx-sma-cfl
9683170722132	peak-design-ultraltt-packkub-x-smal-93l
9683170885972	peak-design-ultraltt-packkub-liten-d6t
9683171541332	peak-design-reseduffel-50l-svart
9683172819284	peak-design-reseduffel-50l-frg-sage-os0
9683173605716	peak-design-reseduffel-80l-frg-svar-493
9683174490452	peak-design-reseduffel-80l-frg-sage-5gz
9683174654292	peak-design-packable-tote-frg-sage-sod
9683177341268	peak-design-platt-kroppsrem-svart
9683177865556	polaroid-now-gen-2-eames-edition
9683179667796	saramonic-blink-500-prox-rx-trstrrs-hb3
9683179798868	saramonic-blink-me-u2-2-personers-t-nmf
9683180224852	seetec-atem156s-156-w-sdi-monitor-a1o
9683182453076	smallrig-4825-hawklock-quick-releas-g08
9683183141204	smallrig-4824-hawklock-quick-releas-fj0
9683184189780	smallrig-4683-mini-square-softbox-r-xe0
9683184746836	smallrig-4682-mini-parabolic-softbo-ckm
9683185598804	smallrig-4590-anamorphic-lens-133x-ajp
9683186909524	smallrig-4766-magic-arm-with-crab-c-s0a
9683187532116	smallrig-4608-v-mount-battery-mini-c1u
9683187892564	smallrig-4734-cold-shoe-adapter-wit-10u
9683188154708	smallrig-4304-desktop-overhead-phot-pua
9683188678996	smallrig-4567-cage-kit-for-leica-q3-15n
9683189629268	smallrig-4568-l-shape-mount-plate-w-2yy
9683190448468	smallrig-4303-microphone-boom-arm-d-4re
9683191300436	smallrig-4684-lightweight-video-tri-cxm
9683191824724	smallrig-4685-lightweight-video-car-f4x
9683192152404	smallrig-4519-camera-cage-for-nikon-a5h
9683192414548	smallrig-4520-camera-cage-kit-for-n-ehm
9683192807764	smallrig-4521-night-eagle-cage-for-moe
9683193037140	smallrig-4522-night-eagle-cage-kit-nf0
9683193954644	smallrig-4668-windproof-live-broadc-xnc
9683194708308	smallrig-4815-cooling-system-for-so-w23
9683194872148	smallrig-4774-nd-filter-set-for-dji-i46
9683195822420	smallrig-4731-portable-selfie-stick-2sk
9683197133140	smallrig-4729-portable-selfie-stick-umc
9683197722964	smallrig-4857-nato-clamp-to-arca-sw-ryg
9683198607700	smallrig-4378-extension-arm-for-dji-nnz
9683199656276	smallrig-4634-portable-focusable-le-sfd
9683200770388	smallrig-4743-cine-filter-4x565-whi-khq
9683201720660	smallrig-4741-cine-filter-4x565-bla-crw
9683202310484	smallrig-4740-cine-filter-4x565-bla-ui5
9683202539860	smallrig-4776-filter-kit-for-dji-os-0rq
9683202769236	smallrig-4775-black-white-mist-cpl-k3o
9683203064148	smallrig-4755-lightweight-mini-side-ufm
9683203785044	smallrig-4600-power-bank-clamp
9683204178260	smallrig-4324-desk-overhead-photogr-li6
9683205095764	smallrig-4660-vibe-p96-pro-mini-led-hce
9683205456212	smallrig-4786-vibe-p96-pro-mini-led-u1r
9683206373716	smallrig-4661-vibe-p108-pro-mini-le-2vb
9683206766932	smallrig-4761-d-tap-to-bmpcc-4k-6k-943
9683208077652	think-tank-mirrorless-mover-backpac-bgg
9683209093460	think-tank-mirrorless-mover-backpac-qvy
9683209912660	yololiv-yolodeck-den-ultimata-strea-sdl
9683210076500	hollyland-lark-m2-sndare-shine-char-3hd
9683210469716	smallrig-4637-hawklock-h21-monitor-vff
9683210600788	smallrig-4638-hawklock-h38-manfrott-0oj
9683210961236	smallrig-4639-hawklock-h38-arca-swi-oek
9683211321684	smallrig-4640-hawklock-h21-quick-re-yl4
9683211583828	smallrig-4816-mini-side-handle-kit
9683211944276	smallrig-4695-power-banks-mount-pla-skb
9683212075348	smallrig-4696-np-f-battery-adapter-wno
9683212370260	smallrig-4818-thumb-grip-for-sony-a-6ee
9683213320532	smallrig-4820-thumb-grip-for-sony-a-elp
9683213386068	smallrig-4704-all-in-one-video-kit-gay
9683213418836	smallrig-4597-all-in-one-video-kit-vn5
9683213484372	smallrig-4779-universal-2-in-1-ssd-m64
9683213615444	smallrig-4770-hawklock-quick-releas-qpy
9683213713748	smallrig-4771-hawklock-quick-releas-7ut
9683214041428	smallrig-4772-hawklock-quick-releas-qm1
9683214303572	smallrig-4829-usb-cmulti-cable-clam-eoz
9683214795092	smallrig-4830-extension-mount-plate-yze
9683215188308	smallrig-4702-rotatable-horizontal-fmi
9683215548756	smallrig-4949-hawklock-quick-releas-hdw
9683215778132	smallrig-4867-cage-kit-for-sony-zv-n5t
9683215876436	smallrig-4778-l-shape-mount-plate-w-uqy
9683216007508	smallrig-4864-l-shape-mount-plate-w-cah
9683851542868	chasing-innovation-gladius-mini-min-uja
9683851805012	feelworld-monitor-s7
9683852067156	hollyland-pyro-transmission-kit
9683852132692	hollyland-monitor-hood-7-tum-fr-pyr-xh4
9683852329300	peak-design-ultraltt-mesh-packkub-x-i3w
9683853246804	smallrig-4523-l-shape-mount-plate-f-syy
9683854655828	think-tank-mirrorless-mover-backpac-4ms
9692824633684	dji-renewed-dji-care-enterprise-bas-5kd
9692824731988	dji-usb-c-sdr-receiver-cable-22-cm-m25
9692824830292	insta360-x4-adventure-bundle
9692825452884	dji-power-500-eu
9692826141012	dji-cellular-2
9692826501460	dji-cellular-dongle-2-mounting-kit-5gk
9694069260628	dji-mavic-3-enterprise-cellular-don-5ij
9694069883220	dji-matrice-30-series-4g-dongle-kit-q1f
9694070899028	dji-matrice-350300-4g-dongle-kit-in-vdf
9694277468500	smallrig-4562-creator-tool-kit-by-a-4nv
9694277828948	smallrig-4777-leather-case-kit-for-5sr
9694277992788	smallrig-4889-leather-case-kit-for-ne1
9694278418772	smallrig-4670-bp-u60-camcorder-batt-pyw
9694278549844	smallrig-4795-ultra-slim-4k-hdmi-da-9um
9694278779220	smallrig-4794-ultra-slim-4k-hdmi-da-ptb
9694278943060	smallrig-4757-arri-locating-top-han-8jq
9694279205204	smallrig-4748-145w-4-port-pd-power-dnn
9694279827796	smallrig-4752-240w-4-port-pd-power-1fq
9694281564500	smallrig-4796-l-shape-mount-plate-w-v54
9711787311444	dji-dji-mini-4k-eu
9711794389332	dji-dji-mini-4k-fly-more-combo-eu
9747087327572	dji-neo-propellerskydd
9747087753556	dji-neo-laddhubb
9747088343380	dji-neo-batteri
9747089195348	dji-neo-propellrar
9747089391956	dji-neo-dji-care-refresh-1-r
9747089490260	dji-neo-dji-care-refresh-2-r
9747090571604	dji-rc-n3
9747097059668	dji-neo
9747097125204	dji-neo-fly-more-combo
9754622427476	mavic-3t-paket-for-renskotsel
9759536447828	sakerhetspaket-for-dronare-basic
9759606210900	sakerhetspaket-for-dronare-standard
9759618761044	sakerhetspaket-for-dronare-pro
9764405379412	nanlite-alien-300c
9764405412180	nanlite-barndoors-fr-alien-150c
9764405444948	nanlite-barndoors-fr-alien-300c
9764405510484	nanlite-softbox-fr-alien-150c
9764405543252	nanlite-softbox-fr-alien-300c
9764405674324	smallrig-4295-wireless-handwheel-co-0p7
9764406100308	smallrig-4297-wireless-receiver-mot-8e6
9764406198612	gomatic-apparel-sleeve
9764406460756	peak-design-everyday-ryggsck-20l-v2-usf
9764406788436	peak-design-everyday-ryggsck-30l-v2-k69
9764407116116	peak-design-everyday-sling-3l-v2-fr-vji
9764407378260	peak-design-everyday-sling-6l-v2-fr-f3l
9764407738708	peak-design-teknikficka-frg-coyote-kv6
9764408099156	peak-design-reseryggsck-45l-frg-coy-czl
9764408361300	peak-design-reseduffel-35l-frg-coyo-231
9764408656212	peak-design-reseduffel-50l-frg-coyo-xi0
9764408885588	peak-design-tvttpse-frg-coyote-51w
9764412195156	peak-design-tvttpse-liten-frg-coyot-edf
9764422386004	smallrig-4396-mobile-video-cage-for-wf2
9764422582612	bw-outdoor-batterycase-p90808-fr-de-g1h
9764422877524	bw-outdoor-batterycase-p90808-trans-3tk
9764422910292	bw-outdoor-batterycase-p90808-trans-qlv
9764423237972	bw-outdoor-batterycase-9088-transpo-q1l
9764423303508	bw-outdoor-batterycase-9088-transpo-5u0
9764423336276	bw-outdoor-batterycase-9088-transpo-lc4
9764424057172	bw-outdoor-batterycase-90816-transp-6jm
9764424155476	bw-outdoor-batterycase-90816-fr-def-5gu
9764424188244	chasing-innovation-cerulean-omnisca-zhs
9764424253780	chasing-innovation-quick-mounting-b-8yi
9764426875220	hollyland-lark-m2-kameramottagare-s-nvx
9764427137364	hollyland-lark-m2-usb-c-mottagare-s-xej
9764438278484	lexar-sdxc-professional-silver-plus-a9n
9764438704468	lexar-sdxc-professional-silver-plus-rup
9764438901076	lexar-sdxc-professional-silver-plus-nf0
9764439228756	lexar-sdxc-professional-silver-plus-riu
9764439687508	lexar-jumpdrive-fingerprint-f35-pro-uav
9764439982420	lexar-jumpdrive-fingerprint-f35pro-ay6
9764440277332	lexar-jumpdrive-fingerprint-f35pro-hoe
9764440441172	lexar-sdhc-800x-pro-uhs-i-cards-c10-usp
9764440965460	lexar-sdxc-800x-pro-uhs-i-cards-c10-w8t
9764441260372	lexar-sdxc-800x-pro-uhs-i-c10-v30-u-6gd
9764441653588	nanlite-forza-60cr-rgblac-led-spotl-y29
9764442145108	peak-design-tech-pouch-frg-midnight-ngx
9764442440020	saramonic-blink-500-pro-b8-24ghz-4-lds
9764443816276	think-tank-digital-holster-10-v3
9764444307796	think-tank-digital-holster-20-v3
9764444635476	think-tank-digital-holster-30-v3
9764445061460	think-tank-digital-holster-40-v3-bl-ok2
9764445618516	think-tank-digital-holster-50-v3
9764446110036	think-tank-digital-holster-150-v3
9764447289684	think-tank-mindshift-backlight-spri-qfh
9764447584596	think-tank-mindshift-backlight-spri-fqc
9764447846740	think-tank-mindshift-backlight-18l-e4f
9764448305492	think-tank-mindshift-backlight-18l-mb6
9764448993620	think-tank-mindshift-backlight-26l-2xa
9764449485140	think-tank-mindshift-backlight-26l-duj
9764450140500	think-tank-mindshift-backlight-36l-70z
9764450795860	think-tank-mindshift-backlight-36l-b0t
9764450861396	bw-outdoor-case-fr-bikebag-ii
9764451189076	lexar-cfexpress-40-pro-diamond-r370-sap
9764451746132	nanlite-pavoslim-240cl-rgbww-led-pa-lze
9764476191060	smallrig-4259-x-potato-jet-tribex-h-u34
9764483826004	smallrig-4975-black-mamba-cage-for-5t8
9764484940116	smallrig-4976-black-mamba-cage-kit-iq4
9764485300564	smallrig-4977-hawklock-quick-releas-hqp
9764485595476	smallrig-4978-cage-for-canon-eos-r5-963
9764487692628	smallrig-5029-hawklock-quick-releas-eak
9764492050772	smallrig-4843-magnetic-filter-adapt-cqf
9764492280148	smallrig-4887-multifunctional-chees-5ht
9764492673364	smallrig-4874-octagonal-softbox-la-p4h
9764492771668	smallrig-4819-camera-viewfinder-eye-h8l
9764493099348	smallrig-4380-camera-suction-cup-ca-fxs
9764493230420	smallrig-4842-rotatable-bilateral-q-8ep
9764493558100	smallrig-4862-super-clamp-with-magi-yx4
9764494377300	smallrig-4861-super-clamp-support-k-a4v
9764494672212	smallrig-4888-hawklock-quick-releas-3dk
9764494868820	smallrig-5015-camera-leather-case-k-psi
9764500177236	smallrig-4883-mount-plate-for-zoom-fjk
9764501422420	smallrig-4987-filmov-lightweight-ph-b5k
9764502110548	smallrig-4992-filmov-17mm-threaded-a48
9764502372692	smallrig-4993-filmov-67mm-attachabl-0os
9764504699220	smallrig-4296-wireless-follow-focus-h8h
9764508336468	peak-design-tech-pouch-small-frg-co-0w9
9764783030612	insta360-action-invisible-selfie-st-tzi
9764783849812	insta360-x4-water-sports-rope-mount
9764784832852	insta360-x4-vertical-horizontal-mou-gxx
9764785848660	insta360-floating-surfboard-mount
9764786569556	insta360-invisible-selfie-stick-gul-as8
9764788633940	dji-4g-private-server-deployment-li-a03
9764788928852	dji-4g-private-server-upgrade-licen-7fv
9764790206804	ecoflow-delta-pro-3
9764791451988	ecoflow-delta-pro-3-extrabatteri
9764792140116	dji-dl-75mm-f18-lens
9764792926548	dji-modify-standard-permanent-1-dev-xvt
9765711053140	x4-tillbehorspaket
9765787009364	x4-sakerhetspaket
9767720911188	mini-4-pro-tillbehorspaket
9770964320596	wave-2-med-extrabatteri
9773539623252	dji-osmo-action-5-pro-standard-comb-mhn
9773541982548	dji-osmo-action-5-pro-adventure-com-1eh
9773543129428	dji-osmo-action-5-pro-glass-lens-co-x00
9773621805396	hollyland-mars-m1-tempered-glass-sk-9ch
9773621936468	hollyland-solidcom-roaming-hub-v-oc-fep
9773622198612	hollyland-solidcom-c1-pro-roaming-h-4ll
9773622395220	hollyland-solidcom-roaming-hub-ante-uc7
9773622460756	hollyland-solidcom-roaming-hub-hrd-sxq
9773622624596	hollyland-solidcom-c1-pro-roaming-h-j1i
9773622788436	hollyland-solidcom-roaming-hub-vatt-64e
9773622985044	hollyland-solidcom-headset-klisterm-fzq
9773623083348	smallrig-4706-s-60-wireless-microph-ize
9773623214420	smallrig-4934-s-60-wireless-microph-4bn
9773629210964	smallrig-4598-usb-c-hub-4-in-1-pdus-3y4
9773630095700	smallrig-4811-x-film-riot-7-in-1-fo-ghz
9773631504724	smallrig-4812-x-film-riot-7-in-1-fo-jym
9773632061780	smallrig-4375-x-film-riot-10-in-1-f-jzc
9773632782676	smallrig-4813-x-film-riot-10-in-1-f-m6g
9773633765716	smallrig-4814-x-film-riot-10-in-1-f-yes
9773636747604	smallrig-4893-rc-100b-cob-led-video-tec
9773637828948	smallrig-4855-led-driver-for-rc-100-b6w
9773640450388	smallrig-4420-lightweight-video-tri-308
9773642547540	smallrig-4899-rosette-magic-arm-7-w-hio
9773643825492	smallrig-4900-rosette-magic-arm-11-vu5
9773645496660	vallerret-djuke-fotohandskar-xs
9773647790420	vallerret-djuke-fotohandskar-s
9773649133908	vallerret-djuke-fotohandskar-m
9773651001684	vallerret-djuke-fotohandskar-l
9773652869460	vallerret-djuke-fotohandskar-xl
9773654278484	vallerret-djuke-fotohandskarxxl
9814114664788	dji-battery-safe-bag-large
9816744526164	mavic-3e-skogspaket-flyg-med-4g
9816936907092	neo-fpv-remote-controller-3
9850806305108	smallrig-4374-x-film-riot-7-in-1-fo-x8z
9850806927700	smallrig-4894-rc-100b-cob-led-video-gxf
9850807484756	hikmicro-stellar-sh35-30-thermal-tu-dr9
9850808009044	hikmicro-stellar-sh35l-30-thermal-t-d1h
9850808762708	hikmicro-stellar-sh50l-30-thermal-t-vqj
9850810040660	hikmicro-stellar-sq35l-30-thermal-t-1mk
9850811973972	hikmicro-stellar-sq50l-30-thermal-t-kvk
9850814038356	hikmicro-stellar-sx60l-30-thermal-t-nmc
9850816069972	hikmicro-habrok-pro-hq50l-multi-spe-6p3
9850816561492	hikmicro-habrok-pro-hq50ln-multi-sp-ej2
9850817053012	hikmicro-habrok-pro-hx60l-multi-spe-gns
9850817708372	hikmicro-habrok-pro-hx60ln-multi-sp-7ga
9850817970516	hikmicro-thunder-30-th35c-thermal-c-f16
9850818167124	hikmicro-thunder-30-tq35c-thermal-c-1ht
9850819215700	hikmicro-thunder-30-tq50c-thermal-c-5l7
9850819871060	hikmicro-thunder-30-eyepiece
9850820591956	hollyland-solidcom-se-4s-global-ver-0ix
9850821017940	hollyland-solidcom-se-wireless-ster-yxa
9850821247316	hollyland-solidcom-se-6-slot-chargi-qor
9850821411156	hollyland-solidcom-se-8-slot-chargi-5hs
9850821542228	hollyland-solidcom-se-li-ion-batter-lll
9850821574996	hollyland-solidcom-se-carrying-case-voy
9850821706068	hollyland-solidcom-se-carrying-case-hlh
9850821837140	hollyland-solidcom-se-over-ear-ear-k4v
9850821902676	hollyland-solidcom-se-ear-pads
9850822000980	hollyland-solidcom-se-mic-cushion-0-2x7
9850822426964	lexar-microsdxc-professional-silver-08m
9850822787412	lexar-microsdxc-professional-silver-8hn
9850823246164	lexar-microsdxc-professional-silver-gdh
9850823541076	lexar-microsdxc-professional-silver-c49
9850823967060	lexar-microsdxc-professional-silver-12i
9850824589652	lexar-sdxc-pro-1800x-u3-uhs-ii-r280-gm4
9850824720724	nanlite-lt-65-lantern-softbox-with-lii
9850824753492	nanlite-pavoslim-60b-led-panel-with-hyr
9850824786260	nanlite-pavoslim-120b-led-panel-wit-lzn
9850825408852	nanlite-trolley-case-cc-fl-st-fz
9850825441620	nanlite-pavoslim-60b-led-panel-2-li-sul
9850825474388	nanlite-pavoslim-60b-forza-60b-ii-k-zji
9850825507156	nanlite-pavoslim-60b-led-panel-3-li-q9h
9850826293588	nanlite-fc-300b-2-light-trolley-cas-6vl
9850827014484	nanlite-fc-500b-2-light-trolley-cas-ghg
9850827047252	nanlite-trolley-case-kit-fc-500b-2-d68
9850827080020	nanlite-trolley-case-for-pavoslim-6-wc0
9850827112788	nanlite-v-mount-battery-grip-with-d-mjp
9850827178324	nanlite-v-mount-battery-grip-with-4-ez5
9850827243860	nanlite-octagonal-softbox-40cm-with-w4k
9850827276628	nanlite-octagonal-softbox-60cm-with-edf
9850827931988	smallrig-2386-adjustable-monitor-mo-bdi
9850828226900	smallrig-4596-x-brandon-li-all-in-o-pzk
9850828259668	smallrig-4681-folding-multi-tool-ki-wy5
9850828587348	smallrig-4409-lite-matte-box-with-a-6se
9850829242708	smallrig-4411-matte-box-with-adjust-orc
9850829930836	smallrig-4412-filter-kit-with-adjus-fkq
9850830455124	smallrig-4414-swing-away-support
9850831143252	smallrig-4415-multifunctional-vnd-f-06k
9850831733076	smallrig-4649-vnd-filter-kit
9850831962452	smallrig-4650-black-diffusion-filte-501
9850832978260	smallrig-4652-white-diffusion-filte-2cn
9850833404244	smallrig-4654-filter-support
9850833633620	smallrig-4429-wildlife-photography-opa
9850833731924	smallrig-4722-wildlife-photography-dqf
9850834714964	smallrig-4834-np-f970-4-channel-cam-ke2
9850835108180	smallrig-4837-np-f-4-channel-camera-xt1
9850835763540	smallrig-4838-lp-e6nh-4-channel-cam-g5a
9850836353364	smallrig-4872-v-mount-battery-mini-col
9850837631316	smallrig-4930-v-mount-battery-mini-m4c
9850838581588	smallrig-4349-horizontal-to-vertica-oeo
9850839662932	smallrig-4827-mobile-video-cage-fla-va7
9850841891156	smallrig-4828-mobile-video-cage-fla-zrl
9850847986004	smallrig-5007-mobile-dual-handheld-y3r
9850848248148	smallrig-5008-mobile-video-cage-bas-ovj
9850848936276	smallrig-5009-lens-backplate-for-ip-tso
9850849132884	smallrig-5010-attachable-filter-ada-hcw
9850850312532	smallrig-4480-shoulder-rig-kit-clas-ulw
9850852311380	smallrig-4965-np-fw50-usb-c-recharg-bjj
9850853785940	smallrig-4966-en-el15c-usb-c-rechar-fzs
9850855686484	smallrig-4967-en-el25-usb-c-recharg-di9
9850860142932	smallrig-4969-np-fz100-usb-c-rechar-ent
9850867614036	smallrig-4970-np-w235-usb-c-recharg-32u
9850868629844	smallrig-4971-np-f550-usb-c-recharg-ulp
9850869186900	smallrig-4972-np-f970-usb-c-recharg-7l2
9850869317972	vallerret-beanie-black
9850869907796	polaroid-hi-print-4x6-photo-printer-s79
9850870726996	polaroid-hi-print-4x6-photo-printer-x55
9850871021908	polaroid-hi-print-4x6-paper-cartrid-hd5
9850871054676	chasing-innovation-smartphone-holde-089
9850871611732	hikmicro-solar-panel-for-trail-came-uvc
9850871742804	kupo-kcp-901b-burger-coupler-black
9850871808340	kupo-kcp-835d-swivel-truss-adapter-3ou
9850872234324	kupo-kcp-626b-ultra-boom
9850873348436	kupo-kcp-619-foamcore-holder-stand-ny4
9850874265940	kupo-191-aluminum-baby-boom-stand
9850874724692	kupo-kab-351-mighty-runway-stand-ba-yqg
9850875511124	kupo-kab-021-seat-cushion-20x30cm-f-zwy
9850875838804	kupo-backdrops-storage-complete-set-9qj
9850876002644	kupo-kcp-832st-2-stainless-steel-sw-d84
9850876690772	kupo-ks-797-dji-ronin-2-multi-funct-65v
9850876723540	kupo-kcp-633-pipe-boom-rig-universa-i15
9850876821844	kupo-kcp-860-nugget-coupler-silver-3lh
9850877313364	kupo-kfl-t6-fiberglass-ladder-doubl-23k
9850877903188	kupo-kfl-t8-fiberglass-ladder-doubl-89v
9850878493012	kupo-kfl-t10-fiberglass-ladder-doub-t4y
9850878656852	lexar-jumpdrive-m45-silver-250mbs-u-fuu
9850878722388	peak-design-wash-pouch-small-sage-iim
9850879213908	peak-design-everyday-backpack-15l-z-j3b
9850883932500	saramonic-blink-500-prox-b8-4-perso-1ih
9855716032852	dji-osmo-action-5-extreme-battery-p-hcv
9855717441876	dji-osmo-action-flexible-handlebar-rup
9855718359380	dji-osmo-action-helmet-chin-mount-c-3pr
9855719440724	dji-osmo-action-543-cold-shoe-expan-ygq
9855720358228	dji-osmo-action-5-dji-care-refresh-m2r
9855720620372	dji-osmo-action-5-dji-care-refresh-j4j
9855721603412	dji-inspire2ronin24d-tb50-batteri-4pv
9855723569492	insta360-neck-mount
9855724388692	insta360-heavy-duty-clamp
9855725109588	insta360-helmet-mount-bundle
9855725863252	insta360-motorcycle-selfie-stick-su-c0y
9855726289236	insta360-ski-pole-mount
9855727305044	insta360-bike-tail-mount-kit
9855728517460	insta360-bike-seat-rail-mount
9855728976212	insta360-bike-computer-mount-integr-hyq
9855729566036	insta360-bike-computer-mount-indepe-yl2
9855730188628	ecoflow-laddare-65w
9855730909524	ecoflow-power-hat-mediumlarge
9855732089172	ecoflow-power-hat-largex-large
9855734514004	ecoflow-solpanel-45w
9855736545620	dji-matrice-30t-utan-batteri
9855740019028	insta360-link-2c
9855742083412	insta360-link-2-with-gimble
9855742542164	dji-ronin-sc-dual-handles
9855744246100	dji-air-3s-fly-more-combo-dji-rc-2-w7k
9855745917268	dji-air-3s-nd-filterset-nd832128-wpo
9855746441556	dji-air-3s-vidvinkellins
9855746703700	dji-air-3s-dji-care-refresh-1-r
9855746867540	dji-air-3s-dji-care-refresh-2-r
9855754830164	dji-air-3s-dji-rc-n3
9855755518292	dji-air-3s-fly-more-combo-dji-rc-n3-k6q
9858666463572	atomos-4kp60-lsningsbar-hdr-mini-ti-2hq
9858666561876	atomos-4kp60-locking-hdr-micro-till-0fs
9858667118932	gomatic-travel-pack-20l-oliv
9858667250004	gomatic-travel-pack-20l-marinbl
9858667446612	gomatic-travel-pack-14l-svart
9858667610452	gomatic-travel-pack-14l-oliv
9858667741524	gomatic-travel-pack-14l-marinbl
9858667938132	gomatic-ryggsck-20l-oliv
9858668101972	gomatic-ryggsck-20l-marinbl
9858668265812	gomatic-backpack-14l-svart
9858668429652	gomatic-ryggsck-14l-oliv
9858668626260	gomatic-ryggsck-14l-marinbl
9858670068052	gomatic-navigator-lite-pack-15l
9858670297428	gomatic-navigator-rs-15l-svart
9858670461268	gomatic-navigator-rs-15l-sand
9858670854484	gomatic-navigator-rs-10l-svart
9858671051092	gomatic-navigator-rs-10l-sand
9858671509844	gomatic-navigator-lite-sling-6l
9858671706452	gomatic-navigator-rs-6l-svart
9858671837524	gomatic-navigator-rs-6l-sand
9858672132436	gomatic-navigator-lite-sling-1l
9858672329044	gomatic-navigator-rs-1l-svart
9858672460116	gomatic-navigator-rs-1l-sand
9858672820564	gomatic-navigator-collapsible-duffe-u8f
9858672951636	gomatic-navigator-collapsible-tote-03z
9858673082708	gomatic-navigator-collapsible-sling-nbu
9858673181012	gomatic-navigator-collapsible-sling-jfv
9858673377620	gomatic-packkub-liten-gr
9858673508692	gomatic-packing-cube-liten-marinbl-udd
9858673606996	gomatic-packningskub-medium-gr
9858673770836	gomatic-packing-cube-medium-navy
9858673869140	gomatic-packkub-stor-gr
9858674000212	gomatic-packkub-stor-marinbl
9858675114324	gomatic-access-vska-svart
9858676293972	saramonic-witalk9-wt7s-7-person-ful-c81
9858678784340	peak-design-regnskydd
9858679210324	lexar-hub-sl400
9858679341396	lexar-ssd-sl400s-usb32-gen2-r1050-w-711
9858679472468	lexar-ssd-sl400s-usb32-gen2-up-to-r-l01
9858679603540	lexar-ssd-sl400x-usb32-gen2-r1050-w-3dm
9858679701844	lexar-ssd-sl400x-usb32-gen2-r1050-w-5lw
9858679832916	lexar-professional-workflow-with-th-c62
9858679963988	lexar-professional-workflow-usb-32-odx
9858680029524	lexar-professional-workflow-usb-32-7rb
9858680160596	lexar-professional-workflow-usb4-re-w1c
9858680357204	lexar-professional-workflow-usb4-re-zr6
9858680488276	lexar-professional-workflow-portabl-rdj
9858680586580	lexar-professional-workflow-portabl-3vf
9858680717652	lexar-ssd-m2-portable-ssd-enclosure-935
9858681078100	peak-design-regnskydd-25l-30l-frg-s-c4f
9858681176404	peak-design-regnskydd-45l-svart
9858681340244	peak-design-hftblte-fr-pd-outdoor-2-yxz
9859479011668	atomos-4kp60-lsningsbar-hdr-full-ti-6zd
9859479044436	atomos-4kp60-lsningsbar-hdr-mini-ti-kjs
9859479077204	atomos-4kp60-locking-hdr-micro-till-740
9859479109972	atomos-sun-dragon-med-diffusor-5m-v-0sd
9859479175508	atomos-sun-dragon-med-diffusor-5m-s-xot
9859479208276	gomatic-method-luggage-carry-on-sva-en0
9859479306580	gomatic-method-luggage-carry-on-mar-4y4
9859479372116	gomatic-method-luggage-carry-on-gr-47w
9859479404884	gomatic-method-luggage-check-in-sva-7y9
9859479437652	gomatic-method-luggage-check-in-mar-f74
9859479470420	gomatic-method-luggage-check-in-gr-8ry
9859479568724	gomatic-peter-mckinnon-kameramessen-s71
9859479634260	gomatic-peter-mckinnon-kameravska-5-4le
9859479667028	gomatic-navigator-collapsible-duffe-0nj
9859479732564	gomatic-navigator-collapsible-tote-6e0
9859479830868	gomatic-navigator-collapsible-sling-sxa
9859479863636	gomatic-navigator-collapsible-sling-0dr
9859479961940	gomatic-packing-cube-liten-marinbl-376
9859480027476	saramonic-witalk9-wt2s-2-person-ful-bql
9859480125780	saramonic-witalk9-wt3s-3-person-ful-7pp
9859480158548	saramonic-witalk9-wt4s-4-person-ful-0ct
9859480224084	saramonic-witalk9-wt5s-5-person-ful-g12
9859480289620	saramonic-witalk9-wt6s-6-person-ful-sdh
9859480355156	saramonic-witalk9-wt7s-7-person-ful-vwf
9859480420692	saramonic-witalk9-wt8s-8-person-ful-n5g
9859480486228	saramonic-witalk9-wt9s-9-person-ful-ogd
9859480584532	saramonic-witalk9-smh-single-ear-ma-i48
9859480617300	saramonic-witalk9-srh-single-ear-re-b38
9859480715604	saramonic-witalk9-adapter-kopplings-ddy
9859480781140	saramonic-witalk9-bp-utbytbar-batte-7dl
9859480879444	saramonic-witalk9-cb10-10-platts-la-34g
9859480944980	saramonic-witalk9-cb6-6-facks-laddn-fah
9859480977748	saramonic-witalk9-ronkudde-tempelpl-hxg
9859481043284	saramonic-witalk9-fc-on-ear-skumkud-dd8
9859481141588	saramonic-witalk9-lc-over-ear-hrlur-yma
9859481239892	saramonic-witalk9-vindskydd-i-skum-3pp
9859481305428	saramonic-witalk9-nummerklistermrke-2zz
9859481370964	lexar-ssd-sl500-mag-set-version-usb-fh1
9859481403732	lexar-ssd-sl400s-usb32-gen2-r1050-w-9ec
9859481469268	lexar-ssd-sl400s-usb32-gen2-up-to-r-ose
9859481502036	lexar-ssd-sl400x-usb32-gen2-r1050-w-rm6
9859481600340	lexar-ssd-sl400x-usb32-gen2-r1050-w-vu1
9859481665876	lexar-professional-workflow-with-th-xfb
9859481698644	lexar-professional-workflow-usb-32-9lb
9859481796948	lexar-professional-workflow-usb-32-62x
9859481895252	lexar-professional-workflow-usb4-re-mm4
9859481993556	lexar-professional-workflow-usb4-re-h3y
9859482026324	lexar-professional-workflow-portabl-7dy
9859482124628	lexar-professional-workflow-portabl-ioj
9859482190164	lexar-ssd-m2-portable-ssd-enclosure-69c
9859482255700	lexar-hub-7-in-1-usb-c-usb-32-gen1-jeb
9859489825108	peak-design-outdoor-sling-2l-frg-cl-lci
9859497918804	peak-design-utomhus-slingvska-7l-fr-apj
9859504079188	peak-design-utomhusslingvska-7l-frg-dv3
9859514302804	peak-design-utomhusryggsck-25l-svar-q8g
9859521970516	peak-design-utomhusryggsck-25l-frg-a7g
9859525902676	peak-design-utomhusryggsck-25l-frg-z7j
9859528491348	peak-design-utomhusryggsck-45l-frg-lww
9859529900372	peak-design-utomhusryggsck-45l-frg-gp1
9859531047252	peak-design-utomhusryggsck-45l-frg-drq
9859531112788	peak-design-regnskydd-25l-30l-frg-s-0pc
9859531178324	peak-design-hftblte-fr-pd-outdoor-2-5ss
9859533537620	polarpro-pmvnd-2-5-stop-edition-ii-jnm
9859534422356	polarpro-95mm-pmvnd-6-9-stop-editio-alm
9859535208788	polarpro-95mm-pmvndblack-mist-2-5-s-5k7
9859536355668	polarpro-95mm-pmvndblack-mist-6-9-s-hsm
9859538911572	polarpro-49mm-pmvnd-2-5-stop-editio-ltq
9859539566932	polarpro-49mm-pmvnd-6-9-stop-editio-xlx
9859540517204	polarpro-chroma-pmvndpl-2-5-stop-49-812
9859541369172	polarpro-chroma-pmvndpl-6-9-stop-49-633
9859542090068	polarpro-chroma-vndblack-mist-2-5-s-iu2
9859543269716	polarpro-chroma-vndblack-mist-6-9-s-b5j
9859544482132	polarpro-chroma-pmvndplblack-mist-2-bqv
9859545071956	polarpro-chroma-pmvndplblack-mist-6-ssf
9859545563476	polarpro-chroma-vndpl-2-5-stop-67mm-k40
9859546087764	polarpro-chroma-vndpl-6-9-stop-67mm-16a
9859546874196	polarpro-chroma-pmvndplblack-mist-2-z12
9859547365716	polarpro-chroma-67mm-pmvndplblack-m-x06
9859547890004	polarpro-chroma-vndpl-2-5-stop-77mm-ksm
9859549036884	polarpro-chroma-vndpl-6-9-stop-77mm-cf8
9859549528404	polarpro-chroma-pmvndplblack-mist-f-7gf
9859549888852	polarpro-chroma-pmvndplblack-mist-6-g07
9859550314836	polarpro-82mm-chroma-vndpl-2-5-stop-s26
9859551789396	polarpro-chroma-vndpl-6-9-stop-82mm-f6m
9859552674132	polarpro-chroma-pmvndplblack-mist-2-toe
9859553001812	polarpro-chroma-pmvndplblack-mist-6-j1o
9859553526100	polarpro-chroma-pmvndpl-2-5-stop-95-1mm
9859554869588	polarpro-chroma-pmvndpl-6-9-stop-95-yoz
9859556049236	polarpro-chroma-pmvndplblack-mist-9-sel
9859556540756	polarpro-chroma-pmvndplblack-mist-6-t19
9859557130580	polarpro-chroma-pmvndpl-2-5-stop-95-cy6
9859558605140	polarpro-chroma-pmvndplblack-mist-2-ib3
9859559326036	polarpro-chroma-pmvndplblack-mist-6-j8c
9859560538452	polarpro-49mm-chroma-pmvndplgold-mi-njj
9859561029972	polarpro-chroma-pmvndplgold-mist-6-0k6
9859561980244	polarpro-chroma-pmvndplgold-mist-2-apw
9859562832212	polarpro-chroma-pmvndplgold-mist-6-kvk
9859563880788	polarpro-chroma-pmvndplgold-mist-2-cci
9859564405076	polarpro-chroma-pmvndplgold-mist-6-gzd
9859565945172	polarpro-chroma-pmvndplgold-mist-2-7nd
9859567059284	polarpro-chroma-pmvndplgold-mist-6-5u5
9859568697684	polarpro-chroma-pmvndplgold-mist-95-9e3
9859569746260	polarpro-chroma-pmvndplgold-mist-2-rar
9859570172244	polarpro-chroma-pmvndplgold-mist-6-p3p
9859570630996	polarpro-67mm-quartzline-armor-uv-f-r1c
9859571056980	polarpro-quartzline-armor-uv-filter-g0q
9859571777876	polarpro-82mm-quartzline-armor-uv-f-okw
9859572990292	polarpro-everyday-mist-light-14-pl-w1h
9859575349588	polarpro-everyday-mist-14-pl-46mm-b-miv
9859577807188	polarpro-shortstache-everyday-mist-cpp
9859579937108	polarpro-everyday-mist-14-pl-52mm-b-k0v
9859582525780	polarpro-shortstache-everyday-mist-2lb
9859584688468	polarpro-58mm-shortstache-everyday-tk7
9859588424020	polarpro-67mm-shortstache-everyday-kh2
9859598483796	polarpro-helix-maglock-systemshorts-wi4
9859598877012	polarpro-helix-vnd-2-5-stop-kit
9859599597908	polarpro-helix-uv-filter
9859600548180	polarpro-helix-mist-light-18-filter-dm4
9859604054356	polarpro-helix-2-5-stop-pmvnd-filte-56j
9859604513108	polarpro-helix-chroma-pmvndpl-2-5-s-3vi
9859604840788	polarpro-helix-chroma-6-9-stop-pmvn-8yx
9859605102932	polarpro-helix-chroma-2-5-stop-pmvn-le4
9859605365076	polarpro-helix-chroma-6-9-stop-pmvn-7bx
9859605987668	polarpro-helix-2-5-stop-pmvndpl-fil-mzu
9859606282580	polarpro-helix-6-9-stop-pmvndpl-fil-twe
9859606970708	polarpro-helix-nd8-3-stop-filter
9859607691604	polarpro-helix-nd8-3-stoppl-filter-h48
9859608740180	polarpro-helix-nd64-6-stop-filter
9859609231700	polarpro-helix-nd64-6-stop-pl-filte-k6t
9859609493844	polarpro-helix-nd1000-10-stop-filte-um0
9859609755988	polarpro-helix-nd1000-10-stoppl-fil-ohz
9859610673492	polarpro-basecamp-86mm-thread-plate
9859611066708	polarpro-basecamp-stage-23-mist-18-rua
9859611492692	polarpro-basecamp-bluemorphic-recta-jga
9859611951444	polarpro-basecamp-rail-mount-studio-gsu
9859612180820	polarpro-basecamp-defender-thread-p-mak
9859612410196	polarpro-recon-multi-filter-pouch
9859612508500	polarpro-recon-cp-state-1-filter
9859612574036	polarpro-recon-stage-2-mist-14-filt-t27
9859612672340	polarpro-recon-stage-2-mist-12-filt-hw5
9859612770644	polarpro-recon-stage-2-nd4-filter
9859612836180	polarpro-recon-stage-2-nd8-filter
9859612868948	polarpro-recon-stage-2-nd16-filter
9859612967252	polarpro-recon-stage-2-bluemorphic-9ib
9859613032788	polarpro-4x5-nano-mattebox-med-114m-chq
9859613065556	polarpro-basecamp-4x565-filter-adap-e1l
9859613131092	polarpro-4x565-nd32-5-stop-filter
9859613163860	polarpro-summit-thread-plate-62mm
9859613229396	polarpro-summit-thread-plate-77mm
9859613294932	polarpro-summit-thread-plate-82mm
9859613426004	polarpro-mavic-3-pro-vivid-collecti-lo8
9859613524308	polarpro-mavic-3-pro-shutter-collec-p1l
9859613589844	polarpro-mavic-3-pro-circular-polar-qni
9859613688148	polarpro-dji-mavic-3-pro-3-6-stop-v-05r
9859613917524	polarpro-dji-mini-3-pro-circular-po-8bd
9859614015828	polarpro-dji-mini-3-pro-fx-3-pack
9859614048596	polarpro-dji-mini-3-pro-vivid-colle-7v7
9859614081364	polarpro-dji-mini-3-pro-shutter-col-vkw
9859614146900	polarpro-dji-air-3-shutter-collecti-com
9859614179668	polarpro-dji-avata-2-shutter-collec-2lx
9859614212436	polarpro-dji-avata-2-vivid-collecti-vba
9859614310740	polarpro-dji-osmo-pocket-3-circular-lm4
9859614409044	polarpro-dji-osmo-pocket-3-shutter-iln
9859614507348	polarpro-gopro-hero910111213-shutte-6sq
9859614605652	polarpro-gopro-hero910111213-divema-hac
9859614671188	polarpro-gopro-hero910111213-fx-3-p-96x
9859614703956	polarpro-gopro-hero910111213-circul-pa5
9859614769492	polarpro-iphone-15-pro-max-litechas-unx
9859614835028	polarpro-iphone-15-pro-max-litechas-7cy
9859614933332	polarpro-iphone-15-pro-max-litechas-py4
9859615031636	polarpro-iphone-15-pro-max-litechas-0cw
9859615097172	polarpro-iphone-15-pro-litechaser-c-vcq
9859615162708	polarpro-iphone-15-pro-litechaser-o-6i4
9859615228244	polarpro-iphone-15-pro-litechaser-c-s2j
9859615261012	polarpro-iphone-15-litechaser-defen-99s
9859615326548	polarpro-iphone-15-litechaser-67mm-oiq
9859615392084	polarpro-iphone-15litechaser-lcp131-8m9
9859615424852	polarpro-litechaser-iphone-15-uv-fi-2m5
9859615457620	polarpro-iphone-15-litechaser-cp-fi-isa
9859615490388	polarpro-litechaser-iphone-15-vnd-3-626
9859615523156	polarpro-q20-handle-cage-grip
9859615621460	polarpro-moment-anamorphic-lens-ada-ah2
9859615654228	polarpro-moment-telephoto-lens-adap-57i
9859615719764	polarpro-bluetooth-shutter-button-a-ve0
9859615752532	polarpro-defender-pro-medium-fr-70-loz
9859615785300	polarpro-defender-pro-medium-desert-t5p
9859615818068	polarpro-70-80mm-forest-defender-pr-qly
9859615850836	polarpro-defender-pro-large-svart-8-k49
9859615981908	polarpro-defender-pro-large-desert-fiz
9859616080212	polarpro-forest-defender-pro-large-mlp
9859616145748	polarpro-sony-e-mount-desert-body-c-u4s
9859616178516	polarpro-sony-e-mount-forest-body-c-z6b
9859616244052	polarpro-sony-e-mount-slate-body-ca-zsx
9859616276820	polarpro-canon-ef-mount-desert-body-b7p
9859616440660	polarpro-canon-ef-mount-forest-body-99a
9859616506196	polarpro-canon-ef-mountslate-body-c-qef
9859616538964	polarpro-canon-rf-mount-desert-body-zf9
9859616637268	polarpro-canon-rf-mountbody-cap-for-cp7
9859616735572	polarpro-canon-rf-mount-body-cap-sl-s4b
9859616768340	polarpro-nikon-z-mount-desert-body-63c
9859616866644	polarpro-nikon-z-mount-body-cap-for-8df
9859616932180	polarpro-nikon-z-mount-slate-body-c-o76
9859616997716	polarpro-fuji-x-mount-svart-body-ca-sig
9859617063252	polarpro-fuji-x-mount-desert-body-c-lf9
9859617128788	polarpro-fuji-x-mount-body-cap-fore-kpo
9859617259860	polarpro-l-mount-black-body-cap
9859617358164	polarpro-l-mount-desert-body-cap
9859617489236	polarpro-l-mountbody-cap-forest
9859617653076	polarpro-mountain-slate-sd-edition-8dk
9859617784148	polarpro-slate-cfea-edition-ii-moun-aqf
9859617882452	polarpro-memory-card-case-slate-cfe-t1i
9859617915220	polarpro-memory-card-case-slate-cfe-56u
9859618013524	polarpro-memory-card-case-slate-cfe-l3h
9859618079060	polarpro-memory-card-case-slate-cfe-rzf
9859618144596	polarpro-memory-card-case-slate-cfe-vem
9859618210132	polarpro-step-up-ring-49mm-67mm
9859618439508	polarpro-fuji-x100-filter-adapter-4-nll
9859618636116	polarpro-fuji-x100-filter-adapter-4-qts
9859618668884	polarpro-fuji-x100-filter-adapter-4-2hh
9859738566996	peak-design-outdoor-sling-7l-frg-ec-i70
9859739779412	polarpro-chroma-pmvndpl-6-9-stop-95-nzm
9859742204244	polarpro-everyday-mist-14-pl-62mm
9859744694612	polarpro-shortstache-everyday-mist-pcw
9859747742036	polarpro-shortstache-mist-12pl-77mm-vgi
9859748462932	polarpro-82mm-mist-12-pl-filter
9859748692308	polarpro-basecamp-goldmorphic-recta-o7e
9859749380436	anker-soundcore-q30-svart
9859749740884	anker-soundcore-aerofit-pro-svart
9859749970260	anker-soundcore-aerofit-pro-bl
9859750035796	anker-soundcore-aerofit-pro-lila
9859750232404	anker-soundcore-space-a40-bl
9859750330708	anker-soundcore-a25i-svart
9859750396244	anker-soundcore-r50i-bl
9859750461780	anker-soundcore-p40i-svart
9859750560084	anker-soundcore-p40i-bl
9859750691156	anker-soundcore-a30i-vit
9859750887764	anker-soundcore-a30i-bl
9859750986068	anker-soundcore-a30i-rosa
9859751117140	anker-soundcore-p30i-bl
9859751182676	anker-soundcore-p30i-rosa
9859751313748	anker-soundcore-sport-x20-svart
9859751510356	anker-soundcore-sport-x20-vit
9859751772500	anker-soundcore-sport-x20-grn
9859751903572	anker-soundcore-sleep-a20-vit
9859752493396	anker-prime-250w-gan-desktop-charge-0h4
9859752886612	anker-prime-67w-gan-wall-charger-3-l5d
9859753443668	anker-nano-billaddare-75w-usb-c-ret-03k
9859753640276	anker-power-bank-10k-225w-svart-v28
9859753771348	anker-nano-power-bank-30w-built-in-cx2
9859753836884	anker-prime-12000mah-power-bank-130-kmi
9859753869652	anker-power-bank-20k-87w-built-in-u-ie5
9859753967956	anker-magnetic-battery-maggo-633-sv-4ek
9859754131796	anker-maggo-power-bank-10k-svart-pqm
9859754197332	anker-maggo-power-bank-10k-vit
9859754393940	anker-maggo-10000mah-35w-fr-apple-w-v2w
9859754459476	anker-powerbank-10k-30w-inbyggd-usb-oul
9859754525012	anker-soundcore-motion-x500-svart
9859754557780	anker-soundcore-motion-x500-bl
9859754623316	anker-soundcore-motion-x500-rosa
9859754688852	anker-soundcore-boom-2-plus-svart
9859754754388	anker-soundcore-boom-2-plus-bl
9859754885460	anker-soundcore-boom-2-plus-grn
9859755147604	anker-soundcore-boom-2-svart
9859755213140	anker-soundcore-boom-2-bl
9859755573588	anker-soundcore-boom-2-grn
9859756032340	anker-soundcore-select-3-svart
9859756163412	anker-soundcore-select-4-go-svart
9859756196180	anker-soundcore-select-4-go-vit
9859756294484	anker-soundcore-select-4-go-bl
9859756425556	anker-soundcore-space-one-pro-svart-ejc
9859756589396	anker-soundcore-space-one-pro-vit
9859756654932	anker-soundcore-r50i-vit
9859756720468	anker-nebula-capsule-3-laser-iterat-b76
9859756982612	dji-rc-plus-screen-hood
9859757048148	dji-cellular-dongle-installationsfs-hrq
9859757277524	dji-osmo-action-5-pro-batterihandta-rt7
9859757375828	sunnylife-mini-4-pro-propellerskydd-rkh
9859757539668	sunnylife-neo-hardcase
9859757605204	sunnylife-neo-vska-med-plats-fr-til-imn
9859757670740	sunnylife-neo-vska-med-plats-fr-til-erk
9859757736276	sunnylife-neo-vska-med-plats-fr-til-afz
9859758031188	sunnylife-brstbandsfste-fr-dji-rc-2-ovg
9860920705364	peak-design-outdoor-sling-2l-frg-ec-w2t
9860924866900	polarpro-72mm-shortstache-everyday-8dy
9860927717716	polarpro-everyday-mist-14-pl-95mm-c-lkf
9860931092820	polarpro-mist-12-pl-67mm-filter
9861185274196	polarpro-43mm-shortstache-everyday-kgh
9875672891732	dji-osmo-mobile-6-gimbal-platinum-g-u8n
9879715938644	m2-pro-max-grabber-arm-kit
9879741890900	m2-pro-max-landstromslosning
9879808311636	m2-pro-max-positioneringssystem-kit
9882804650324	mini-4-pro-4g-paket
9884240871764	osmo-action-multifunctional-battery-case-2
9885084352852	insta360-ace-pro-2-standard-bundle
9885084713300	insta360-ace-pro-2ace-pro-quick-rel-qce
9885085860180	insta360-ace-pro-2-nd-filter-set
9885086417236	insta360-ace-pro-2-carry-case
9885086810452	insta360-ace-pro-2ace-pro-utility-f-zzh
9885087596884	insta360-ace-pro-2-dive-case
9885088317780	insta360-ace-pro-2ace-pro-float-gua-lvl
9885090742612	insta360-ace-pro-2-usb-cover
9885092381012	insta360-ace-pro-2-lens-guard
9885094543700	insta360-ace-pro-2ace-pro-battery-1-oid
9885097591124	anker-soundcore-q20i-svart
9885100638548	anker-soundcore-q20i-bl
9885101982036	anker-soundcore-space-one-svart
9885104734548	anker-soundcore-space-q45-svart
9885105455444	anker-soundcore-space-q45-vit
9885106340180	anker-soundcore-space-q45-bl
9885107028308	anker-usb-c-data-hub-4-in-1-5gbps-h91
9885107618132	anker-usb-c-hub-7-in-1-dual-display-b8d
9885107814740	anker-usb-c-hub-8-in-1-triple-displ-0qr
9885107913044	anker-powerexpand-8-in-1-usb-c
9885108076884	anker-568-usb-c-docking-station-11-kcr
9885108404564	anker-maggo-magnetisk-laddare-15w-s-aqv
9885108666708	anker-4-port-usb-30-ultra-slim-data-xld
9885108732244	anker-powerexpand-5-in-1-usb-c-medi-rog
9885108961620	dji-focus-pro-lidar-range-finder-to-j47
9885109125460	pgytech-suction-cup-mount-base
9885109256532	pgytech-handlebar-mount-base
9885109551444	pgytech-smartphone-handlebar-mount
9885109682516	pgytech-smartphone-suction-cup-moun-ulv
9885109780820	pgytech-smartphone-adhesive-mount
9885109911892	pgytech-full-wrap-phone-holder
9885110042964	pgytech-cold-shoe-phone-holder
9885110174036	pgytech-phone-extension-pole-tripod-yi1
9885110305108	anker-usb-c-till-hdmi-gr
9885110370644	anker-bil-laddare-1675w-3-portar-us-vdi
9885110468948	anker-eufy-3w-solpanel-svart
9885110796628	lifthor-utility-mount-till-rc-pro
9885111026004	lifthor-utility-mount-till-rc-pro-p-gub
9885111255380	lifthor-freya-utility-mount-till-dj-kb9
9885111484756	lifthor-quick-release-mounting-brac-jau
9885111877972	lifthor-dji-rc-pro-mini-hdmi-till-h-fcc
9885112009044	lifthor-usb-c-till-hdmi-kabel
9891596140884	mavic-3t-guldpaket-for-renskotsel
9891691659604	4g-dongel-kit-till-mavic-3-enterprise-serien
9896436695380	hollyland-mars-t1000-headset-cable
9896447181140	smallrig-5000-multifunctional-actio-3qi
9896453538132	bw-bw-outdoor-dronebag-tex-66-neo-f-zeb
9896457797972	hikmicro-falcon-fh35-thermal-monocu-qu2
9896460845396	hikmicro-falcon-fq25-thermal-monocu-upy
9896471691604	nanlite-forza-500b-ii-bicolor-nanli-iax
9896477819220	peak-design-tech-pouch-black
9896496234836	polarpro-insta360-vivid-collection
9896497709396	polarpro-insta360-shutter-collectio-ady
9896498069844	polarpro-lightleak-the-one-28mm-f11-15t
9896499052884	polarpro-lightleak-the-one-28mm-f11-rif
9896500199764	polarpro-lightleak-the-one-28mm-f11-kqi
9896501084500	polarpro-lightleak-the-one-28mm-f11-c04
9896502067540	polarpro-dji-air-3s-ndpl-filters
9896502788436	polarpro-dji-air-3s-ndmist-filters-hx8
9896503935316	polarpro-dji-air-3s-vnd-3-7-stop-bl-pon
9896505016660	polarpro-dji-air-3s-vnd-3-7-stop-fi-tjw
9896506491220	smallrig-4621-rc-220b-pro-cob-led-v-1t7
9896508064084	smallrig-4626-rc-220d-pro-cob-led-v-36m
9896509374804	smallrig-4564-gopro-camera-battery
9896509735252	smallrig-4960-gopro-camera-battery-r4p
9896513372500	smallrig-4937-travel-video-tripod-k-jqv
9896515436884	smallrig-4936-video-head-ch3
9896980447572	dji-goggles-n3
9897264185684	dji-neo-motion-fly-more-combo
9897907323220	energizer-recharge-extreme-eco-aaa-a97
9897907454292	energizer-vision-hd-metal-2aa-400-l-q7z
9897907618132	energizer-recharge-extreme-eco-aaa-ye8
9897907814740	hikmicro-falcon-fq35-thermal-monocu-yao
9897908633940	smallrig-4808-rc-60c-rgb-led-video-cye
9897908896084	smallrig-4810-rc-60c-rgb-led-video-w2w
9897909190996	smallrig-4840-mini-nato-side-handle-ei6
9897909322068	smallrig-4756-mini-side-handle-with-k8g
9897909551444	smallrig-4822-wireless-microphone-s-dio
9897909748052	smallrig-4875-l-shape-mount-plate-w-nqu
9897910042964	smallrig-4876-l-shape-mount-plate-w-omo
9897910141268	smallrig-4877-thumb-grip-for-fujifi-2zd
9897910272340	smallrig-4879-camera-leather-half-c-3am
9897910403412	smallrig-4880-camera-leather-half-c-lhu
9897910534484	smallrig-5054-universal-braided-wri-p6b
9897910665556	smallrig-5055-universal-braided-wri-9g3
9897910763860	smallrig-4881-universal-braided-wri-498
9897910960468	smallrig-5056-universal-braided-sho-v32
9897911189844	smallrig-5057-universal-braided-sho-556
9897911681364	smallrig-4892-retro-cage-for-fujifi-h8y
9897911845204	smallrig-5002-x-brandon-li-mobile-l-y2z
9897912074580	smallrig-4908-240w-usb-c-power-cabl-li6
9897912369492	smallrig-4839-np-fz100-4-channel-ca-pyv
9897912598868	smallrig-4906-camera-battery-usb-c-6n9
9897913286996	smallrig-4979-camera-battery-usb-c-cs0
9897913745748	smallrig-5052-l-shape-handle-for-pa-ln1
9897914007892	smallrig-5032-anti-twist-cold-shoe-9f9
9897914368340	smallrig-5033-anti-twist-cold-shoe-rvv
9897914532180	smallrig-4737-8x-telephoto-lens-for-b9o
9897914728788	smallrig-4802-wooden-l-shape-grip-f-831
9897914859860	smallrig-4803-wooden-l-shape-grip-f-p75
9897915220308	smallrig-4804-wooden-l-shape-grip-f-uxk
9897915482452	smallrig-4805-wooden-l-shape-grip-f-7xf
9897915711828	smallrig-5000-multifunctional-actio-sme
9912399987028	lexar-jumpdrive-s80-flash-drive-usb-npb
9912400806228	peak-design-packkub-medium-frg-sage-4kr
9912403919188	smallrig-4983-l-shape-mount-plate-f-fq0
9913743245652	rc-2-monitorpaket
9925628166484	dji-avata-2-pro-view-combo
9925628723540	dji-mini-3-propellrar
9925629804884	dji-matrice-350-gimbal-rubber-dampe-159
9925630722388	insta360-ace-pro-2-dual-battery-bun-9w4
9925631508820	insta360-snow-kit
9925632065876	pgytech-x4-camera-cage
9925632229716	dji-relmodul-fr-agras-t40t20-global-4ml
9930930749780	dji-rc-pro-monitorpaket
9931994169684	rc-plus-monitorpaket-7-tum
9932082020692	rc-plus-monitorpaket-10-1-tum
9943741366612	ecoflow-river-3
9943741792596	ecoflow-river-3-ups
9943742218580	ecoflow-river-3-extrabatteri-300-28-xia
9943742677332	ecoflow-river-3-extrabatteri-600-57-nye
9943742939476	ecoflow-rapid-5000-svart
9943743070548	ecoflow-rapid-5000-bl
9943743136084	ecoflow-rapid-5000-silver
9943743201620	ecoflow-rapid-10000-svart
9943743332692	ecoflow-rapid-10000-bl
9943743365460	ecoflow-rapid-10000-silver
9943743463764	dji-mavic-3m-care-enterprise-plus
9943744053588	dji-mic-mini-2-tx-1-rx-charging-cas-czq
9943744643412	dji-mic-mini-1-tx-1-rx
9943745397076	dji-mic-mini-transmitter-infinity-b-v7h
9943745691988	dji-mic-mini-transmitter-arctic-whi-q4p
9943745790292	dji-mic-mini-lightning-adapter
9943746019668	dji-mic-mini-charging-case
9947945435476	anker-usb-c-kabel-90cm-vit
9947945599316	anker-usb-c-kabel-90cm-svart
9968112533844	lexar-professional-workflow-go-with-lvs
9968113058132	peak-design-packing-cube-small-sage-zls
9968113353044	peak-design-packing-cube-small-char-ajk
9968113746260	peak-design-the-field-pouch-v2-blac-aqk
9968113975636	peak-design-tech-pouch-charcoal
9968114499924	peak-design-tech-pouch-bone
9968115777876	peak-design-everyday-sling-6l-v2-bl-cn8
9968116138324	peak-design-everyday-sling-10l-v2-b-buj
9968116957524	peak-design-travel-backpack-45l-bla-a7d
9968117088596	peak-design-travel-backpack-45l-sag-gd1
9968118399316	peak-design-travel-duffel-35l-sage-eto
9968118923604	polarpro-litechaser-16-pro-case-for-pee
9968119021908	polarpro-litechaser-16-pro-case-for-2ae
9968119251284	polarpro-litechaser-16-pro-case-for-uh2
9968119415124	polarpro-litechaser-16-pro-case-for-dxx
9968119873876	polarpro-litechaser-16-base-case-fo-2ht
9968120070484	polarpro-litechaser-16-base-case-fo-2rn
9968120267092	polarpro-litechaser-16-base-case-fo-u04
9968120398164	polarpro-litechaser-16-exo-back-pla-06e
9968120660308	polarpro-litechaser-16-black-mist-1-ytz
9968120955220	polarpro-litechaser-16-circular-pol-5dp
9968121348436	polarpro-litechaser-16-uv-filter-fo-8n9
9968121512276	polarpro-litechaser-16-vnd-2-5-stop-lic
9968121971028	polarpro-litechaser-16-shortstache-ow5
9968122134868	polarpro-litechaser-16-warp-1x-lens-ai9
9968122200404	polarpro-litechaser-16-cross-body-s-rts
9968123576660	smallrig-3580-v-mount-battery-mini-b4s
9968123806036	smallrig-4236-4-suction-cup-camera-ft5
9968124133716	smallrig-4332-camera-battery-usb-c-88i
9968124297556	smallrig-4397-mobile-video-kit-dual-9ae
9968124756308	smallrig-4402-side-handle-with-wire-l4a
9968124821844	smallrig-4643-carbon-fiber-tripod-k-bk9
9968124887380	smallrig-4645-carbon-fiber-tripod-f-38p
9968125149524	smallrig-4791-usb-c-straight-to-usb-h1o
9968125346132	smallrig-4789-usb-c-straight-to-usb-xdl
9968125608276	smallrig-4788-usb-c-straight-to-usb-jsk
9968125772116	smallrig-5011-matte-box-kit-with-cp-dbj
9968126329172	smallrig-5048-vb99-mini-v-mount-bat-cec
9968126525780	smallrig-5047-vb99-pro-mini-v-mount-o4j
9968126787924	smallrig-5046-vb99-pro-mini-v-mount-9fp
9968127050068	smallrig-4980-cage-for-nikon-z50-ii-xx9
9968127279444	smallrig-4981-bottom-mount-plate-fo-s8c
9968127541588	smallrig-4938-desktop-support-kit
9968127803732	smallrig-4946-advanced-cage-kit-for-z7q
9968128229716	smallrig-4947-basic-cage-kit-for-ca-fsp
9968128426324	smallrig-4807-professional-12-360-p-sti
9968129114452	smallrig-4656-vibe-p48-detachable-m-xau
9968129769812	smallrig-4933-vibe-p48-detachable-m-jsz
9968129966420	rusan-modular-adapter-clamp-30-mm-qye
9968130326868	rusan-modular-adapter-clamp-36-mm-tjl
9968130457940	rusan-modular-adapter-clamp-36-zm-m-9si
9968130654548	rusan-modular-adapter-clamp-38-mm-ma5
9968130785620	rusan-modular-adapter-clamp-39-mm-uyf
9968130949460	rusan-modular-adapter-clamp-40-mm-f5z
9968131014996	rusan-modular-adapter-clamp-41-mm-oq0
9968131080532	rusan-modular-adapter-clamp-42-mm-xov
9968131244372	rusan-modular-adapter-clamp-425-mm-c38
9968131375444	rusan-modular-adapter-clamp-44-mm-xee
9968131440980	rusan-modular-adapter-clamp-46-mm-gvn
9968131473748	rusan-modular-adapter-clamp-467-mm-3j3
9968131899732	rusan-modular-adapter-clamp-47-mm-szd
9968132620628	rusan-modular-adapter-clamp-48-mm-sjk
9968133538132	rusan-modular-adapter-clamp-49-mm-hy7
9968134422868	rusan-modular-adapter-clamp-50-mm-hxm
9968135307604	rusan-modular-adapter-clamp-51-mm-1ae
9968136192340	rusan-modular-adapter-clamp-52-mm-880
9968136880468	rusan-modular-adapter-clamp-525-mm-cqy
9968137601364	rusan-modular-adapter-clamp-53-mm-2am
9968138256724	rusan-modular-adapter-clamp-54-mm-rpz
9968138944852	rusan-modular-adapter-clamp-56-mm-2mg
9968139567444	rusan-modular-adapter-clamp-57-mm-dpf
9968140288340	rusan-modular-adapter-clamp-572-mm-rpc
9968140976468	rusan-modular-adapter-clamp-575-mm-n8g
9968141533524	rusan-modular-adapter-clamp-58-mm-8br
9968142156116	rusan-modular-adapter-clamp-584-mm-d86
9968142745940	rusan-modular-adapter-clamp-59-mm-dex
9968143401300	rusan-modular-adapter-clamp-60-mm-0b9
9968144089428	rusan-modular-adapter-clamp-61-mm-wpo
9968144843092	rusan-modular-adapter-clamp-62-mm-xtv
9968145498452	rusan-modular-adapter-clamp-63-mm-a7b
9968146088276	rusan-modular-adapter-clamp-635-mm-fbm
9968146710868	rusan-modular-adapter-clamp-64-mm-zqh
9968147202388	rusan-modular-adapter-clamp-645-mm-0nw
9968147890516	rusan-modular-adapter-clamp-65-mm-uh8
9968148545876	rusan-modular-adapter-clamp-66-mm-2ux
9968149201236	rusan-modular-adapter-clamp-67-mm-ubc
9968149725524	rusan-modular-adapter-clamp-71-mm-dfj
9968150348116	rusan-modular-adapter-clamp-73-mm-rsp
9968151003476	rusan-modular-adapter-clamp-80-mm-3dj
9968151200084	rusan-modular-adapter-connector-thu-wbf
9968152641876	rusan-rubber-eyepiece-w-adapter-for-4nn
9968153952596	rusan-q-r-adapter-for-devices-w-thr-hn9
9968154542420	rusan-q-r-adapter-for-devices-w-thr-y6d
9968155132244	rusan-q-r-adapter-for-devices-w-thr-uua
9968155623764	rusan-q-r-adapter-for-devices-w-thr-hhv
9968156148052	rusan-q-r-adapter-for-devices-w-thr-t50
9968156705108	rusan-q-r-adapter-for-devices-w-thr-79t
9968157360468	rusan-q-r-adapter-for-devices-w-thr-592
9968157983060	rusan-q-r-adapter-for-devices-w-thr-gmn
9968158703956	rusan-q-r-adapter-for-devices-w-thr-fjp
9968159326548	rusan-q-r-adapter-for-devices-w-thr-bmd
9968160112980	rusan-q-r-adapter-for-devices-w-thr-6bg
9968160833876	rusan-q-r-adapter-for-devices-w-thr-it2
9968161358164	rusan-q-r-adapter-for-devices-w-thr-z1f
9968161816916	rusan-q-r-adapter-for-devices-w-thr-iy2
9968162505044	rusan-q-r-adapter-for-devices-w-thr-r2u
9968163160404	rusan-q-r-adapter-for-devices-w-thr-nu5
9968163684692	rusan-q-r-adapter-for-devices-w-thr-a3t
9968164241748	rusan-q-r-adapter-for-devices-w-thr-xg5
9968164733268	rusan-q-r-adapter-for-devices-w-thr-0t0
9968165224788	rusan-q-r-adapter-for-devices-w-thr-3wl
9968165880148	rusan-q-r-adapter-for-devices-w-thr-15r
9968166338900	rusan-q-r-adapter-for-devices-w-thr-u6m
9968166797652	rusan-q-r-adapter-for-devices-w-thr-v70
9968167321940	rusan-q-r-adapter-for-devices-w-thr-74o
9968167813460	rusan-q-r-adapter-for-devices-w-thr-4f8
9968168272212	rusan-q-r-adapter-for-devices-w-thr-bt3
9968168665428	rusan-q-r-adapter-for-devices-w-thr-zsg
9968168960340	rusan-q-r-adapter-for-devices-w-thr-c8z
9968169156948	rusan-q-r-adapter-for-devices-w-thr-4gv
9968169386324	rusan-q-r-adapter-for-devices-w-thr-ilv
9968169550164	rusan-q-r-adapter-for-devices-w-thr-yg5
9968169845076	rusan-q-r-adapter-for-devices-w-thr-nc6
9968169976148	rusan-q-r-adapter-for-devices-w-thr-uu1
9968170074452	rusan-q-r-adapter-for-devices-w-thr-jal
9968170238292	rusan-q-r-adapter-for-devices-w-thr-3qv
9968170303828	rusan-q-r-adapter-for-devices-w-thr-z3m
9968170402132	rusan-q-r-adapter-for-devices-w-thr-god
9968170467668	rusan-q-r-adapter-for-devices-w-thr-tlu
9968170500436	rusan-q-r-adapter-for-devices-w-thr-bdd
9968170565972	rusan-q-r-adapter-for-devices-w-thr-4d5
9968170631508	rusan-q-r-adapter-for-devices-w-thr-v6f
9968170729812	rusan-q-r-adapter-for-devices-w-thr-uub
9968170828116	rusan-q-r-adapter-for-devices-w-thr-onj
9968170926420	rusan-q-r-adapter-for-devices-w-thr-d3h
9968170991956	rusan-q-r-adapter-for-devices-w-thr-f9q
9968171057492	rusan-q-r-adapter-for-devices-w-thr-1ka
9968171090260	rusan-q-r-adapter-for-devices-w-thr-u9v
9968171188564	rusan-q-r-adapter-for-devices-w-thr-6mj
9968171319636	rusan-q-r-adapter-for-devices-w-thr-wyg
9968171483476	rusan-q-r-adapter-for-devices-w-thr-w17
9968171581780	rusan-q-r-adapter-for-devices-w-thr-k6q
9968171680084	rusan-q-r-adapter-for-devices-w-thr-s32
9968171745620	rusan-q-r-adapter-for-devices-w-thr-0ud
9968171811156	rusan-q-r-adapter-for-devices-w-thr-apv
9968171909460	rusan-q-r-adapter-for-devices-w-thr-nmr
9968172138836	rusan-q-r-adapter-for-devices-w-thr-b5d
9968172302676	rusan-weaver-rings-30-mm-quick-rele-eyp
9968172466516	rusan-weaver-rings-30-mm-quick-rele-vfc
9968173187412	rusan-weaver-rings-30-mm-quick-rele-y3z
9968173908308	rusan-weaver-rings-30-mm-quick-rele-pzl
9968174498132	rusan-weaver-rings-30-mm-quick-rele-yqn
9968175874388	rusan-weaver-rings-30-mm-thumb-scre-9tn
9968176431444	rusan-weaver-rings-30-mm-thumb-scre-zxv
9968176529748	rusan-weaver-rings-30-mm-thumb-scre-kp5
9968176595284	rusan-weaver-rings-30-mm-thumb-scre-47r
9968176693588	rusan-weaver-rings-30-mm-thumb-scre-56y
9968176890196	rusan-quick-detach-mount-for-blaser-9oj
9968177021268	rusan-quick-detach-mount-for-blaser-nz1
9968177119572	rusan-quick-detach-mount-for-blaser-ugc
9968177152340	rusan-quick-detach-mount-for-blaser-4df
9968177250644	rusan-quick-detach-mount-for-blaser-n1l
9968177283412	rusan-quick-release-mount-picatinny-b35
9968177480020	rusan-picatinny-rings-30-mm-quick-r-g9q
9968177545556	rusan-picatinny-rings-30-mm-quick-r-6sb
9968177611092	rusan-picatinny-rings-30-mm-quick-r-r61
9968177709396	rusan-picatinny-rings-30-mm-quick-r-y5f
9968177807700	rusan-picatinny-rings-30-mm-quick-r-4p0
9968177873236	rusan-modular-adapter-clamp-34-mm-f-2lt
9968177971540	zeiss-lens-cleaning-kit
9968178004308	zeiss-lens-cleaning-spray
9968178102612	zeiss-lens-cleaning-microfibre-clot-zmb
9968178233684	zeiss-lens-cleaning-wipes
9968178299220	zeiss-rengringsservetter-fr-optik-2-rj7
9968178364756	bw-bw-outdoor-cases-type-4000-yel-e-gq3
9968178430292	energizer-lithium-miniature-cr2032-h0h
9968178528596	energizer-lithium-miniature-cr2025-iqf
9968178954580	hollyland-thumb-atenna-24-ghz-5-ghz-8uy
9968179118420	peak-design-everyday-backpack-30l-v-5fv
9968179151188	polarpro-basecamp-vnd-2-5-stop-filt-l67
9968179315028	polarpro-lightleak-the-one-28mm-f11-1pi
9968179380564	seetec-monitor-12g270d
9968179806548	smallrig-5030-monitor-cage-kit-for-ky0
9968180101460	smallrig-5061-l-shape-mount-plate-w-611
9968180232532	smallrig-5060-hawklock-quick-releas-62p
9968180429140	smallrig-4458-side-handle-extension-xev
9968181018964	think-tank-darklight-backpack-14l-b-t9d
9968181477716	think-tank-darklight-backpack-20l-b-kru
9968181969236	think-tank-darklight-backpack-14l-m-z0o
9968182591828	think-tank-darklight-backpack-20l-m-ox2
9968183574868	think-tank-airport-roller-derby-v20-vbn
9968185475412	think-tank-airport-navigator-v20
9968185540948	atomos-antenna-kit
9968185737556	atomos-ninja-phone-tablet-clamp-ada-213
9968185803092	atomos-sunhood-for-shinobi-ii
9968187670868	peak-design-packing-cube-medium-cha-589
9968187736404	peak-design-everyday-backpack-30l-v-vkf
9968188588372	peak-design-travel-duffelpack-65l-s-cb3
9968188850516	peak-design-wash-pouch-black
9968189145428	peak-design-shoe-pouch-raw
9968189309268	peak-design-wash-pouch-small-black-laa
9968189505876	smallrig-4686-heavy-duty-fluid-head-wbo
9968189800788	smallrig-4974-vb99-pro-mini-v-mount-mll
9968189866324	smallrig-5020-quick-lock-photograph-70x
9968190095700	smallrig-4326-focus-control-handle-pfb
9968190423380	smallrig-4327-focus-control-dual-ha-ce7
